Codigo Geografico;REGION;PROVINCIA;DISTRITO;Cobertura Estudiantes;Medida Promedio Comprension Lectora;Medida Promedio Matematica;Lect_Previo al Inicio;Lect_En inicio;Lect_En proceso;Lect_Satisfactorio;Mat_Previo al Inicio;Mat_En inicio;Mat_En proceso;Mat_Satisfactorio
010101;AMAZONAS;CHACHAPOYAS;CHACHAPOYAS;97.5;520.0;520.0;0.7;13.8;37.5;48.0;4.8;10.4;35.3;49.4
010103;AMAZONAS;CHACHAPOYAS;BALSAS;96.3;438.0;432.0;7.7;42.3;38.6;11.4;30.9;15.1;31.5;22.5
010104;AMAZONAS;CHACHAPOYAS;CHETO;100.0;495.0;511.0;0.0;25.0;25.0;50.0;25.0;0.0;50.0;25.0
010106;AMAZONAS;CHACHAPOYAS;CHUQUIBAMBA;100.0;473.0;463.0;0.0;42.9;32.1;25.0;17.9;17.9;39.3;25.0
010109;AMAZONAS;CHACHAPOYAS;LA JALCA;100.0;450.0;426.0;5.6;44.3;37.3;12.8;24.9;26.1;31.8;17.2
010110;AMAZONAS;CHACHAPOYAS;LEIMEBAMBA;91.4;493.0;482.0;1.9;25.7;38.3;34.1;20.5;13.4;30.3;35.8
010111;AMAZONAS;CHACHAPOYAS;LEVANTO;100.0;489.0;540.0;0.0;28.6;42.9;28.6;0.0;0.0;42.9;57.1
010112;AMAZONAS;CHACHAPOYAS;MAGDALENA;93.8;490.0;499.0;0.0;20.0;53.3;26.7;13.3;6.7;40.0;40.0
010114;AMAZONAS;CHACHAPOYAS;MOLINOPAMPA;100.0;506.0;519.0;9.4;12.5;28.1;50.0;9.4;18.8;28.1;43.8
010115;AMAZONAS;CHACHAPOYAS;MONTEVIDEO;100.0;541.0;559.0;0.0;0.0;20.0;80.0;0.0;0.0;40.0;60.0
010119;AMAZONAS;CHACHAPOYAS;SAN ISIDRO DE MAINO;100.0;476.0;462.0;9.1;18.2;63.6;9.1;18.2;18.2;45.5;18.2
010120;AMAZONAS;CHACHAPOYAS;SOLOCO;90.9;493.0;489.0;0.0;9.1;72.7;18.2;9.1;9.1;40.9;40.9
010201;AMAZONAS;BAGUA;BAGUA;96.9;489.0;474.0;1.5;25.1;44.9;28.4;10.1;18.5;44.0;27.4
010202;AMAZONAS;BAGUA;ARAMANGO;99.2;463.0;453.0;5.0;41.9;32.3;20.9;19.0;20.2;40.0;20.8
010203;AMAZONAS;BAGUA;COPALLIN;100.0;467.0;440.0;3.8;28.8;46.2;21.2;15.4;26.9;40.4;17.3
010204;AMAZONAS;BAGUA;EL PARCO;100.0;433.0;418.0;21.1;42.1;26.3;10.5;36.8;5.3;47.4;10.5
010205;AMAZONAS;BAGUA;IMAZA;90.6;433.0;390.0;14.5;46.2;23.4;15.9;42.5;21.6;23.5;12.3
010206;AMAZONAS;BAGUA;LA PECA;95.5;466.0;454.0;2.9;30.1;50.0;17.1;11.0;23.6;46.0;19.4
010301;AMAZONAS;BONGARÁ;JUMBILLA;100.0;511.0;509.0;0.0;22.7;27.3;50.0;0.0;27.3;27.3;45.5
010303;AMAZONAS;BONGARÁ;CHURUJA;100.0;475.0;495.0;0.0;25.0;50.0;25.0;0.0;25.0;50.0;25.0
010304;AMAZONAS;BONGARÁ;COROSHA;95.2;499.0;485.0;0.0;25.0;44.6;30.4;5.1;19.9;54.8;20.2
010305;AMAZONAS;BONGARÁ;CUISPES;100.0;484.0;415.0;0.0;25.0;25.0;50.0;25.0;25.0;50.0;0.0
010306;AMAZONAS;BONGARÁ;FLORIDA;100.0;493.0;505.0;0.0;26.4;42.7;30.9;7.3;17.3;32.7;42.7
010307;AMAZONAS;BONGARÁ;JAZAN;98.2;493.0;503.0;1.8;16.4;53.1;28.7;7.3;9.7;42.7;40.3
010310;AMAZONAS;BONGARÁ;SHIPASBAMBA;100.0;495.0;540.0;0.0;28.6;42.9;28.6;0.0;0.0;50.0;50.0
010312;AMAZONAS;BONGARÁ;YAMBRASBAMBA;99.1;491.0;520.0;1.8;27.3;37.1;33.8;8.9;12.3;29.1;49.7
010401;AMAZONAS;CONDORCANQUI;NIEVA;91.8;439.0;411.0;6.0;49.9;32.9;11.3;36.3;22.5;26.8;14.4
010402;AMAZONAS;CONDORCANQUI;EL CENEPA;90.9;352.0;268.0;50.0;50.0;0.0;0.0;100.0;0.0;0.0;0.0
010403;AMAZONAS;CONDORCANQUI;RIO SANTIAGO;93.4;355.0;302.0;48.8;44.1;5.3;1.8;80.6;14.1;3.5;1.8
010501;AMAZONAS;LUYA;LAMUD;100.0;514.0;523.0;2.9;11.4;40.0;45.7;5.7;5.7;37.1;51.4
010502;AMAZONAS;LUYA;CAMPORREDONDO;94.8;470.0;458.0;1.2;32.8;47.9;18.2;10.9;25.8;40.3;23.0
010503;AMAZONAS;LUYA;COCABAMBA;94.1;449.0;457.0;3.4;43.9;40.1;12.7;24.8;18.6;24.4;32.2
010504;AMAZONAS;LUYA;COLCAMAR;100.0;476.0;490.0;6.3;18.8;50.0;25.0;12.5;6.3;37.5;43.8
010505;AMAZONAS;LUYA;CONILA;100.0;463.0;443.0;0.0;40.7;40.7;18.5;11.1;22.2;51.9;14.8
010507;AMAZONAS;LUYA;LONGUITA;93.3;494.0;513.0;0.0;22.9;41.9;35.2;7.6;15.2;28.6;48.6
010508;AMAZONAS;LUYA;LONYA CHICO;100.0;499.0;506.0;0.0;33.3;16.7;50.0;0.0;0.0;66.7;33.3
010509;AMAZONAS;LUYA;LUYA;100.0;521.0;534.0;0.0;14.3;44.4;41.3;4.8;6.3;39.7;49.2
010510;AMAZONAS;LUYA;LUYA VIEJO;100.0;438.0;398.0;12.5;50.0;25.0;12.5;50.0;12.5;25.0;12.5
010511;AMAZONAS;LUYA;MARIA;100.0;535.0;541.0;0.0;10.0;30.0;60.0;0.0;0.0;40.0;60.0
010512;AMAZONAS;LUYA;OCALLI;100.0;471.0;444.0;5.9;38.2;26.5;29.4;17.6;29.4;35.3;17.6
010513;AMAZONAS;LUYA;OCUMAL;100.0;487.0;476.0;5.7;26.4;34.0;34.0;15.1;17.0;32.1;35.8
010514;AMAZONAS;LUYA;PISUQUIA;100.0;472.0;467.0;1.7;30.7;45.7;22.0;17.3;12.0;47.0;23.7
010515;AMAZONAS;LUYA;PROVIDENCIA;91.7;473.0;470.0;0.0;39.6;35.4;25.0;10.4;10.4;54.2;25.0
010516;AMAZONAS;LUYA;SAN CRISTOBAL;100.0;478.0;468.0;0.0;25.0;50.0;25.0;16.7;16.7;41.7;25.0
010519;AMAZONAS;LUYA;SAN JUAN DE LOPECANCHA;100.0;421.0;366.0;20.0;40.0;20.0;20.0;60.0;0.0;40.0;0.0
010520;AMAZONAS;LUYA;SANTA CATALINA;97.5;489.0;504.0;2.8;25.8;38.6;32.8;5.0;23.9;30.8;40.3
010521;AMAZONAS;LUYA;SANTO TOMAS;92.0;453.0;466.0;8.0;48.8;30.3;12.9;16.4;8.9;57.2;17.4
010522;AMAZONAS;LUYA;TINGO;92.9;502.0;495.0;0.0;11.3;54.3;34.4;11.9;7.4;42.4;38.3
010523;AMAZONAS;LUYA;TRITA;100.0;462.0;437.0;4.3;34.8;52.2;8.7;13.0;26.1;39.1;21.7
010601;AMAZONAS;RODRÍGUEZ DE MENDOZA;SAN NICOLAS;98.4;494.0;479.0;1.6;26.1;33.3;39.0;11.9;14.2;40.5;33.4
010602;AMAZONAS;RODRÍGUEZ DE MENDOZA;CHIRIMOTO;91.5;465.0;446.0;11.3;38.5;25.2;25.0;25.8;26.9;24.1;23.2
010603;AMAZONAS;RODRÍGUEZ DE MENDOZA;COCHAMAL;100.0;530.0;490.0;0.0;12.5;37.5;50.0;25.0;0.0;25.0;50.0
010604;AMAZONAS;RODRÍGUEZ DE MENDOZA;HUAMBO;100.0;468.0;475.0;0.0;30.1;61.1;8.8;4.2;17.4;56.7;21.8
010605;AMAZONAS;RODRÍGUEZ DE MENDOZA;LIMABAMBA;100.0;506.0;478.0;6.3;12.5;50.0;31.3;12.5;12.5;50.0;25.0
010606;AMAZONAS;RODRÍGUEZ DE MENDOZA;LONGAR;94.4;525.0;525.0;0.0;6.0;35.6;58.3;0.0;17.6;41.7;40.7
010607;AMAZONAS;RODRÍGUEZ DE MENDOZA;MARISCAL BENAVIDES;90.9;520.0;530.0;0.0;20.0;40.0;40.0;0.0;10.0;30.0;60.0
010609;AMAZONAS;RODRÍGUEZ DE MENDOZA;OMIA;98.4;478.0;478.0;6.3;31.1;31.8;30.8;15.9;16.3;33.3;34.5
010612;AMAZONAS;RODRÍGUEZ DE MENDOZA;VISTA ALEGRE;97.3;464.0;469.0;2.9;37.2;46.3;13.6;18.4;17.9;39.6;24.2
010701;AMAZONAS;UTCUBAMBA;BAGUA GRANDE;96.6;471.0;461.0;2.9;33.1;42.1;22.0;13.1;20.9;42.5;23.5
010702;AMAZONAS;UTCUBAMBA;CAJARURO;97.9;456.0;432.0;5.3;41.9;35.3;17.5;19.8;26.6;38.4;15.2
010703;AMAZONAS;UTCUBAMBA;CUMBA;97.7;456.0;438.0;8.6;36.3;28.9;26.2;25.2;18.1;38.2;18.5
010704;AMAZONAS;UTCUBAMBA;EL MILAGRO;97.5;452.0;424.0;6.3;44.4;32.8;16.5;27.9;19.0;39.9;13.3
010705;AMAZONAS;UTCUBAMBA;JAMALCA;96.7;466.0;444.0;5.0;37.5;35.9;21.5;24.5;18.9;36.5;20.1
010706;AMAZONAS;UTCUBAMBA;LONYA GRANDE;97.0;469.0;447.0;2.5;34.9;42.5;20.1;17.8;17.6;43.1;21.5
010707;AMAZONAS;UTCUBAMBA;YAMON;93.6;452.0;451.0;2.4;44.1;37.0;16.5;20.5;19.7;37.0;22.9
020101;ÁNCASH;HUARAZ;HUARAZ;98.6;500.0;481.0;1.1;20.8;41.6;36.5;7.5;18.6;43.4;30.5
020102;ÁNCASH;HUARAZ;COCHABAMBA;100.0;430.0;408.0;16.7;33.3;50.0;0.0;50.0;0.0;16.7;33.3
020104;ÁNCASH;HUARAZ;HUANCHAY;100.0;447.0;401.0;7.7;53.8;23.1;15.4;30.8;23.1;38.5;7.7
020105;ÁNCASH;HUARAZ;INDEPENDENCIA;97.8;499.0;480.0;1.4;20.5;43.5;34.6;9.7;18.7;40.4;31.1
020106;ÁNCASH;HUARAZ;JANGAS;100.0;478.0;459.0;0.0;37.1;42.9;20.0;8.6;28.6;45.7;17.1
020107;ÁNCASH;HUARAZ;LA LIBERTAD;100.0;447.0;390.0;11.1;33.3;44.4;11.1;22.2;33.3;44.4;0.0
020108;ÁNCASH;HUARAZ;OLLEROS;96.0;431.0;424.0;12.0;50.0;29.3;8.7;24.0;20.7;43.3;12.0
020109;ÁNCASH;HUARAZ;PAMPAS GRANDE;100.0;431.0;395.0;12.5;37.5;50.0;0.0;25.0;37.5;37.5;0.0
020110;ÁNCASH;HUARAZ;PARIACOTO;95.7;450.0;428.0;4.5;43.2;36.4;15.9;22.7;25.0;43.2;9.1
020111;ÁNCASH;HUARAZ;PIRA;100.0;409.0;345.0;20.0;53.3;20.0;6.7;60.0;26.7;6.7;6.7
020112;ÁNCASH;HUARAZ;TARICA;98.8;476.0;447.0;1.2;39.3;35.1;24.4;17.1;26.3;37.3;19.3
020201;ÁNCASH;AIJA;AIJA;100.0;503.0;489.0;0.0;26.7;40.0;33.3;13.3;6.7;33.3;46.7
020202;ÁNCASH;AIJA;CORIS;88.9;518.0;489.0;0.0;25.0;37.5;37.5;12.5;12.5;50.0;25.0
020204;ÁNCASH;AIJA;LA MERCED;100.0;466.0;431.0;14.3;21.4;42.9;21.4;21.4;14.3;50.0;14.3
020205;ÁNCASH;AIJA;SUCCHA;100.0;464.0;390.0;0.0;40.0;60.0;0.0;20.0;40.0;40.0;0.0
020301;ÁNCASH;ANTONIO RAIMONDI;LLAMELLIN;95.3;430.0;385.0;9.7;51.4;34.1;4.8;46.4;17.0;31.8;4.8
020302;ÁNCASH;ANTONIO RAIMONDI;ACZO;90.9;465.0;412.0;10.0;30.0;40.0;20.0;40.0;10.0;40.0;10.0
020304;ÁNCASH;ANTONIO RAIMONDI;CHINGAS;100.0;460.0;452.0;6.5;32.3;51.6;9.7;22.6;6.5;54.8;16.1
020401;ÁNCASH;ASUNCIÓN;CHACAS;97.6;482.0;459.0;2.5;19.4;56.2;21.9;7.4;21.9;48.7;22.0
020402;ÁNCASH;ASUNCIÓN;ACOCHACA;100.0;469.0;456.0;0.0;41.2;29.4;29.4;11.8;23.5;52.9;11.8
020501;ÁNCASH;BOLOGNESI;CHIQUIAN;100.0;500.0;495.0;0.0;26.2;37.7;36.1;8.2;16.4;36.1;39.3
020503;ÁNCASH;BOLOGNESI;ANTONIO RAYMONDI;100.0;505.0;515.0;0.0;11.1;61.1;27.8;5.6;0.0;50.0;44.4
020504;ÁNCASH;BOLOGNESI;AQUIA;94.7;427.0;382.0;17.4;51.1;5.3;26.3;40.5;33.2;21.1;5.3
020505;ÁNCASH;BOLOGNESI;CAJACAY;100.0;489.0;519.0;8.3;16.7;41.7;33.3;16.7;8.3;16.7;58.3
020507;ÁNCASH;BOLOGNESI;COLQUIOC;100.0;497.0;502.0;0.0;23.5;38.2;38.2;5.9;29.4;26.5;38.2
020508;ÁNCASH;BOLOGNESI;HUALLANCA;96.3;450.0;428.0;3.1;47.6;34.7;14.6;24.6;20.0;41.6;13.8
020510;ÁNCASH;BOLOGNESI;HUAYLLACAYAN;100.0;509.0;530.0;0.0;33.3;16.7;50.0;0.0;16.7;33.3;50.0
020513;ÁNCASH;BOLOGNESI;PACLLON;100.0;439.0;390.0;9.1;45.5;27.3;18.2;36.4;18.2;45.5;0.0
020515;ÁNCASH;BOLOGNESI;TICLLOS;100.0;483.0;549.0;0.0;33.3;33.3;33.3;16.7;16.7;16.7;50.0
020601;ÁNCASH;CARHUAZ;CARHUAZ;99.2;474.0;461.0;0.9;32.1;46.1;21.0;15.6;16.0;42.0;26.4
020602;ÁNCASH;CARHUAZ;ACOPAMPA;90.5;448.0;419.0;2.7;45.9;45.9;5.4;24.3;29.7;35.1;10.8
020603;ÁNCASH;CARHUAZ;AMASHCA;100.0;448.0;486.0;14.3;42.9;14.3;28.6;28.6;14.3;28.6;28.6
020604;ÁNCASH;CARHUAZ;ANTA;100.0;479.0;448.0;0.0;27.8;50.0;22.2;11.1;22.2;50.0;16.7
020606;ÁNCASH;CARHUAZ;MARCARA;100.0;456.0;437.0;8.0;34.7;40.0;17.3;18.7;26.7;40.0;14.7
020607;ÁNCASH;CARHUAZ;PARIAHUANCA;95.2;480.0;468.0;0.0;30.0;40.0;30.0;10.0;20.0;40.0;30.0
020608;ÁNCASH;CARHUAZ;SAN MIGUEL DE ACO;97.1;445.0;396.0;3.1;46.9;34.4;15.6;34.4;21.9;37.5;6.3
020609;ÁNCASH;CARHUAZ;SHILLA;100.0;450.0;441.0;5.0;45.0;40.0;10.0;25.0;15.0;50.0;10.0
020610;ÁNCASH;CARHUAZ;TINCO;100.0;442.0;420.0;5.4;48.6;40.5;5.4;32.4;13.5;43.2;10.8
020611;ÁNCASH;CARHUAZ;YUNGAR;100.0;479.0;462.0;0.0;22.9;60.0;17.1;11.4;17.1;54.3;17.1
020701;ÁNCASH;CARLOS FERMÍN FITZCARRAL;SAN LUIS;98.0;481.0;473.0;3.0;25.2;44.2;27.6;14.1;17.2;37.0;31.7
020702;ÁNCASH;CARLOS FERMÍN FITZCARRAL;SAN NICOLAS;100.0;496.0;471.0;0.0;20.0;46.7;33.3;6.7;26.7;46.7;20.0
020801;ÁNCASH;CASMA;CASMA;96.7;481.0;468.0;3.0;28.1;40.6;28.3;13.5;19.5;37.2;29.7
020802;ÁNCASH;CASMA;BUENA VISTA ALTA;96.1;459.0;443.0;5.6;32.2;46.2;16.0;24.3;18.4;37.0;20.3
020803;ÁNCASH;CASMA;COMANDANTE NOEL;94.4;447.0;439.0;12.5;47.2;18.1;22.2;31.9;23.6;22.2;22.2
020804;ÁNCASH;CASMA;YAUTAN;96.2;455.0;458.0;8.6;35.6;38.4;17.4;24.3;12.6;30.9;32.1
020901;ÁNCASH;CORONGO;CORONGO;100.0;486.0;501.0;0.0;20.0;50.0;30.0;6.7;10.0;56.7;26.7
020902;ÁNCASH;CORONGO;ACO;100.0;462.0;413.0;0.0;40.0;60.0;0.0;0.0;60.0;40.0;0.0
020903;ÁNCASH;CORONGO;BAMBAS;71.4;;;;;;;;;;
020904;ÁNCASH;CORONGO;CUSCA;98.6;451.0;436.0;1.5;45.1;37.9;15.4;23.9;22.4;41.1;12.6
020905;ÁNCASH;CORONGO;LA PAMPA;100.0;482.0;433.0;0.0;33.3;22.2;44.4;22.2;33.3;33.3;11.1
020907;ÁNCASH;CORONGO;YUPAN;100.0;422.0;380.0;0.0;77.8;22.2;0.0;33.3;33.3;33.3;0.0
021001;ÁNCASH;HUARI;HUARI;99.5;478.0;461.0;3.7;29.8;37.8;28.7;14.4;20.2;42.0;23.3
021002;ÁNCASH;HUARI;ANRA;100.0;424.0;383.0;25.0;37.5;25.0;12.5;50.0;12.5;37.5;0.0
021004;ÁNCASH;HUARI;CHAVIN DE HUANTAR;100.0;474.0;470.0;2.4;37.9;31.5;28.2;11.3;21.8;37.1;29.8
021006;ÁNCASH;HUARI;HUACCHIS;100.0;459.0;405.0;0.0;41.2;41.2;17.6;23.5;29.4;41.2;5.9
021007;ÁNCASH;HUARI;HUACHIS;100.0;453.0;401.0;14.3;50.0;7.1;28.6;35.7;21.4;28.6;14.3
021009;ÁNCASH;HUARI;MASIN;100.0;509.0;452.0;0.0;11.8;47.1;41.2;17.6;17.6;47.1;17.6
021010;ÁNCASH;HUARI;PAUCAS;100.0;409.0;402.0;20.0;60.0;20.0;0.0;10.0;50.0;40.0;0.0
021011;ÁNCASH;HUARI;PONTO;100.0;455.0;428.0;10.0;33.3;36.7;20.0;23.3;30.0;30.0;16.7
021012;ÁNCASH;HUARI;RAHUAPAMPA;94.4;499.0;478.0;0.0;17.6;47.1;35.3;5.9;35.3;35.3;23.5
021013;ÁNCASH;HUARI;RAPAYAN;100.0;483.0;488.0;0.0;18.8;62.5;18.8;12.5;12.5;31.3;43.8
021014;ÁNCASH;HUARI;SAN MARCOS;98.0;450.0;417.0;3.5;46.9;35.9;13.6;22.0;32.5;34.5;11.1
021015;ÁNCASH;HUARI;SAN PEDRO DE CHANA;95.5;439.0;378.0;0.0;52.4;42.9;4.8;33.3;52.4;4.8;9.5
021016;ÁNCASH;HUARI;UCO;100.0;425.0;378.0;0.0;62.5;37.5;0.0;37.5;25.0;37.5;0.0
021101;ÁNCASH;HUARMEY;HUARMEY;98.3;475.0;455.0;3.2;29.8;45.2;21.8;12.7;24.1;44.6;18.5
021102;ÁNCASH;HUARMEY;COCHAPETI;100.0;436.0;374.0;0.0;80.0;0.0;20.0;60.0;20.0;20.0;0.0
021103;ÁNCASH;HUARMEY;CULEBRAS;100.0;475.0;459.0;2.4;29.3;41.5;26.8;17.1;17.1;43.9;22.0
021104;ÁNCASH;HUARMEY;HUAYAN;100.0;485.0;483.0;0.0;25.0;50.0;25.0;0.0;25.0;37.5;37.5
021201;ÁNCASH;HUAYLAS;CARAZ;97.5;474.0;454.0;3.0;33.3;39.2;24.5;14.9;23.7;38.4;23.0
021202;ÁNCASH;HUAYLAS;HUALLANCA;87.5;473.0;438.0;0.0;42.9;28.6;28.6;14.3;28.6;28.6;28.6
021203;ÁNCASH;HUAYLAS;HUATA;100.0;413.0;379.0;7.7;53.8;38.5;0.0;46.2;0.0;53.8;0.0
021204;ÁNCASH;HUAYLAS;HUAYLAS;100.0;426.0;393.0;6.7;60.0;33.3;0.0;20.0;40.0;40.0;0.0
021205;ÁNCASH;HUAYLAS;MATO;100.0;439.0;392.0;6.5;61.3;16.1;16.1;38.7;22.6;32.3;6.5
021206;ÁNCASH;HUAYLAS;PAMPAROMAS;92.3;392.0;299.0;16.9;64.6;18.5;0.0;73.8;16.9;9.2;0.0
021207;ÁNCASH;HUAYLAS;PUEBLO LIBRE;97.8;424.0;394.0;19.6;44.7;22.3;13.4;37.2;24.7;26.9;11.3
021208;ÁNCASH;HUAYLAS;SANTA CRUZ;92.5;431.0;381.0;16.2;53.0;15.8;15.0;53.4;18.7;15.4;12.5
021209;ÁNCASH;HUAYLAS;SANTO TORIBIO;94.7;449.0;409.0;11.1;26.9;44.4;17.5;32.7;21.6;34.5;11.1
021210;ÁNCASH;HUAYLAS;YURACMARCA;96.6;428.0;402.0;10.6;50.0;32.1;7.3;42.7;10.8;42.9;3.7
021301;ÁNCASH;MARISCAL LUZURIAGA;PISCOBAMBA;100.0;455.0;426.0;10.2;40.7;28.8;20.3;31.0;19.0;34.5;15.5
021302;ÁNCASH;MARISCAL LUZURIAGA;CASCA;100.0;410.0;365.0;28.6;28.6;42.9;0.0;42.9;28.6;28.6;0.0
021305;ÁNCASH;MARISCAL LUZURIAGA;LLAMA;100.0;415.0;316.0;0.0;66.7;33.3;0.0;55.6;44.4;0.0;0.0
021306;ÁNCASH;MARISCAL LUZURIAGA;LLUMPA;84.6;435.0;420.0;9.1;63.6;9.1;18.2;27.3;27.3;36.4;9.1
021401;ÁNCASH;OCROS;OCROS;100.0;448.0;460.0;0.0;46.7;46.7;6.7;13.3;26.7;40.0;20.0
021402;ÁNCASH;OCROS;ACAS;100.0;514.0;536.0;0.0;22.2;33.3;44.4;0.0;0.0;44.4;55.6
021405;ÁNCASH;OCROS;COCHAS;100.0;470.0;484.0;4.8;28.6;52.4;14.3;0.0;28.6;38.1;33.3
021406;ÁNCASH;OCROS;CONGAS;100.0;432.0;391.0;0.0;66.7;33.3;0.0;33.3;22.2;44.4;0.0
021408;ÁNCASH;OCROS;SAN CRISTOBAL DE RAJAN;100.0;374.0;361.0;40.0;40.0;20.0;0.0;60.0;0.0;40.0;0.0
021409;ÁNCASH;OCROS;SAN PEDRO;100.0;458.0;410.0;0.0;40.0;50.0;10.0;30.0;30.0;30.0;10.0
021410;ÁNCASH;OCROS;SANTIAGO DE CHILCAS;100.0;425.0;391.0;0.0;66.7;33.3;0.0;16.7;50.0;33.3;0.0
021501;ÁNCASH;PALLASCA;CABANA;97.6;458.0;408.0;7.5;27.5;50.0;15.0;35.0;12.5;45.0;7.5
021502;ÁNCASH;PALLASCA;BOLOGNESI;100.0;444.0;394.0;16.1;32.3;41.9;9.7;32.3;25.8;35.5;6.5
021503;ÁNCASH;PALLASCA;CONCHUCOS;93.2;440.0;412.0;8.1;47.8;32.5;11.6;27.2;29.4;29.6;13.9
021504;ÁNCASH;PALLASCA;HUACASCHUQUE;100.0;495.0;454.0;0.0;11.1;66.7;22.2;0.0;33.3;44.4;22.2
021505;ÁNCASH;PALLASCA;HUANDOVAL;100.0;432.0;367.0;12.5;43.8;25.0;18.8;43.8;25.0;18.8;12.5
021506;ÁNCASH;PALLASCA;LACABAMBA;100.0;431.0;398.0;9.1;54.5;27.3;9.1;27.3;36.4;18.2;18.2
021507;ÁNCASH;PALLASCA;LLAPO;100.0;475.0;442.0;10.0;30.0;30.0;30.0;30.0;10.0;40.0;20.0
021508;ÁNCASH;PALLASCA;PALLASCA;100.0;479.0;447.0;3.1;40.6;31.3;25.0;28.1;9.4;37.5;25.0
021509;ÁNCASH;PALLASCA;PAMPAS;100.0;446.0;431.0;13.1;35.3;33.7;17.9;20.6;27.5;36.3;15.6
021510;ÁNCASH;PALLASCA;SANTA ROSA;100.0;461.0;453.0;7.8;13.3;65.6;13.3;14.4;6.7;51.1;27.8
021511;ÁNCASH;PALLASCA;TAUCA;100.0;468.0;454.0;8.8;35.3;41.2;14.7;17.6;14.7;50.0;17.6
021601;ÁNCASH;POMABAMBA;POMABAMBA;97.5;453.0;430.0;1.5;47.3;37.0;14.2;19.6;24.2;43.0;13.3
021602;ÁNCASH;POMABAMBA;HUAYLLAN;100.0;423.0;365.0;15.4;46.2;30.8;7.7;46.2;38.5;15.4;0.0
021701;ÁNCASH;RECUAY;RECUAY;96.8;483.0;483.0;1.6;22.7;54.2;21.5;9.8;16.3;39.3;34.5
021702;ÁNCASH;RECUAY;CATAC;98.4;501.0;500.0;1.6;14.3;53.9;30.2;1.6;19.1;41.3;38.1
021703;ÁNCASH;RECUAY;COTAPARACO;100.0;426.0;408.0;11.1;33.3;55.6;0.0;22.2;22.2;55.6;0.0
021707;ÁNCASH;RECUAY;PAMPAS CHICO;100.0;481.0;530.0;0.0;20.0;50.0;30.0;10.0;10.0;20.0;60.0
021708;ÁNCASH;RECUAY;PARARIN;100.0;456.0;432.0;10.0;30.0;30.0;30.0;40.0;10.0;20.0;30.0
021710;ÁNCASH;RECUAY;TICAPAMPA;100.0;512.0;505.0;0.0;23.5;32.4;44.1;5.9;23.5;29.4;41.2
021801;ÁNCASH;SANTA;CHIMBOTE;94.9;489.0;467.0;2.6;25.4;40.7;31.4;11.8;20.6;40.5;27.1
021802;ÁNCASH;SANTA;CACERES DEL PERU;95.2;453.0;407.0;7.9;39.5;39.5;13.0;30.0;28.5;28.4;13.0
021803;ÁNCASH;SANTA;COISHCO;94.8;469.0;460.0;1.8;36.3;39.3;22.6;11.6;19.8;45.0;23.5
021804;ÁNCASH;SANTA;MACATE;100.0;435.0;406.0;8.3;50.0;33.3;8.3;25.0;33.3;25.0;16.7
021805;ÁNCASH;SANTA;MORO;98.0;456.0;424.0;4.0;45.6;31.6;18.8;23.5;29.5;36.2;10.7
021806;ÁNCASH;SANTA;NEPEÑA;96.7;466.0;449.0;4.4;30.0;47.1;18.5;16.9;21.9;40.6;20.6
021807;ÁNCASH;SANTA;SAMANCO;96.4;488.0;504.0;0.0;23.8;54.2;22.0;3.9;14.7;38.5;42.9
021808;ÁNCASH;SANTA;SANTA;96.4;481.0;459.0;3.4;27.4;42.1;27.2;12.5;18.3;46.7;22.5
021809;ÁNCASH;SANTA;NUEVO CHIMBOTE;96.0;498.0;482.0;1.7;20.4;43.6;34.4;8.3;17.1;43.3;31.3
021901;ÁNCASH;SIHUAS;SIHUAS;96.3;462.0;430.0;0.7;44.5;37.0;17.7;22.9;20.9;44.6;11.5
021902;ÁNCASH;SIHUAS;ACOBAMBA;96.8;470.0;497.0;3.3;26.7;60.0;10.0;0.0;20.0;50.0;30.0
021904;ÁNCASH;SIHUAS;CASHAPAMPA;100.0;457.0;443.0;0.0;55.2;31.0;13.8;24.1;13.8;51.7;10.3
021905;ÁNCASH;SIHUAS;CHINGALPO;100.0;492.0;457.0;0.0;22.2;55.6;22.2;22.2;11.1;44.4;22.2
021906;ÁNCASH;SIHUAS;HUAYLLABAMBA;96.9;430.0;398.0;13.3;49.2;25.0;12.5;33.6;25.8;34.4;6.3
021907;ÁNCASH;SIHUAS;QUICHES;100.0;407.0;375.0;14.7;61.8;20.6;2.9;44.1;32.4;20.6;2.9
021908;ÁNCASH;SIHUAS;RAGASH;95.5;428.0;402.0;10.6;47.7;41.7;0.0;15.9;42.4;37.1;4.5
022001;ÁNCASH;YUNGAY;YUNGAY;96.6;467.0;443.0;5.8;34.3;36.2;23.7;20.6;21.2;33.9;24.3
022003;ÁNCASH;YUNGAY;MANCOS;100.0;453.0;406.0;10.0;45.0;25.0;20.0;35.0;27.5;22.5;15.0
022005;ÁNCASH;YUNGAY;QUILLO;97.3;429.0;386.0;13.8;44.4;30.7;11.2;35.8;33.5;25.1;5.6
022006;ÁNCASH;YUNGAY;RANRAHIRCA;100.0;475.0;414.0;3.7;40.7;25.9;29.6;40.7;18.5;33.3;7.4
022008;ÁNCASH;YUNGAY;YANAMA;97.8;483.0;478.0;8.7;15.4;44.5;31.4;15.3;11.1;46.8;26.8
030101;APURÍMAC;ABANCAY;ABANCAY;97.8;515.0;517.0;1.3;15.9;37.6;45.3;7.0;12.0;33.7;47.3
030102;APURÍMAC;ABANCAY;CHACOCHE;97.0;470.0;440.0;3.1;31.3;43.8;21.9;9.4;37.5;40.6;12.5
030103;APURÍMAC;ABANCAY;CIRCA;100.0;517.0;561.0;0.0;20.0;20.0;60.0;0.0;0.0;60.0;40.0
030104;APURÍMAC;ABANCAY;CURAHUASI;99.6;472.0;457.0;4.2;31.0;39.0;25.8;14.4;24.7;39.0;22.0
030105;APURÍMAC;ABANCAY;HUANIPACA;100.0;494.0;518.0;7.7;15.4;46.2;30.8;7.7;0.0;53.8;38.5
030108;APURÍMAC;ABANCAY;SAN PEDRO DE CACHORA;95.2;487.0;480.0;5.0;15.0;50.0;30.0;15.0;5.0;45.0;35.0
030109;APURÍMAC;ABANCAY;TAMBURCO;96.9;492.0;490.0;1.1;26.1;38.7;34.2;7.8;14.0;45.3;33.0
030201;APURÍMAC;ANDAHUAYLAS;ANDAHUAYLAS;99.2;500.0;495.0;0.9;23.1;39.0;37.0;7.3;16.3;37.1;39.3
030204;APURÍMAC;ANDAHUAYLAS;HUANCARAMA;100.0;481.0;504.0;0.0;24.5;55.1;20.4;6.1;10.2;44.9;38.8
030207;APURÍMAC;ANDAHUAYLAS;KISHUARA;100.0;397.0;377.0;30.0;60.0;0.0;10.0;40.0;30.0;20.0;10.0
030208;APURÍMAC;ANDAHUAYLAS;PACOBAMBA;100.0;457.0;576.0;0.0;40.0;60.0;0.0;0.0;0.0;30.0;70.0
030209;APURÍMAC;ANDAHUAYLAS;PACUCHA;97.8;464.0;446.0;2.3;34.1;47.7;15.9;6.8;31.8;47.7;13.6
030210;APURÍMAC;ANDAHUAYLAS;PAMPACHIRI;90.9;495.0;493.0;0.0;30.0;40.0;30.0;10.0;10.0;50.0;30.0
030211;APURÍMAC;ANDAHUAYLAS;POMACOCHA;100.0;491.0;496.0;0.0;40.0;26.7;33.3;0.0;26.7;33.3;40.0
030213;APURÍMAC;ANDAHUAYLAS;SAN JERONIMO;99.2;493.0;493.0;1.8;26.2;38.4;33.6;9.5;15.5;37.7;37.4
030214;APURÍMAC;ANDAHUAYLAS;SAN MIGUEL DE CHACCRAMPA;100.0;419.0;385.0;15.4;53.8;30.8;0.0;53.8;15.4;30.8;0.0
030215;APURÍMAC;ANDAHUAYLAS;SANTA MARIA DE CHICMO;99.0;447.0;417.0;5.1;48.8;36.9;9.2;23.3;33.7;34.8;8.2
030216;APURÍMAC;ANDAHUAYLAS;TALAVERA;99.1;485.0;475.0;3.1;29.2;35.9;31.8;11.4;19.3;40.0;29.3
030220;APURÍMAC;ANDAHUAYLAS;JOSE MARIA ARGUEDAS;100.0;440.0;420.0;5.3;50.7;36.0;8.0;20.0;37.3;32.0;10.7
030301;APURÍMAC;ANTABAMBA;ANTABAMBA;100.0;461.0;447.0;4.2;37.5;45.8;12.5;14.6;20.8;43.8;20.8
030302;APURÍMAC;ANTABAMBA;EL ORO;100.0;474.0;476.0;0.0;44.4;33.3;22.2;44.4;11.1;0.0;44.4
030303;APURÍMAC;ANTABAMBA;HUAQUIRCA;100.0;431.0;394.0;10.0;40.0;40.0;10.0;40.0;20.0;40.0;0.0
030304;APURÍMAC;ANTABAMBA;JUAN ESPINOZA MEDRANO;95.5;475.0;477.0;4.5;42.5;9.7;43.2;18.5;14.0;24.0;43.5
030305;APURÍMAC;ANTABAMBA;OROPESA;100.0;410.0;375.0;28.6;40.0;28.6;2.9;45.7;22.9;31.4;0.0
030306;APURÍMAC;ANTABAMBA;PACHACONAS;93.8;535.0;508.0;7.1;14.3;14.3;64.3;14.3;7.1;35.7;42.9
030307;APURÍMAC;ANTABAMBA;SABAINO;93.8;471.0;457.0;0.0;42.5;20.0;37.5;43.8;0.0;12.5;43.8
030401;APURÍMAC;AYMARAES;CHALHUANCA;98.9;501.0;515.0;1.1;19.6;40.5;38.7;5.7;12.7;39.7;41.9
030403;APURÍMAC;AYMARAES;CARAYBAMBA;90.0;495.0;474.0;0.0;33.3;33.3;33.3;11.1;11.1;55.6;22.2
030404;APURÍMAC;AYMARAES;CHAPIMARCA;100.0;457.0;445.0;0.0;40.0;60.0;0.0;20.0;0.0;60.0;20.0
030405;APURÍMAC;AYMARAES;COLCABAMBA;100.0;410.0;376.0;14.3;57.1;28.6;0.0;50.0;14.3;28.6;7.1
030406;APURÍMAC;AYMARAES;COTARUSE;91.7;455.0;470.0;0.0;45.5;36.4;18.2;18.2;9.1;54.5;18.2
030411;APURÍMAC;AYMARAES;SAN JUAN DE CHACÑA;100.0;467.0;466.0;10.0;20.0;40.0;30.0;20.0;10.0;50.0;20.0
030412;APURÍMAC;AYMARAES;SAÑAYCA;100.0;399.0;370.0;14.3;57.1;28.6;0.0;28.6;57.1;14.3;0.0
030413;APURÍMAC;AYMARAES;SORAYA;100.0;453.0;446.0;0.0;57.1;0.0;42.9;28.6;14.3;28.6;28.6
030414;APURÍMAC;AYMARAES;TAPAIRIHUA;100.0;448.0;409.0;0.0;61.9;23.8;14.3;33.3;23.8;33.3;9.5
030415;APURÍMAC;AYMARAES;TINTAY;100.0;480.0;529.0;0.0;31.6;47.4;21.1;0.0;5.3;52.6;42.1
030416;APURÍMAC;AYMARAES;TORAYA;100.0;490.0;460.0;0.0;33.3;16.7;50.0;0.0;33.3;50.0;16.7
030417;APURÍMAC;AYMARAES;YANACA;100.0;477.0;520.0;0.0;35.7;35.7;28.6;0.0;7.1;50.0;42.9
030501;APURÍMAC;COTABAMBAS;TAMBOBAMBA;97.6;483.0;473.0;2.5;26.4;45.4;25.7;10.7;18.2;48.0;23.0
030502;APURÍMAC;COTABAMBAS;COTABAMBAS;100.0;528.0;466.0;0.0;11.1;55.6;33.3;0.0;44.4;33.3;22.2
030503;APURÍMAC;COTABAMBAS;COYLLURQUI;100.0;450.0;443.0;5.1;43.6;35.9;15.4;7.7;33.3;43.6;15.4
030504;APURÍMAC;COTABAMBAS;HAQUIRA;100.0;484.0;481.0;3.5;27.2;37.7;31.6;7.0;21.1;40.4;31.6
030505;APURÍMAC;COTABAMBAS;MARA;97.2;484.0;499.0;2.9;25.7;37.1;34.3;11.4;11.4;37.1;40.0
030506;APURÍMAC;COTABAMBAS;CHALLHUAHUACHO;93.4;491.0;485.0;3.2;28.6;35.5;32.7;8.1;20.4;36.9;34.7
030601;APURÍMAC;CHINCHEROS;CHINCHEROS;97.8;474.0;456.0;6.9;33.0;28.9;31.2;16.0;22.8;34.6;26.6
030602;APURÍMAC;CHINCHEROS;ANCO_HUALLO;98.7;465.0;456.0;5.4;39.8;29.6;25.3;18.2;21.4;33.5;26.9
030603;APURÍMAC;CHINCHEROS;COCHARCAS;100.0;432.0;417.0;4.2;58.3;29.2;8.3;20.8;41.7;25.0;12.5
030604;APURÍMAC;CHINCHEROS;HUACCANA;100.0;452.0;427.0;3.8;50.9;24.5;20.8;22.6;24.5;37.7;15.1
030605;APURÍMAC;CHINCHEROS;OCOBAMBA;98.1;478.0;472.0;9.5;28.2;26.4;35.9;18.9;17.0;32.1;32.1
030606;APURÍMAC;CHINCHEROS;ONGOY;100.0;417.0;383.0;8.0;64.0;24.0;4.0;40.0;28.0;28.0;4.0
030607;APURÍMAC;CHINCHEROS;URANMARCA;97.4;457.0;412.0;8.2;37.6;35.0;19.2;30.0;23.7;32.4;13.9
030608;APURÍMAC;CHINCHEROS;RANRACANCHA;100.0;502.0;471.0;0.0;25.0;28.6;46.4;14.3;10.7;50.0;25.0
030701;APURÍMAC;GRAU;CHUQUIBAMBILLA;97.5;481.0;467.0;2.7;28.1;44.4;24.9;9.4;24.2;39.1;27.4
030708;APURÍMAC;GRAU;PROGRESO;100.0;467.0;449.0;3.2;41.9;32.3;22.6;25.8;9.7;41.9;22.6
030709;APURÍMAC;GRAU;SAN ANTONIO;100.0;429.0;424.0;20.0;20.0;60.0;0.0;20.0;20.0;40.0;20.0
030710;APURÍMAC;GRAU;SANTA ROSA;100.0;478.0;457.0;0.0;50.0;16.7;33.3;16.7;16.7;33.3;33.3
030712;APURÍMAC;GRAU;VILCABAMBA;100.0;470.0;443.0;3.8;26.9;50.0;19.2;19.2;26.9;34.6;19.2
030713;APURÍMAC;GRAU;VIRUNDO;100.0;479.0;470.0;0.0;38.5;38.5;23.1;0.0;30.8;38.5;30.8
040101;AREQUIPA;AREQUIPA;AREQUIPA;97.6;534.0;527.0;0.8;9.0;33.8;56.4;4.0;9.2;35.9;50.9
040102;AREQUIPA;AREQUIPA;ALTO SELVA ALEGRE;96.9;512.0;501.0;1.7;15.4;38.7;44.2;7.4;13.7;38.4;40.6
040103;AREQUIPA;AREQUIPA;CAYMA;97.3;515.0;506.0;0.6;14.4;40.8;44.2;5.4;12.8;41.1;40.6
040104;AREQUIPA;AREQUIPA;CERRO COLORADO;97.4;513.0;506.0;0.7;15.5;40.1;43.8;5.9;12.2;40.0;41.9
040105;AREQUIPA;AREQUIPA;CHARACATO;95.5;510.0;492.0;1.4;15.7;43.2;39.7;7.4;12.4;45.0;35.2
040106;AREQUIPA;AREQUIPA;CHIGUATA;97.3;477.0;448.0;5.4;27.6;46.8;20.1;13.5;33.6;33.0;19.8
040107;AREQUIPA;AREQUIPA;JACOBO HUNTER;96.6;519.0;505.0;1.0;13.1;38.1;47.7;6.5;12.8;39.0;41.7
040108;AREQUIPA;AREQUIPA;LA JOYA;98.0;482.0;466.0;2.3;27.9;43.6;26.2;11.0;21.5;41.5;26.0
040109;AREQUIPA;AREQUIPA;MARIANO MELGAR;97.8;513.0;505.0;1.1;14.8;40.5;43.7;5.9;14.2;38.0;41.9
040110;AREQUIPA;AREQUIPA;MIRAFLORES;96.9;522.0;513.0;0.9;11.2;40.8;47.1;5.1;11.9;39.4;43.6
040111;AREQUIPA;AREQUIPA;MOLLEBAYA;87.5;482.0;446.0;0.0;19.2;68.3;12.5;17.5;21.7;40.0;20.8
040112;AREQUIPA;AREQUIPA;PAUCARPATA;97.5;516.0;509.0;0.4;15.0;38.9;45.7;5.1;13.7;37.5;43.7
040114;AREQUIPA;AREQUIPA;POLOBAYA;100.0;444.0;434.0;16.7;16.7;66.7;0.0;16.7;33.3;33.3;16.7
040115;AREQUIPA;AREQUIPA;QUEQUEÑA;100.0;492.0;464.0;0.0;27.3;36.4;36.4;18.2;18.2;54.5;9.1
040116;AREQUIPA;AREQUIPA;SABANDIA;82.4;470.0;454.0;7.3;30.8;42.5;19.4;7.3;24.9;49.8;17.9
040117;AREQUIPA;AREQUIPA;SACHACA;97.5;521.0;513.0;0.6;11.7;40.7;47.0;3.9;12.6;39.6;43.9
040118;AREQUIPA;AREQUIPA;SAN JUAN DE SIGUAS;96.0;474.0;443.0;0.0;48.0;28.0;24.0;22.0;18.0;36.0;24.0
040119;AREQUIPA;AREQUIPA;SAN JUAN DE TARUCANI;100.0;494.0;464.0;0.0;25.0;41.7;33.3;8.3;16.7;58.3;16.7
040120;AREQUIPA;AREQUIPA;SANTA ISABEL DE SIGUAS;100.0;501.0;440.0;0.0;20.0;20.0;60.0;20.0;20.0;60.0;0.0
040121;AREQUIPA;AREQUIPA;SANTA RITA DE SIGUAS;100.0;498.0;494.0;2.0;18.0;52.0;28.0;8.0;17.3;37.3;37.3
040122;AREQUIPA;AREQUIPA;SOCABAYA;97.8;513.0;508.0;0.8;16.4;39.4;43.4;5.8;14.5;37.4;42.3
040123;AREQUIPA;AREQUIPA;TIABAYA;97.2;512.0;504.0;0.8;15.7;41.0;42.5;5.3;12.9;39.3;42.6
040124;AREQUIPA;AREQUIPA;UCHUMAYO;98.3;514.0;494.0;0.9;12.9;42.6;43.6;5.2;14.7;48.7;31.5
040125;AREQUIPA;AREQUIPA;VITOR;96.2;468.0;462.0;4.1;27.8;48.5;19.6;12.0;17.5;50.9;19.6
040126;AREQUIPA;AREQUIPA;YANAHUARA;98.3;544.0;544.0;0.5;8.7;26.4;64.5;3.3;7.1;32.7;56.9
040127;AREQUIPA;AREQUIPA;YARABAMBA;97.7;502.0;492.0;1.2;19.1;42.9;36.8;8.6;15.3;45.7;30.4
040128;AREQUIPA;AREQUIPA;YURA;97.7;496.0;489.0;0.6;21.5;44.1;33.8;7.5;15.9;40.2;36.4
040129;AREQUIPA;AREQUIPA;JOSE LUIS BUSTAMANTE Y RIVERO;96.9;526.0;523.0;0.6;10.7;36.4;52.2;3.6;9.9;37.4;49.1
040201;AREQUIPA;CAMANÁ;CAMANA;98.0;514.0;497.0;0.5;14.8;39.6;45.2;5.0;15.5;41.4;38.1
040202;AREQUIPA;CAMANÁ;JOSE MARIA QUIMPER;96.8;482.0;488.0;4.3;28.5;43.4;23.8;16.8;3.9;39.8;39.4
040203;AREQUIPA;CAMANÁ;MARIANO NICOLAS VALCARCEL;89.1;477.0;460.0;2.0;32.0;39.4;26.5;15.3;19.3;43.0;22.5
040204;AREQUIPA;CAMANÁ;MARISCAL CACERES;98.9;469.0;461.0;8.3;33.2;34.4;24.0;18.9;19.1;30.9;31.1
040205;AREQUIPA;CAMANÁ;NICOLAS DE PIEROLA;97.1;505.0;477.0;2.1;17.5;39.3;41.2;11.9;17.5;40.8;29.7
040206;AREQUIPA;CAMANÁ;OCOÑA;95.2;498.0;491.0;2.6;23.0;45.9;28.5;7.7;26.1;30.4;35.8
040207;AREQUIPA;CAMANÁ;QUILCA;96.2;518.0;534.0;8.0;4.0;44.0;44.0;8.0;0.0;48.0;44.0
040208;AREQUIPA;CAMANÁ;SAMUEL PASTOR;96.4;496.0;490.0;1.3;25.7;36.5;36.5;7.5;17.9;39.1;35.6
040301;AREQUIPA;CARAVELÍ;CARAVELI;96.5;463.0;454.0;2.8;42.2;42.2;12.8;10.2;24.1;47.3;18.4
040302;AREQUIPA;CARAVELÍ;ACARI;99.1;508.0;508.0;0.0;16.7;43.5;39.8;2.8;12.9;37.0;47.3
040303;AREQUIPA;CARAVELÍ;ATICO;95.7;487.0;467.0;2.9;25.8;41.8;29.5;11.8;15.3;49.1;23.9
040304;AREQUIPA;CARAVELÍ;ATIQUIPA;100.0;450.0;415.0;0.0;62.5;12.5;25.0;25.0;37.5;25.0;12.5
040305;AREQUIPA;CARAVELÍ;BELLA UNION;96.7;455.0;443.0;7.0;39.9;38.0;15.1;12.0;28.2;47.6;12.1
040306;AREQUIPA;CARAVELÍ;CAHUACHO;100.0;419.0;382.0;16.7;33.3;50.0;0.0;50.0;16.7;33.3;0.0
040307;AREQUIPA;CARAVELÍ;CHALA;96.1;479.0;470.0;2.6;29.1;44.8;23.5;12.2;14.5;45.1;28.2
040308;AREQUIPA;CARAVELÍ;CHAPARRA;97.9;515.0;500.0;0.0;13.0;42.9;44.1;6.5;15.1;44.2;34.2
040309;AREQUIPA;CARAVELÍ;HUANUHUANU;97.3;491.0;468.0;4.3;21.2;42.2;32.4;11.4;21.1;31.1;36.4
040310;AREQUIPA;CARAVELÍ;JAQUI;100.0;493.0;490.0;2.6;25.6;41.0;30.8;5.1;17.9;38.5;38.5
040311;AREQUIPA;CARAVELÍ;LOMAS;100.0;489.0;499.0;0.0;29.6;33.3;37.0;18.5;3.7;33.3;44.4
040312;AREQUIPA;CARAVELÍ;QUICACHA;100.0;495.0;502.0;3.8;19.2;38.5;38.5;11.5;7.7;50.0;30.8
040313;AREQUIPA;CARAVELÍ;YAUCA;90.5;502.0;496.0;0.0;23.7;39.5;36.8;7.9;10.5;44.7;36.8
040401;AREQUIPA;CASTILLA;APLAO;98.6;506.0;499.0;2.4;17.7;42.8;37.2;7.2;15.5;42.1;35.2
040402;AREQUIPA;CASTILLA;ANDAGUA;94.4;479.0;446.0;5.9;29.4;23.5;41.2;17.6;23.5;35.3;23.5
040404;AREQUIPA;CASTILLA;CHACHAS;94.1;486.0;469.0;0.0;26.9;37.0;36.1;6.7;0.0;74.8;18.5
040405;AREQUIPA;CASTILLA;CHILCAYMARCA;100.0;492.0;458.0;0.0;29.4;23.5;47.1;11.8;17.6;47.1;23.5
040407;AREQUIPA;CASTILLA;HUANCARQUI;100.0;501.0;416.0;0.0;9.1;63.6;27.3;27.3;18.2;36.4;18.2
040409;AREQUIPA;CASTILLA;ORCOPAMPA;99.1;508.0;508.0;0.0;23.7;36.8;39.4;3.5;14.2;42.1;40.3
040410;AREQUIPA;CASTILLA;PAMPACOLCA;97.1;489.0;463.0;3.0;33.3;30.3;33.3;18.2;18.2;30.3;33.3
040411;AREQUIPA;CASTILLA;TIPÁN;100.0;597.0;601.0;0.0;0.0;0.0;100.0;0.0;0.0;25.0;75.0
040413;AREQUIPA;CASTILLA;URACA;99.1;486.0;482.0;1.8;21.8;45.3;31.1;13.7;13.3;39.4;33.6
040414;AREQUIPA;CASTILLA;VIRACO;95.7;551.0;540.0;0.0;4.5;31.8;63.6;0.0;9.1;45.5;45.5
040501;AREQUIPA;CAYLLOMA;CHIVAY;95.6;500.0;486.0;2.3;16.7;48.9;32.2;9.0;13.1;43.4;34.5
040502;AREQUIPA;CAYLLOMA;ACHOMA;100.0;518.0;506.0;0.0;11.1;22.2;66.7;0.0;11.1;66.7;22.2
040503;AREQUIPA;CAYLLOMA;CABANACONDE;100.0;510.0;498.0;8.8;6.5;40.0;44.7;8.8;19.4;36.5;35.3
040504;AREQUIPA;CAYLLOMA;CALLALLI;100.0;482.0;469.0;0.0;35.0;30.0;35.0;15.0;15.0;50.0;20.0
040505;AREQUIPA;CAYLLOMA;CAYLLOMA;93.0;478.0;475.0;2.5;30.0;47.5;20.0;7.5;10.0;60.0;22.5
040506;AREQUIPA;CAYLLOMA;COPORAQUE;100.0;474.0;467.0;7.1;32.1;28.6;32.1;17.9;17.9;32.1;32.1
040507;AREQUIPA;CAYLLOMA;HUAMBO;100.0;539.0;511.0;0.0;14.3;28.6;57.1;0.0;0.0;71.4;28.6
040508;AREQUIPA;CAYLLOMA;HUANCA;100.0;489.0;455.0;0.0;20.0;50.0;30.0;10.0;10.0;70.0;10.0
040510;AREQUIPA;CAYLLOMA;LARI;100.0;542.0;544.0;0.0;13.3;20.0;66.7;0.0;13.3;26.7;60.0
040511;AREQUIPA;CAYLLOMA;LLUTA;100.0;512.0;536.0;0.0;0.0;60.0;40.0;0.0;20.0;40.0;40.0
040512;AREQUIPA;CAYLLOMA;MACA;100.0;490.0;487.0;14.3;14.3;28.6;42.9;0.0;14.3;57.1;28.6
040514;AREQUIPA;CAYLLOMA;SAN ANTONIO DE CHUCA;100.0;511.0;527.0;0.0;25.0;37.5;37.5;6.3;12.5;37.5;43.8
040515;AREQUIPA;CAYLLOMA;SIBAYO;100.0;533.0;542.0;0.0;0.0;27.3;72.7;0.0;27.3;18.2;54.5
040517;AREQUIPA;CAYLLOMA;TISCO;80.0;548.0;550.0;0.0;25.0;0.0;75.0;0.0;0.0;50.0;50.0
040518;AREQUIPA;CAYLLOMA;TUTI;100.0;497.0;553.0;0.0;20.0;40.0;40.0;0.0;0.0;40.0;60.0
040519;AREQUIPA;CAYLLOMA;YANQUE;100.0;510.0;520.0;0.0;27.3;27.3;45.5;4.5;18.2;27.3;50.0
040520;AREQUIPA;CAYLLOMA;MAJES;98.1;492.0;482.0;1.7;23.8;42.3;32.2;9.7;17.3;41.2;31.8
040601;AREQUIPA;CONDESUYOS;CHUQUIBAMBA;95.5;492.0;493.0;1.6;23.6;41.3;33.5;7.8;15.7;38.1;38.5
040603;AREQUIPA;CONDESUYOS;CAYARANI;100.0;457.0;421.0;14.8;22.2;48.1;14.8;29.6;11.1;40.7;18.5
040605;AREQUIPA;CONDESUYOS;IRAY;100.0;517.0;513.0;0.0;10.0;40.0;50.0;0.0;10.0;40.0;50.0
040606;AREQUIPA;CONDESUYOS;RIO GRANDE;96.9;516.0;506.0;1.1;11.7;46.8;40.3;6.4;15.9;39.4;38.3
040608;AREQUIPA;CONDESUYOS;YANAQUIHUA;98.2;510.0;519.0;2.8;14.7;40.4;42.2;6.4;5.5;44.9;43.2
040701;AREQUIPA;ISLAY;MOLLENDO;97.9;507.0;499.0;1.8;15.1;42.7;40.5;7.7;14.1;41.2;37.0
040702;AREQUIPA;ISLAY;COCACHACRA;94.9;486.0;479.0;1.9;21.7;49.1;27.3;12.9;14.2;41.1;31.7
040703;AREQUIPA;ISLAY;DEAN VALDIVIA;97.9;485.0;483.0;3.3;24.0;46.1;26.6;9.0;17.3;38.6;35.1
040704;AREQUIPA;ISLAY;ISLAY;90.0;519.0;521.0;0.0;8.7;46.1;45.2;4.3;11.0;36.5;48.2
040705;AREQUIPA;ISLAY;MEJIA;100.0;533.0;512.0;0.0;13.6;31.8;54.5;9.1;13.6;40.9;36.4
040706;AREQUIPA;ISLAY;PUNTA DE BOMBON;95.5;475.0;466.0;2.0;36.6;37.0;24.4;14.4;17.2;47.9;20.5
040801;AREQUIPA;LA UNIÓN;COTAHUASI;100.0;470.0;465.0;2.0;29.4;47.1;21.6;5.9;29.4;43.1;21.6
040802;AREQUIPA;LA UNIÓN;ALCA;100.0;548.0;568.0;0.0;7.1;35.7;57.1;7.1;0.0;50.0;42.9
040803;AREQUIPA;LA UNIÓN;CHARCANA;100.0;446.0;411.0;12.5;43.8;25.0;18.8;37.5;12.5;43.8;6.3
040804;AREQUIPA;LA UNIÓN;HUAYNACOTAS;94.1;448.0;433.0;0.0;43.5;44.7;11.8;23.5;25.9;44.7;5.9
050101;AYACUCHO;HUAMANGA;AYACUCHO;92.6;513.0;507.0;0.9;15.9;40.2;43.1;5.1;13.1;40.3;41.5
050102;AYACUCHO;HUAMANGA;ACOCRO;100.0;364.0;315.0;40.0;60.0;0.0;0.0;80.0;20.0;0.0;0.0
050103;AYACUCHO;HUAMANGA;ACOS VINCHOS;97.3;439.0;404.0;5.6;50.0;33.3;11.1;33.3;22.2;38.9;5.6
050104;AYACUCHO;HUAMANGA;CARMEN ALTO;99.1;490.0;479.0;1.4;23.8;45.1;29.7;8.6;16.6;46.7;28.1
050105;AYACUCHO;HUAMANGA;CHIARA;95.7;444.0;431.0;4.3;54.5;32.2;9.0;18.2;32.0;31.7;18.2
050106;AYACUCHO;HUAMANGA;OCROS;93.9;437.0;423.0;6.5;48.5;35.4;9.6;35.6;19.3;32.3;12.8
050107;AYACUCHO;HUAMANGA;PACAYCASA;100.0;486.0;476.0;4.5;27.3;36.4;31.8;13.6;22.7;29.5;34.1
050108;AYACUCHO;HUAMANGA;QUINUA;100.0;463.0;472.0;0.0;47.4;40.4;12.3;1.8;29.8;43.9;24.6
050109;AYACUCHO;HUAMANGA;SAN JOSE DE TICLLAS;95.2;430.0;423.0;5.2;55.2;34.5;5.2;15.5;34.9;34.1;15.5
050110;AYACUCHO;HUAMANGA;SAN JUAN BAUTISTA;98.3;495.0;486.0;1.0;20.1;46.8;32.1;6.2;16.4;46.5;31.0
050111;AYACUCHO;HUAMANGA;SANTIAGO DE PISCHA;100.0;490.0;525.0;0.0;18.2;54.5;27.3;9.1;0.0;36.4;54.5
050112;AYACUCHO;HUAMANGA;SOCOS;100.0;423.0;434.0;12.5;50.0;31.3;6.3;18.8;18.8;56.3;6.3
050113;AYACUCHO;HUAMANGA;TAMBILLO;100.0;459.0;440.0;3.1;31.3;50.0;15.6;25.0;21.9;34.4;18.8
050115;AYACUCHO;HUAMANGA;JESUS NAZARENO;99.6;502.0;498.0;1.2;19.4;45.6;33.8;9.5;13.1;36.5;40.9
050116;AYACUCHO;HUAMANGA;ANDRES AVELINO CACERES DORREGARAY;70.3;;;;;;;;;;
050201;AYACUCHO;CANGALLO;CANGALLO;100.0;493.0;506.0;1.1;27.8;37.8;33.3;7.8;14.4;33.3;44.4
050202;AYACUCHO;CANGALLO;CHUSCHI;100.0;496.0;486.0;0.0;50.0;25.0;25.0;0.0;25.0;50.0;25.0
050203;AYACUCHO;CANGALLO;LOS MOROCHUCOS;100.0;447.0;438.0;9.5;42.9;33.3;14.3;14.3;32.1;34.5;19.0
050205;AYACUCHO;CANGALLO;PARAS;100.0;404.0;367.0;25.0;50.0;25.0;0.0;50.0;12.5;37.5;0.0
050206;AYACUCHO;CANGALLO;TOTOS;100.0;443.0;390.0;15.4;38.5;23.1;23.1;38.5;30.8;23.1;7.7
050301;AYACUCHO;HUANCA SANCOS;SANCOS;98.5;472.0;452.0;0.0;40.7;37.5;21.8;18.7;18.8;37.6;25.0
050303;AYACUCHO;HUANCA SANCOS;SACSAMARCA;100.0;474.0;452.0;11.1;22.2;11.1;55.6;11.1;22.2;33.3;33.3
050401;AYACUCHO;HUANTA;HUANTA;99.0;483.0;482.0;2.4;29.3;40.4;27.9;9.4;16.8;41.2;32.5
050402;AYACUCHO;HUANTA;AYAHUANCO;95.5;446.0;406.0;14.6;34.1;32.8;18.5;34.1;23.4;28.6;14.0
050403;AYACUCHO;HUANTA;HUAMANGUILLA;98.0;473.0;484.0;2.0;29.8;42.2;26.0;3.9;21.7;44.1;30.2
050404;AYACUCHO;HUANTA;IGUAIN;100.0;432.0;425.0;3.5;54.8;34.7;7.0;14.0;27.3;48.3;10.3
050405;AYACUCHO;HUANTA;LURICOCHA;100.0;477.0;471.0;4.0;33.3;38.7;24.0;10.7;25.3;38.7;25.3
050406;AYACUCHO;HUANTA;SANTILLANA;100.0;434.0;452.0;10.0;50.0;30.0;10.0;20.0;20.0;40.0;20.0
050407;AYACUCHO;HUANTA;SIVIA;95.2;453.0;453.0;5.6;44.9;30.8;18.7;20.9;18.0;37.5;23.5
050408;AYACUCHO;HUANTA;LLOCHEGUA;97.2;447.0;432.0;5.1;49.6;29.3;16.1;23.8;23.6;34.8;17.8
050409;AYACUCHO;HUANTA;CANAYRE;96.0;456.0;459.0;3.1;41.7;41.8;13.4;14.7;16.3;47.1;21.9
050501;AYACUCHO;LA MAR;SAN MIGUEL;99.2;487.0;471.0;2.4;27.3;37.5;32.8;11.9;16.0;44.8;27.2
050502;AYACUCHO;LA MAR;ANCO;100.0;488.0;491.0;4.2;20.8;50.0;25.0;8.3;16.7;45.8;29.2
050503;AYACUCHO;LA MAR;AYNA;97.7;465.0;459.0;4.3;35.3;43.0;17.4;14.3;17.6;47.3;20.7
050506;AYACUCHO;LA MAR;LUIS CARRANZA;100.0;387.0;334.0;27.3;54.5;18.2;0.0;72.7;9.1;18.2;0.0
050507;AYACUCHO;LA MAR;SANTA ROSA;99.3;463.0;454.0;3.0;35.9;45.6;15.4;12.0;22.9;42.8;22.3
050508;AYACUCHO;LA MAR;TAMBO;97.4;470.0;453.0;4.0;29.8;45.0;21.2;15.6;23.6;36.9;23.8
050509;AYACUCHO;LA MAR;SAMUGARI;97.7;452.0;452.0;1.8;44.3;44.5;9.3;12.7;20.7;51.0;15.6
050512;AYACUCHO;LA MAR;UNIÓN PROGRESO;100.0;463.0;471.0;7.4;25.9;44.4;22.2;18.5;14.8;33.3;33.3
050513;AYACUCHO;LA MAR;RÍO MAGDALENA;100.0;461.0;442.0;4.5;36.4;45.5;13.6;18.2;13.6;50.0;18.2
050515;AYACUCHO;LA MAR;PATIBAMBA;100.0;503.0;507.0;0.0;14.3;50.0;35.7;0.0;14.3;50.0;35.7
050601;AYACUCHO;LUCANAS;PUQUIO;98.0;498.0;509.0;0.7;22.0;40.4;36.9;5.2;14.7;36.2;43.9
050602;AYACUCHO;LUCANAS;AUCARA;94.4;519.0;498.0;0.0;28.7;35.2;36.1;6.5;5.6;64.8;23.1
050603;AYACUCHO;LUCANAS;CABANA;94.1;492.0;474.0;6.3;18.8;37.5;37.5;6.3;18.8;43.8;31.3
050604;AYACUCHO;LUCANAS;CARMEN SALCEDO;100.0;502.0;542.0;0.0;33.3;27.8;38.9;0.0;22.2;11.1;66.7
050605;AYACUCHO;LUCANAS;CHAVIÑA;97.1;530.0;489.0;3.1;15.0;21.2;60.6;9.2;18.0;33.5;39.4
050606;AYACUCHO;LUCANAS;CHIPAO;100.0;445.0;423.0;5.6;44.4;33.3;16.7;22.2;22.2;44.4;11.1
050608;AYACUCHO;LUCANAS;LARAMATE;88.9;452.0;423.0;0.0;62.5;25.0;12.5;50.0;0.0;37.5;12.5
050609;AYACUCHO;LUCANAS;LEONCIO PRADO;100.0;546.0;584.0;0.0;16.7;16.7;66.7;0.0;0.0;33.3;66.7
050611;AYACUCHO;LUCANAS;LUCANAS;100.0;511.0;524.0;2.9;22.9;28.6;45.7;11.4;2.9;37.1;48.6
050612;AYACUCHO;LUCANAS;OCAÑA;100.0;450.0;405.0;0.0;62.5;12.5;25.0;62.5;0.0;25.0;12.5
050613;AYACUCHO;LUCANAS;OTOCA;94.4;513.0;527.0;6.9;12.5;40.3;40.3;19.4;0.0;23.6;56.9
050614;AYACUCHO;LUCANAS;SAISA;100.0;557.0;530.0;0.0;9.1;18.2;72.7;0.0;18.2;27.3;54.5
050615;AYACUCHO;LUCANAS;SAN CRISTOBAL;96.3;466.0;469.0;0.0;53.8;23.4;22.8;11.1;23.1;47.3;18.5
050617;AYACUCHO;LUCANAS;SAN PEDRO;91.7;465.0;450.0;0.0;33.3;58.3;8.3;16.7;27.1;29.2;27.1
050619;AYACUCHO;LUCANAS;SANCOS;100.0;515.0;537.0;1.1;19.8;30.8;48.4;7.7;7.7;33.0;51.6
050620;AYACUCHO;LUCANAS;SANTA ANA DE HUAYCAHUACHO;100.0;512.0;463.0;0.0;12.5;50.0;37.5;12.5;12.5;50.0;25.0
050621;AYACUCHO;LUCANAS;SANTA LUCIA;100.0;521.0;556.0;0.0;13.6;45.5;40.9;0.0;0.0;31.8;68.2
050701;AYACUCHO;PARINACOCHAS;CORACORA;99.1;498.0;500.0;1.9;19.0;43.3;35.8;6.6;12.4;41.0;40.0
050702;AYACUCHO;PARINACOCHAS;CHUMPI;100.0;461.0;415.0;0.0;38.1;52.4;9.5;23.8;19.0;52.4;4.8
050704;AYACUCHO;PARINACOCHAS;PACAPAUSA;100.0;534.0;550.0;0.0;28.6;42.9;28.6;0.0;0.0;42.9;57.1
050705;AYACUCHO;PARINACOCHAS;PULLO;98.6;486.0;485.0;0.0;25.5;46.1;28.4;8.4;14.9;48.4;28.4
050706;AYACUCHO;PARINACOCHAS;PUYUSCA;100.0;459.0;437.0;3.4;37.9;37.9;20.7;20.7;17.2;58.6;3.4
050708;AYACUCHO;PARINACOCHAS;UPAHUACHO;100.0;403.0;358.0;20.0;60.0;20.0;0.0;40.0;20.0;40.0;0.0
050801;AYACUCHO;PÁUCAR DEL SARA SARA;PAUSA;93.9;491.0;500.0;0.0;26.7;40.7;32.6;9.0;14.3;38.3;38.4
050803;AYACUCHO;PÁUCAR DEL SARA SARA;CORCULLA;100.0;456.0;479.0;0.0;50.0;25.0;25.0;0.0;0.0;75.0;25.0
050804;AYACUCHO;PÁUCAR DEL SARA SARA;LAMPA;100.0;490.0;508.0;3.2;29.0;32.3;35.5;16.1;6.5;35.5;41.9
050805;AYACUCHO;PÁUCAR DEL SARA SARA;MARCABAMBA;100.0;557.0;575.0;0.0;0.0;42.9;57.1;0.0;0.0;42.9;57.1
050806;AYACUCHO;PÁUCAR DEL SARA SARA;OYOLO;86.7;477.0;449.0;0.0;38.5;38.5;23.1;7.7;15.4;69.2;7.7
050807;AYACUCHO;PÁUCAR DEL SARA SARA;PARARCA;100.0;500.0;494.0;0.0;14.3;57.1;28.6;0.0;14.3;57.1;28.6
050901;AYACUCHO;SUCRE;QUEROBAMBA;100.0;517.0;508.0;2.4;14.3;45.2;38.1;9.5;14.3;28.6;47.6
050903;AYACUCHO;SUCRE;CHALCOS;100.0;443.0;449.0;0.0;50.0;50.0;0.0;0.0;25.0;75.0;0.0
050905;AYACUCHO;SUCRE;HUACAÑA;100.0;530.0;619.0;0.0;0.0;50.0;50.0;0.0;0.0;16.7;83.3
050906;AYACUCHO;SUCRE;MORCOLLA;100.0;405.0;364.0;0.0;75.0;25.0;0.0;37.5;50.0;12.5;0.0
050907;AYACUCHO;SUCRE;PAICO;100.0;442.0;420.0;16.7;50.0;16.7;16.7;16.7;50.0;16.7;16.7
050908;AYACUCHO;SUCRE;SAN PEDRO DE LARCAY;100.0;461.0;486.0;6.3;31.3;43.8;18.8;6.3;18.8;37.5;37.5
050910;AYACUCHO;SUCRE;SANTIAGO DE PAUCARAY;100.0;492.0;507.0;0.0;33.3;33.3;33.3;16.7;0.0;33.3;50.0
050911;AYACUCHO;SUCRE;SORAS;100.0;465.0;452.0;0.0;52.6;21.1;26.3;15.8;26.3;26.3;31.6
051001;AYACUCHO;VÍCTOR FAJARDO;HUANCAPI;100.0;500.0;514.0;6.5;16.1;38.7;38.7;12.9;12.9;25.8;48.4
051002;AYACUCHO;VÍCTOR FAJARDO;ALCAMENCA;100.0;418.0;433.0;12.5;62.5;25.0;0.0;25.0;37.5;0.0;37.5
051003;AYACUCHO;VÍCTOR FAJARDO;APONGO;100.0;490.0;513.0;0.0;33.3;16.7;50.0;0.0;0.0;66.7;33.3
051005;AYACUCHO;VÍCTOR FAJARDO;CANARIA;97.5;514.0;501.0;0.0;18.3;42.3;39.4;0.0;12.9;50.4;36.7
051006;AYACUCHO;VÍCTOR FAJARDO;CAYARA;100.0;491.0;552.0;0.0;0.0;80.0;20.0;0.0;0.0;40.0;60.0
051007;AYACUCHO;VÍCTOR FAJARDO;COLCA;100.0;459.0;425.0;0.0;33.3;66.7;0.0;8.3;50.0;41.7;0.0
051008;AYACUCHO;VÍCTOR FAJARDO;HUAMANQUIQUIA;100.0;474.0;456.0;0.0;38.5;38.5;23.1;15.4;23.1;46.2;15.4
051009;AYACUCHO;VÍCTOR FAJARDO;HUANCARAYLLA;100.0;528.0;531.0;0.0;16.7;33.3;50.0;0.0;0.0;33.3;66.7
051010;AYACUCHO;VÍCTOR FAJARDO;HUAYA;100.0;462.0;443.0;8.3;43.8;22.2;25.7;17.4;26.4;43.4;12.8
051012;AYACUCHO;VÍCTOR FAJARDO;VILCANCHOS;100.0;459.0;427.0;6.7;40.0;26.7;26.7;20.0;26.7;46.7;6.7
051101;AYACUCHO;VILCASHUAMÁN;VILCAS HUAMAN;98.7;461.0;450.0;1.4;43.5;40.3;14.9;17.7;21.7;35.1;25.5
051102;AYACUCHO;VILCASHUAMÁN;ACCOMARCA;100.0;427.0;435.0;0.0;80.0;0.0;20.0;40.0;20.0;0.0;40.0
051103;AYACUCHO;VILCASHUAMÁN;CARHUANCA;100.0;535.0;491.0;0.0;14.3;14.3;71.4;0.0;0.0;71.4;28.6
051105;AYACUCHO;VILCASHUAMÁN;HUAMBALPA;100.0;444.0;460.0;0.0;65.0;28.3;6.7;21.7;15.0;42.5;20.8
051108;AYACUCHO;VILCASHUAMÁN;VISCHONGO;100.0;436.0;438.0;3.2;54.8;38.7;3.2;22.6;22.6;29.0;25.8
060101;CAJAMARCA;CAJAMARCA;CAJAMARCA;97.5;499.0;480.0;1.4;20.6;42.8;35.3;8.3;16.9;45.4;29.4
060102;CAJAMARCA;CAJAMARCA;ASUNCION;99.1;460.0;444.0;5.1;39.0;34.4;21.5;19.0;19.8;43.2;17.9
060103;CAJAMARCA;CAJAMARCA;CHETILLA;91.2;400.0;374.0;22.1;57.5;14.9;5.4;48.2;23.3;21.3;7.2
060104;CAJAMARCA;CAJAMARCA;COSPAN;97.4;412.0;379.0;14.3;60.1;17.6;7.9;48.3;24.8;17.2;9.7
060105;CAJAMARCA;CAJAMARCA;ENCAÑADA;98.2;432.0;404.0;10.1;48.4;33.5;7.9;32.6;24.3;34.6;8.5
060106;CAJAMARCA;CAJAMARCA;JESUS;97.7;436.0;404.0;11.0;47.1;31.2;10.7;31.1;26.1;32.8;10.0
060107;CAJAMARCA;CAJAMARCA;LLACANORA;100.0;459.0;434.0;4.9;32.0;49.5;13.6;20.4;27.2;40.8;11.7
060108;CAJAMARCA;CAJAMARCA;LOS BAÑOS DEL INCA;97.6;470.0;451.0;2.4;35.6;40.7;21.3;13.7;23.4;43.3;19.6
060109;CAJAMARCA;CAJAMARCA;MAGDALENA;98.0;448.0;433.0;6.9;39.9;40.0;13.2;19.9;24.6;40.2;15.3
060110;CAJAMARCA;CAJAMARCA;MATARA;100.0;443.0;410.0;10.9;45.5;27.3;16.4;36.4;12.7;41.8;9.1
060111;CAJAMARCA;CAJAMARCA;NAMORA;97.8;426.0;411.0;16.6;46.7;27.8;8.8;34.6;21.3;32.2;12.0
060112;CAJAMARCA;CAJAMARCA;SAN JUAN;94.2;423.0;409.0;15.0;50.7;21.9;12.3;35.1;18.5;32.3;14.1
060201;CAJAMARCA;CAJABAMBA;CAJABAMBA;98.8;484.0;473.0;3.8;25.9;40.1;30.2;11.1;18.4;40.3;30.2
060202;CAJAMARCA;CAJABAMBA;CACHACHI;97.7;417.0;384.0;15.5;51.9;26.1;6.5;45.5;20.9;25.8;7.8
060203;CAJAMARCA;CAJABAMBA;CONDEBAMBA;96.8;447.0;422.0;8.1;38.6;39.8;13.4;27.1;20.6;36.8;15.4
060204;CAJAMARCA;CAJABAMBA;SITACOCHA;99.5;421.0;385.0;16.3;47.9;28.7;7.0;34.9;34.3;26.0;4.9
060301;CAJAMARCA;CELENDÍN;CELENDIN;96.9;493.0;489.0;4.3;25.7;31.9;38.1;13.0;18.1;30.9;38.1
060302;CAJAMARCA;CELENDÍN;CHUMUCH;96.0;426.0;417.0;12.6;49.1;29.1;9.1;20.0;37.1;33.7;9.1
060303;CAJAMARCA;CELENDÍN;CORTEGANA;96.3;435.0;424.0;11.6;47.4;30.0;11.0;26.5;29.3;30.6;13.6
060304;CAJAMARCA;CELENDÍN;HUASMIN;95.2;435.0;413.0;8.5;52.9;30.6;8.1;21.7;32.8;36.5;9.1
060305;CAJAMARCA;CELENDÍN;JORGE CHÁVEZ;100.0;476.0;419.0;0.0;33.3;33.3;33.3;16.7;33.3;33.3;16.7
060306;CAJAMARCA;CELENDÍN;JOSE GALVEZ;93.5;478.0;435.0;10.1;23.4;31.5;35.1;23.0;23.8;31.9;21.4
060307;CAJAMARCA;CELENDÍN;MIGUEL IGLESIAS;97.8;409.0;375.0;16.7;63.0;15.9;4.4;48.5;20.0;22.6;8.9
060308;CAJAMARCA;CELENDÍN;OXAMARCA;97.9;431.0;390.0;15.8;43.1;29.4;11.8;41.0;19.9;30.5;8.5
060309;CAJAMARCA;CELENDÍN;SOROCHUCO;97.9;449.0;423.0;6.2;39.8;43.4;10.7;23.8;25.2;42.5;8.5
060310;CAJAMARCA;CELENDÍN;SUCRE;97.0;461.0;448.0;3.0;39.9;36.5;20.7;14.9;23.9;48.7;12.5
060311;CAJAMARCA;CELENDÍN;UTCO;100.0;515.0;492.0;0.0;0.0;57.1;42.9;0.0;14.3;57.1;28.6
060312;CAJAMARCA;CELENDÍN;LA LIBERTAD DE PALLAN;98.0;425.0;392.0;14.9;52.4;22.6;10.1;33.4;29.8;30.7;6.1
060401;CAJAMARCA;CHOTA;CHOTA;97.0;475.0;472.0;3.7;29.5;42.6;24.1;11.7;17.2;44.0;27.0
060402;CAJAMARCA;CHOTA;ANGUIA;100.0;435.0;401.0;8.9;44.4;37.8;8.9;26.7;35.6;31.1;6.7
060403;CAJAMARCA;CHOTA;CHADIN;97.4;457.0;488.0;0.0;47.4;36.8;15.8;7.9;22.4;32.2;37.5
060404;CAJAMARCA;CHOTA;CHIGUIRIP;100.0;442.0;435.0;2.6;56.4;33.3;7.7;12.8;28.2;51.3;7.7
060405;CAJAMARCA;CHOTA;CHIMBAN;94.1;427.0;409.0;11.8;54.9;20.6;12.7;29.4;17.6;39.2;13.7
060406;CAJAMARCA;CHOTA;CHOROPAMPA;100.0;482.0;477.0;4.8;23.8;38.1;33.3;19.0;9.5;47.6;23.8
060407;CAJAMARCA;CHOTA;COCHABAMBA;100.0;472.0;487.0;2.4;39.0;36.6;22.0;14.6;12.2;41.5;31.7
060408;CAJAMARCA;CHOTA;CONCHAN;100.0;447.0;455.0;2.5;40.7;48.1;8.6;14.8;19.8;46.9;18.5
060409;CAJAMARCA;CHOTA;HUAMBOS;95.6;463.0;460.0;2.2;41.7;39.0;17.1;14.2;18.4;43.4;24.0
060410;CAJAMARCA;CHOTA;LAJAS;98.5;442.0;433.0;9.2;38.3;43.0;9.6;21.4;16.4;50.4;11.8
060411;CAJAMARCA;CHOTA;LLAMA;93.8;479.0;438.0;1.5;28.2;46.1;24.2;9.9;36.2;44.1;9.8
060412;CAJAMARCA;CHOTA;MIRACOSTA;86.7;428.0;385.0;26.7;37.8;28.9;6.7;40.0;24.4;35.6;0.0
060413;CAJAMARCA;CHOTA;PACCHA;96.6;480.0;482.0;1.9;30.4;40.9;26.8;3.7;21.4;48.5;26.4
060415;CAJAMARCA;CHOTA;QUEROCOTO;96.6;449.0;425.0;8.1;39.1;37.1;15.8;24.6;20.9;40.2;14.3
060416;CAJAMARCA;CHOTA;SAN JUAN DE LICUPIS;100.0;410.0;419.0;16.7;66.7;0.0;16.7;33.3;33.3;16.7;16.7
060417;CAJAMARCA;CHOTA;TACABAMBA;96.5;450.0;429.0;14.0;33.5;34.1;18.5;26.4;18.0;37.8;17.9
060419;CAJAMARCA;CHOTA;CHALAMARCA;99.3;449.0;439.0;6.1;43.2;37.1;13.7;21.5;21.8;38.2;18.5
060501;CAJAMARCA;CONTUMAZÁ;CONTUMAZA;98.2;448.0;424.0;8.5;38.4;42.0;11.0;22.7;26.0;36.5;14.8
060502;CAJAMARCA;CONTUMAZÁ;CHILETE;96.0;461.0;411.0;6.1;33.4;39.7;20.8;20.7;46.0;25.0;8.4
060503;CAJAMARCA;CONTUMAZÁ;CUPISNIQUE;93.8;440.0;433.0;12.5;46.5;20.8;20.1;32.6;20.1;19.4;27.8
060504;CAJAMARCA;CONTUMAZÁ;GUZMANGO;81.8;331.0;276.0;75.8;24.2;0.0;0.0;81.8;18.2;0.0;0.0
060505;CAJAMARCA;CONTUMAZÁ;SAN BENITO;94.8;448.0;419.0;10.3;34.4;37.5;17.7;24.1;31.0;36.3;8.6
060507;CAJAMARCA;CONTUMAZÁ;TANTARICA;100.0;445.0;455.0;3.7;51.9;33.3;11.1;0.0;29.6;59.3;11.1
060508;CAJAMARCA;CONTUMAZÁ;YONAN;97.4;478.0;468.0;1.8;31.1;43.0;24.1;9.1;22.6;44.5;23.8
060601;CAJAMARCA;CUTERVO;CUTERVO;97.4;475.0;459.0;4.3;32.3;37.4;26.0;14.2;19.8;42.2;23.8
060602;CAJAMARCA;CUTERVO;CALLAYUC;95.9;426.0;404.0;6.2;59.4;28.1;6.3;27.0;31.1;33.2;8.7
060603;CAJAMARCA;CUTERVO;CHOROS;97.1;469.0;445.0;11.8;20.0;46.5;21.8;8.8;30.0;55.3;5.9
060604;CAJAMARCA;CUTERVO;CUJILLO;100.0;463.0;456.0;6.3;37.5;37.5;18.8;18.8;12.5;43.8;25.0
060605;CAJAMARCA;CUTERVO;LA RAMADA;97.1;455.0;440.0;1.7;47.4;39.3;11.6;19.6;16.5;48.8;15.0
060606;CAJAMARCA;CUTERVO;PIMPINGOS;100.0;437.0;434.0;7.7;50.0;33.3;9.0;20.5;23.1;43.6;12.8
060607;CAJAMARCA;CUTERVO;QUEROCOTILLO;95.4;443.0;422.0;7.6;45.2;34.7;12.5;26.9;18.4;41.0;13.6
060608;CAJAMARCA;CUTERVO;SAN ANDRES DE CUTERVO;96.8;463.0;446.0;4.8;40.3;34.9;19.9;13.1;32.0;40.0;15.0
060609;CAJAMARCA;CUTERVO;SAN JUAN DE CUTERVO;97.0;420.0;410.0;12.6;55.4;29.0;3.0;30.7;21.6;38.1;9.5
060610;CAJAMARCA;CUTERVO;SAN LUIS DE LUCMA;100.0;471.0;471.0;4.5;47.5;19.0;28.9;19.0;13.6;33.9;33.5
060611;CAJAMARCA;CUTERVO;SANTA CRUZ;100.0;426.0;417.0;16.4;49.6;29.6;4.4;28.4;33.2;25.2;13.2
060612;CAJAMARCA;CUTERVO;SANTO DOMINGO DE LA CAPILLA;98.4;465.0;452.0;6.7;32.4;39.4;21.5;16.3;18.5;46.0;19.3
060613;CAJAMARCA;CUTERVO;SANTO TOMAS;98.1;457.0;450.0;1.9;49.3;32.2;16.6;15.6;23.0;44.8;16.7
060614;CAJAMARCA;CUTERVO;SOCOTA;99.1;458.0;433.0;2.8;39.9;40.5;16.8;15.8;30.0;41.1;13.1
060615;CAJAMARCA;CUTERVO;TORIBIO CASANOVA;100.0;502.0;442.0;0.0;16.7;50.0;33.3;0.0;66.7;0.0;33.3
060701;CAJAMARCA;HUALGAYOC;BAMBAMARCA;97.6;468.0;462.0;4.2;35.6;39.6;20.6;14.2;21.6;38.4;25.9
060702;CAJAMARCA;HUALGAYOC;CHUGUR;98.1;442.0;422.0;9.6;48.9;27.4;14.1;23.1;29.5;29.3;18.1
060703;CAJAMARCA;HUALGAYOC;HUALGAYOC;98.9;449.0;447.0;4.0;47.8;36.5;11.7;18.2;22.5;40.8;18.6
060801;CAJAMARCA;JAÉN;JAEN;97.3;487.0;464.0;2.3;27.2;40.2;30.2;12.8;20.2;41.2;25.8
060802;CAJAMARCA;JAÉN;BELLAVISTA;95.5;463.0;425.0;3.7;38.0;38.9;19.4;22.6;29.7;33.2;14.6
060803;CAJAMARCA;JAÉN;CHONTALI;94.3;462.0;432.0;4.4;36.6;42.6;16.4;15.7;27.7;47.6;9.0
060804;CAJAMARCA;JAÉN;COLASAY;94.6;458.0;428.0;4.0;43.7;27.7;24.5;24.2;25.0;31.5;19.3
060805;CAJAMARCA;JAÉN;HUABAL;98.4;443.0;394.0;9.0;44.5;31.9;14.5;34.3;25.9;32.6;7.2
060806;CAJAMARCA;JAÉN;LAS PIRIAS;97.0;448.0;415.0;7.6;34.3;47.2;11.0;24.8;28.1;37.9;9.2
060807;CAJAMARCA;JAÉN;POMAHUACA;96.7;441.0;403.0;10.5;47.1;20.4;22.0;32.4;27.7;27.3;12.6
060808;CAJAMARCA;JAÉN;PUCARA;96.8;463.0;436.0;5.6;35.3;45.3;13.8;21.2;21.2;40.0;17.6
060809;CAJAMARCA;JAÉN;SALLIQUE;97.5;425.0;382.0;14.7;47.7;28.2;9.4;42.3;23.5;29.9;4.3
060810;CAJAMARCA;JAÉN;SAN FELIPE;98.5;445.0;395.0;14.8;33.3;32.1;19.7;36.1;21.5;34.8;7.6
060811;CAJAMARCA;JAÉN;SAN JOSE DEL ALTO;94.4;431.0;396.0;13.2;46.1;28.7;12.0;33.3;31.0;27.3;8.4
060812;CAJAMARCA;JAÉN;SANTA ROSA;95.0;457.0;435.0;4.4;39.0;36.6;19.9;17.5;29.6;36.5;16.4
060901;CAJAMARCA;SAN IGNACIO;SAN IGNACIO;97.7;464.0;429.0;5.4;33.2;42.6;18.8;20.0;24.8;42.5;12.7
060902;CAJAMARCA;SAN IGNACIO;CHIRINOS;98.3;467.0;441.0;3.9;36.2;40.5;19.4;17.5;26.4;40.6;15.5
060903;CAJAMARCA;SAN IGNACIO;HUARANGO;97.1;451.0;426.0;5.1;45.4;34.8;14.8;24.7;24.8;34.7;15.8
060904;CAJAMARCA;SAN IGNACIO;LA COIPA;96.8;449.0;410.0;5.6;45.2;35.6;13.7;28.4;26.2;37.5;7.8
060905;CAJAMARCA;SAN IGNACIO;NAMBALLE;96.8;434.0;404.0;6.2;56.1;28.2;9.5;35.4;25.4;29.6;9.6
060906;CAJAMARCA;SAN IGNACIO;SAN JOSE DE LOURDES;97.8;446.0;427.0;9.6;41.2;34.6;14.6;25.9;23.6;36.3;14.2
060907;CAJAMARCA;SAN IGNACIO;TABACONAS;97.6;447.0;414.0;6.8;43.4;39.0;10.9;27.7;24.5;38.1;9.7
061001;CAJAMARCA;SAN MARCOS;PEDRO GALVEZ;98.1;469.0;441.0;4.8;31.3;42.7;21.2;19.5;15.7;49.8;15.1
061002;CAJAMARCA;SAN MARCOS;CHANCAY;100.0;454.0;432.0;9.3;35.8;33.9;21.0;18.5;24.4;41.7;15.4
061003;CAJAMARCA;SAN MARCOS;EDUARDO VILLANUEVA;95.5;448.0;434.0;3.1;49.8;33.0;14.1;21.7;21.9;42.4;14.0
061004;CAJAMARCA;SAN MARCOS;GREGORIO PITA;97.7;442.0;422.0;4.5;52.7;28.8;14.0;18.9;32.8;43.8;4.5
061005;CAJAMARCA;SAN MARCOS;ICHOCAN;100.0;472.0;473.0;0.0;40.0;30.0;30.0;10.0;25.0;30.0;35.0
061006;CAJAMARCA;SAN MARCOS;JOSE MANUEL QUIROZ;95.8;455.0;447.0;10.2;37.4;31.6;20.8;25.3;19.4;34.2;21.1
061007;CAJAMARCA;SAN MARCOS;JOSE SABOGAL;96.0;412.0;383.0;15.7;56.4;18.1;9.8;45.5;21.6;25.3;7.6
061101;CAJAMARCA;SAN MIGUEL;SAN MIGUEL;98.2;466.0;438.0;3.1;33.5;48.1;15.4;17.0;22.0;47.5;13.5
061102;CAJAMARCA;SAN MIGUEL;BOLIVAR;90.9;525.0;467.0;0.0;20.0;20.0;60.0;10.0;30.0;40.0;20.0
061103;CAJAMARCA;SAN MIGUEL;CALQUIS;96.9;422.0;409.0;6.3;65.6;25.0;3.1;19.5;32.8;44.5;3.1
061104;CAJAMARCA;SAN MIGUEL;CATILLUC;100.0;443.0;450.0;10.5;36.8;42.1;10.5;10.5;21.1;52.6;15.8
061105;CAJAMARCA;SAN MIGUEL;EL PRADO;98.0;468.0;462.0;2.0;41.0;39.0;18.0;10.3;29.0;36.7;24.0
061106;CAJAMARCA;SAN MIGUEL;LA FLORIDA;100.0;442.0;423.0;13.9;36.1;30.6;19.4;27.8;22.2;33.3;16.7
061107;CAJAMARCA;SAN MIGUEL;LLAPA;90.9;470.0;472.0;0.0;33.9;46.7;19.4;8.4;15.3;56.9;19.4
061108;CAJAMARCA;SAN MIGUEL;NANCHOC;81.8;488.0;462.0;0.0;22.2;55.6;22.2;22.2;11.1;44.4;22.2
061109;CAJAMARCA;SAN MIGUEL;NIEPOS;94.4;475.0;460.0;5.6;30.6;36.1;27.8;19.4;11.1;41.7;27.8
061110;CAJAMARCA;SAN MIGUEL;SAN GREGORIO;100.0;475.0;483.0;9.5;14.3;57.1;19.0;14.3;14.3;42.9;28.6
061111;CAJAMARCA;SAN MIGUEL;SAN SILVESTRE DE COCHAN;100.0;451.0;442.0;3.9;51.0;31.4;13.7;13.7;31.4;39.2;15.7
061112;CAJAMARCA;SAN MIGUEL;TONGOD;100.0;469.0;461.0;0.0;31.3;56.3;12.5;3.1;21.9;62.5;12.5
061113;CAJAMARCA;SAN MIGUEL;UNION AGUA BLANCA;95.8;448.0;403.0;9.2;43.3;29.6;17.9;35.4;13.3;47.1;4.2
061201;CAJAMARCA;SAN PABLO;SAN PABLO;98.9;453.0;442.0;5.1;37.8;41.7;15.4;17.1;22.9;42.8;17.2
061202;CAJAMARCA;SAN PABLO;SAN BERNARDINO;95.9;427.0;422.0;10.7;60.1;22.6;6.6;24.1;29.8;34.9;11.2
061203;CAJAMARCA;SAN PABLO;SAN LUIS;100.0;437.0;406.0;16.7;33.3;33.3;16.7;33.3;33.3;16.7;16.7
061204;CAJAMARCA;SAN PABLO;TUMBADEN;100.0;414.0;432.0;8.3;69.4;16.7;5.6;19.4;19.4;55.6;5.6
061301;CAJAMARCA;SANTA CRUZ;SANTA CRUZ;100.0;474.0;455.0;3.0;28.9;43.4;24.7;11.4;24.1;42.8;21.7
061302;CAJAMARCA;SANTA CRUZ;ANDABAMBA;100.0;456.0;454.0;0.0;60.0;10.0;30.0;30.0;20.0;10.0;40.0
061303;CAJAMARCA;SANTA CRUZ;CATACHE;98.1;465.0;455.0;6.7;34.4;36.5;22.4;18.2;22.8;32.1;26.9
061304;CAJAMARCA;SANTA CRUZ;CHANCAYBAÑOS;97.9;458.0;440.0;8.6;32.4;43.7;15.4;15.1;24.0;52.2;8.7
061305;CAJAMARCA;SANTA CRUZ;LA ESPERANZA;100.0;443.0;410.0;8.3;54.2;16.7;20.8;45.8;8.3;37.5;8.3
061306;CAJAMARCA;SANTA CRUZ;NINABAMBA;90.3;482.0;491.0;3.8;25.9;46.6;23.8;3.8;18.9;52.5;24.8
061307;CAJAMARCA;SANTA CRUZ;PULAN;93.0;441.0;415.0;15.2;42.9;24.8;17.1;26.0;23.9;36.1;14.0
061308;CAJAMARCA;SANTA CRUZ;SAUCEPAMPA;92.3;466.0;454.0;0.0;33.3;43.6;23.1;9.0;26.9;48.7;15.4
061310;CAJAMARCA;SANTA CRUZ;UTICYACU;100.0;432.0;382.0;0.0;63.6;36.4;0.0;45.5;27.3;27.3;0.0
061311;CAJAMARCA;SANTA CRUZ;YAUYUCAN;100.0;472.0;477.0;0.0;42.2;35.2;22.6;7.4;20.1;40.0;32.4
070101;CALLAO;CALLAO;CALLAO;93.8;505.0;482.0;1.9;18.1;39.5;40.5;9.3;18.0;40.1;32.6
070102;CALLAO;CALLAO;BELLAVISTA;94.6;515.0;493.0;1.4;15.5;37.0;46.0;6.6;16.1;39.9;37.4
070103;CALLAO;CALLAO;CARMEN DE LA LEGUA REYNOSO;91.8;511.0;485.0;1.5;15.3;40.3;43.0;7.7;17.7;39.9;34.6
070104;CALLAO;CALLAO;LA PERLA;94.0;499.0;479.0;1.4;21.3;40.1;37.1;8.9;18.2;40.7;32.2
070105;CALLAO;CALLAO;LA PUNTA;98.9;510.0;469.0;0.0;17.3;42.3;40.5;12.8;17.2;42.6;27.4
070106;CALLAO;CALLAO;VENTANILLA;95.3;506.0;484.0;1.7;17.3;40.9;40.1;9.3;16.3;40.7;33.7
070107;CALLAO;CALLAO;MI PERU;94.3;501.0;481.0;1.2;19.3;42.0;37.4;8.4;18.6;42.5;30.5
080101;CUSCO;CUSCO;CUSCO;98.5;521.0;514.0;0.8;12.8;38.0;48.4;4.8;12.4;38.4;44.4
080103;CUSCO;CUSCO;POROY;98.9;479.0;455.0;1.2;26.7;46.5;25.6;12.7;24.4;41.9;21.0
080104;CUSCO;CUSCO;SAN JERONIMO;98.3;514.0;505.0;0.8;15.1;39.8;44.4;5.2;12.7;41.5;40.5
080105;CUSCO;CUSCO;SAN SEBASTIAN;98.0;514.0;504.0;1.2;15.3;38.0;45.5;6.2;11.7;40.3;41.8
080106;CUSCO;CUSCO;SANTIAGO;98.5;515.0;507.0;0.5;14.7;40.4;44.3;5.3;12.6;39.0;43.1
080107;CUSCO;CUSCO;SAYLLA;97.8;503.0;506.0;0.7;17.1;43.5;38.7;4.5;16.4;34.6;44.6
080108;CUSCO;CUSCO;WANCHAQ;96.9;525.0;515.0;0.5;11.6;36.5;51.4;3.5;11.5;39.7;45.3
080201;CUSCO;ACOMAYO;ACOMAYO;98.6;498.0;501.0;1.4;23.1;35.7;39.8;6.8;12.3;39.7;41.2
080202;CUSCO;ACOMAYO;ACOPIA;100.0;523.0;537.0;0.0;0.0;53.3;46.7;6.7;6.7;33.3;53.3
080203;CUSCO;ACOMAYO;ACOS;100.0;528.0;548.0;0.0;0.0;54.5;45.5;0.0;9.1;27.3;63.6
080205;CUSCO;ACOMAYO;POMACANCHI;98.9;489.0;481.0;3.3;31.5;30.4;34.7;15.8;13.5;30.2;40.4
080207;CUSCO;ACOMAYO;SANGARARA;100.0;486.0;500.0;0.0;33.3;35.3;31.4;7.8;17.6;31.4;43.1
080301;CUSCO;ANTA;ANTA;99.2;506.0;501.0;0.6;19.4;39.1;40.8;6.1;15.0;39.6;39.2
080302;CUSCO;ANTA;ANCAHUASI;98.7;473.0;462.0;1.3;38.5;35.9;24.4;11.5;26.7;36.0;25.8
080303;CUSCO;ANTA;CACHIMAYO;97.4;523.0;506.0;0.0;13.3;32.3;54.3;6.6;13.3;40.6;39.4
080305;CUSCO;ANTA;HUAROCONDO;98.0;438.0;419.0;6.0;59.1;14.3;20.5;26.4;20.6;42.9;10.2
080306;CUSCO;ANTA;LIMATAMBO;98.0;510.0;485.0;1.0;24.5;33.0;41.5;11.2;12.3;44.2;32.2
080307;CUSCO;ANTA;MOLLEPATA;100.0;515.0;511.0;2.2;21.7;30.4;45.7;6.5;8.7;47.8;37.0
080308;CUSCO;ANTA;PUCYURA;98.0;471.0;447.0;2.0;35.4;39.8;22.8;18.5;16.5;48.1;16.8
080309;CUSCO;ANTA;ZURITE;100.0;486.0;479.0;7.1;21.4;40.5;31.0;16.7;16.7;33.3;33.3
080401;CUSCO;CALCA;CALCA;99.1;494.0;493.0;2.4;18.9;46.0;32.7;7.8;13.7;42.1;36.4
080402;CUSCO;CALCA;COYA;100.0;504.0;488.0;0.0;24.4;39.0;36.6;12.2;22.0;29.3;36.6
080403;CUSCO;CALCA;LAMAY;100.0;473.0;489.0;3.8;27.7;45.6;22.9;11.3;16.4;34.2;38.1
080405;CUSCO;CALCA;PISAC;96.2;498.0;487.0;0.0;21.1;48.8;30.1;6.2;11.7;49.9;32.3
080406;CUSCO;CALCA;SAN SALVADOR;100.0;485.0;496.0;5.3;25.3;36.0;33.3;9.3;14.7;40.0;36.0
080407;CUSCO;CALCA;TARAY;100.0;500.0;516.0;7.1;21.4;35.7;35.7;7.1;14.3;35.7;42.9
080408;CUSCO;CALCA;YANATILE;100.0;468.0;451.0;5.9;31.7;37.4;25.0;19.1;25.3;30.6;25.0
080501;CUSCO;CANAS;YANAOCA;99.0;501.0;501.0;1.9;17.6;43.2;37.2;3.9;17.7;39.3;39.1
080502;CUSCO;CANAS;CHECCA;100.0;438.0;423.0;0.0;57.1;38.1;4.8;33.3;14.3;42.9;9.5
080505;CUSCO;CANAS;LAYO;100.0;466.0;501.0;4.8;23.8;52.4;19.0;4.8;19.0;38.1;38.1
080506;CUSCO;CANAS;PAMPAMARCA;100.0;434.0;452.0;20.0;20.0;60.0;0.0;10.0;30.0;40.0;20.0
080507;CUSCO;CANAS;QUEHUE;90.9;499.0;507.0;0.0;10.0;60.0;30.0;10.0;0.0;50.0;40.0
080601;CUSCO;CANCHIS;SICUANI;99.0;515.0;532.0;1.3;15.0;39.2;44.5;5.0;9.5;31.8;53.6
080602;CUSCO;CANCHIS;CHECACUPE;95.0;504.0;520.0;2.5;18.0;37.8;41.7;7.6;10.3;32.7;49.4
080603;CUSCO;CANCHIS;COMBAPATA;100.0;483.0;501.0;1.4;39.2;23.0;36.5;10.8;14.9;32.4;41.9
080604;CUSCO;CANCHIS;MARANGANI;100.0;471.0;456.0;3.0;31.0;44.0;22.0;12.0;21.0;46.0;21.0
080605;CUSCO;CANCHIS;PITUMARCA;98.8;467.0;474.0;3.7;33.5;44.0;18.8;12.3;14.8;43.8;29.1
080606;CUSCO;CANCHIS;SAN PABLO;100.0;447.0;442.0;23.4;30.8;19.2;26.6;34.7;7.9;27.1;30.3
080607;CUSCO;CANCHIS;SAN PEDRO;100.0;457.0;463.0;0.0;35.3;52.9;11.8;17.6;5.9;58.8;17.6
080608;CUSCO;CANCHIS;TINTA;100.0;495.0;521.0;0.0;26.3;45.6;28.1;3.5;12.3;33.3;50.9
080701;CUSCO;CHUMBIVILCAS;SANTO TOMAS;98.9;492.0;497.0;1.4;24.6;43.1;30.9;7.4;15.3;41.4;36.0
080703;CUSCO;CHUMBIVILCAS;CHAMACA;100.0;504.0;546.0;0.0;5.9;64.7;29.4;0.0;5.9;41.2;52.9
080704;CUSCO;CHUMBIVILCAS;COLQUEMARCA;98.1;482.0;469.0;4.8;32.0;36.9;26.3;14.5;14.4;42.8;28.3
080705;CUSCO;CHUMBIVILCAS;LIVITACA;96.8;506.0;515.0;1.6;18.0;41.0;39.3;9.8;8.2;37.7;44.3
080707;CUSCO;CHUMBIVILCAS;QUIÑOTA;100.0;534.0;562.0;3.3;6.7;36.7;53.3;6.7;6.7;23.3;63.3
080708;CUSCO;CHUMBIVILCAS;VELILLE;100.0;477.0;460.0;1.9;26.9;50.0;21.2;15.4;17.3;43.3;24.0
080801;CUSCO;ESPINAR;ESPINAR;99.5;510.0;522.0;1.3;17.0;40.4;41.4;5.3;11.7;33.7;49.3
080803;CUSCO;ESPINAR;COPORAQUE;97.9;496.0;490.0;4.4;19.6;36.7;39.3;15.2;17.5;30.3;37.0
080804;CUSCO;ESPINAR;OCORURO;100.0;472.0;465.0;9.1;27.3;36.4;27.3;18.2;9.1;45.5;27.3
080805;CUSCO;ESPINAR;PALLPATA;100.0;509.0;530.0;0.0;11.9;46.5;41.6;3.0;8.9;33.7;54.5
080806;CUSCO;ESPINAR;PICHIGUA;100.0;451.0;427.0;0.0;33.3;55.6;11.1;22.2;33.3;33.3;11.1
080807;CUSCO;ESPINAR;SUYCKUTAMBO;100.0;434.0;446.0;7.7;46.2;38.5;7.7;15.4;30.8;30.8;23.1
080808;CUSCO;ESPINAR;ALTO PICHIGUA;100.0;507.0;510.0;4.5;22.7;31.8;40.9;13.6;4.5;36.4;45.5
080901;CUSCO;LA CONVENCIÓN;SANTA ANA;98.2;499.0;488.0;1.8;19.2;43.3;35.6;7.0;17.7;42.3;33.0
080902;CUSCO;LA CONVENCIÓN;ECHARATE;98.0;475.0;457.0;5.4;27.6;39.7;27.4;15.7;19.1;41.1;24.2
080903;CUSCO;LA CONVENCIÓN;HUAYOPATA;97.9;500.0;480.0;0.0;26.8;35.5;37.7;15.7;13.2;35.5;35.7
080904;CUSCO;LA CONVENCIÓN;MARANURA;100.0;498.0;483.0;4.0;20.0;36.0;40.0;12.0;20.0;30.7;37.3
080905;CUSCO;LA CONVENCIÓN;OCOBAMBA;98.3;481.0;473.0;7.0;21.1;40.3;31.7;10.7;17.4;45.7;26.2
080906;CUSCO;LA CONVENCIÓN;QUELLOUNO;92.7;481.0;455.0;3.4;34.8;31.5;30.3;16.9;20.1;43.8;19.1
080907;CUSCO;LA CONVENCIÓN;KIMBIRI;98.5;452.0;439.0;7.9;41.8;35.6;14.7;20.7;25.8;32.1;21.3
080908;CUSCO;LA CONVENCIÓN;SANTA TERESA;96.7;508.0;494.0;1.7;24.4;32.6;41.4;6.9;17.4;51.6;24.0
080909;CUSCO;LA CONVENCIÓN;VILCABAMBA;100.0;483.0;452.0;3.9;31.1;32.0;33.0;11.7;23.3;47.6;17.5
080910;CUSCO;LA CONVENCIÓN;PICHARI;95.9;462.0;444.0;4.1;40.2;36.2;19.4;18.5;26.8;32.7;22.0
080911;CUSCO;LA CONVENCIÓN;INKAWASI;94.5;461.0;438.0;5.9;32.4;44.2;17.5;21.2;19.8;47.9;11.2
080912;CUSCO;LA CONVENCIÓN;VILLA VIRGEN;97.7;467.0;454.0;5.3;31.1;38.6;25.0;18.9;26.1;29.9;25.0
080913;CUSCO;LA CONVENCIÓN;VILLA KINTIARINA;86.2;456.0;411.0;13.5;32.8;37.9;15.8;28.1;18.2;45.2;8.6
080914;CUSCO;LA CONVENCIÓN;MEGANTONI;59.1;;;;;;;;;;
080915;CUSCO;LA CONVENCIÓN;KUMPIRUSHIATO;98.4;469.0;467.0;1.6;33.4;47.5;17.5;4.8;23.8;49.1;22.3
080916;CUSCO;LA CONVENCIÓN;CIELO PUNCO;97.1;453.0;447.0;9.5;34.5;40.4;15.6;22.0;25.2;27.9;24.9
080917;CUSCO;LA CONVENCIÓN;MANITEA;98.0;467.0;430.0;4.2;40.1;34.4;21.3;23.1;21.4;42.8;12.7
080918;CUSCO;LA CONVENCIÓN;UNIÓN ASHÁNINKA;98.8;468.0;469.0;6.2;34.0;43.7;16.2;17.1;18.1;32.8;32.0
081001;CUSCO;PARURO;PARURO;100.0;536.0;548.0;4.3;0.0;34.8;60.9;4.3;8.7;26.1;60.9
081002;CUSCO;PARURO;ACCHA;100.0;488.0;491.0;2.6;36.8;21.1;39.5;18.4;5.3;42.1;34.2
081009;CUSCO;PARURO;YAURISQUE;100.0;490.0;475.0;0.0;33.3;25.0;41.7;16.7;0.0;41.7;41.7
081101;CUSCO;PAUCARTAMBO;PAUCARTAMBO;99.4;485.0;507.0;1.8;26.1;46.8;25.4;5.3;14.8;37.9;41.9
081102;CUSCO;PAUCARTAMBO;CAICAY;100.0;477.0;495.0;9.7;19.4;41.9;29.0;9.7;9.7;41.9;38.7
081103;CUSCO;PAUCARTAMBO;CHALLABAMBA;100.0;467.0;470.0;3.3;37.7;39.3;19.7;8.2;26.2;39.3;26.2
081106;CUSCO;PAUCARTAMBO;KOSÑIPATA;96.5;466.0;468.0;5.1;38.3;33.8;22.9;15.2;19.1;35.4;30.3
081201;CUSCO;QUISPICANCHI;URCOS;99.1;494.0;485.0;0.9;23.9;41.9;33.3;9.6;13.0;43.6;33.8
081202;CUSCO;QUISPICANCHI;ANDAHUAYLILLAS;100.0;504.0;513.0;1.4;17.9;42.1;38.6;6.4;10.7;40.0;42.9
081203;CUSCO;QUISPICANCHI;CAMANTI;100.0;482.0;461.0;1.7;25.4;47.5;25.4;13.6;25.4;32.2;28.8
081205;CUSCO;QUISPICANCHI;CCATCA;95.7;465.0;447.0;4.4;42.0;38.0;15.6;17.7;19.9;42.4;20.0
081206;CUSCO;QUISPICANCHI;CUSIPATA;100.0;507.0;546.0;3.3;16.7;40.0;40.0;6.7;13.3;23.3;56.7
081207;CUSCO;QUISPICANCHI;HUARO;100.0;476.0;455.0;3.6;32.1;39.3;25.0;10.7;28.6;42.9;17.9
081208;CUSCO;QUISPICANCHI;LUCRE;100.0;482.0;470.0;0.0;34.6;39.5;25.9;7.4;19.8;46.9;25.9
081209;CUSCO;QUISPICANCHI;MARCAPATA;98.1;453.0;450.0;5.8;38.7;40.0;15.6;17.2;19.2;40.7;22.9
081210;CUSCO;QUISPICANCHI;OCONGATE;100.0;471.0;478.0;4.3;36.7;33.8;25.1;11.1;17.4;40.6;30.9
081211;CUSCO;QUISPICANCHI;OROPESA;99.0;497.0;475.0;0.5;20.1;48.0;31.4;8.3;20.6;40.3;30.8
081212;CUSCO;QUISPICANCHI;QUIQUIJANA;99.0;465.0;445.0;2.3;44.2;36.2;17.3;18.9;21.9;41.9;17.3
081301;CUSCO;URUBAMBA;URUBAMBA;97.9;498.0;491.0;1.2;22.6;42.9;33.3;8.6;16.3;39.7;35.4
081302;CUSCO;URUBAMBA;CHINCHERO;99.5;509.0;515.0;0.0;12.0;51.1;37.0;2.8;10.5;41.5;45.1
081303;CUSCO;URUBAMBA;HUAYLLABAMBA;100.0;487.0;481.0;3.6;23.2;44.6;28.6;8.9;14.3;44.6;32.1
081304;CUSCO;URUBAMBA;MACHUPICCHU;95.0;492.0;495.0;2.3;19.5;55.6;22.6;6.0;7.4;52.9;33.7
081305;CUSCO;URUBAMBA;MARAS;100.0;477.0;470.0;1.8;33.9;37.5;26.8;14.3;26.8;37.5;21.4
081306;CUSCO;URUBAMBA;OLLANTAYTAMBO;99.1;482.0;475.0;1.8;27.9;38.8;31.5;12.0;17.7;34.4;35.9
081307;CUSCO;URUBAMBA;YUCAY;98.3;509.0;481.0;0.0;18.7;40.2;41.1;5.1;16.2;47.9;30.8
090101;HUANCAVELICA;HUANCAVELICA;HUANCAVELICA;98.7;511.0;519.0;1.3;17.6;38.5;42.6;5.2;12.0;35.1;47.7
090102;HUANCAVELICA;HUANCAVELICA;ACOBAMBILLA;100.0;428.0;449.0;0.0;66.7;33.3;0.0;8.3;16.7;66.7;8.3
090103;HUANCAVELICA;HUANCAVELICA;ACORIA;98.8;472.0;463.0;2.3;34.9;38.6;24.2;12.0;22.5;42.7;22.8
090105;HUANCAVELICA;HUANCAVELICA;CUENCA;100.0;512.0;433.0;11.1;11.1;22.2;55.6;22.2;0.0;66.7;11.1
090106;HUANCAVELICA;HUANCAVELICA;HUACHOCOLPA;100.0;428.0;372.0;17.9;42.9;28.6;10.7;39.3;35.7;21.4;3.6
090108;HUANCAVELICA;HUANCAVELICA;IZCUCHACA;100.0;527.0;482.0;0.0;8.3;54.2;37.5;8.3;20.8;41.7;29.2
090110;HUANCAVELICA;HUANCAVELICA;MANTA;100.0;485.0;465.0;0.0;40.0;40.0;20.0;0.0;40.0;40.0;20.0
090111;HUANCAVELICA;HUANCAVELICA;MARISCAL CACERES;100.0;497.0;486.0;0.0;31.6;36.8;31.6;5.3;21.1;36.8;36.8
090112;HUANCAVELICA;HUANCAVELICA;MOYA;100.0;513.0;457.0;0.0;20.0;20.0;60.0;20.0;20.0;40.0;20.0
090113;HUANCAVELICA;HUANCAVELICA;NUEVO OCCORO;100.0;439.0;425.0;9.1;45.5;36.4;9.1;9.1;27.3;63.6;0.0
090114;HUANCAVELICA;HUANCAVELICA;PALCA;94.7;468.0;460.0;6.3;28.4;49.5;15.8;17.9;12.6;43.2;26.3
090115;HUANCAVELICA;HUANCAVELICA;PILCHACA;85.7;453.0;415.0;33.3;0.0;33.3;33.3;33.3;0.0;66.7;0.0
090116;HUANCAVELICA;HUANCAVELICA;VILCA;100.0;467.0;425.0;0.0;20.0;80.0;0.0;20.0;20.0;60.0;0.0
090117;HUANCAVELICA;HUANCAVELICA;YAULI;98.6;483.0;510.0;0.0;30.9;45.6;23.5;5.9;10.3;39.7;44.1
090118;HUANCAVELICA;HUANCAVELICA;ASCENSION;93.6;502.0;508.0;0.8;22.9;39.4;36.9;5.0;12.1;38.5;44.4
090119;HUANCAVELICA;HUANCAVELICA;HUANDO;97.4;443.0;426.0;5.4;48.1;34.8;11.7;24.5;23.8;37.4;14.3
090201;HUANCAVELICA;ACOBAMBA;ACOBAMBA;99.3;487.0;484.0;2.9;26.4;37.9;32.9;8.6;18.6;39.3;33.5
090202;HUANCAVELICA;ACOBAMBA;ANDABAMBA;95.7;455.0;444.0;13.9;22.9;49.9;13.3;23.2;18.6;36.2;22.0
090203;HUANCAVELICA;ACOBAMBA;ANTA;100.0;439.0;474.0;0.0;62.5;25.0;12.5;25.0;12.5;25.0;37.5
090204;HUANCAVELICA;ACOBAMBA;CAJA;100.0;474.0;470.0;0.0;33.3;44.4;22.2;22.2;0.0;66.7;11.1
090206;HUANCAVELICA;ACOBAMBA;PAUCARA;98.5;466.0;457.0;3.9;35.5;40.9;19.6;17.3;17.4;44.0;21.2
090207;HUANCAVELICA;ACOBAMBA;POMACOCHA;100.0;521.0;500.0;0.0;12.5;50.0;37.5;0.0;25.0;37.5;37.5
090301;HUANCAVELICA;ANGARAES;LIRCAY;97.6;468.0;467.0;4.2;32.8;43.0;20.0;11.8;18.7;44.1;25.4
090302;HUANCAVELICA;ANGARAES;ANCHONGA;100.0;469.0;461.0;0.0;28.6;57.1;14.3;14.3;7.1;57.1;21.4
090304;HUANCAVELICA;ANGARAES;CCOCHACCASA;100.0;466.0;456.0;6.1;27.3;45.5;21.2;27.3;6.1;42.4;24.2
090305;HUANCAVELICA;ANGARAES;CHINCHO;100.0;458.0;491.0;0.0;60.0;0.0;40.0;20.0;0.0;40.0;40.0
090306;HUANCAVELICA;ANGARAES;CONGALLA;100.0;507.0;497.0;0.0;23.5;23.5;52.9;17.6;5.9;29.4;47.1
090309;HUANCAVELICA;ANGARAES;JULCAMARCA;91.7;479.0;465.0;0.0;18.2;72.7;9.1;0.0;9.1;81.8;9.1
090310;HUANCAVELICA;ANGARAES;SAN ANTONIO DE ANTAPARCO;100.0;504.0;505.0;0.0;28.6;28.6;42.9;14.3;14.3;28.6;42.9
090312;HUANCAVELICA;ANGARAES;SECCLLA;96.6;448.0;414.0;7.3;49.7;25.0;18.0;28.5;21.6;42.6;7.3
090401;HUANCAVELICA;CASTROVIRREYNA;CASTROVIRREYNA;97.1;478.0;471.0;2.9;35.8;20.8;40.4;17.6;17.9;27.2;37.3
090403;HUANCAVELICA;CASTROVIRREYNA;AURAHUA;100.0;458.0;437.0;11.5;30.8;46.2;11.5;26.9;11.5;38.5;23.1
090404;HUANCAVELICA;CASTROVIRREYNA;CAPILLAS;100.0;528.0;523.0;0.0;14.3;28.6;57.1;0.0;0.0;42.9;57.1
090405;HUANCAVELICA;CASTROVIRREYNA;CHUPAMARCA;85.7;456.0;426.0;0.0;33.3;66.7;0.0;16.7;16.7;50.0;16.7
090406;HUANCAVELICA;CASTROVIRREYNA;COCAS;90.9;470.0;450.0;0.0;34.1;38.6;27.3;22.7;22.7;36.4;18.2
090409;HUANCAVELICA;CASTROVIRREYNA;MOLLEPAMPA;77.8;;;;;;;;;;
090412;HUANCAVELICA;CASTROVIRREYNA;TANTARA;92.9;431.0;443.0;7.7;53.8;23.1;15.4;15.4;15.4;53.8;15.4
090413;HUANCAVELICA;CASTROVIRREYNA;TICRAPO;95.5;471.0;448.0;4.8;33.3;33.3;28.6;23.8;19.0;38.1;19.0
090501;HUANCAVELICA;CHURCAMPA;CHURCAMPA;100.0;475.0;487.0;5.5;36.1;33.7;24.7;9.9;24.1;30.4;35.6
090502;HUANCAVELICA;CHURCAMPA;ANCO;97.5;496.0;491.0;0.0;38.3;15.4;46.3;15.3;17.8;25.8;41.1
090503;HUANCAVELICA;CHURCAMPA;CHINCHIHUASI;100.0;529.0;530.0;0.0;14.3;33.3;52.4;0.0;4.8;38.1;57.1
090504;HUANCAVELICA;CHURCAMPA;EL CARMEN;100.0;460.0;450.0;0.0;39.3;46.4;14.3;10.7;25.0;50.0;14.3
090505;HUANCAVELICA;CHURCAMPA;LA MERCED;100.0;511.0;520.0;0.0;14.3;42.9;42.9;0.0;14.3;42.9;42.9
090506;HUANCAVELICA;CHURCAMPA;LOCROJA;100.0;438.0;419.0;4.2;51.5;32.3;11.9;23.8;19.6;44.2;12.3
090507;HUANCAVELICA;CHURCAMPA;PAUCARBAMBA;100.0;499.0;501.0;0.0;18.4;51.0;30.6;6.1;16.3;30.6;46.9
090508;HUANCAVELICA;CHURCAMPA;SAN MIGUEL DE MAYOCC;100.0;498.0;473.0;0.0;22.2;55.6;22.2;0.0;0.0;100.0;0.0
090509;HUANCAVELICA;CHURCAMPA;SAN PEDRO DE CORIS;100.0;477.0;456.0;0.0;40.0;30.0;30.0;15.0;20.0;45.0;20.0
090510;HUANCAVELICA;CHURCAMPA;PACHAMARCA;100.0;469.0;432.0;0.0;16.7;66.7;16.7;16.7;16.7;66.7;0.0
090511;HUANCAVELICA;CHURCAMPA;COSME;100.0;443.0;447.0;2.1;55.3;31.9;10.6;17.0;23.4;36.2;23.4
090601;HUANCAVELICA;HUAYTARÁ;HUAYTARA;100.0;501.0;474.0;2.9;22.9;34.3;40.0;8.6;20.0;45.7;25.7
090603;HUANCAVELICA;HUAYTARÁ;CORDOVA;100.0;456.0;456.0;0.0;50.0;33.3;16.7;16.7;16.7;33.3;33.3
090604;HUANCAVELICA;HUAYTARÁ;HUAYACUNDO ARMA;100.0;562.0;534.0;0.0;0.0;20.0;80.0;0.0;20.0;20.0;60.0
090605;HUANCAVELICA;HUAYTARÁ;LARAMARCA;83.3;386.0;337.0;20.0;60.0;20.0;0.0;80.0;0.0;20.0;0.0
090606;HUANCAVELICA;HUAYTARÁ;OCOYO;100.0;429.0;434.0;28.6;28.6;14.3;28.6;0.0;57.1;28.6;14.3
090607;HUANCAVELICA;HUAYTARÁ;PILPICHACA;100.0;467.0;446.0;6.3;28.1;50.0;15.6;28.1;15.6;34.4;21.9
090608;HUANCAVELICA;HUAYTARÁ;QUERCO;83.3;460.0;454.0;0.0;40.0;40.0;20.0;20.0;20.0;40.0;20.0
090609;HUANCAVELICA;HUAYTARÁ;QUITO-ARMA;100.0;436.0;447.0;0.0;60.0;40.0;0.0;0.0;60.0;40.0;0.0
090610;HUANCAVELICA;HUAYTARÁ;SAN ANTONIO DE CUSICANCHA;100.0;468.0;467.0;5.9;23.5;52.9;17.6;17.6;5.9;47.1;29.4
090611;HUANCAVELICA;HUAYTARÁ;SAN FRANCISCO DE SANGAYAICO;100.0;394.0;393.0;0.0;80.0;20.0;0.0;20.0;40.0;40.0;0.0
090613;HUANCAVELICA;HUAYTARÁ;SANTIAGO DE CHOCORVOS;100.0;503.0;435.0;0.0;33.3;50.0;16.7;0.0;50.0;50.0;0.0
090615;HUANCAVELICA;HUAYTARÁ;SANTO DOMINGO DE CAPILLAS;83.3;507.0;460.0;20.0;0.0;20.0;60.0;20.0;0.0;60.0;20.0
090701;HUANCAVELICA;TAYACAJA;PAMPAS;98.0;503.0;500.0;1.0;19.4;42.6;37.0;6.2;15.4;36.4;42.0
090702;HUANCAVELICA;TAYACAJA;ACOSTAMBO;100.0;477.0;469.0;5.9;23.5;47.1;23.5;5.9;29.4;35.3;29.4
090703;HUANCAVELICA;TAYACAJA;ACRAQUIA;100.0;469.0;472.0;6.7;6.7;73.3;13.3;13.3;6.7;53.3;26.7
090704;HUANCAVELICA;TAYACAJA;AHUAYCHA;100.0;505.0;525.0;0.0;12.0;51.3;36.7;4.0;12.0;28.7;55.3
090705;HUANCAVELICA;TAYACAJA;COLCABAMBA;96.1;448.0;446.0;6.7;43.3;35.4;14.6;20.0;22.7;37.7;19.6
090706;HUANCAVELICA;TAYACAJA;DANIEL HERNANDEZ;95.8;475.0;470.0;1.1;28.8;50.1;20.0;6.7;25.5;41.2;26.7
090707;HUANCAVELICA;TAYACAJA;HUACHOCOLPA;100.0;519.0;502.0;0.0;21.6;26.1;52.3;3.6;7.1;51.8;37.5
090709;HUANCAVELICA;TAYACAJA;HUARIBAMBA;100.0;455.0;452.0;18.2;45.5;18.2;18.2;27.3;27.3;18.2;27.3
090710;HUANCAVELICA;TAYACAJA;ÑAHUIMPUQUIO;100.0;515.0;506.0;0.0;9.5;52.4;38.1;0.0;9.5;61.9;28.6
090711;HUANCAVELICA;TAYACAJA;PAZOS;96.1;467.0;454.0;2.5;33.7;47.1;16.7;16.6;20.0;43.1;20.3
090714;HUANCAVELICA;TAYACAJA;SALCABAMBA;100.0;459.0;453.0;0.0;48.6;36.7;14.7;9.5;32.9;38.1;19.4
090715;HUANCAVELICA;TAYACAJA;SALCAHUASI;92.9;505.0;534.0;0.0;8.6;52.9;38.6;0.0;8.6;31.4;60.0
090716;HUANCAVELICA;TAYACAJA;SAN MARCOS DE ROCCHAC;100.0;512.0;534.0;0.0;30.0;20.0;50.0;0.0;10.0;50.0;40.0
090717;HUANCAVELICA;TAYACAJA;SURCUBAMBA;100.0;505.0;526.0;0.0;17.6;41.2;41.2;5.9;5.9;41.2;47.1
090718;HUANCAVELICA;TAYACAJA;TINTAY PUNCU;100.0;481.0;457.0;10.3;24.1;34.5;31.0;17.2;13.8;44.8;24.1
090719;HUANCAVELICA;TAYACAJA;QUICHUAS;98.9;436.0;447.0;3.3;59.2;27.4;10.1;18.8;16.3;47.3;17.7
090720;HUANCAVELICA;TAYACAJA;ANDAYMARCA;95.0;483.0;473.0;0.0;27.2;41.7;31.1;5.6;16.1;52.2;26.1
090721;HUANCAVELICA;TAYACAJA;ROBLE;89.7;422.0;419.0;23.9;34.1;30.5;11.6;23.9;26.1;34.8;15.2
090722;HUANCAVELICA;TAYACAJA;PICHOS;100.0;451.0;430.0;8.1;45.9;27.0;18.9;24.3;32.4;27.0;16.2
090723;HUANCAVELICA;TAYACAJA;SANTIAGO DE TUCUMA;100.0;405.0;390.0;5.0;75.0;15.0;5.0;35.0;30.0;30.0;5.0
090724;HUANCAVELICA;TAYACAJA;LAMBRAS;100.0;473.0;474.0;16.7;16.7;33.3;33.3;16.7;16.7;50.0;16.7
090725;HUANCAVELICA;TAYACAJA;COCHABAMBA;100.0;456.0;447.0;0.0;55.6;27.8;16.7;16.7;22.2;38.9;22.2
100101;HUÁNUCO;HUÁNUCO;HUANUCO;96.7;495.0;477.0;1.9;22.5;41.9;33.7;10.1;18.8;41.5;29.6
100102;HUÁNUCO;HUÁNUCO;AMARILIS;96.7;491.0;472.0;2.2;23.5;43.7;30.6;11.0;19.5;42.0;27.5
100103;HUÁNUCO;HUÁNUCO;CHINCHAO;98.2;456.0;441.0;6.4;37.5;36.8;19.2;18.5;26.3;38.0;17.2
100104;HUÁNUCO;HUÁNUCO;CHURUBAMBA;98.0;436.0;411.0;7.8;51.1;27.8;13.2;25.8;31.4;30.8;12.0
100105;HUÁNUCO;HUÁNUCO;MARGOS;96.7;425.0;376.0;10.0;58.8;20.8;10.4;34.6;47.9;10.0;7.5
100106;HUÁNUCO;HUÁNUCO;QUISQUI (KICHKI);90.0;381.0;346.0;32.5;67.5;0.0;0.0;45.0;45.0;10.0;0.0
100107;HUÁNUCO;HUÁNUCO;SAN FRANCISCO DE CAYRAN;90.2;467.0;438.0;2.5;43.8;34.1;19.5;17.2;28.4;39.4;15.0
100108;HUÁNUCO;HUÁNUCO;SAN PEDRO DE CHAULAN;100.0;414.0;373.0;14.3;57.1;23.8;4.8;54.8;14.3;26.2;4.8
100109;HUÁNUCO;HUÁNUCO;SANTA MARIA DEL VALLE;95.5;450.0;427.0;5.6;40.9;39.6;13.8;23.9;24.2;37.8;14.0
100110;HUÁNUCO;HUÁNUCO;YARUMAYO;100.0;432.0;407.0;7.1;53.6;28.6;10.7;28.6;21.4;39.3;10.7
100111;HUÁNUCO;HUÁNUCO;PILLCO MARCA;97.9;493.0;475.0;1.4;22.4;43.0;33.1;7.8;20.6;45.0;26.6
100112;HUÁNUCO;HUÁNUCO;YACUS;100.0;448.0;428.0;0.0;31.6;63.2;5.3;31.6;10.5;42.1;15.8
100113;HUÁNUCO;HUÁNUCO;SAN PABLO DE PILLAO;94.5;448.0;423.0;6.0;47.7;31.0;15.3;21.4;30.4;35.4;12.9
100201;HUÁNUCO;AMBO;AMBO;98.4;469.0;446.0;3.6;33.5;42.8;20.1;17.2;23.8;40.3;18.7
100202;HUÁNUCO;AMBO;CAYNA;100.0;430.0;399.0;6.8;62.5;20.7;10.0;36.7;40.0;6.7;16.7
100203;HUÁNUCO;AMBO;COLPAS;94.4;420.0;371.0;12.5;47.2;34.7;5.6;44.4;22.2;33.3;0.0
100204;HUÁNUCO;AMBO;CONCHAMARCA;93.1;448.0;406.0;6.9;40.2;36.8;16.1;31.6;23.0;41.4;4.0
100205;HUÁNUCO;AMBO;HUACAR;96.7;460.0;443.0;3.4;36.9;40.8;18.9;18.5;23.7;40.7;17.1
100206;HUÁNUCO;AMBO;SAN FRANCISCO;100.0;418.0;376.0;25.0;43.8;25.0;6.3;56.3;12.5;25.0;6.3
100207;HUÁNUCO;AMBO;SAN RAFAEL;91.1;430.0;407.0;3.8;61.3;27.5;7.4;30.8;25.2;33.5;10.6
100208;HUÁNUCO;AMBO;TOMAY KICHWA;95.5;479.0;464.0;2.4;36.9;32.1;28.6;7.1;23.8;48.9;20.2
100301;HUÁNUCO;DOS DE MAYO;LA UNION;97.7;451.0;430.0;6.0;36.5;46.6;10.9;18.5;30.1;34.6;16.8
100307;HUÁNUCO;DOS DE MAYO;CHUQUIS;100.0;450.0;444.0;0.0;61.5;19.1;19.4;18.5;14.2;52.7;14.5
100311;HUÁNUCO;DOS DE MAYO;MARIAS;93.2;435.0;400.0;7.5;57.8;23.8;10.9;38.7;17.0;31.5;12.7
100313;HUÁNUCO;DOS DE MAYO;PACHAS;95.8;480.0;464.0;2.3;27.4;45.1;25.3;18.1;7.8;49.2;24.9
100316;HUÁNUCO;DOS DE MAYO;QUIVILLA;100.0;480.0;482.0;0.0;22.2;66.7;11.1;0.0;11.1;66.7;22.2
100317;HUÁNUCO;DOS DE MAYO;RIPAN;95.1;451.0;428.0;6.3;44.7;29.6;19.5;26.4;24.5;32.4;16.7
100321;HUÁNUCO;DOS DE MAYO;SHUNQUI;100.0;454.0;456.0;12.5;18.8;56.3;12.5;31.3;0.0;43.8;25.0
100322;HUÁNUCO;DOS DE MAYO;SILLAPATA;100.0;473.0;506.0;0.0;37.5;37.5;25.0;0.0;0.0;75.0;25.0
100323;HUÁNUCO;DOS DE MAYO;YANAS;97.1;437.0;407.0;3.0;50.1;41.0;5.9;32.6;17.6;41.1;8.7
100403;HUÁNUCO;HUACAYBAMBA;COCHABAMBA;100.0;420.0;360.0;0.0;70.0;30.0;0.0;60.0;10.0;30.0;0.0
100501;HUÁNUCO;HUAMALÍES;LLATA;98.9;479.0;468.0;2.2;28.8;46.7;22.3;14.8;18.0;37.5;29.7
100502;HUÁNUCO;HUAMALÍES;ARANCAY;100.0;443.0;426.0;14.3;42.9;28.6;14.3;14.3;42.9;28.6;14.3
100503;HUÁNUCO;HUAMALÍES;CHAVIN DE PARIARCA;100.0;452.0;446.0;8.2;44.9;32.7;14.3;26.5;18.4;32.7;22.4
100504;HUÁNUCO;HUAMALÍES;JACAS GRANDE;100.0;444.0;430.0;6.5;52.4;25.0;16.1;23.8;23.8;35.2;17.2
100505;HUÁNUCO;HUAMALÍES;JIRCAN;100.0;402.0;360.0;23.1;38.5;30.8;7.7;38.5;23.1;30.8;7.7
100506;HUÁNUCO;HUAMALÍES;MIRAFLORES;100.0;428.0;384.0;7.1;57.1;28.6;7.1;35.7;28.6;28.6;7.1
100507;HUÁNUCO;HUAMALÍES;MONZON;97.2;489.0;478.0;1.7;26.3;39.9;32.0;11.3;20.0;40.6;28.1
100508;HUÁNUCO;HUAMALÍES;PUNCHAO;97.6;450.0;429.0;17.1;39.0;17.9;26.0;24.4;24.4;36.2;15.0
100509;HUÁNUCO;HUAMALÍES;PUÑOS;100.0;467.0;432.0;7.1;28.6;39.3;25.0;32.1;14.3;35.7;17.9
100601;HUÁNUCO;LEONCIO PRADO;RUPA-RUPA;97.5;495.0;481.0;2.6;22.0;41.0;34.5;9.5;17.0;40.5;33.0
100602;HUÁNUCO;LEONCIO PRADO;DANIEL ALOMIA ROBLES;95.0;465.0;450.0;5.4;36.2;36.5;21.9;18.6;17.7;40.5;23.3
100603;HUÁNUCO;LEONCIO PRADO;HERMILIO VALDIZAN;96.3;452.0;427.0;6.0;36.6;43.5;13.9;28.2;19.9;37.0;14.8
100604;HUÁNUCO;LEONCIO PRADO;JOSE CRESPO Y CASTILLO;95.7;472.0;448.0;3.4;33.8;40.8;22.1;15.0;22.8;44.2;17.9
100605;HUÁNUCO;LEONCIO PRADO;LUYANDO;94.6;465.0;443.0;6.9;33.3;41.5;18.3;22.4;23.9;29.9;23.9
100606;HUÁNUCO;LEONCIO PRADO;MARIANO DAMASO BERAUN;95.3;437.0;407.0;7.9;48.2;33.7;10.1;31.6;23.0;37.7;7.7
100607;HUÁNUCO;LEONCIO PRADO;PUCAYACU;97.6;445.0;429.0;9.8;45.3;31.2;13.8;25.0;26.4;31.3;17.3
100608;HUÁNUCO;LEONCIO PRADO;CASTILLO GRANDE;97.0;467.0;455.0;3.0;31.8;47.3;17.8;12.7;27.9;40.1;19.3
100609;HUÁNUCO;LEONCIO PRADO;PUEBLO NUEVO;93.8;457.0;439.0;3.1;41.3;46.0;9.7;17.4;24.7;43.6;14.3
100610;HUÁNUCO;LEONCIO PRADO;SANTO DOMINGO DE ANDA;95.3;450.0;457.0;16.9;32.9;26.9;23.3;20.5;22.1;34.1;23.3
100701;HUÁNUCO;MARAÑÓN;HUACRACHUCO;97.4;458.0;442.0;2.6;46.1;32.6;18.7;21.9;16.9;41.6;19.6
100702;HUÁNUCO;MARAÑÓN;CHOLON;95.0;448.0;418.0;7.8;42.2;33.1;16.9;33.0;18.3;32.7;15.9
100704;HUÁNUCO;MARAÑÓN;LA MORADA;95.8;465.0;452.0;4.2;36.5;35.7;23.6;14.0;30.5;37.3;18.1
100705;HUÁNUCO;MARAÑÓN;SANTA ROSA DE ALTO YANAJANCA;100.0;513.0;520.0;0.0;15.1;42.5;42.4;2.5;12.5;42.4;42.6
100801;HUÁNUCO;PACHITEA;PANAO;97.5;449.0;437.0;10.1;39.5;33.6;16.8;24.8;18.6;36.8;19.7
100802;HUÁNUCO;PACHITEA;CHAGLLA;94.1;457.0;444.0;6.5;37.7;38.7;17.2;19.2;21.6;38.5;20.7
100803;HUÁNUCO;PACHITEA;MOLINO;97.9;449.0;432.0;6.5;42.4;39.8;11.3;22.0;24.2;39.7;14.0
100804;HUÁNUCO;PACHITEA;UMARI;97.6;420.0;405.0;12.1;59.6;21.5;6.7;33.4;26.3;30.4;9.9
100901;HUÁNUCO;PUERTO INCA;PUERTO INCA;88.9;434.0;411.0;9.1;50.9;32.0;8.0;31.7;24.4;30.9;13.1
100902;HUÁNUCO;PUERTO INCA;CODO DEL POZUZO;93.3;476.0;458.0;6.9;29.8;38.7;24.7;20.2;13.9;42.6;23.3
100903;HUÁNUCO;PUERTO INCA;HONORIA;94.3;440.0;395.0;7.0;50.0;31.8;11.2;37.2;23.1;35.6;4.2
100904;HUÁNUCO;PUERTO INCA;TOURNAVISTA;86.4;428.0;392.0;13.3;48.3;29.5;8.9;41.1;19.7;31.1;8.1
100905;HUÁNUCO;PUERTO INCA;YUYAPICHIS;83.3;419.0;381.0;18.2;46.1;27.5;8.2;40.7;29.7;23.0;6.6
101001;HUÁNUCO;LAURICOCHA;JESUS;97.6;485.0;473.0;3.7;23.3;42.0;31.0;12.3;19.6;40.8;27.3
101002;HUÁNUCO;LAURICOCHA;BAÑOS;96.6;439.0;443.0;7.1;39.3;35.7;17.9;21.4;17.9;39.3;21.4
101003;HUÁNUCO;LAURICOCHA;JIVIA;100.0;495.0;486.0;0.0;16.7;66.7;16.7;0.0;33.3;33.3;33.3
101004;HUÁNUCO;LAURICOCHA;QUEROPALCA;83.3;462.0;449.0;20.0;0.0;60.0;20.0;20.0;0.0;60.0;20.0
101005;HUÁNUCO;LAURICOCHA;RONDOS;100.0;451.0;450.0;2.0;56.9;25.5;15.7;17.6;21.6;37.3;23.5
101006;HUÁNUCO;LAURICOCHA;SAN FRANCISCO DE ASIS;88.9;414.0;388.0;13.9;56.5;29.6;0.0;56.5;0.0;28.7;14.8
101007;HUÁNUCO;LAURICOCHA;SAN MIGUEL DE CAURI;92.6;488.0;507.0;6.0;30.2;23.8;40.0;12.1;12.1;29.7;46.2
101101;HUÁNUCO;YAROWILCA;CHAVINILLO;95.7;442.0;426.0;6.0;48.2;35.3;10.4;22.7;27.6;33.5;16.3
101102;HUÁNUCO;YAROWILCA;CAHUAC;93.8;475.0;488.0;0.0;46.7;33.3;20.0;20.0;13.3;33.3;33.3
101103;HUÁNUCO;YAROWILCA;CHACABAMBA;100.0;513.0;450.0;0.0;16.7;50.0;33.3;16.7;0.0;83.3;0.0
101104;HUÁNUCO;YAROWILCA;APARICIO POMARES;100.0;454.0;422.0;4.5;50.7;28.4;16.4;22.4;28.4;37.3;11.9
101106;HUÁNUCO;YAROWILCA;OBAS;100.0;456.0;434.0;12.5;25.0;33.3;29.2;29.2;4.2;45.8;20.8
101107;HUÁNUCO;YAROWILCA;PAMPAMARCA;92.9;411.0;375.0;24.5;43.9;23.5;8.2;45.9;22.4;31.6;0.0
101108;HUÁNUCO;YAROWILCA;CHORAS;100.0;397.0;398.0;26.7;53.3;13.3;6.7;26.7;40.0;26.7;6.7
110101;ICA;ICA;ICA;95.7;508.0;496.0;1.2;18.3;39.8;40.7;8.4;15.8;37.3;38.6
110102;ICA;ICA;LA TINGUIÑA;95.5;502.0;487.0;2.0;19.6;40.7;37.7;8.9;16.1;41.2;33.8
110103;ICA;ICA;LOS AQUIJES;97.6;485.0;481.0;3.2;26.9;39.4;30.6;11.8;16.2;38.0;34.0
110104;ICA;ICA;OCUCAJE;92.4;460.0;432.0;2.0;40.3;44.1;13.6;19.5;29.0;33.0;18.5
110105;ICA;ICA;PACHACUTEC;98.1;472.0;452.0;2.6;35.5;37.4;24.5;18.1;22.6;34.9;24.5
110106;ICA;ICA;PARCONA;93.6;500.0;483.0;1.9;20.2;43.7;34.1;10.8;16.3;38.8;34.1
110107;ICA;ICA;PUEBLO NUEVO;95.1;512.0;497.0;0.0;14.1;39.2;46.6;5.1;17.1;43.0;34.8
110108;ICA;ICA;SALAS;96.3;475.0;456.0;3.8;28.6;45.5;22.1;13.8;22.0;39.6;24.6
110109;ICA;ICA;SAN JOSE DE LOS MOLINOS;95.2;502.0;473.0;0.0;25.9;36.9;37.3;10.6;20.7;36.4;32.3
110110;ICA;ICA;SAN JUAN BAUTISTA;95.9;478.0;457.0;3.1;31.9;34.8;30.2;21.1;14.9;38.1;25.9
110111;ICA;ICA;SANTIAGO;95.9;486.0;475.0;1.5;27.8;41.6;29.2;10.4;19.6;40.7;29.2
110112;ICA;ICA;SUBTANJALLA;97.1;483.0;459.0;4.1;26.6;40.4;29.0;13.2;25.0;37.2;24.6
110113;ICA;ICA;TATE;93.7;497.0;495.0;0.0;19.8;49.9;30.3;8.1;9.7;41.9;40.3
110114;ICA;ICA;YAUCA DEL ROSARIO;100.0;447.0;397.0;0.0;62.5;25.0;12.5;37.5;25.0;37.5;0.0
110201;ICA;CHINCHA;CHINCHA ALTA;96.8;486.0;470.0;2.3;25.9;41.7;30.1;11.2;20.7;40.2;27.9
110202;ICA;CHINCHA;ALTO LARAN;98.3;484.0;470.0;1.8;28.2;41.8;28.2;17.1;15.3;37.1;30.5
110204;ICA;CHINCHA;CHINCHA BAJA;97.1;478.0;451.0;4.3;32.1;34.6;29.0;21.7;16.3;38.6;23.4
110205;ICA;CHINCHA;EL CARMEN;94.7;475.0;455.0;3.9;35.1;35.8;25.3;16.9;22.7;37.9;22.6
110206;ICA;CHINCHA;GROCIO PRADO;96.5;481.0;466.0;2.8;29.7;38.6;28.9;10.1;24.8;36.6;28.5
110207;ICA;CHINCHA;PUEBLO NUEVO;95.9;479.0;459.0;3.4;30.4;39.7;26.4;13.1;24.9;36.8;25.1
110208;ICA;CHINCHA;SAN JUAN DE YANAC;60.0;;;;;;;;;;
110209;ICA;CHINCHA;SAN PEDRO DE HUACARPANA;100.0;431.0;381.0;0.0;66.7;33.3;0.0;33.3;33.3;33.3;0.0
110210;ICA;CHINCHA;SUNAMPE;96.2;478.0;454.0;2.0;31.5;42.6;23.9;13.9;24.2;38.3;23.6
110211;ICA;CHINCHA;TAMBO DE MORA;95.7;498.0;499.0;2.2;22.7;38.7;36.4;13.4;4.3;42.9;39.3
110301;ICA;NAZCA;NASCA;97.0;512.0;518.0;1.2;17.7;38.3;42.8;6.9;11.8;34.2;47.0
110302;ICA;NAZCA;CHANGUILLO;100.0;469.0;450.0;2.5;37.5;27.5;32.5;22.5;25.0;22.5;30.0
110303;ICA;NAZCA;EL INGENIO;100.0;493.0;512.0;2.7;19.9;46.8;30.6;6.6;10.6;40.2;42.6
110304;ICA;NAZCA;MARCONA;97.7;511.0;510.0;2.4;19.1;36.0;42.5;8.7;13.9;30.6;46.8
110305;ICA;NAZCA;VISTA ALEGRE;96.7;496.0;492.0;3.4;23.8;36.4;36.4;13.0;15.0;35.0;36.9
110401;ICA;PALPA;PALPA;97.3;487.0;483.0;1.7;26.0;45.1;27.1;9.6;17.0;41.8;31.6
110402;ICA;PALPA;LLIPATA;95.8;469.0;401.0;8.6;25.8;48.2;17.4;34.9;26.0;30.2;8.9
110403;ICA;PALPA;RIO GRANDE;89.7;527.0;524.0;0.0;16.5;30.9;52.5;7.2;9.3;25.2;58.3
110404;ICA;PALPA;SANTA CRUZ;96.2;471.0;456.0;12.3;27.7;28.5;31.5;20.8;16.2;42.3;20.8
110501;ICA;PISCO;PISCO;96.2;501.0;486.0;2.1;21.5;37.2;39.2;11.7;14.7;37.3;36.3
110502;ICA;PISCO;HUANCANO;89.5;495.0;502.0;0.0;17.7;52.2;30.1;11.5;16.7;35.4;36.4
110503;ICA;PISCO;HUMAY;93.3;474.0;470.0;1.5;37.7;36.3;24.5;11.8;22.7;39.4;26.1
110504;ICA;PISCO;INDEPENDENCIA;97.2;483.0;472.0;6.1;24.9;37.0;31.9;14.7;16.2;39.6;29.5
110505;ICA;PISCO;PARACAS;97.0;479.0;451.0;3.1;29.8;40.2;26.9;13.8;26.3;35.5;24.4
110506;ICA;PISCO;SAN ANDRES;92.5;499.0;480.0;4.2;24.2;27.3;44.3;13.1;15.8;34.9;36.2
110507;ICA;PISCO;SAN CLEMENTE;93.3;477.0;458.0;2.7;31.6;39.4;26.3;15.4;24.1;35.3;25.2
110508;ICA;PISCO;TUPAC AMARU INCA;93.1;479.0;461.0;2.2;29.7;40.2;27.8;11.8;23.2;39.0;26.0
120101;JUNÍN;HUANCAYO;HUANCAYO;97.3;522.0;518.0;0.7;13.3;37.2;48.8;4.8;12.4;35.9;46.9
120107;JUNÍN;HUANCAYO;CHILCA;96.5;494.0;487.0;1.2;20.7;46.5;31.6;7.9;15.4;42.1;34.6
120108;JUNÍN;HUANCAYO;CHONGOS ALTO;100.0;456.0;395.0;0.0;75.0;0.0;25.0;25.0;50.0;0.0;25.0
120111;JUNÍN;HUANCAYO;CHUPURO;100.0;484.0;486.0;0.0;29.2;50.0;20.8;4.2;12.5;54.2;29.2
120112;JUNÍN;HUANCAYO;COLCA;94.1;440.0;393.0;0.0;48.0;38.2;13.7;23.5;50.0;26.5;0.0
120113;JUNÍN;HUANCAYO;CULLHUAS;90.0;429.0;394.0;11.1;44.4;33.3;11.1;22.2;66.7;0.0;11.1
120114;JUNÍN;HUANCAYO;EL TAMBO;97.3;514.0;507.0;0.7;14.7;40.9;43.7;5.3;12.5;39.4;42.7
120116;JUNÍN;HUANCAYO;HUACRAPUQUIO;94.4;479.0;432.0;0.0;35.3;35.3;29.4;11.8;23.5;58.8;5.9
120117;JUNÍN;HUANCAYO;HUALHUAS;100.0;497.0;501.0;0.0;16.5;52.4;31.1;2.9;17.5;41.7;37.9
120119;JUNÍN;HUANCAYO;HUANCAN;97.2;477.0;472.0;1.9;30.8;45.6;21.7;8.5;19.6;42.3;29.7
120120;JUNÍN;HUANCAYO;HUASICANCHA;100.0;488.0;442.0;0.0;36.4;36.4;27.3;9.1;36.4;54.5;0.0
120121;JUNÍN;HUANCAYO;HUAYUCACHI;95.3;489.0;475.0;1.5;23.8;43.9;30.8;12.6;18.5;38.2;30.7
120122;JUNÍN;HUANCAYO;INGENIO;100.0;424.0;379.0;16.7;50.0;25.0;8.3;33.3;33.3;33.3;0.0
120124;JUNÍN;HUANCAYO;PARIAHUANCA;98.1;444.0;440.0;5.9;51.9;24.8;17.4;21.4;21.0;40.0;17.5
120125;JUNÍN;HUANCAYO;PILCOMAYO;97.3;501.0;498.0;1.7;17.7;44.4;36.2;7.7;12.7;41.1;38.5
120126;JUNÍN;HUANCAYO;PUCARA;100.0;452.0;425.0;11.4;25.0;50.0;13.6;22.7;18.2;52.3;6.8
120127;JUNÍN;HUANCAYO;QUICHUAY;86.7;467.0;417.0;7.7;38.5;23.1;30.8;30.8;30.8;23.1;15.4
120128;JUNÍN;HUANCAYO;QUILCAS;98.9;489.0;486.0;1.1;26.7;42.0;30.2;7.5;13.9;47.4;31.3
120129;JUNÍN;HUANCAYO;SAN AGUSTIN;95.2;486.0;470.0;1.3;24.3;45.4;29.0;10.4;18.8;47.0;23.9
120130;JUNÍN;HUANCAYO;SAN JERONIMO DE TUNAN;97.7;501.0;493.0;0.3;19.0;46.0;34.7;5.5;14.2;43.9;36.3
120132;JUNÍN;HUANCAYO;SAÑO;97.3;494.0;506.0;0.0;29.4;38.9;31.8;2.8;12.5;44.6;40.1
120133;JUNÍN;HUANCAYO;SAPALLANGA;98.6;478.0;468.0;2.8;30.7;40.8;25.8;10.5;20.4;40.4;28.8
120134;JUNÍN;HUANCAYO;SICAYA;96.9;482.0;480.0;1.6;29.8;40.9;27.7;10.4;18.5;37.3;33.9
120135;JUNÍN;HUANCAYO;SANTO DOMINGO DE ACOBAMBA;97.0;460.0;448.0;6.3;30.5;37.8;25.5;12.5;12.1;56.4;19.0
120136;JUNÍN;HUANCAYO;VIQUES;100.0;501.0;468.0;0.0;19.0;40.5;40.5;11.9;21.4;35.7;31.0
120201;JUNÍN;CONCEPCIÓN;CONCEPCION;98.4;497.0;500.0;1.1;21.3;42.7;34.9;5.9;12.8;44.8;36.5
120202;JUNÍN;CONCEPCIÓN;ACO;100.0;504.0;527.0;3.2;19.4;45.2;32.3;3.2;9.7;32.3;54.8
120203;JUNÍN;CONCEPCIÓN;ANDAMARCA;92.3;445.0;426.0;0.0;55.6;25.2;19.2;18.2;39.9;25.0;16.9
120204;JUNÍN;CONCEPCIÓN;CHAMBARA;100.0;472.0;449.0;3.8;46.2;15.4;34.6;19.2;26.9;30.8;23.1
120205;JUNÍN;CONCEPCIÓN;COCHAS;100.0;442.0;465.0;3.7;51.9;29.6;14.8;18.5;14.8;33.3;33.3
120206;JUNÍN;CONCEPCIÓN;COMAS;98.1;446.0;436.0;9.7;43.2;33.5;13.6;25.5;19.8;37.4;17.3
120207;JUNÍN;CONCEPCIÓN;HEROINAS TOLEDO;100.0;434.0;432.0;16.7;33.3;41.7;8.3;8.3;33.3;58.3;0.0
120208;JUNÍN;CONCEPCIÓN;MANZANARES;100.0;510.0;493.0;0.0;14.8;40.7;44.4;11.1;3.7;51.9;33.3
120209;JUNÍN;CONCEPCIÓN;MARISCAL CASTILLA;86.7;453.0;464.0;17.1;32.4;21.9;28.6;17.1;8.6;59.0;15.2
120210;JUNÍN;CONCEPCIÓN;MATAHUASI;95.2;477.0;471.0;2.5;29.0;45.7;22.9;11.6;15.9;47.5;25.0
120211;JUNÍN;CONCEPCIÓN;MITO;100.0;539.0;498.0;0.0;30.0;30.0;40.0;10.0;20.0;30.0;40.0
120212;JUNÍN;CONCEPCIÓN;NUEVE DE JULIO;92.9;441.0;417.0;0.0;61.5;23.1;15.4;30.8;30.8;30.8;7.7
120213;JUNÍN;CONCEPCIÓN;ORCOTUNA;92.3;465.0;450.0;5.1;32.7;42.8;19.4;15.5;21.1;43.6;19.8
120214;JUNÍN;CONCEPCIÓN;SAN JOSE DE QUERO;93.2;460.0;461.0;0.0;48.2;30.8;21.1;15.8;18.4;39.6;26.2
120215;JUNÍN;CONCEPCIÓN;SANTA ROSA DE OCOPA;96.6;478.0;467.0;0.0;28.2;50.0;21.8;19.5;3.6;50.7;26.1
120301;JUNÍN;CHANCHAMAYO;CHANCHAMAYO;96.1;495.0;486.0;2.1;21.3;43.8;32.8;9.0;15.3;42.1;33.6
120302;JUNÍN;CHANCHAMAYO;PERENE;94.5;469.0;458.0;3.8;31.9;44.2;20.1;14.5;22.1;38.8;24.6
120303;JUNÍN;CHANCHAMAYO;PICHANAQUI;92.0;485.0;476.0;2.0;27.4;41.5;29.2;12.7;18.6;36.9;31.8
120304;JUNÍN;CHANCHAMAYO;SAN LUIS DE SHUARO;95.2;464.0;443.0;9.8;30.3;39.9;19.9;23.5;19.6;36.9;20.0
120305;JUNÍN;CHANCHAMAYO;SAN RAMON;98.3;489.0;473.0;3.3;24.1;42.2;30.3;11.3;18.8;43.8;26.1
120306;JUNÍN;CHANCHAMAYO;VITOC;84.6;476.0;451.0;0.0;36.4;27.3;36.4;27.3;18.2;18.2;36.4
120401;JUNÍN;JAUJA;JAUJA;98.4;503.0;501.0;2.0;18.3;43.4;36.4;6.4;13.0;42.4;38.2
120402;JUNÍN;JAUJA;ACOLLA;96.9;453.0;425.0;3.3;43.9;32.0;20.8;25.9;20.7;40.6;12.8
120403;JUNÍN;JAUJA;APATA;100.0;467.0;465.0;7.4;29.6;40.7;22.2;17.3;9.9;51.9;21.0
120404;JUNÍN;JAUJA;ATAURA;100.0;418.0;392.0;10.0;50.0;30.0;10.0;40.0;0.0;50.0;10.0
120405;JUNÍN;JAUJA;CANCHAYLLO;100.0;504.0;515.0;0.0;17.6;41.2;41.2;8.8;2.9;47.1;41.2
120406;JUNÍN;JAUJA;CURICACA;100.0;490.0;465.0;0.0;18.2;45.5;36.4;0.0;27.3;54.5;18.2
120407;JUNÍN;JAUJA;EL MANTARO;97.7;484.0;481.0;7.3;22.8;32.7;37.3;9.6;28.0;20.1;42.3
120408;JUNÍN;JAUJA;HUAMALI;100.0;501.0;516.0;0.0;7.7;53.8;38.5;0.0;11.5;42.3;46.2
120409;JUNÍN;JAUJA;HUARIPAMPA;100.0;482.0;413.0;10.0;10.0;50.0;30.0;40.0;10.0;30.0;20.0
120410;JUNÍN;JAUJA;HUERTAS;85.7;495.0;512.0;0.0;25.0;41.7;33.3;0.0;16.7;50.0;33.3
120412;JUNÍN;JAUJA;JULCAN;100.0;441.0;407.0;6.7;60.0;20.0;13.3;26.7;26.7;33.3;13.3
120413;JUNÍN;JAUJA;LEONOR ORDOÑEZ;100.0;513.0;462.0;0.0;30.0;20.0;50.0;10.0;30.0;40.0;20.0
120414;JUNÍN;JAUJA;LLOCLLAPAMPA;100.0;566.0;543.0;0.0;0.0;25.0;75.0;0.0;0.0;37.5;62.5
120415;JUNÍN;JAUJA;MARCO;100.0;464.0;411.0;0.0;50.0;22.2;27.8;27.8;33.3;27.8;11.1
120416;JUNÍN;JAUJA;MASMA;96.4;488.0;476.0;0.0;32.1;26.8;41.1;3.6;33.9;25.0;37.5
120417;JUNÍN;JAUJA;MASMA CHICCHE;100.0;461.0;424.0;0.0;42.9;28.6;28.6;0.0;71.4;14.3;14.3
120418;JUNÍN;JAUJA;MOLINOS;100.0;421.0;365.0;9.5;57.1;28.6;4.8;57.1;9.5;33.3;0.0
120419;JUNÍN;JAUJA;MONOBAMBA;96.0;478.0;453.0;0.0;28.8;38.4;32.8;16.8;12.8;53.6;16.8
120420;JUNÍN;JAUJA;MUQUI;100.0;563.0;627.0;0.0;0.0;16.7;83.3;0.0;0.0;0.0;100.0
120421;JUNÍN;JAUJA;MUQUIYAUYO;91.2;480.0;468.0;7.0;26.7;36.9;29.4;17.2;16.0;33.7;33.1
120422;JUNÍN;JAUJA;PACA;100.0;433.0;466.0;0.0;60.0;40.0;0.0;20.0;20.0;20.0;40.0
120423;JUNÍN;JAUJA;PACCHA;100.0;480.0;459.0;0.0;25.0;75.0;0.0;0.0;50.0;25.0;25.0
120424;JUNÍN;JAUJA;PANCAN;97.5;493.0;475.0;2.6;27.4;29.9;40.2;10.4;19.5;42.8;27.3
120425;JUNÍN;JAUJA;PARCO;100.0;414.0;321.0;0.0;83.3;16.7;0.0;66.7;16.7;16.7;0.0
120426;JUNÍN;JAUJA;POMACANCHA;100.0;465.0;445.0;0.0;50.0;16.7;33.3;16.7;16.7;33.3;33.3
120427;JUNÍN;JAUJA;RICRAN;100.0;374.0;377.0;14.3;71.4;0.0;14.3;57.1;14.3;14.3;14.3
120428;JUNÍN;JAUJA;SAN LORENZO;98.0;487.0;485.0;0.0;20.0;52.0;27.9;4.0;14.1;59.9;22.0
120430;JUNÍN;JAUJA;SAUSA;90.5;492.0;470.0;0.0;26.3;42.1;31.6;15.8;15.8;26.3;42.1
120431;JUNÍN;JAUJA;SINCOS;97.1;426.0;392.0;9.0;51.7;27.3;11.9;31.1;32.5;27.3;9.0
120432;JUNÍN;JAUJA;TUNAN MARCA;100.0;465.0;417.0;6.3;25.0;50.0;18.8;12.5;37.5;37.5;12.5
120433;JUNÍN;JAUJA;YAULI;80.0;475.0;449.0;0.0;25.0;50.0;25.0;0.0;25.0;75.0;0.0
120434;JUNÍN;JAUJA;YAUYOS;90.5;483.0;477.0;5.3;36.8;36.8;21.1;15.8;15.8;47.4;21.1
120501;JUNÍN;JUNÍN;JUNIN;96.6;482.0;471.0;1.7;26.8;49.9;21.6;11.1;18.5;42.1;28.3
120502;JUNÍN;JUNÍN;CARHUAMAYO;97.2;465.0;445.0;2.0;42.9;33.3;21.8;18.0;23.9;30.6;27.5
120503;JUNÍN;JUNÍN;ONDORES;100.0;496.0;438.0;20.0;20.0;20.0;40.0;40.0;0.0;40.0;20.0
120504;JUNÍN;JUNÍN;ULCUMAYO;97.7;454.0;459.0;0.0;47.1;35.7;17.2;18.8;23.4;33.9;23.8
120601;JUNÍN;SATIPO;SATIPO;95.9;484.0;475.0;2.3;27.3;43.3;27.0;11.5;17.2;42.8;28.5
120602;JUNÍN;SATIPO;COVIRIALI;94.2;447.0;404.0;10.2;45.5;23.1;21.3;31.8;23.7;33.0;11.5
120603;JUNÍN;SATIPO;LLAYLLA;89.2;454.0;418.0;6.4;47.8;25.9;20.0;30.2;23.2;34.1;12.5
120604;JUNÍN;SATIPO;MAZAMARI;94.6;478.0;460.0;3.5;33.4;35.3;27.8;17.8;19.7;34.9;27.7
120605;JUNÍN;SATIPO;PAMPA HERMOSA;100.0;490.0;465.0;0.0;26.1;39.1;34.8;17.4;17.4;43.5;21.7
120606;JUNÍN;SATIPO;PANGOA;96.0;462.0;443.0;4.8;35.6;42.9;16.7;18.5;22.5;40.3;18.6
120607;JUNÍN;SATIPO;RIO NEGRO;96.3;462.0;434.0;3.4;40.2;37.9;18.6;19.0;28.6;37.4;15.0
120608;JUNÍN;SATIPO;RIO TAMBO;91.1;432.0;395.0;11.6;49.8;28.1;10.4;39.2;23.9;27.9;9.0
120609;JUNÍN;SATIPO;VIZCATAN DEL ENE;97.2;438.0;425.0;8.3;45.3;32.2;14.1;26.5;25.5;32.0;16.0
120701;JUNÍN;TARMA;TARMA;97.2;502.0;494.0;1.5;19.5;40.6;38.5;7.9;14.9;39.8;37.4
120702;JUNÍN;TARMA;ACOBAMBA;96.2;470.0;462.0;5.7;30.3;39.4;24.6;21.7;17.9;32.8;27.6
120703;JUNÍN;TARMA;HUARICOLCA;100.0;458.0;434.0;0.0;40.0;40.0;20.0;32.0;16.0;36.0;16.0
120704;JUNÍN;TARMA;HUASAHUASI;98.2;441.0;428.0;6.1;47.9;34.6;11.4;22.7;25.3;38.1;13.8
120705;JUNÍN;TARMA;LA UNION;95.8;484.0;483.0;6.9;19.4;39.3;34.4;11.3;15.2;43.2;30.3
120706;JUNÍN;TARMA;PALCA;98.3;447.0;434.0;5.1;42.4;45.8;6.8;16.9;28.8;37.3;16.9
120707;JUNÍN;TARMA;PALCAMAYO;97.6;481.0;487.0;0.0;39.0;39.0;22.0;2.4;17.0;44.0;36.6
120708;JUNÍN;TARMA;SAN PEDRO DE CAJAS;92.9;492.0;487.0;3.6;13.1;53.6;29.8;16.7;4.8;45.2;33.3
120709;JUNÍN;TARMA;TAPO;93.1;451.0;437.0;4.4;47.7;32.4;15.5;28.1;17.8;31.4;22.6
120801;JUNÍN;YAULI;LA OROYA;96.6;522.0;525.0;0.0;9.8;44.3;45.9;2.8;11.7;38.4;47.1
120802;JUNÍN;YAULI;CHACAPALPA;85.7;471.0;467.0;0.0;33.3;50.0;16.7;0.0;16.7;66.7;16.7
120803;JUNÍN;YAULI;HUAY-HUAY;100.0;492.0;505.0;0.0;22.7;50.0;27.3;9.1;9.1;36.4;45.5
120804;JUNÍN;YAULI;MARCAPOMACOCHA;92.3;423.0;371.0;17.3;59.6;0.0;23.1;51.9;17.3;23.1;7.7
120805;JUNÍN;YAULI;MOROCOCHA;100.0;509.0;505.0;0.0;9.8;53.7;36.6;4.9;4.9;46.3;43.9
120806;JUNÍN;YAULI;PACCHA;100.0;499.0;500.0;0.0;23.5;47.1;29.4;5.9;11.8;41.2;41.2
120807;JUNÍN;YAULI;SANTA BARBARA DE CARHUACAYAN;100.0;467.0;438.0;0.0;50.0;33.3;16.7;27.8;16.7;33.3;22.2
120808;JUNÍN;YAULI;SANTA ROSA DE SACCO;100.0;499.0;480.0;0.0;19.7;47.3;33.0;10.9;12.7;45.5;30.9
120809;JUNÍN;YAULI;SUITUCANCHA;100.0;460.0;472.0;11.1;27.8;44.4;16.7;5.6;38.9;38.9;16.7
120810;JUNÍN;YAULI;YAULI;100.0;522.0;516.0;0.0;8.8;35.3;55.9;5.9;5.9;38.2;50.0
120901;JUNÍN;CHUPACA;CHUPACA;96.2;503.0;495.0;1.1;18.6;42.0;38.3;8.1;12.2;42.6;37.1
120902;JUNÍN;CHUPACA;AHUAC;97.1;471.0;439.0;3.1;32.4;44.5;20.0;19.2;26.3;38.6;15.9
120903;JUNÍN;CHUPACA;CHONGOS BAJO;95.3;498.0;476.0;1.8;20.1;46.7;31.5;8.6;25.4;29.7;36.3
120904;JUNÍN;CHUPACA;HUACHAC;97.5;509.0;495.0;2.6;12.7;38.5;46.2;7.7;23.0;23.1;46.3
120905;JUNÍN;CHUPACA;HUAMANCACA CHICO;96.4;476.0;462.0;2.6;29.0;48.2;20.2;10.7;18.6;48.9;21.8
120906;JUNÍN;CHUPACA;SAN JUAN DE ISCOS;91.7;505.0;482.0;0.0;16.7;46.9;36.5;9.4;9.4;54.2;27.1
120907;JUNÍN;CHUPACA;SAN JUAN DE JARPA;100.0;501.0;493.0;0.0;13.6;45.5;40.9;4.5;9.1;59.1;27.3
120908;JUNÍN;CHUPACA;TRES DE DICIEMBRE;96.9;474.0;466.0;0.0;29.5;43.3;27.2;9.8;21.2;40.2;28.8
120909;JUNÍN;CHUPACA;YANACANCHA;92.5;452.0;434.0;7.9;46.9;27.0;18.2;15.4;29.9;39.2;15.5
130101;LA LIBERTAD;TRUJILLO;TRUJILLO;95.4;513.0;494.0;1.2;14.9;40.2;43.7;7.2;14.6;41.3;36.9
130102;LA LIBERTAD;TRUJILLO;EL PORVENIR;95.5;489.0;476.0;2.1;23.6;43.0;31.3;10.6;17.8;41.3;30.4
130103;LA LIBERTAD;TRUJILLO;FLORENCIA DE MORA;97.2;485.0;464.0;1.7;26.1;45.4;26.8;10.2;23.0;42.8;24.0
130104;LA LIBERTAD;TRUJILLO;HUANCHACO;94.9;484.0;465.0;1.8;27.3;43.3;27.7;11.0;21.0;42.7;25.2
130105;LA LIBERTAD;TRUJILLO;LA ESPERANZA;95.1;492.0;471.0;2.3;22.2;43.1;32.3;11.2;19.0;41.1;28.7
130106;LA LIBERTAD;TRUJILLO;LAREDO;94.8;479.0;462.0;4.0;29.2;38.2;28.5;17.2;18.5;36.3;28.0
130107;LA LIBERTAD;TRUJILLO;MOCHE;96.7;494.0;471.0;1.6;22.1;43.0;33.3;10.4;19.7;42.2;27.7
130108;LA LIBERTAD;TRUJILLO;POROTO;98.9;484.0;468.0;2.2;27.6;40.1;30.1;15.5;18.8;39.2;26.6
130109;LA LIBERTAD;TRUJILLO;SALAVERRY;96.0;484.0;459.0;1.6;27.0;45.0;26.4;12.8;20.7;44.4;22.1
130110;LA LIBERTAD;TRUJILLO;SIMBAL;96.0;477.0;466.0;1.4;33.4;41.6;23.6;15.3;15.4;45.6;23.7
130111;LA LIBERTAD;TRUJILLO;VICTOR LARCO HERRERA;95.2;509.0;489.0;1.9;18.0;37.7;42.5;8.4;17.0;37.9;36.7
130201;LA LIBERTAD;ASCOPE;ASCOPE;99.1;474.0;440.0;3.6;30.6;37.9;27.9;20.7;28.9;27.1;23.4
130202;LA LIBERTAD;ASCOPE;CHICAMA;96.6;486.0;468.0;2.3;29.0;39.9;28.9;12.7;18.5;42.3;26.5
130203;LA LIBERTAD;ASCOPE;CHOCOPE;97.6;491.0;474.0;1.6;21.4;50.6;26.4;13.4;14.1;46.0;26.5
130204;LA LIBERTAD;ASCOPE;MAGDALENA DE CAO;100.0;486.0;467.0;0.0;31.7;36.6;31.7;17.1;19.5;36.6;26.8
130205;LA LIBERTAD;ASCOPE;PAIJAN;94.0;475.0;453.0;2.8;29.6;44.4;23.2;14.9;21.8;40.7;22.7
130206;LA LIBERTAD;ASCOPE;RAZURI;96.4;490.0;468.0;2.4;23.5;41.0;33.1;10.0;18.2;46.9;24.9
130207;LA LIBERTAD;ASCOPE;SANTIAGO DE CAO;96.0;488.0;473.0;1.3;26.6;41.7;30.3;12.8;19.6;40.9;26.7
130208;LA LIBERTAD;ASCOPE;CASA GRANDE;96.4;483.0;450.0;4.0;28.9;38.5;28.7;15.3;21.1;43.7;20.0
130301;LA LIBERTAD;BOLÍVAR;BOLIVAR;91.2;449.0;416.0;18.6;26.9;39.5;15.0;35.0;10.6;41.7;12.7
130302;LA LIBERTAD;BOLÍVAR;BAMBAMARCA;94.6;402.0;362.0;18.3;64.7;10.9;6.1;52.8;27.1;15.4;4.7
130303;LA LIBERTAD;BOLÍVAR;CONDORMARCA;96.8;413.0;385.0;16.8;52.9;27.1;3.2;40.6;23.2;32.9;3.2
130304;LA LIBERTAD;BOLÍVAR;LONGOTEA;100.0;488.0;475.0;0.0;25.1;41.1;33.8;4.5;27.4;36.5;31.6
130305;LA LIBERTAD;BOLÍVAR;UCHUMARCA;97.7;465.0;438.0;4.5;37.5;39.2;18.8;20.6;16.5;46.6;16.3
130306;LA LIBERTAD;BOLÍVAR;UCUNCHA;91.7;386.0;371.0;22.9;68.3;8.9;0.0;41.0;45.7;8.9;4.4
130401;LA LIBERTAD;CHEPÉN;CHEPEN;95.5;492.0;467.0;1.7;24.1;40.6;33.7;10.8;22.3;40.5;26.4
130402;LA LIBERTAD;CHEPÉN;PACANGA;96.2;462.0;442.0;4.5;34.5;44.8;16.2;16.4;28.5;34.7;20.4
130403;LA LIBERTAD;CHEPÉN;PUEBLO NUEVO;99.5;480.0;464.0;4.2;29.1;37.7;29.0;16.2;20.7;33.6;29.5
130501;LA LIBERTAD;JULCÁN;JULCAN;95.7;443.0;400.0;6.4;47.5;36.6;9.6;32.6;27.2;30.5;9.7
130502;LA LIBERTAD;JULCÁN;CALAMARCA;91.4;422.0;390.0;9.4;56.5;25.1;9.1;37.0;27.3;27.8;7.9
130503;LA LIBERTAD;JULCÁN;CARABAMBA;98.0;417.0;373.0;17.2;51.0;26.5;5.4;43.0;27.9;23.1;6.0
130504;LA LIBERTAD;JULCÁN;HUASO;92.1;414.0;375.0;15.9;60.7;17.3;6.0;41.7;24.9;27.2;6.2
130601;LA LIBERTAD;OTUZCO;OTUZCO;96.6;464.0;461.0;6.3;34.8;38.7;20.2;16.7;18.2;38.7;26.4
130602;LA LIBERTAD;OTUZCO;AGALLPAMPA;98.6;441.0;414.0;8.5;45.2;33.0;13.3;32.7;21.1;33.8;12.5
130604;LA LIBERTAD;OTUZCO;CHARAT;93.2;440.0;434.0;11.3;42.0;37.6;9.1;30.2;18.7;27.5;23.6
130605;LA LIBERTAD;OTUZCO;HUARANCHAL;98.5;450.0;439.0;6.2;42.6;31.8;19.4;16.2;29.5;36.5;17.8
130606;LA LIBERTAD;OTUZCO;LA CUESTA;100.0;430.0;406.0;0.0;60.0;40.0;0.0;40.0;40.0;0.0;20.0
130608;LA LIBERTAD;OTUZCO;MACHE;95.7;469.0;471.0;4.3;26.6;46.6;22.5;8.8;17.8;58.1;15.2
130611;LA LIBERTAD;OTUZCO;SALPO;93.1;452.0;448.0;5.2;44.6;32.7;17.6;24.6;14.1;39.5;21.8
130613;LA LIBERTAD;OTUZCO;SINSICAP;97.7;439.0;416.0;13.7;41.8;35.0;9.5;30.7;21.8;35.1;12.4
130614;LA LIBERTAD;OTUZCO;USQUIL;96.5;448.0;423.0;9.9;41.3;32.3;16.5;27.3;23.0;34.7;14.9
130701;LA LIBERTAD;PACASMAYO;SAN PEDRO DE LLOC;96.5;495.0;483.0;0.8;24.3;42.9;32.0;6.4;21.3;41.7;30.6
130702;LA LIBERTAD;PACASMAYO;GUADALUPE;97.1;483.0;476.0;1.3;28.0;43.3;27.5;9.6;17.8;44.6;28.0
130703;LA LIBERTAD;PACASMAYO;JEQUETEPEQUE;98.9;478.0;433.0;0.0;31.4;45.3;23.3;22.1;17.4;50.0;10.5
130704;LA LIBERTAD;PACASMAYO;PACASMAYO;96.0;486.0;464.0;2.0;26.3;44.2;27.5;10.8;22.6;39.8;26.8
130705;LA LIBERTAD;PACASMAYO;SAN JOSE;97.7;487.0;457.0;2.3;27.0;41.3;29.3;15.3;16.7;43.7;24.3
130801;LA LIBERTAD;PATAZ;TAYABAMBA;96.8;435.0;410.0;10.4;49.6;28.0;12.1;30.7;25.8;29.5;14.0
130802;LA LIBERTAD;PATAZ;BULDIBUYO;97.0;446.0;406.0;7.4;52.2;22.5;17.9;35.5;26.6;25.3;12.7
130803;LA LIBERTAD;PATAZ;CHILLIA;95.5;419.0;387.0;14.4;55.2;23.0;7.3;43.3;22.1;25.1;9.4
130804;LA LIBERTAD;PATAZ;HUANCASPATA;92.6;436.0;413.0;10.6;46.4;30.6;12.4;23.8;29.5;36.4;10.3
130805;LA LIBERTAD;PATAZ;HUAYLILLAS;100.0;470.0;399.0;11.8;17.6;41.2;29.4;35.3;5.9;52.9;5.9
130806;LA LIBERTAD;PATAZ;HUAYO;97.1;420.0;394.0;13.4;54.5;24.7;7.3;32.6;32.4;30.7;4.3
130807;LA LIBERTAD;PATAZ;ONGON;100.0;456.0;461.0;0.0;60.0;20.0;20.0;10.0;30.0;40.0;20.0
130808;LA LIBERTAD;PATAZ;PARCOY;92.6;448.0;410.0;6.5;43.0;36.5;14.0;28.2;26.8;35.7;9.2
130809;LA LIBERTAD;PATAZ;PATAZ;94.4;453.0;419.0;6.4;41.9;31.5;20.2;25.7;27.4;34.4;12.5
130810;LA LIBERTAD;PATAZ;PIAS;100.0;478.0;456.0;4.8;23.8;47.6;23.8;9.5;28.6;33.3;28.6
130811;LA LIBERTAD;PATAZ;SANTIAGO DE CHALLAS;100.0;399.0;367.0;10.7;78.6;7.1;3.6;50.0;28.6;14.3;7.1
130812;LA LIBERTAD;PATAZ;TAURIJA;98.4;418.0;377.0;13.7;54.9;19.9;11.5;42.2;28.1;24.8;4.9
130813;LA LIBERTAD;PATAZ;URPAY;97.9;455.0;427.0;2.3;46.0;34.5;17.2;26.4;23.8;30.6;19.1
130901;LA LIBERTAD;SÁNCHEZ CARRIÓN;HUAMACHUCO;97.3;460.0;444.0;5.7;39.4;35.8;19.1;18.3;23.2;39.5;19.0
130902;LA LIBERTAD;SÁNCHEZ CARRIÓN;CHUGAY;95.6;419.0;386.0;14.9;53.9;23.3;7.9;41.9;26.6;23.8;7.7
130903;LA LIBERTAD;SÁNCHEZ CARRIÓN;COCHORCO;98.8;424.0;386.0;13.9;50.5;28.1;7.6;42.8;22.4;25.6;9.1
130904;LA LIBERTAD;SÁNCHEZ CARRIÓN;CURGOS;97.5;433.0;405.0;5.1;59.8;24.3;10.8;33.5;27.5;27.3;11.7
130905;LA LIBERTAD;SÁNCHEZ CARRIÓN;MARCABAL;97.9;420.0;394.0;11.2;56.7;25.9;6.2;33.4;25.8;32.8;7.9
130906;LA LIBERTAD;SÁNCHEZ CARRIÓN;SANAGORAN;95.1;411.0;378.0;13.5;60.8;21.6;4.1;44.5;22.4;27.9;5.2
130907;LA LIBERTAD;SÁNCHEZ CARRIÓN;SARIN;95.3;409.0;372.0;23.2;49.9;19.0;7.9;46.9;22.3;25.7;5.1
130908;LA LIBERTAD;SÁNCHEZ CARRIÓN;SARTIMBAMBA;90.8;425.0;393.0;12.0;51.2;30.3;6.6;37.6;22.1;32.6;7.7
131001;LA LIBERTAD;SANTIAGO DE CHUCO;SANTIAGO DE CHUCO;96.2;433.0;405.0;10.3;49.6;29.0;11.0;34.4;22.1;32.2;11.3
131002;LA LIBERTAD;SANTIAGO DE CHUCO;ANGASMARCA;99.0;432.0;401.0;13.0;48.5;24.0;14.4;38.5;23.1;28.8;9.6
131003;LA LIBERTAD;SANTIAGO DE CHUCO;CACHICADAN;95.4;436.0;418.0;11.3;43.9;36.7;8.1;25.2;21.6;41.9;11.3
131004;LA LIBERTAD;SANTIAGO DE CHUCO;MOLLEBAMBA;100.0;448.0;385.0;5.0;50.0;32.5;12.5;42.5;22.5;27.5;7.5
131005;LA LIBERTAD;SANTIAGO DE CHUCO;MOLLEPATA;100.0;432.0;404.0;11.1;50.2;25.1;13.7;35.9;18.1;41.6;4.4
131006;LA LIBERTAD;SANTIAGO DE CHUCO;QUIRUVILCA;95.6;443.0;421.0;7.3;44.1;39.8;8.8;23.7;26.9;39.7;9.7
131007;LA LIBERTAD;SANTIAGO DE CHUCO;SANTA CRUZ DE CHUCA;100.0;452.0;421.0;9.0;51.4;22.9;16.7;17.4;33.3;40.3;9.0
131008;LA LIBERTAD;SANTIAGO DE CHUCO;SITABAMBA;95.6;435.0;398.0;10.9;54.2;19.6;15.2;33.9;29.8;30.3;6.1
131101;LA LIBERTAD;GRAN CHIMÚ;CASCAS;97.8;465.0;440.0;3.6;37.6;36.2;22.5;18.4;24.1;38.6;18.8
131102;LA LIBERTAD;GRAN CHIMÚ;LUCMA;98.3;442.0;406.0;3.7;59.7;24.6;12.0;31.5;28.5;28.2;11.9
131103;LA LIBERTAD;GRAN CHIMÚ;MARMOT;96.6;457.0;430.0;3.4;46.8;35.0;14.8;28.8;21.2;35.5;14.5
131104;LA LIBERTAD;GRAN CHIMÚ;SAYAPULLO;95.3;442.0;420.0;13.7;39.3;31.8;15.2;26.5;21.9;34.1;17.5
131201;LA LIBERTAD;VIRÚ;VIRU;96.3;470.0;448.0;3.7;31.4;45.2;19.8;15.8;21.6;43.9;18.6
131202;LA LIBERTAD;VIRÚ;CHAO;95.4;470.0;447.0;3.4;33.4;41.7;21.5;17.2;21.1;41.1;20.6
131203;LA LIBERTAD;VIRÚ;GUADALUPITO;91.6;472.0;460.0;2.2;31.8;40.5;25.5;10.3;26.4;41.2;22.1
140101;LAMBAYEQUE;CHICLAYO;CHICLAYO;94.6;512.0;492.0;1.1;16.0;40.4;42.5;7.3;15.5;41.7;35.5
140102;LAMBAYEQUE;CHICLAYO;CHONGOYAPE;95.7;471.0;447.0;2.9;32.9;41.9;22.2;17.2;21.1;44.7;17.1
140103;LAMBAYEQUE;CHICLAYO;ETEN;93.6;505.0;516.0;2.3;14.4;42.7;40.6;4.1;14.5;36.4;45.0
140104;LAMBAYEQUE;CHICLAYO;ETEN PUERTO;72.7;;;;;;;;;;
140105;LAMBAYEQUE;CHICLAYO;JOSE LEONARDO ORTIZ;93.6;496.0;475.0;1.7;22.1;42.4;33.8;9.7;18.9;42.2;29.2
140106;LAMBAYEQUE;CHICLAYO;LA VICTORIA;94.2;504.0;483.0;1.6;19.5;39.6;39.2;8.2;17.2;41.5;33.1
140107;LAMBAYEQUE;CHICLAYO;LAGUNAS;95.3;473.0;456.0;1.0;31.6;49.2;18.2;11.8;24.0;41.0;23.1
140108;LAMBAYEQUE;CHICLAYO;MONSEFU;93.2;484.0;469.0;1.9;26.4;45.6;26.1;10.4;19.2;43.9;26.5
140109;LAMBAYEQUE;CHICLAYO;NUEVA ARICA;90.9;449.0;414.0;4.8;45.1;32.9;17.2;32.3;22.8;32.7;12.3
140110;LAMBAYEQUE;CHICLAYO;OYOTUN;92.2;466.0;443.0;4.8;34.4;41.1;19.7;16.0;29.0;37.1;17.9
140111;LAMBAYEQUE;CHICLAYO;PICSI;92.0;488.0;448.0;1.7;23.4;47.6;27.4;10.0;23.2;50.5;16.4
140112;LAMBAYEQUE;CHICLAYO;PIMENTEL;94.2;511.0;488.0;1.6;18.9;36.6;42.8;10.1;14.5;39.0;36.4
140113;LAMBAYEQUE;CHICLAYO;REQUE;95.3;503.0;488.0;1.8;16.7;44.1;37.4;6.5;18.4;41.1;34.1
140114;LAMBAYEQUE;CHICLAYO;SANTA ROSA;93.5;489.0;470.0;0.8;26.1;41.6;31.5;9.3;20.6;46.6;23.5
140115;LAMBAYEQUE;CHICLAYO;SAÑA;90.3;468.0;447.0;3.3;31.8;47.1;17.7;15.5;21.8;45.7;17.0
140116;LAMBAYEQUE;CHICLAYO;CAYALTI;96.1;462.0;429.0;3.3;40.5;36.7;19.5;18.8;26.8;41.3;13.2
140117;LAMBAYEQUE;CHICLAYO;PATAPO;95.0;482.0;457.0;3.7;29.7;38.1;28.5;16.6;20.0;36.3;27.1
140118;LAMBAYEQUE;CHICLAYO;POMALCA;91.5;482.0;455.0;2.2;28.3;43.1;26.4;13.4;22.9;43.1;20.6
140119;LAMBAYEQUE;CHICLAYO;PUCALA;95.2;496.0;480.0;1.7;22.0;44.9;31.5;15.0;13.2;41.9;29.9
140120;LAMBAYEQUE;CHICLAYO;TUMAN;92.4;488.0;463.0;3.6;28.0;34.8;33.5;13.2;19.2;42.0;25.5
140201;LAMBAYEQUE;FERREÑAFE;FERREÑAFE;96.1;503.0;481.0;0.8;18.9;42.5;37.7;8.1;18.3;43.5;30.1
140202;LAMBAYEQUE;FERREÑAFE;CAÑARIS;94.9;410.0;369.0;24.1;47.2;24.5;4.2;55.1;16.7;22.9;5.3
140203;LAMBAYEQUE;FERREÑAFE;INCAHUASI;100.0;410.0;381.0;9.1;63.6;22.7;4.5;43.2;23.5;28.8;4.5
140204;LAMBAYEQUE;FERREÑAFE;MANUEL ANTONIO MESONES MURO;96.9;474.0;452.0;6.4;19.8;48.8;25.0;15.9;15.5;52.0;16.6
140205;LAMBAYEQUE;FERREÑAFE;PITIPO;97.6;484.0;466.0;3.2;27.2;39.0;30.6;12.3;20.2;42.2;25.3
140206;LAMBAYEQUE;FERREÑAFE;PUEBLO NUEVO;92.5;497.0;485.0;2.8;22.2;35.1;39.9;8.3;16.4;41.1;34.1
140301;LAMBAYEQUE;LAMBAYEQUE;LAMBAYEQUE;96.1;493.0;472.0;2.1;22.6;42.5;32.8;11.7;18.0;41.4;28.8
140302;LAMBAYEQUE;LAMBAYEQUE;CHOCHOPE;100.0;428.0;364.0;7.1;67.9;14.3;10.7;64.3;7.1;25.0;3.6
140303;LAMBAYEQUE;LAMBAYEQUE;ILLIMO;95.9;462.0;446.0;1.9;34.3;49.8;14.1;17.8;20.7;42.8;18.7
140304;LAMBAYEQUE;LAMBAYEQUE;JAYANCA;95.0;464.0;435.0;2.9;37.0;41.8;18.3;18.8;25.3;40.1;15.8
140305;LAMBAYEQUE;LAMBAYEQUE;MOCHUMI;96.8;474.0;451.0;2.6;33.6;36.6;27.2;15.5;21.7;42.6;20.2
140306;LAMBAYEQUE;LAMBAYEQUE;MORROPE;97.3;444.0;421.0;8.3;44.4;34.1;13.2;26.9;25.1;34.0;14.1
140307;LAMBAYEQUE;LAMBAYEQUE;MOTUPE;95.8;462.0;435.0;4.8;37.0;39.4;18.7;20.7;24.0;39.2;16.1
140308;LAMBAYEQUE;LAMBAYEQUE;OLMOS;93.5;446.0;414.0;9.3;41.9;34.7;14.1;26.3;25.5;36.8;11.4
140309;LAMBAYEQUE;LAMBAYEQUE;PACORA;97.5;447.0;416.0;9.0;38.3;41.5;11.2;21.8;29.3;39.5;9.4
140310;LAMBAYEQUE;LAMBAYEQUE;SALAS;96.8;445.0;420.0;7.0;45.5;34.2;13.3;23.9;27.4;37.8;10.9
140311;LAMBAYEQUE;LAMBAYEQUE;SAN JOSE;96.7;478.0;468.0;3.2;28.2;43.2;25.3;13.3;20.1;36.8;29.8
140312;LAMBAYEQUE;LAMBAYEQUE;TUCUME;92.7;467.0;442.0;3.6;33.5;45.1;17.8;15.0;28.1;38.8;18.1
150101;LIMA;LIMA;LIMA;95.5;509.0;489.0;1.7;17.4;39.0;41.9;8.1;16.4;40.6;34.8
150102;LIMA;LIMA;ANCON;95.8;495.0;474.0;2.0;22.6;40.7;34.7;11.3;18.4;42.1;28.2
150103;LIMA;LIMA;ATE;93.7;502.0;485.0;1.4;19.9;41.2;37.4;8.2;17.5;41.3;33.0
150104;LIMA;LIMA;BARRANCO;96.7;533.0;519.0;0.3;10.9;34.8;54.1;4.8;11.1;35.9;48.1
150105;LIMA;LIMA;BREÑA;97.9;529.0;509.0;0.9;12.7;31.3;55.1;6.7;12.2;35.7;45.3
150106;LIMA;LIMA;CARABAYLLO;93.0;496.0;477.0;1.7;20.9;42.8;34.7;9.6;18.4;42.0;30.0
150107;LIMA;LIMA;CHACLACAYO;94.5;508.0;495.0;0.6;17.1;41.3;41.0;6.1;16.3;39.7;37.8
150108;LIMA;LIMA;CHORRILLOS;95.5;520.0;509.0;1.2;13.1;38.0;47.6;6.1;12.8;37.6;43.5
150109;LIMA;LIMA;CIENEGUILLA;96.8;501.0;484.0;2.1;19.7;41.5;36.7;7.5;17.5;42.1;33.0
150110;LIMA;LIMA;COMAS;94.9;505.0;483.0;1.6;18.2;40.1;40.1;9.4;17.0;40.7;32.9
150111;LIMA;LIMA;EL AGUSTINO;93.4;498.0;476.0;2.4;20.8;41.0;35.9;10.2;17.7;41.7;30.4
150112;LIMA;LIMA;INDEPENDENCIA;92.4;495.0;471.0;2.8;23.0;39.0;35.2;11.0;19.0;41.5;28.4
150113;LIMA;LIMA;JESUS MARIA;97.0;540.0;521.0;0.2;8.3;31.7;59.7;3.9;10.7;36.0;49.4
150114;LIMA;LIMA;LA MOLINA;96.7;538.0;525.0;0.9;8.6;31.8;58.7;3.2;9.2;37.3;50.3
150115;LIMA;LIMA;LA VICTORIA;95.2;499.0;475.0;1.8;20.5;41.3;36.4;10.1;17.4;42.9;29.7
150116;LIMA;LIMA;LINCE;96.3;527.0;514.0;0.3;12.7;34.8;52.3;6.3;11.2;37.1;45.4
150117;LIMA;LIMA;LOS OLIVOS;95.6;516.0;494.0;1.3;15.0;37.5;46.2;7.5;15.6;40.0;37.0
150118;LIMA;LIMA;LURIGANCHO;95.7;499.0;479.0;1.6;19.9;43.5;34.9;9.3;16.9;43.3;30.5
150119;LIMA;LIMA;LURIN;93.4;495.0;465.0;1.9;21.4;43.3;33.4;11.0;20.9;43.3;24.9
150120;LIMA;LIMA;MAGDALENA DEL MAR;96.6;527.0;508.0;1.6;10.2;36.4;51.8;4.9;13.0;40.1;42.0
150121;LIMA;LIMA;PUEBLO LIBRE;96.3;536.0;523.0;0.9;10.4;29.5;59.1;4.7;10.6;33.4;51.3
150122;LIMA;LIMA;MIRAFLORES;97.0;554.0;543.0;0.4;6.5;27.0;66.1;2.1;7.1;31.1;59.6
150123;LIMA;LIMA;PACHACAMAC;96.0;496.0;475.0;1.6;21.0;43.6;33.8;8.2;20.7;41.9;29.2
150124;LIMA;LIMA;PUCUSANA;96.7;483.0;461.0;1.2;26.9;44.3;27.5;9.3;25.9;43.1;21.7
150125;LIMA;LIMA;PUENTE PIEDRA;96.1;502.0;482.0;1.5;18.7;42.3;37.5;8.8;16.9;42.4;31.8
150126;LIMA;LIMA;PUNTA HERMOSA;95.8;482.0;454.0;0.7;32.4;44.9;22.1;15.4;23.5;38.2;22.8
150127;LIMA;LIMA;PUNTA NEGRA;92.8;495.0;464.0;0.8;23.3;43.6;32.3;12.1;20.7;43.5;23.7
150128;LIMA;LIMA;RIMAC;94.1;498.0;474.0;2.6;21.6;38.7;37.1;12.2;16.7;40.7;30.5
150129;LIMA;LIMA;SAN BARTOLO;98.0;493.0;459.0;0.0;25.8;42.9;31.3;8.8;25.1;43.5;22.6
150130;LIMA;LIMA;SAN BORJA;96.7;542.0;529.0;0.4;7.9;31.7;60.0;3.2;9.8;36.8;50.3
150131;LIMA;LIMA;SAN ISIDRO;97.3;562.0;550.0;0.1;5.1;25.0;69.9;1.5;5.8;30.9;61.8
150132;LIMA;LIMA;SAN JUAN DE LURIGANCHO;94.2;501.0;482.0;1.7;19.3;42.4;36.6;8.8;17.7;41.2;32.3
150133;LIMA;LIMA;SAN JUAN DE MIRAFLORES;94.0;499.0;475.0;2.1;19.7;41.8;36.4;9.6;17.7;43.7;29.0
150134;LIMA;LIMA;SAN LUIS;92.7;518.0;502.0;0.9;15.6;37.0;46.5;6.2;12.8;41.9;39.1
150135;LIMA;LIMA;SAN MARTIN DE PORRES;92.8;504.0;478.0;1.5;18.8;40.8;38.9;9.7;17.9;41.4;30.9
150136;LIMA;LIMA;SAN MIGUEL;92.6;532.0;515.0;1.1;8.8;34.6;55.5;5.3;11.9;36.0;46.8
150137;LIMA;LIMA;SANTA ANITA;94.8;510.0;492.0;1.1;15.6;41.1;42.3;7.0;15.7;40.5;36.8
150138;LIMA;LIMA;SANTA MARIA DEL MAR;100.0;547.0;532.0;0.0;0.0;37.5;62.5;12.5;0.0;25.0;62.5
150139;LIMA;LIMA;SANTA ROSA;87.0;492.0;462.0;1.3;23.2;43.1;32.4;13.5;24.8;33.6;28.2
150140;LIMA;LIMA;SANTIAGO DE SURCO;96.7;541.0;532.0;0.7;8.8;29.8;60.6;3.7;8.8;33.9;53.6
150141;LIMA;LIMA;SURQUILLO;96.0;538.0;520.0;1.1;9.5;32.2;57.2;4.1;9.7;36.6;49.5
150142;LIMA;LIMA;VILLA EL SALVADOR;93.4;498.0;472.0;1.9;20.6;42.3;35.3;10.2;19.6;42.3;28.0
150143;LIMA;LIMA;VILLA MARIA DEL TRIUNFO;94.0;496.0;473.0;2.1;19.7;43.8;34.3;9.8;19.9;41.5;28.8
150201;LIMA;BARRANCA;BARRANCA;95.0;501.0;481.0;1.6;18.3;43.7;36.4;9.2;17.0;40.6;33.1
150202;LIMA;BARRANCA;PARAMONGA;96.4;484.0;457.0;3.3;23.3;46.1;27.3;14.8;20.2;41.8;23.2
150203;LIMA;BARRANCA;PATIVILCA;97.7;472.0;456.0;5.1;30.9;41.6;22.4;16.6;19.4;42.2;21.8
150204;LIMA;BARRANCA;SUPE;98.8;481.0;455.0;2.9;29.0;40.6;27.6;14.1;23.2;40.4;22.2
150205;LIMA;BARRANCA;SUPE PUERTO;97.0;474.0;465.0;4.8;27.7;44.5;23.0;11.0;28.1;34.7;26.2
150301;LIMA;CAJATAMBO;CAJATAMBO;100.0;497.0;493.0;0.0;17.4;51.9;30.8;4.4;16.9;47.9;30.8
150302;LIMA;CAJATAMBO;COPA;100.0;437.0;377.0;0.0;50.0;40.0;10.0;30.0;40.0;30.0;0.0
150303;LIMA;CAJATAMBO;GORGOR;95.2;477.0;448.0;10.3;25.4;34.1;30.2;26.2;9.5;34.9;29.4
150304;LIMA;CAJATAMBO;HUANCAPON;100.0;446.0;424.0;0.0;41.7;50.0;8.3;16.7;41.7;25.0;16.7
150305;LIMA;CAJATAMBO;MANAS;100.0;467.0;444.0;0.0;40.0;40.0;20.0;0.0;20.0;80.0;0.0
150401;LIMA;CANTA;CANTA;93.3;488.0;447.0;3.5;24.3;46.5;25.7;13.9;29.2;31.9;25.0
150402;LIMA;CANTA;ARAHUAY;100.0;479.0;434.0;0.0;50.0;25.0;25.0;0.0;25.0;75.0;0.0
150403;LIMA;CANTA;HUAMANTANGA;100.0;425.0;395.0;0.0;60.0;40.0;0.0;40.0;20.0;40.0;0.0
150404;LIMA;CANTA;HUAROS;100.0;457.0;413.0;0.0;50.0;25.0;25.0;37.5;12.5;37.5;12.5
150405;LIMA;CANTA;LACHAQUI;100.0;495.0;477.0;0.0;40.0;30.0;30.0;0.0;20.0;60.0;20.0
150407;LIMA;CANTA;SANTA ROSA DE QUIVES;95.4;499.0;483.0;1.2;22.8;33.7;42.2;11.6;16.5;37.1;34.8
150501;LIMA;CAÑETE;SAN VICENTE DE CAÑETE;97.0;499.0;481.0;1.9;20.0;42.4;35.7;10.5;16.2;41.2;32.1
150502;LIMA;CAÑETE;ASIA;95.9;500.0;492.0;1.2;25.2;36.1;37.5;10.0;16.1;39.6;34.3
150503;LIMA;CAÑETE;CALANGO;100.0;525.0;536.0;4.5;13.6;22.7;59.1;18.2;0.0;22.7;59.1
150504;LIMA;CAÑETE;CERRO AZUL;93.6;472.0;453.0;2.6;33.3;43.8;20.4;13.7;21.2;43.7;21.4
150505;LIMA;CAÑETE;CHILCA;96.2;489.0;464.0;2.4;24.7;42.5;30.4;12.5;19.8;43.8;23.9
150506;LIMA;CAÑETE;COAYLLO;100.0;464.0;473.0;0.0;38.9;38.9;22.2;5.6;27.8;33.3;33.3
150507;LIMA;CAÑETE;IMPERIAL;96.3;492.0;482.0;1.4;22.3;44.7;31.5;10.1;15.8;42.3;31.9
150508;LIMA;CAÑETE;LUNAHUANA;98.1;506.0;525.0;0.0;15.7;48.8;35.5;1.9;21.5;29.3;47.3
150509;LIMA;CAÑETE;MALA;96.2;502.0;492.0;2.0;19.7;41.5;36.8;7.9;17.8;38.9;35.3
150510;LIMA;CAÑETE;NUEVO IMPERIAL;95.1;494.0;483.0;2.0;25.7;38.3;34.0;13.1;15.8;36.1;35.0
150511;LIMA;CAÑETE;PACARAN;100.0;478.0;449.0;10.0;22.5;30.0;37.5;22.5;25.0;32.5;20.0
150512;LIMA;CAÑETE;QUILMANA;95.5;487.0;471.0;2.8;24.3;44.0;28.9;14.2;16.1;39.9;29.7
150513;LIMA;CAÑETE;SAN ANTONIO;94.9;522.0;530.0;1.3;6.7;48.0;44.0;1.3;8.0;41.3;49.3
150514;LIMA;CAÑETE;SAN LUIS;97.6;488.0;474.0;1.9;23.6;45.5;29.0;14.6;16.1;40.5;28.7
150515;LIMA;CAÑETE;SANTA CRUZ DE FLORES;100.0;496.0;489.0;0.0;29.4;38.2;32.4;11.8;14.7;38.2;35.3
150516;LIMA;CAÑETE;ZUÑIGA;100.0;516.0;532.0;0.0;6.3;56.3;37.5;0.0;12.5;50.0;37.5
150601;LIMA;HUARAL;HUARAL;95.9;498.0;479.0;1.5;20.8;43.4;34.3;9.4;18.6;41.2;30.9
150602;LIMA;HUARAL;ATAVILLOS ALTO;75.0;;;;;;;;;;
150603;LIMA;HUARAL;ATAVILLOS BAJO;90.9;454.0;394.0;0.0;70.0;10.0;20.0;40.0;20.0;30.0;10.0
150604;LIMA;HUARAL;AUCALLAMA;95.9;471.0;444.0;3.1;35.1;39.9;21.9;21.0;20.6;38.1;20.3
150605;LIMA;HUARAL;CHANCAY;97.0;493.0;473.0;2.2;23.0;41.8;33.0;11.3;19.0;40.8;28.9
150606;LIMA;HUARAL;IHUARI;90.5;526.0;505.0;0.0;15.5;32.1;52.4;0.0;21.4;51.2;27.4
150608;LIMA;HUARAL;PACARAOS;100.0;459.0;429.0;0.0;66.7;0.0;33.3;16.7;50.0;0.0;33.3
150609;LIMA;HUARAL;SAN MIGUEL DE ACOS;78.6;;;;;;;;;;
150612;LIMA;HUARAL;VEINTISIETE DE NOVIEMBRE;87.5;463.0;444.0;0.0;42.9;42.9;14.3;0.0;57.1;28.6;14.3
150701;LIMA;HUAROCHIRÍ;MATUCANA;93.7;480.0;459.0;1.4;26.6;47.0;25.1;15.2;22.7;39.5;22.7
150702;LIMA;HUAROCHIRÍ;ANTIOQUIA;100.0;501.0;460.0;0.0;30.0;10.0;60.0;10.0;20.0;40.0;30.0
150703;LIMA;HUAROCHIRÍ;CALLAHUANCA;100.0;474.0;480.0;6.3;31.3;37.5;25.0;18.8;12.5;50.0;18.8
150704;LIMA;HUAROCHIRÍ;CARAMPOMA;100.0;424.0;380.0;16.7;50.0;16.7;16.7;50.0;16.7;16.7;16.7
150705;LIMA;HUAROCHIRÍ;CHICLA;90.2;499.0;467.0;0.0;26.9;38.1;35.0;8.2;24.1;51.6;16.0
150706;LIMA;HUAROCHIRÍ;CUENCA;100.0;452.0;427.0;0.0;50.0;50.0;0.0;25.0;25.0;50.0;0.0
150709;LIMA;HUAROCHIRÍ;HUAROCHIRI;93.8;432.0;414.0;6.7;53.3;26.7;13.3;26.7;33.3;20.0;20.0
150710;LIMA;HUAROCHIRÍ;LAHUAYTAMBO;83.3;532.0;526.0;0.0;0.0;40.0;60.0;0.0;0.0;40.0;60.0
150711;LIMA;HUAROCHIRÍ;LANGA;100.0;517.0;472.0;0.0;16.7;25.0;58.3;25.0;8.3;25.0;41.7
150713;LIMA;HUAROCHIRÍ;MARIATANA;96.7;471.0;469.0;3.3;26.7;41.7;28.3;16.7;23.3;35.0;25.0
150714;LIMA;HUAROCHIRÍ;RICARDO PALMA;93.3;476.0;443.0;0.9;35.9;37.0;26.2;18.9;21.7;41.6;17.9
150715;LIMA;HUAROCHIRÍ;SAN ANDRES DE TUPICOCHA;100.0;460.0;478.0;0.0;41.7;50.0;8.3;0.0;25.0;50.0;25.0
150716;LIMA;HUAROCHIRÍ;SAN ANTONIO;94.7;489.0;472.0;1.5;25.0;43.3;30.2;10.7;19.1;42.6;27.6
150717;LIMA;HUAROCHIRÍ;SAN BARTOLOMÉ;80.0;465.0;443.0;0.0;37.5;25.0;37.5;12.5;37.5;37.5;12.5
150718;LIMA;HUAROCHIRÍ;SAN DAMIAN;94.7;433.0;418.0;16.7;44.4;16.7;22.2;22.2;38.9;27.8;11.1
150719;LIMA;HUAROCHIRÍ;SAN JUAN DE IRIS;100.0;498.0;479.0;0.0;16.7;50.0;33.3;0.0;16.7;50.0;33.3
150721;LIMA;HUAROCHIRÍ;SAN LORENZO DE QUINTI;100.0;496.0;457.0;0.0;30.8;30.8;38.5;15.4;23.1;30.8;30.8
150722;LIMA;HUAROCHIRÍ;SAN MATEO;98.7;485.0;455.0;1.3;19.5;53.2;26.0;10.4;26.0;48.1;15.6
150723;LIMA;HUAROCHIRÍ;SAN MATEO DE OTAO;100.0;446.0;456.0;7.7;46.2;30.8;15.4;7.7;38.5;30.8;23.1
150727;LIMA;HUAROCHIRÍ;SANTA CRUZ DE COCACHACRA;90.5;491.0;462.0;0.0;31.6;30.3;38.2;10.4;26.5;35.9;27.1
150728;LIMA;HUAROCHIRÍ;SANTA EULALIA;94.3;486.0;468.0;2.9;30.3;36.0;30.8;15.0;19.7;34.6;30.7
150731;LIMA;HUAROCHIRÍ;SANTO DOMINGO DE LOS OLLEROS;93.1;477.0;448.0;3.7;29.7;41.1;25.4;17.1;19.8;45.1;18.0
150732;LIMA;HUAROCHIRÍ;SURCO;100.0;470.0;474.0;0.0;33.3;46.7;20.0;6.7;6.7;66.7;20.0
150801;LIMA;HUAURA;HUACHO;96.1;504.0;478.0;1.3;19.5;39.8;39.5;8.8;19.0;42.6;29.6
150802;LIMA;HUAURA;AMBAR;100.0;435.0;398.0;10.5;47.4;36.8;5.3;34.0;22.0;38.3;5.7
150803;LIMA;HUAURA;CALETA DE CARQUIN;91.3;486.0;463.0;2.8;22.0;50.7;24.5;11.1;25.0;41.0;23.0
150805;LIMA;HUAURA;HUALMAY;95.6;494.0;471.0;1.5;24.1;39.5;34.9;10.2;20.9;40.1;28.7
150806;LIMA;HUAURA;HUAURA;95.9;482.0;459.0;2.2;28.1;43.9;25.8;12.4;22.2;41.3;24.0
150807;LIMA;HUAURA;LEONCIO PRADO;100.0;448.0;407.0;7.1;42.9;28.6;21.4;35.7;7.1;35.7;21.4
150808;LIMA;HUAURA;PACCHO;93.3;441.0;434.0;7.5;49.2;36.7;6.7;15.0;29.2;41.7;14.2
150809;LIMA;HUAURA;SANTA LEONOR;100.0;449.0;399.0;10.0;45.0;20.0;25.0;35.0;30.0;20.0;15.0
150810;LIMA;HUAURA;SANTA MARIA;95.7;503.0;487.0;0.4;18.0;45.5;36.1;7.6;18.3;39.5;34.6
150811;LIMA;HUAURA;SAYAN;97.3;473.0;449.0;3.0;32.4;42.0;22.7;15.3;22.0;45.1;17.6
150812;LIMA;HUAURA;VEGUETA;97.6;484.0;460.0;2.0;26.1;44.7;27.2;10.4;22.9;42.7;24.0
150901;LIMA;OYÓN;OYON;98.4;510.0;517.0;1.6;20.6;37.0;40.9;8.0;9.2;32.4;50.4
150903;LIMA;OYÓN;CAUJUL;100.0;418.0;353.0;28.6;28.6;42.9;0.0;57.1;28.6;14.3;0.0
150904;LIMA;OYÓN;COCHAMARCA;100.0;448.0;413.0;0.0;42.9;42.9;14.3;28.6;28.6;21.4;21.4
150905;LIMA;OYÓN;NAVAN;100.0;478.0;423.0;0.0;20.0;60.0;20.0;40.0;20.0;20.0;20.0
150906;LIMA;OYÓN;PACHANGARA;98.3;492.0;473.0;3.7;20.9;34.7;40.7;10.7;20.9;34.2;34.2
151001;LIMA;YAUYOS;YAUYOS;100.0;505.0;504.0;0.0;33.3;22.2;44.4;5.6;11.1;50.0;33.3
151003;LIMA;YAUYOS;ALLAUCA;100.0;455.0;420.0;0.0;60.0;20.0;20.0;20.0;40.0;20.0;20.0
151004;LIMA;YAUYOS;AYAVIRI;100.0;453.0;453.0;12.5;25.0;37.5;25.0;12.5;37.5;25.0;25.0
151006;LIMA;YAUYOS;CACRA;85.7;396.0;375.0;33.3;50.0;16.7;0.0;50.0;16.7;33.3;0.0
151008;LIMA;YAUYOS;CATAHUASI;100.0;457.0;418.0;12.5;29.2;33.3;25.0;16.7;37.5;29.2;16.7
151009;LIMA;YAUYOS;CHOCOS;83.3;430.0;397.0;0.0;75.0;25.0;0.0;25.0;25.0;50.0;0.0
151011;LIMA;YAUYOS;COLONIA;89.5;454.0;427.0;0.0;43.2;51.6;5.3;5.3;44.2;40.0;10.5
151013;LIMA;YAUYOS;HUAMPARÁ;100.0;464.0;444.0;0.0;40.0;60.0;0.0;0.0;40.0;60.0;0.0
151014;LIMA;YAUYOS;HUANCAYA;81.8;509.0;520.0;0.0;11.1;55.6;33.3;0.0;11.1;55.6;33.3
151015;LIMA;YAUYOS;HUANGASCAR;87.5;463.0;444.0;0.0;42.9;42.9;14.3;14.3;42.9;28.6;14.3
151016;LIMA;YAUYOS;HUANTAN;85.7;444.0;449.0;0.0;50.0;50.0;0.0;8.3;25.0;58.3;8.3
151017;LIMA;YAUYOS;HUÁÑEC;100.0;443.0;411.0;0.0;50.0;50.0;0.0;25.0;25.0;50.0;0.0
151018;LIMA;YAUYOS;LARAOS;77.8;;;;;;;;;;
151019;LIMA;YAUYOS;LINCHA;100.0;390.0;326.0;0.0;100.0;0.0;0.0;57.1;42.9;0.0;0.0
151022;LIMA;YAUYOS;OMAS;100.0;499.0;538.0;0.0;33.3;0.0;66.7;16.7;16.7;0.0;66.7
151023;LIMA;YAUYOS;PUTINZA;100.0;464.0;470.0;0.0;50.0;33.3;16.7;16.7;16.7;50.0;16.7
151028;LIMA;YAUYOS;TANTA;100.0;380.0;398.0;33.3;66.7;0.0;0.0;33.3;33.3;33.3;0.0
151030;LIMA;YAUYOS;TOMAS;100.0;483.0;477.0;0.0;25.0;50.0;25.0;0.0;50.0;25.0;25.0
151032;LIMA;YAUYOS;VIÑAC;100.0;464.0;436.0;9.1;18.2;54.5;18.2;36.4;9.1;27.3;27.3
160101;LORETO;MAYNAS;IQUITOS;94.6;474.0;423.0;5.4;31.3;36.0;27.3;23.7;27.2;36.8;12.3
160102;LORETO;MAYNAS;ALTO NANAY;47.5;;;;;;;;;;
160103;LORETO;MAYNAS;FERNANDO LORES;94.2;422.0;373.0;16.0;49.1;25.1;9.8;42.7;27.9;25.3;4.1
160104;LORETO;MAYNAS;INDIANA;86.6;383.0;323.0;30.7;55.5;10.2;3.6;67.9;20.3;10.9;0.9
160105;LORETO;MAYNAS;LAS AMAZONAS;69.1;;;;;;;;;;
160106;LORETO;MAYNAS;MAZAN;86.0;367.0;307.0;39.3;49.3;8.9;2.5;74.5;18.6;6.4;0.4
160107;LORETO;MAYNAS;NAPO;84.0;366.0;303.0;44.4;45.8;7.7;2.1;78.1;16.0;5.2;0.7
160108;LORETO;MAYNAS;PUNCHANA;87.6;431.0;384.0;14.4;44.2;28.1;13.3;39.6;26.8;28.4;5.2
160110;LORETO;MAYNAS;TORRES CAUSANA;84.2;383.0;314.0;18.9;75.4;5.7;0.0;65.6;34.4;0.0;0.0
160112;LORETO;MAYNAS;BELEN;90.8;434.0;381.0;14.1;44.9;27.9;13.2;39.1;28.2;27.8;4.9
160113;LORETO;MAYNAS;SAN JUAN BAUTISTA;89.9;433.0;381.0;12.0;46.3;29.8;11.8;38.3;32.0;25.4;4.2
160201;LORETO;ALTO AMAZONAS;YURIMAGUAS;93.3;454.0;411.0;9.7;39.3;30.6;20.4;31.1;25.8;30.9;12.2
160202;LORETO;ALTO AMAZONAS;BALSAPUERTO;91.1;370.0;299.0;32.1;59.3;7.6;1.0;89.4;6.5;4.1;0.0
160205;LORETO;ALTO AMAZONAS;JEBEROS;96.1;374.0;348.0;35.1;56.8;6.8;1.4;58.1;28.3;12.2;1.4
160206;LORETO;ALTO AMAZONAS;LAGUNAS;90.0;422.0;379.0;17.8;43.9;25.9;12.4;44.5;25.0;24.3;6.1
160210;LORETO;ALTO AMAZONAS;SANTA CRUZ;92.2;382.0;325.0;29.4;56.1;13.3;1.3;69.2;20.4;10.4;0.0
160211;LORETO;ALTO AMAZONAS;TENIENTE CESAR LOPEZ ROJAS;92.8;391.0;347.0;22.5;55.8;16.1;5.5;59.6;19.6;18.5;2.3
160301;LORETO;LORETO;NAUTA;93.3;410.0;357.0;22.3;47.7;23.0;7.0;53.4;25.4;18.0;3.2
160302;LORETO;LORETO;PARINARI;88.2;400.0;367.0;25.7;48.2;21.2;4.9;50.4;21.9;23.9;3.7
160303;LORETO;LORETO;TIGRE;89.3;368.0;306.0;37.2;53.5;8.7;0.6;78.0;12.9;8.5;0.6
160304;LORETO;LORETO;TROMPETEROS;83.5;371.0;313.0;39.0;51.8;8.6;0.6;78.6;13.1;8.2;0.0
160305;LORETO;LORETO;URARINAS;80.4;372.0;315.0;39.1;47.6;11.2;2.1;73.9;16.0;10.1;0.0
160401;LORETO;MARISCAL RAMÓN CASTILLA;RAMON CASTILLA;83.9;395.0;342.0;24.6;54.5;16.9;4.0;57.6;24.8;15.6;2.0
160402;LORETO;MARISCAL RAMÓN CASTILLA;PEBAS;86.6;396.0;348.0;25.6;54.7;15.3;4.4;59.8;22.7;16.3;1.2
160403;LORETO;MARISCAL RAMÓN CASTILLA;YAVARI;75.2;;;;;;;;;;
160404;LORETO;MARISCAL RAMÓN CASTILLA;SAN PABLO;81.6;388.0;337.0;27.2;56.9;13.1;2.8;66.6;18.8;13.6;1.0
160501;LORETO;REQUENA;REQUENA;71.5;;;;;;;;;;
160502;LORETO;REQUENA;ALTO TAPICHE;73.7;;;;;;;;;;
160503;LORETO;REQUENA;CAPELO;81.5;346.0;309.0;49.9;45.7;4.4;0.0;77.5;15.6;6.9;0.0
160504;LORETO;REQUENA;EMILIO SAN MARTIN;84.5;359.0;312.0;41.1;51.2;7.1;0.6;76.5;16.1;7.5;0.0
160505;LORETO;REQUENA;MAQUIA;75.8;;;;;;;;;;
160506;LORETO;REQUENA;PUINAHUA;82.3;388.0;344.0;29.1;56.4;9.8;4.7;64.9;19.4;9.8;5.9
160507;LORETO;REQUENA;SAQUENA;89.7;387.0;352.0;21.8;68.3;8.5;1.4;53.3;30.8;16.0;0.0
160508;LORETO;REQUENA;SOPLIN;71.4;;;;;;;;;;
160509;LORETO;REQUENA;TAPICHE;78.9;;;;;;;;;;
160510;LORETO;REQUENA;JENARO HERRERA;86.6;456.0;448.0;6.8;34.0;46.3;13.0;20.6;12.8;50.8;15.8
160511;LORETO;REQUENA;YAQUERANA;100.0;379.0;319.0;31.8;50.0;18.2;0.0;59.1;31.8;9.1;0.0
160601;LORETO;UCAYALI;CONTAMANA;91.6;418.0;369.0;18.7;47.0;23.7;10.5;48.2;24.9;23.4;3.5
160602;LORETO;UCAYALI;INAHUAYA;87.1;419.0;360.0;16.1;50.8;25.9;7.1;52.7;18.3;25.4;3.6
160603;LORETO;UCAYALI;PADRE MARQUEZ;94.0;446.0;429.0;15.3;40.3;14.3;30.0;46.7;7.0;8.3;38.0
160604;LORETO;UCAYALI;PAMPA HERMOSA;93.9;400.0;344.0;26.1;52.1;15.8;6.0;61.7;22.2;13.5;2.6
160605;LORETO;UCAYALI;SARAYACU;87.2;393.0;354.0;24.5;54.6;17.5;3.4;59.9;18.8;16.9;4.4
160606;LORETO;UCAYALI;VARGAS GUERRA;85.5;394.0;341.0;28.4;47.4;17.3;6.9;55.5;27.4;13.1;4.0
160701;LORETO;DATEM DEL MARAÑÓN;BARRANCA;91.6;411.0;359.0;25.8;42.4;21.0;10.7;56.1;18.0;18.5;7.3
160702;LORETO;DATEM DEL MARAÑÓN;CAHUAPANAS;97.3;349.0;278.0;55.7;44.3;0.0;0.0;97.3;2.7;0.0;0.0
160703;LORETO;DATEM DEL MARAÑÓN;MANSERICHE;88.3;402.0;354.0;18.7;59.9;18.2;3.2;56.9;21.5;19.1;2.5
160704;LORETO;DATEM DEL MARAÑÓN;MORONA;89.4;378.0;336.0;33.9;51.7;14.4;0.0;64.4;21.4;14.2;0.0
160705;LORETO;DATEM DEL MARAÑÓN;PASTAZA;83.6;366.0;308.0;38.4;51.5;10.1;0.0;71.1;16.0;11.5;1.4
160706;LORETO;DATEM DEL MARAÑÓN;ANDOAS;70.0;;;;;;;;;;
160801;LORETO;PUTUMAYO;PUTUMAYO;88.5;409.0;352.0;14.3;62.3;22.1;1.3;57.1;29.9;13.0;0.0
160802;LORETO;PUTUMAYO;ROSA PANDURO;77.8;;;;;;;;;;
160803;LORETO;PUTUMAYO;TENIENTE MANUEL CLAVERO;64.3;;;;;;;;;;
160804;LORETO;PUTUMAYO;YAGUAS;83.3;419.0;368.0;7.7;57.0;31.5;3.9;44.2;32.6;19.3;3.9
170101;MADRE DE DIOS;TAMBOPATA;TAMBOPATA;94.7;469.0;441.0;3.8;33.8;40.4;22.1;18.4;24.6;37.7;19.3
170102;MADRE DE DIOS;TAMBOPATA;INAMBARI;89.0;461.0;438.0;4.9;35.8;42.6;16.7;18.8;25.9;40.5;14.9
170103;MADRE DE DIOS;TAMBOPATA;LAS PIEDRAS;93.9;446.0;414.0;7.4;42.7;38.2;11.6;23.1;29.7;39.1;8.1
170104;MADRE DE DIOS;TAMBOPATA;LABERINTO;95.1;439.0;416.0;6.7;46.9;36.9;9.5;25.7;25.2;38.5;10.7
170201;MADRE DE DIOS;MANU;MANU;96.4;437.0;398.0;12.9;41.7;32.4;13.1;37.8;24.1;25.0;13.1
170203;MADRE DE DIOS;MANU;MADRE DE DIOS;95.8;465.0;449.0;6.3;34.0;39.2;20.6;16.7;22.8;38.8;21.7
170204;MADRE DE DIOS;MANU;HUEPETUHE;97.4;478.0;467.0;1.9;28.4;48.4;21.2;13.3;22.1;38.8;25.8
170301;MADRE DE DIOS;TAHUAMANU;IÑAPARI;98.1;419.0;369.0;15.3;48.0;25.2;11.5;57.7;11.6;23.0;7.8
170302;MADRE DE DIOS;TAHUAMANU;IBERIA;96.7;435.0;409.0;9.9;50.4;27.4;12.2;28.7;28.5;31.2;11.6
170303;MADRE DE DIOS;TAHUAMANU;TAHUAMANU;100.0;438.0;401.0;9.5;43.8;35.2;11.4;27.6;38.1;25.7;8.6
180101;MOQUEGUA;MARISCAL NIETO;MOQUEGUA;98.3;530.0;538.0;1.2;10.2;33.8;54.8;3.5;7.7;32.0;56.9
180104;MOQUEGUA;MARISCAL NIETO;SAMEGUA;97.6;547.0;558.0;0.6;4.3;33.8;61.3;2.5;5.0;27.8;64.8
180105;MOQUEGUA;MARISCAL NIETO;SAN CRISTOBAL;100.0;488.0;494.0;0.0;40.0;20.0;40.0;0.0;0.0;60.0;40.0
180106;MOQUEGUA;MARISCAL NIETO;TORATA;97.5;561.0;570.0;2.5;10.0;22.6;64.9;6.2;5.0;27.5;61.3
180107;MOQUEGUA;MARISCAL NIETO;SAN ANTONIO;99.0;513.0;521.0;1.5;16.3;36.8;45.4;5.8;9.9;35.8;48.5
180201;MOQUEGUA;GENERAL SÁNCHEZ CERRO;OMATE;100.0;547.0;549.0;0.0;2.8;27.8;69.4;0.0;8.3;25.0;66.7
180202;MOQUEGUA;GENERAL SÁNCHEZ CERRO;CHOJATA;100.0;499.0;485.0;0.0;0.0;80.0;20.0;0.0;40.0;20.0;40.0
180203;MOQUEGUA;GENERAL SÁNCHEZ CERRO;COALAQUE;100.0;530.0;568.0;0.0;7.1;42.9;50.0;7.1;7.1;28.6;57.1
180204;MOQUEGUA;GENERAL SÁNCHEZ CERRO;ICHUÑA;96.4;509.0;509.0;0.0;21.4;35.7;42.9;0.0;15.2;45.5;39.3
180208;MOQUEGUA;GENERAL SÁNCHEZ CERRO;PUQUINA;91.7;495.0;531.0;0.0;18.1;54.2;27.8;9.7;0.0;44.4;45.8
180301;MOQUEGUA;ILO;ILO;98.6;515.0;517.0;1.4;15.2;38.5;45.0;7.3;10.6;32.3;49.8
180302;MOQUEGUA;ILO;EL ALGARROBAL;86.7;484.0;490.0;0.0;15.4;61.5;23.1;0.0;23.1;30.8;46.2
180303;MOQUEGUA;ILO;PACOCHA;98.5;544.0;565.0;0.8;7.0;30.5;61.7;1.6;4.7;30.8;63.0
190101;PASCO;PASCO;CHAUPIMARCA;99.8;507.0;507.0;1.1;17.5;43.2;38.2;5.6;12.6;38.6;43.1
190102;PASCO;PASCO;HUACHON;96.1;493.0;509.0;1.4;27.8;36.3;34.5;11.0;12.5;32.3;44.2
190103;PASCO;PASCO;HUARIACA;97.8;500.0;501.0;1.2;25.3;36.2;37.4;5.2;17.2;41.4;36.2
190104;PASCO;PASCO;HUAYLLAY;97.9;493.0;479.0;0.0;20.6;47.9;31.4;9.1;19.9;41.1;29.9
190105;PASCO;PASCO;NINACACA;98.8;471.0;466.0;1.2;29.5;50.7;18.5;12.3;19.7;46.9;21.1
190106;PASCO;PASCO;PALLANCHACRA;95.8;472.0;459.0;4.4;22.5;55.2;17.8;8.9;9.2;63.8;18.1
190107;PASCO;PASCO;PAUCARTAMBO;99.1;482.0;476.0;2.7;27.0;44.0;26.3;13.8;15.3;40.1;30.8
190108;PASCO;PASCO;SAN FRANCISCO DE ASIS DE YARUSYACAN;100.0;460.0;460.0;4.3;43.5;34.8;17.4;20.4;29.1;23.9;26.5
190109;PASCO;PASCO;SIMON BOLIVAR;98.5;502.0;485.0;1.6;20.2;39.7;38.5;11.0;19.5;31.7;37.8
190110;PASCO;PASCO;TICLACAYAN;100.0;492.0;482.0;3.2;23.8;36.5;36.5;1.6;28.6;38.1;31.7
190111;PASCO;PASCO;TINYAHUARCO;96.4;509.0;513.0;1.9;19.1;36.7;42.4;6.5;15.2;31.3;46.9
190112;PASCO;PASCO;VICCO;91.7;497.0;505.0;0.0;21.5;45.6;32.9;6.7;12.6;48.0;32.7
190113;PASCO;PASCO;YANACANCHA;98.3;505.0;500.0;0.8;16.1;46.1;37.0;6.8;12.9;41.8;38.5
190201;PASCO;DANIEL ALCIDES CARRIÓN;YANAHUANCA;99.1;483.0;492.0;1.3;29.5;43.4;25.7;5.6;19.2;44.3;30.9
190202;PASCO;DANIEL ALCIDES CARRIÓN;CHACAYAN;100.0;496.0;496.0;0.0;25.0;50.0;25.0;6.3;0.0;56.3;37.5
190204;PASCO;DANIEL ALCIDES CARRIÓN;PAUCAR;100.0;497.0;498.0;4.2;12.5;54.2;29.2;4.2;8.3;50.0;37.5
190205;PASCO;DANIEL ALCIDES CARRIÓN;SAN PEDRO DE PILLAO;100.0;480.0;473.0;7.1;28.6;28.6;35.7;21.4;21.4;28.6;28.6
190206;PASCO;DANIEL ALCIDES CARRIÓN;SANTA ANA DE TUSI;98.0;467.0;467.0;4.3;31.0;42.5;22.3;18.3;10.5;44.8;26.5
190207;PASCO;DANIEL ALCIDES CARRIÓN;TAPUC;100.0;438.0;404.0;0.0;55.6;22.2;22.2;44.4;22.2;11.1;22.2
190208;PASCO;DANIEL ALCIDES CARRIÓN;VILCABAMBA;100.0;502.0;549.0;7.1;7.1;42.9;42.9;0.0;7.1;28.6;64.3
190301;PASCO;OXAPAMPA;OXAPAMPA;98.3;497.0;476.0;0.9;23.4;41.9;33.8;10.8;15.9;42.5;30.8
190302;PASCO;OXAPAMPA;CHONTABAMBA;91.7;506.0;485.0;2.8;24.1;27.8;45.4;11.1;13.9;45.4;29.6
190303;PASCO;OXAPAMPA;HUANCABAMBA;99.1;473.0;453.0;5.2;35.5;33.1;26.3;19.0;20.1;40.8;20.2
190304;PASCO;OXAPAMPA;PALCAZU;91.4;451.0;421.0;9.3;39.4;33.7;17.6;27.2;22.7;37.5;12.6
190305;PASCO;OXAPAMPA;POZUZO;98.3;452.0;437.0;11.4;36.9;38.2;13.6;25.7;15.3;40.2;18.9
190306;PASCO;OXAPAMPA;PUERTO BERMUDEZ;77.1;;;;;;;;;;
190307;PASCO;OXAPAMPA;VILLA RICA;96.7;490.0;476.0;1.5;26.7;38.5;33.4;11.4;16.4;43.0;29.1
190308;PASCO;OXAPAMPA;CONSTITUCIÓN;90.8;440.0;411.0;10.7;45.8;29.6;13.9;33.3;23.0;27.9;15.8
200101;PIURA;PIURA;PIURA;94.9;508.0;482.0;1.9;17.8;39.0;41.2;8.1;17.5;42.3;32.1
200104;PIURA;PIURA;CASTILLA;96.1;503.0;476.0;1.8;19.4;41.3;37.4;9.4;19.0;42.1;29.5
200105;PIURA;PIURA;CATACAOS;96.6;484.0;457.0;2.6;27.4;43.0;27.0;14.4;19.5;43.0;23.1
200107;PIURA;PIURA;CURA MORI;98.1;474.0;451.0;1.5;34.2;41.1;23.3;14.9;21.4;42.3;21.4
200108;PIURA;PIURA;EL TALLÁN;89.9;453.0;426.0;7.1;35.2;46.2;11.5;26.7;17.3;44.7;11.3
200109;PIURA;PIURA;LA ARENA;95.9;480.0;465.0;2.9;28.8;42.3;25.9;12.5;21.8;39.7;26.0
200110;PIURA;PIURA;LA UNION;96.8;490.0;479.0;2.1;24.6;41.6;31.7;10.6;15.6;43.0;30.7
200111;PIURA;PIURA;LAS LOMAS;97.7;467.0;425.0;3.6;32.9;44.7;18.9;20.3;27.3;40.7;11.7
200114;PIURA;PIURA;TAMBO GRANDE;97.0;459.0;427.0;6.2;36.6;38.3;18.9;22.5;25.8;37.4;14.2
200115;PIURA;PIURA;VEINTISEIS DE OCTUBRE;95.7;497.0;466.0;1.5;20.8;44.0;33.6;10.8;21.6;41.7;25.9
200201;PIURA;AYABACA;AYABACA;96.5;452.0;425.0;9.8;38.2;32.0;20.1;26.3;22.2;36.2;15.3
200202;PIURA;AYABACA;FRIAS;95.4;442.0;415.0;10.5;42.2;32.3;14.9;30.2;23.6;31.5;14.7
200203;PIURA;AYABACA;JILILI;100.0;473.0;461.0;3.2;25.8;45.2;25.8;6.5;25.8;48.4;19.4
200204;PIURA;AYABACA;LAGUNAS;99.0;448.0;411.0;12.4;36.7;32.9;18.1;33.7;18.4;35.4;12.5
200205;PIURA;AYABACA;MONTERO;93.4;507.0;490.0;0.0;26.6;29.7;43.6;2.6;24.7;41.5;31.2
200206;PIURA;AYABACA;PACAIPAMPA;95.6;422.0;390.0;15.5;49.5;25.8;9.3;40.9;24.2;26.5;8.3
200207;PIURA;AYABACA;PAIMAS;98.5;475.0;469.0;3.1;31.8;44.3;20.8;12.9;16.3;48.4;22.4
200208;PIURA;AYABACA;SAPILLICA;97.0;444.0;407.0;10.3;43.3;32.0;14.4;28.4;27.9;35.6;8.1
200209;PIURA;AYABACA;SICCHEZ;100.0;482.0;438.0;0.0;30.0;50.0;20.0;30.0;10.0;30.0;30.0
200210;PIURA;AYABACA;SUYO;95.8;477.0;453.0;2.1;31.3;39.8;26.8;13.4;26.2;37.7;22.7
200301;PIURA;HUANCABAMBA;HUANCABAMBA;97.8;467.0;448.0;5.0;38.2;32.8;23.9;17.7;21.1;38.8;22.4
200302;PIURA;HUANCABAMBA;CANCHAQUE;97.9;493.0;459.0;4.4;20.3;40.3;35.0;10.9;21.5;46.7;21.0
200303;PIURA;HUANCABAMBA;EL CARMEN DE LA FRONTERA;98.9;440.0;411.0;9.0;48.7;28.1;14.2;31.8;25.2;30.1;12.9
200304;PIURA;HUANCABAMBA;HUARMACA;96.6;424.0;392.0;12.8;52.5;25.3;9.4;39.2;25.0;27.2;8.7
200305;PIURA;HUANCABAMBA;LALAQUIZ;100.0;439.0;408.0;6.5;41.9;45.2;6.5;29.0;19.4;41.9;9.7
200306;PIURA;HUANCABAMBA;SAN MIGUEL DE EL FAIQUE;92.9;443.0;405.0;9.9;44.1;29.2;16.8;32.4;22.1;34.8;10.8
200307;PIURA;HUANCABAMBA;SONDOR;98.4;431.0;394.0;13.2;49.8;24.6;12.4;35.5;30.7;24.1;9.7
200308;PIURA;HUANCABAMBA;SONDORILLO;97.3;423.0;380.0;14.9;49.7;28.8;6.6;38.7;30.1;24.9;6.2
200401;PIURA;MORROPÓN;CHULUCANAS;97.3;476.0;448.0;4.6;30.1;38.7;26.6;18.3;20.9;38.4;22.3
200402;PIURA;MORROPÓN;BUENOS AIRES;99.0;458.0;430.0;6.2;38.1;37.5;18.2;20.3;31.2;33.9;14.6
200403;PIURA;MORROPÓN;CHALACO;99.3;437.0;409.0;8.5;49.6;32.7;9.3;32.0;24.1;31.8;12.1
200404;PIURA;MORROPÓN;LA MATANZA;98.6;472.0;447.0;3.4;32.5;41.2;22.9;16.5;22.7;40.5;20.3
200405;PIURA;MORROPÓN;MORROPON;97.7;481.0;460.0;1.7;29.2;41.4;27.6;13.0;17.0;46.4;23.5
200406;PIURA;MORROPÓN;SALITRAL;99.0;445.0;399.0;7.4;45.1;35.1;12.4;32.2;30.5;26.4;10.9
200407;PIURA;MORROPÓN;SAN JUAN DE BIGOTE;94.5;448.0;438.0;4.8;44.7;38.1;12.4;18.5;22.9;46.7;11.9
200408;PIURA;MORROPÓN;SANTA CATALINA DE MOSSA;93.2;496.0;497.0;2.3;14.7;55.1;28.0;2.7;24.6;32.4;40.3
200409;PIURA;MORROPÓN;SANTO DOMINGO;98.3;486.0;467.0;3.4;31.0;34.2;31.3;20.7;17.8;33.0;28.4
200410;PIURA;MORROPÓN;YAMANGO;97.3;446.0;419.0;10.4;39.3;39.4;11.0;24.4;24.9;35.9;14.9
200501;PIURA;PAITA;PAITA;94.7;490.0;468.0;2.1;23.7;42.2;32.0;10.9;19.4;42.6;27.1
200502;PIURA;PAITA;AMOTAPE;100.0;498.0;488.0;2.4;23.8;42.9;31.0;16.7;7.1;45.2;31.0
200503;PIURA;PAITA;ARENAL;100.0;559.0;591.0;0.0;6.3;12.5;81.3;6.3;0.0;12.5;81.3
200504;PIURA;PAITA;COLAN;97.1;487.0;472.0;2.5;26.6;41.0;29.9;12.8;15.7;42.6;28.9
200505;PIURA;PAITA;LA HUACA;99.6;477.0;453.0;4.5;27.0;40.2;28.3;13.5;21.7;44.3;20.5
200506;PIURA;PAITA;TAMARINDO;96.8;460.0;425.0;3.2;40.0;39.1;17.6;22.8;26.3;34.4;16.6
200507;PIURA;PAITA;VICHAYAL;95.3;449.0;420.0;8.6;40.8;35.2;15.4;26.9;29.9;27.8;15.4
200601;PIURA;SULLANA;SULLANA;97.1;484.0;457.0;2.8;26.3;42.5;28.4;12.9;21.8;43.1;22.2
200602;PIURA;SULLANA;BELLAVISTA;92.8;482.0;452.0;1.9;29.1;40.4;28.6;15.8;22.4;40.1;21.6
200603;PIURA;SULLANA;IGNACIO ESCUDERO;97.8;476.0;469.0;1.7;29.5;46.3;22.6;10.3;17.4;48.8;23.4
200604;PIURA;SULLANA;LANCONES;95.6;467.0;438.0;3.9;40.9;30.5;24.7;22.8;18.9;41.4;16.9
200605;PIURA;SULLANA;MARCAVELICA;97.8;477.0;462.0;3.2;28.2;46.4;22.2;12.4;20.9;43.9;22.8
200606;PIURA;SULLANA;MIGUEL CHECA;98.8;477.0;468.0;1.2;26.4;53.2;19.2;9.8;19.0;47.0;24.2
200607;PIURA;SULLANA;QUERECOTILLO;97.7;469.0;444.0;3.9;33.4;40.2;22.5;18.2;21.4;43.1;17.3
200608;PIURA;SULLANA;SALITRAL;97.8;472.0;450.0;2.3;32.1;47.3;18.3;13.0;26.2;40.8;20.0
200701;PIURA;TALARA;PARIÑAS;95.4;491.0;457.0;2.4;24.4;42.2;31.0;13.4;21.3;43.3;22.1
200702;PIURA;TALARA;EL ALTO;95.9;481.0;460.0;2.7;28.3;45.8;23.2;8.8;27.3;42.4;21.6
200703;PIURA;TALARA;LA BREA;95.8;499.0;468.0;0.9;23.6;38.9;36.6;10.9;20.2;43.2;25.8
200704;PIURA;TALARA;LOBITOS;100.0;497.0;478.0;7.4;22.2;25.9;44.4;11.1;18.5;37.0;33.3
200705;PIURA;TALARA;LOS ORGANOS;96.4;475.0;432.0;6.4;29.0;38.1;26.5;22.1;17.9;46.7;13.3
200706;PIURA;TALARA;MANCORA;92.6;464.0;430.0;4.2;37.1;38.8;19.9;22.2;25.1;37.3;15.4
200801;PIURA;SECHURA;SECHURA;96.3;483.0;472.0;2.7;27.7;43.5;26.1;11.5;19.4;39.5;29.5
200802;PIURA;SECHURA;BELLAVISTA DE LA UNION;97.8;520.0;526.0;0.0;12.6;43.9;43.6;2.2;12.6;40.3;44.9
200803;PIURA;SECHURA;BERNAL;98.4;485.0;478.0;2.8;27.4;39.1;30.8;10.0;17.7;38.7;33.5
200804;PIURA;SECHURA;CRISTO NOS VALGA;98.8;452.0;442.0;3.9;48.7;36.0;11.4;19.4;24.3;39.7;16.6
200805;PIURA;SECHURA;VICE;97.6;478.0;470.0;1.4;27.2;51.0;20.5;10.4;19.7;40.3;29.6
200806;PIURA;SECHURA;RINCONADA LLICUAR;94.1;506.0;512.0;0.0;17.6;42.6;39.7;2.9;13.2;39.7;44.1
210101;PUNO;PUNO;PUNO;98.6;517.0;524.0;0.9;14.4;39.1;45.6;4.8;10.7;35.0;49.5
210102;PUNO;PUNO;ACORA;99.0;486.0;506.0;1.9;26.9;46.3;24.9;8.6;9.6;44.2;37.6
210104;PUNO;PUNO;ATUNCOLLA;100.0;444.0;442.0;5.4;41.3;40.9;12.4;14.3;28.6;43.6;13.5
210105;PUNO;PUNO;CAPACHICA;97.8;447.0;427.0;8.8;37.9;42.1;11.2;28.8;22.3;28.8;20.1
210106;PUNO;PUNO;CHUCUITO;95.2;500.0;522.0;0.0;24.8;44.8;30.5;0.0;19.4;29.8;50.8
210107;PUNO;PUNO;COATA;90.9;439.0;425.0;0.0;58.2;30.9;10.9;20.0;47.3;21.8;10.9
210108;PUNO;PUNO;HUATA;100.0;458.0;458.0;7.9;31.6;39.5;21.1;26.3;10.5;34.2;28.9
210109;PUNO;PUNO;MAÑAZO;97.5;484.0;512.0;0.0;28.2;46.2;25.6;2.6;10.3;51.3;35.9
210110;PUNO;PUNO;PAUCARCOLLA;95.8;480.0;487.0;0.0;30.7;42.8;26.5;4.5;21.2;43.2;31.1
210111;PUNO;PUNO;PICHACANI;100.0;453.0;459.0;0.0;52.8;36.1;11.1;5.6;27.8;44.4;22.2
210112;PUNO;PUNO;PLATERIA;100.0;477.0;471.0;0.0;25.0;54.2;20.8;4.2;16.7;66.7;12.5
210114;PUNO;PUNO;TIQUILLACA;100.0;494.0;522.0;0.0;20.0;60.0;20.0;0.0;20.0;20.0;60.0
210115;PUNO;PUNO;VILQUE;97.2;509.0;474.0;3.3;15.0;42.2;39.4;11.7;20.6;36.7;31.1
210201;PUNO;AZÁNGARO;AZANGARO;99.1;514.0;536.0;0.3;14.4;43.2;42.2;4.1;9.5;33.2;53.1
210203;PUNO;AZÁNGARO;ARAPA;96.1;468.0;457.0;7.2;34.0;35.3;23.5;15.7;17.0;35.9;31.4
210204;PUNO;AZÁNGARO;ASILLO;99.4;483.0;486.0;2.5;27.3;44.0;26.2;5.7;17.2;45.8;31.3
210205;PUNO;AZÁNGARO;CAMINACA;83.3;663.0;629.0;0.0;0.0;20.0;80.0;0.0;0.0;20.0;80.0
210206;PUNO;AZÁNGARO;CHUPA;100.0;492.0;545.0;0.0;15.4;61.5;23.1;7.7;7.7;38.5;46.2
210207;PUNO;AZÁNGARO;JOSE DOMINGO CHOQUEHUANCA;100.0;479.0;501.0;0.0;32.0;43.0;25.0;9.6;12.5;37.5;40.4
210208;PUNO;AZÁNGARO;MUÑANI;100.0;461.0;456.0;5.7;41.5;30.2;22.6;15.1;20.8;41.5;22.6
210209;PUNO;AZÁNGARO;POTONI;100.0;532.0;559.0;0.0;6.8;29.5;63.6;2.3;6.8;25.0;65.9
210210;PUNO;AZÁNGARO;SAMAN;96.6;462.0;443.0;3.5;39.3;41.5;15.7;20.1;20.7;42.2;17.0
210211;PUNO;AZÁNGARO;SAN ANTON;98.8;483.0;492.0;1.2;33.0;37.1;28.6;12.1;11.0;35.7;41.2
210212;PUNO;AZÁNGARO;SAN JOSE;100.0;428.0;425.0;0.0;69.2;30.8;0.0;7.7;46.2;38.5;7.7
210213;PUNO;AZÁNGARO;SAN JUAN DE SALINAS;100.0;428.0;489.0;0.0;75.0;25.0;0.0;0.0;25.0;37.5;37.5
210214;PUNO;AZÁNGARO;SANTIAGO DE PUPUJA;100.0;456.0;421.0;0.0;54.5;18.2;27.3;27.3;27.3;27.3;18.2
210215;PUNO;AZÁNGARO;TIRAPATA;100.0;532.0;546.0;0.0;19.0;19.0;61.9;0.0;4.8;42.9;52.4
210301;PUNO;CARABAYA;MACUSANI;97.6;486.0;476.0;3.2;26.3;42.2;28.4;9.8;22.4;35.4;32.4
210302;PUNO;CARABAYA;AJOYANI;100.0;493.0;480.0;0.0;13.0;69.6;17.4;8.7;13.0;56.5;21.7
210303;PUNO;CARABAYA;AYAPATA;98.8;483.0;488.0;2.4;26.1;41.7;29.8;5.9;15.7;40.7;37.8
210304;PUNO;CARABAYA;COASA;100.0;472.0;460.0;2.4;27.1;50.6;20.0;10.6;29.4;35.3;24.7
210306;PUNO;CARABAYA;CRUCERO;99.3;460.0;453.0;1.4;41.1;42.3;15.2;10.8;22.9;51.8;14.4
210307;PUNO;CARABAYA;ITUATA;97.0;475.0;465.0;3.0;31.6;40.7;24.6;9.6;31.5;25.1;33.8
210308;PUNO;CARABAYA;OLLACHEA;96.9;508.0;510.0;0.0;9.7;54.8;35.5;1.6;17.7;37.1;43.5
210309;PUNO;CARABAYA;SAN GABAN;97.7;470.0;467.0;4.8;32.2;40.6;22.4;13.7;21.5;38.3;26.5
210310;PUNO;CARABAYA;USICAYOS;91.7;465.0;479.0;0.0;40.9;37.5;21.6;0.0;28.3;40.9;30.9
210401;PUNO;CHUCUITO;JULI;99.1;512.0;526.0;0.9;16.4;39.5;43.2;5.0;13.2;31.3;50.5
210402;PUNO;CHUCUITO;DESAGUADERO;99.6;483.0;492.0;1.5;28.6;47.1;22.8;7.0;15.4;44.8;32.8
210403;PUNO;CHUCUITO;HUACULLANI;97.1;445.0;452.0;8.8;46.6;35.8;8.8;24.5;19.1;27.0;29.4
210404;PUNO;CHUCUITO;KELLUYO;100.0;470.0;452.0;3.4;44.8;34.5;17.2;6.9;27.6;41.4;24.1
210405;PUNO;CHUCUITO;PISACOMA;100.0;479.0;483.0;2.7;24.3;56.8;16.2;5.4;18.9;51.4;24.3
210406;PUNO;CHUCUITO;POMATA;96.4;463.0;465.0;5.0;39.6;35.7;19.7;16.4;12.5;46.5;24.5
210407;PUNO;CHUCUITO;ZEPITA;98.9;458.0;449.0;7.1;33.0;39.2;20.7;18.0;19.7;39.5;22.9
210501;PUNO;EL COLLAO;ILAVE;98.8;491.0;504.0;2.4;23.4;43.0;31.3;6.9;11.5;40.9;40.7
210503;PUNO;EL COLLAO;PILCUYO;100.0;473.0;512.0;0.0;37.9;37.9;24.1;3.4;17.2;41.4;37.9
210504;PUNO;EL COLLAO;SANTA ROSA;100.0;479.0;456.0;0.0;25.0;55.6;19.4;13.9;19.4;47.2;19.4
210505;PUNO;EL COLLAO;CONDURIRI;100.0;442.0;410.0;7.7;46.2;30.8;15.4;38.5;15.4;30.8;15.4
210601;PUNO;HUANCANÉ;HUANCANE;99.1;477.0;490.0;4.2;30.3;37.4;28.0;13.6;14.8;34.1;37.4
210602;PUNO;HUANCANÉ;COJATA;100.0;459.0;469.0;5.4;40.5;35.1;18.9;18.9;13.5;40.5;27.0
210603;PUNO;HUANCANÉ;HUATASANI;100.0;475.0;503.0;4.0;36.0;40.0;20.0;8.0;20.0;36.0;36.0
210604;PUNO;HUANCANÉ;INCHUPALLA;100.0;424.0;446.0;12.5;50.0;37.5;0.0;12.5;25.0;50.0;12.5
210605;PUNO;HUANCANÉ;PUSI;96.3;475.0;474.0;0.0;29.6;55.1;15.2;7.4;11.1;62.6;18.9
210606;PUNO;HUANCANÉ;ROSASPATA;100.0;455.0;422.0;0.0;50.0;40.0;10.0;30.0;20.0;40.0;10.0
210607;PUNO;HUANCANÉ;TARACO;100.0;477.0;477.0;0.0;31.4;45.7;22.9;14.3;8.6;45.7;31.4
210608;PUNO;HUANCANÉ;VILQUE CHICO;100.0;472.0;443.0;5.9;23.5;47.1;23.5;23.5;5.9;58.8;11.8
210701;PUNO;LAMPA;LAMPA;99.2;499.0;532.0;0.0;19.0;48.1;33.0;4.8;6.4;38.5;50.3
210702;PUNO;LAMPA;CABANILLA;100.0;502.0;479.0;0.0;24.3;40.5;35.1;10.8;13.5;51.4;24.3
210703;PUNO;LAMPA;CALAPUJA;100.0;485.0;434.0;0.0;40.0;20.0;40.0;20.0;40.0;0.0;40.0
210707;PUNO;LAMPA;PARATÍA;100.0;499.0;515.0;0.0;33.3;33.3;33.3;0.0;0.0;83.3;16.7
210708;PUNO;LAMPA;PUCARA;100.0;517.0;520.0;2.0;8.0;42.0;48.0;2.0;10.0;46.0;42.0
210709;PUNO;LAMPA;SANTA LUCIA;97.7;516.0;520.0;0.8;11.1;38.3;49.8;1.6;12.0;35.8;50.6
210710;PUNO;LAMPA;VILAVILA;100.0;528.0;528.0;0.0;0.0;57.1;42.9;0.0;28.6;42.9;28.6
210801;PUNO;MELGAR;AYAVIRI;98.4;512.0;514.0;1.4;17.8;37.1;43.6;8.1;10.7;33.6;47.7
210802;PUNO;MELGAR;ANTAUTA;95.8;482.0;449.0;0.0;34.5;35.1;30.5;12.0;33.1;31.8;23.1
210803;PUNO;MELGAR;CUPI;90.0;499.0;519.0;0.0;32.5;32.5;35.0;0.0;22.5;40.0;37.5
210804;PUNO;MELGAR;LLALLI;100.0;462.0;440.0;0.0;37.5;45.8;16.7;4.2;37.5;50.0;8.3
210805;PUNO;MELGAR;MACARI;98.7;483.0;478.0;2.7;28.1;44.9;24.3;7.7;15.4;47.5;29.4
210806;PUNO;MELGAR;NUÑOA;98.6;486.0;504.0;1.4;24.1;53.8;20.7;10.0;11.4;37.4;41.3
210807;PUNO;MELGAR;ORURILLO;100.0;440.0;442.0;10.7;39.3;39.3;10.7;21.4;21.4;32.1;25.0
210808;PUNO;MELGAR;SANTA ROSA;100.0;484.0;498.0;1.7;32.2;40.7;25.4;8.5;16.9;27.1;47.5
210809;PUNO;MELGAR;UMACHIRI;100.0;458.0;432.0;5.1;35.9;43.6;15.4;20.5;30.8;30.8;17.9
210901;PUNO;MOHO;MOHO;95.7;469.0;470.0;2.2;35.8;48.4;13.6;11.0;17.7;43.7;27.6
210902;PUNO;MOHO;CONIMA;100.0;436.0;438.0;21.4;21.4;50.0;7.1;28.6;14.3;28.6;28.6
210903;PUNO;MOHO;HUAYRAPATA;100.0;479.0;474.0;0.0;46.7;26.7;26.7;0.0;26.7;53.3;20.0
211001;PUNO;SAN ANTONIO DE PUTINA;PUTINA;99.2;462.0;462.0;3.6;39.6;42.3;14.5;12.8;21.6;41.8;23.8
211002;PUNO;SAN ANTONIO DE PUTINA;ANANEA;98.2;473.0;463.0;2.5;31.4;48.1;18.1;13.2;20.0;39.9;26.8
211004;PUNO;SAN ANTONIO DE PUTINA;QUILCAPUNCU;100.0;457.0;441.0;5.9;44.1;29.4;20.6;11.8;33.8;35.3;19.1
211005;PUNO;SAN ANTONIO DE PUTINA;SINA;100.0;474.0;494.0;0.0;34.4;40.6;25.0;3.1;21.9;40.6;34.4
211101;PUNO;SAN ROMÁN;JULIACA;98.5;502.0;510.0;1.2;19.4;42.5;36.8;6.8;13.0;36.5;43.8
211102;PUNO;SAN ROMÁN;CABANA;100.0;525.0;539.0;0.0;16.7;30.0;53.3;6.7;6.7;30.0;56.7
211103;PUNO;SAN ROMÁN;CABANILLAS;98.9;496.0;532.0;2.3;23.2;44.1;30.4;8.1;8.1;27.8;56.0
211104;PUNO;SAN ROMÁN;CARACOTO;96.1;508.0;539.0;0.0;18.4;42.8;38.8;4.4;12.0;26.4;57.2
211105;PUNO;SAN ROMÁN;SAN MIGUEL;97.3;486.0;495.0;1.9;25.0;46.6;26.5;9.1;13.8;39.7;37.4
211201;PUNO;SANDIA;SANDIA;97.6;469.0;480.0;1.7;35.0;41.7;21.6;8.2;14.6;43.3;33.8
211202;PUNO;SANDIA;CUYOCUYO;96.8;474.0;449.0;0.0;33.1;53.2;13.7;9.7;16.1;71.0;3.2
211203;PUNO;SANDIA;LIMBANI;97.3;492.0;477.0;0.0;28.0;44.3;27.7;5.7;25.3;41.0;27.9
211204;PUNO;SANDIA;PATAMBUCO;96.4;471.0;506.0;3.6;33.9;42.9;19.6;3.6;3.6;51.8;41.1
211205;PUNO;SANDIA;PHARA;98.0;495.0;495.0;4.2;14.3;51.0;30.5;8.3;6.2;53.0;32.5
211206;PUNO;SANDIA;QUIACA;100.0;490.0;486.0;0.0;20.0;40.0;40.0;10.0;20.0;40.0;30.0
211207;PUNO;SANDIA;SAN JUAN DEL ORO;95.0;458.0;447.0;2.9;36.9;38.5;21.7;18.8;16.4;45.8;19.0
211208;PUNO;SANDIA;YANAHUAYA;100.0;480.0;478.0;3.0;27.3;42.4;27.3;15.2;18.2;33.3;33.3
211209;PUNO;SANDIA;ALTO INAMBARI;94.5;459.0;457.0;2.8;44.8;37.5;14.9;12.9;27.7;32.3;27.0
211210;PUNO;SANDIA;SAN PEDRO DE PUTINA PUNCO;97.4;485.0;505.0;2.7;28.2;40.0;29.2;8.1;20.9;33.3;37.7
211301;PUNO;YUNGUYO;YUNGUYO;98.3;480.0;489.0;3.1;26.1;43.9;26.9;7.8;17.9;39.8;34.6
211302;PUNO;YUNGUYO;ANAPIA;100.0;411.0;401.0;0.0;66.7;33.3;0.0;33.3;33.3;33.3;0.0
211303;PUNO;YUNGUYO;COPANI;97.9;459.0;450.0;4.4;39.2;41.1;15.3;17.4;17.4;47.7;17.4
211306;PUNO;YUNGUYO;TINICACHI;100.0;445.0;432.0;11.1;44.4;22.2;22.2;22.2;22.2;44.4;11.1
220101;SAN MARTÍN;MOYOBAMBA;MOYOBAMBA;96.7;477.0;456.0;3.9;29.9;40.3;25.9;14.9;20.8;41.3;23.1
220102;SAN MARTÍN;MOYOBAMBA;CALZADA;96.4;515.0;507.0;2.6;20.3;29.2;47.9;6.4;11.5;39.2;43.0
220103;SAN MARTÍN;MOYOBAMBA;HABANA;94.2;466.0;442.0;10.2;26.5;38.8;24.5;22.4;22.4;34.7;20.4
220104;SAN MARTÍN;MOYOBAMBA;JEPELACIO;97.9;462.0;433.0;5.0;35.9;39.3;19.7;20.4;23.9;41.5;14.2
220105;SAN MARTÍN;MOYOBAMBA;SORITOR;97.7;470.0;448.0;3.0;36.4;37.9;22.7;16.6;20.7;44.2;18.5
220106;SAN MARTÍN;MOYOBAMBA;YANTALO;93.0;491.0;457.0;0.0;19.0;48.3;32.7;9.5;19.0;54.7;16.8
220201;SAN MARTÍN;BELLAVISTA;BELLAVISTA;96.3;457.0;420.0;5.3;37.5;39.2;18.0;27.1;25.6;32.1;15.2
220202;SAN MARTÍN;BELLAVISTA;ALTO BIAVO;90.2;413.0;374.0;13.5;61.7;18.7;6.0;44.1;28.9;23.5;3.5
220203;SAN MARTÍN;BELLAVISTA;BAJO BIAVO;97.8;423.0;389.0;13.6;53.5;26.2;6.7;38.1;27.2;27.6;7.1
220204;SAN MARTÍN;BELLAVISTA;HUALLAGA;96.9;394.0;391.0;20.9;66.5;11.1;1.6;27.3;51.9;19.2;1.6
220205;SAN MARTÍN;BELLAVISTA;SAN PABLO;97.3;430.0;386.0;10.5;47.6;36.5;5.4;40.6;24.5;27.2;7.6
220206;SAN MARTÍN;BELLAVISTA;SAN RAFAEL;98.3;445.0;415.0;10.3;40.6;34.6;14.5;29.9;27.4;29.9;12.8
220301;SAN MARTÍN;EL DORADO;SAN JOSE DE SISA;98.7;440.0;403.0;10.3;47.4;29.9;12.4;37.2;26.4;23.8;12.7
220302;SAN MARTÍN;EL DORADO;AGUA BLANCA;97.6;432.0;389.0;12.2;56.2;19.6;12.0;39.0;34.2;17.2;9.6
220303;SAN MARTÍN;EL DORADO;SAN MARTIN;91.8;422.0;381.0;12.1;54.4;26.8;6.7;40.2;30.2;23.7;5.9
220304;SAN MARTÍN;EL DORADO;SANTA ROSA;94.9;418.0;373.0;9.4;61.9;22.1;6.7;51.6;19.8;21.2;7.5
220305;SAN MARTÍN;EL DORADO;SHATOJA;100.0;426.0;380.0;12.0;49.8;30.5;7.7;42.2;31.9;19.8;6.1
220401;SAN MARTÍN;HUALLAGA;SAPOSOA;97.2;469.0;448.0;5.2;33.5;40.4;20.9;20.3;23.9;32.0;23.7
220402;SAN MARTÍN;HUALLAGA;ALTO SAPOSOA;98.1;416.0;368.0;12.5;61.2;20.4;5.9;46.0;30.4;20.6;3.1
220403;SAN MARTÍN;HUALLAGA;EL ESLABON;100.0;468.0;435.0;7.1;35.7;35.7;21.4;11.9;33.3;40.5;14.3
220404;SAN MARTÍN;HUALLAGA;PISCOYACU;100.0;443.0;402.0;8.9;43.0;35.4;12.7;36.7;25.3;29.1;8.9
220405;SAN MARTÍN;HUALLAGA;SACANCHE;96.4;438.0;410.0;9.6;42.7;36.9;10.9;37.5;16.7;32.9;12.9
220406;SAN MARTÍN;HUALLAGA;TINGO DE SAPOSOA;88.9;449.0;423.0;0.0;62.5;37.5;0.0;25.0;25.0;50.0;0.0
220501;SAN MARTÍN;LAMAS;LAMAS;97.9;462.0;414.0;5.8;32.7;42.7;18.8;27.8;28.3;31.6;12.4
220502;SAN MARTÍN;LAMAS;ALONSO DE ALVARADO;97.0;445.0;421.0;7.5;43.8;37.3;11.4;28.1;21.7;36.4;13.8
220503;SAN MARTÍN;LAMAS;BARRANQUITA;94.1;438.0;390.0;3.9;53.1;34.9;8.0;33.2;34.2;30.2;2.4
220504;SAN MARTÍN;LAMAS;CAYNARACHI;94.4;449.0;407.0;6.8;42.4;38.4;12.4;27.5;33.8;31.8;6.9
220505;SAN MARTÍN;LAMAS;CUÑUMBUQUI;100.0;429.0;383.0;10.1;53.6;29.0;7.2;47.8;20.3;20.3;11.6
220506;SAN MARTÍN;LAMAS;PINTO RECODO;99.3;429.0;398.0;11.3;49.3;31.0;8.4;33.2;26.6;33.3;6.9
220507;SAN MARTÍN;LAMAS;RUMISAPA;98.3;436.0;387.0;12.3;52.8;19.0;15.9;37.0;33.1;19.3;10.6
220508;SAN MARTÍN;LAMAS;SAN ROQUE DE CUMBAZA;100.0;415.0;375.0;12.0;60.0;28.0;0.0;32.0;36.0;28.0;4.0
220509;SAN MARTÍN;LAMAS;SHANAO;100.0;502.0;431.0;0.0;26.1;26.1;47.8;21.7;26.1;34.8;17.4
220510;SAN MARTÍN;LAMAS;TABALOSOS;96.8;430.0;385.0;8.7;57.2;24.9;9.2;35.8;34.3;24.8;5.2
220511;SAN MARTÍN;LAMAS;ZAPATERO;98.7;422.0;370.0;17.7;46.3;28.0;8.1;52.6;19.6;22.5;5.4
220601;SAN MARTÍN;MARISCAL CÁCERES;JUANJUI;97.7;455.0;419.0;4.7;41.7;37.5;16.1;24.2;27.7;35.9;12.2
220602;SAN MARTÍN;MARISCAL CÁCERES;CAMPANILLA;95.1;435.0;404.0;9.9;48.7;33.3;8.1;30.9;28.5;32.0;8.6
220603;SAN MARTÍN;MARISCAL CÁCERES;HUICUNGO;96.1;434.0;390.0;8.5;50.7;32.9;7.9;36.7;26.4;29.2;7.8
220604;SAN MARTÍN;MARISCAL CÁCERES;PACHIZA;93.6;432.0;383.0;9.4;50.0;24.9;15.7;43.1;23.0;24.1;9.7
220605;SAN MARTÍN;MARISCAL CÁCERES;PAJARILLO;97.9;433.0;373.0;14.9;47.6;27.9;9.6;45.9;26.6;23.4;4.2
220701;SAN MARTÍN;PICOTA;PICOTA;94.6;474.0;445.0;3.9;31.1;37.9;27.0;19.2;22.4;38.4;20.0
220702;SAN MARTÍN;PICOTA;BUENOS AIRES;97.1;455.0;397.0;3.0;39.2;45.8;12.0;22.5;36.6;37.9;3.0
220703;SAN MARTÍN;PICOTA;CASPISAPA;100.0;446.0;391.0;2.8;41.7;44.4;11.1;27.8;27.8;41.7;2.8
220704;SAN MARTÍN;PICOTA;PILLUANA;100.0;412.0;353.0;14.3;64.3;14.3;7.1;64.3;21.4;14.3;0.0
220705;SAN MARTÍN;PICOTA;PUCACACA;95.6;412.0;354.0;18.1;53.3;19.3;9.3;46.3;30.4;23.3;0.0
220706;SAN MARTÍN;PICOTA;SAN CRISTOBAL;88.2;440.0;377.0;0.0;56.7;36.7;6.7;33.3;40.0;23.3;3.3
220707;SAN MARTÍN;PICOTA;SAN HILARION;94.3;445.0;406.0;3.6;47.3;39.2;9.9;34.0;23.1;31.8;11.1
220708;SAN MARTÍN;PICOTA;SHAMBOYACU;96.0;420.0;383.0;13.9;49.0;31.2;5.9;39.0;24.0;31.5;5.5
220709;SAN MARTÍN;PICOTA;TINGO DE PONASA;97.9;428.0;399.0;12.0;50.0;29.2;8.7;34.0;27.3;29.1;9.7
220710;SAN MARTÍN;PICOTA;TRES UNIDOS;94.7;439.0;395.0;5.4;54.7;28.5;11.3;28.1;40.9;25.3;5.7
220801;SAN MARTÍN;RIOJA;RIOJA;98.4;483.0;465.0;2.3;28.1;41.3;28.2;11.9;21.5;40.5;26.1
220802;SAN MARTÍN;RIOJA;AWAJUN;94.5;448.0;430.0;6.5;44.5;35.2;13.7;27.5;27.7;28.5;16.2
220803;SAN MARTÍN;RIOJA;ELIAS SOPLIN VARGAS;98.1;466.0;454.0;3.2;31.8;47.0;17.9;15.6;20.9;41.1;22.4
220804;SAN MARTÍN;RIOJA;NUEVA CAJAMARCA;98.1;466.0;448.0;3.2;37.3;39.5;20.1;18.4;22.0;38.3;21.4
220805;SAN MARTÍN;RIOJA;PARDO MIGUEL;98.3;455.0;425.0;6.1;41.0;35.1;17.8;23.7;20.6;43.0;12.7
220806;SAN MARTÍN;RIOJA;POSIC;95.7;495.0;479.0;2.2;28.9;31.1;37.8;13.3;22.2;28.9;35.6
220807;SAN MARTÍN;RIOJA;SAN FERNANDO;94.5;471.0;474.0;0.0;26.9;61.5;11.5;5.8;25.0;38.5;30.8
220808;SAN MARTÍN;RIOJA;YORONGOS;97.6;445.0;431.0;4.9;43.9;43.9;7.3;29.3;14.6;41.5;14.6
220809;SAN MARTÍN;RIOJA;YURACYACU;95.1;485.0;471.0;2.6;24.4;47.4;25.6;12.8;16.7;38.5;32.1
220901;SAN MARTÍN;SAN MARTÍN;TARAPOTO;97.7;486.0;458.0;2.7;26.8;39.7;30.8;14.3;21.1;40.5;24.1
220902;SAN MARTÍN;SAN MARTÍN;ALBERTO LEVEAU;100.0;422.0;347.0;8.3;58.3;25.0;8.3;58.3;33.3;8.3;0.0
220903;SAN MARTÍN;SAN MARTÍN;CACATACHI;92.7;449.0;402.0;2.5;48.9;33.6;14.9;26.3;40.5;29.3;3.9
220904;SAN MARTÍN;SAN MARTÍN;CHAZUTA;97.1;422.0;379.0;13.4;52.0;27.3;7.3;39.7;28.1;29.3;2.9
220905;SAN MARTÍN;SAN MARTÍN;CHIPURANA;93.8;432.0;406.0;13.0;47.4;26.4;13.2;29.4;26.2;34.5;9.9
220906;SAN MARTÍN;SAN MARTÍN;EL PORVENIR;100.0;451.0;438.0;2.2;46.7;35.6;15.6;17.8;28.9;40.0;13.3
220907;SAN MARTÍN;SAN MARTÍN;HUIMBAYOC;87.7;393.0;344.0;25.3;53.1;17.0;4.6;62.3;21.3;12.6;3.7
220908;SAN MARTÍN;SAN MARTÍN;JUAN GUERRA;95.9;477.0;448.0;1.4;39.8;34.4;24.4;15.6;22.6;45.9;15.8
220909;SAN MARTÍN;SAN MARTÍN;LA BANDA DE SHILCAYO;95.2;471.0;441.0;3.8;35.0;38.3;23.0;18.6;25.9;36.2;19.2
220910;SAN MARTÍN;SAN MARTÍN;MORALES;94.2;479.0;442.0;3.2;32.8;37.7;26.3;17.8;27.1;36.6;18.5
220911;SAN MARTÍN;SAN MARTÍN;PAPAPLAYA;90.6;395.0;323.0;20.3;63.0;12.9;3.8;77.6;11.3;11.1;0.0
220912;SAN MARTÍN;SAN MARTÍN;SAN ANTONIO;97.3;446.0;390.0;8.3;41.6;39.0;11.1;33.1;33.2;28.2;5.5
220913;SAN MARTÍN;SAN MARTÍN;SAUCE;90.2;438.0;405.0;5.5;49.0;40.3;5.1;25.6;31.0;38.8;4.5
220914;SAN MARTÍN;SAN MARTÍN;SHAPAJA;94.3;445.0;409.0;12.1;45.5;24.2;18.2;36.4;24.2;27.3;12.1
221001;SAN MARTÍN;TOCACHE;TOCACHE;96.1;464.0;438.0;5.3;39.6;35.4;19.7;23.4;22.5;35.9;18.2
221002;SAN MARTÍN;TOCACHE;NUEVO PROGRESO;92.5;467.0;447.0;5.4;33.6;38.6;22.4;16.6;27.3;36.1;20.0
221003;SAN MARTÍN;TOCACHE;POLVORA;95.3;457.0;432.0;4.6;42.7;36.7;16.0;25.5;23.3;31.3;19.9
221004;SAN MARTÍN;TOCACHE;SHUNTE;100.0;447.0;414.0;17.2;34.5;27.6;20.7;37.9;10.3;27.6;24.1
221005;SAN MARTÍN;TOCACHE;UCHIZA;96.2;473.0;456.0;4.2;35.1;35.1;25.6;17.3;22.2;37.0;23.5
221006;SAN MARTÍN;TOCACHE;SANTA LUCÍA;92.0;474.0;446.0;2.8;29.3;48.0;20.0;13.1;25.5;46.6;14.8
230101;TACNA;TACNA;TACNA;98.3;536.0;558.0;0.6;9.7;33.2;56.5;3.1;6.9;27.3;62.6
230102;TACNA;TACNA;ALTO DE LA ALIANZA;98.0;495.0;516.0;1.5;20.0;47.1;31.4;7.0;12.7;33.1;47.2
230103;TACNA;TACNA;CALANA;91.7;472.0;464.0;9.4;25.5;45.6;19.4;16.2;18.8;32.0;33.1
230104;TACNA;TACNA;CIUDAD NUEVA;99.1;502.0;535.0;1.6;20.2;42.9;35.4;4.6;12.4;30.8;52.2
230105;TACNA;TACNA;INCLAN;100.0;477.0;475.0;3.8;26.4;47.2;22.6;15.1;7.5;49.1;28.3
230106;TACNA;TACNA;PACHIA;100.0;546.0;510.0;5.0;0.0;45.0;50.0;10.0;5.0;45.0;40.0
230107;TACNA;TACNA;PALCA;100.0;433.0;368.0;0.0;62.5;25.0;12.5;62.5;12.5;12.5;12.5
230108;TACNA;TACNA;POCOLLAY;97.5;518.0;522.0;2.4;10.4;39.3;48.0;4.9;7.6;40.5;47.0
230109;TACNA;TACNA;SAMA;100.0;514.0;532.0;0.0;13.8;44.8;41.4;3.4;10.3;34.5;51.7
230110;TACNA;TACNA;CORONEL GREGORIO ALBARRACIN LANCHIPA;98.6;518.0;539.0;1.4;13.1;38.4;47.1;4.9;9.1;30.6;55.5
230111;TACNA;TACNA;LA YARADA LOS PALOS;98.8;503.0;509.0;3.5;17.1;42.9;36.5;6.5;14.8;35.2;43.5
230201;TACNA;CANDARAVE;CANDARAVE;100.0;518.0;538.0;5.3;10.5;31.6;52.6;5.3;5.3;31.6;57.9
230203;TACNA;CANDARAVE;CAMILACA;100.0;438.0;426.0;0.0;66.7;33.3;0.0;33.3;16.7;50.0;0.0
230205;TACNA;CANDARAVE;HUANUARA;100.0;529.0;586.0;0.0;16.7;33.3;50.0;0.0;16.7;33.3;50.0
230301;TACNA;JORGE BASADRE;LOCUMBA;98.0;547.0;565.0;2.0;13.7;20.0;64.3;3.9;12.2;16.1;67.8
230302;TACNA;JORGE BASADRE;ILABAYA;96.3;544.0;541.0;1.3;7.6;31.2;60.0;3.8;5.1;37.6;53.4
230303;TACNA;JORGE BASADRE;ITE;98.3;541.0;561.0;0.0;12.1;29.8;58.2;3.4;5.3;34.8;56.4
230401;TACNA;TARATA;TARATA;100.0;490.0;516.0;0.0;36.7;30.0;33.3;6.7;16.7;43.3;33.3
230408;TACNA;TARATA;TICACO;100.0;528.0;537.0;0.0;0.0;50.0;50.0;0.0;0.0;50.0;50.0
240101;TUMBES;TUMBES;TUMBES;93.3;467.0;431.0;4.5;35.9;37.3;22.4;21.6;25.0;37.7;15.7
240102;TUMBES;TUMBES;CORRALES;94.1;453.0;419.0;6.7;39.7;38.5;15.1;21.9;30.4;38.1;9.6
240103;TUMBES;TUMBES;LA CRUZ;93.2;470.0;445.0;2.5;37.1;39.5;20.9;15.8;26.1;41.7;16.4
240104;TUMBES;TUMBES;PAMPAS DE HOSPITAL;98.4;425.0;378.0;11.6;55.9;24.0;8.5;40.0;32.5;23.4;4.1
240105;TUMBES;TUMBES;SAN JACINTO;94.6;458.0;442.0;2.7;44.3;39.6;13.4;24.2;18.4;40.7;16.7
240106;TUMBES;TUMBES;SAN JUAN DE LA VIRGEN;96.7;466.0;421.0;6.8;32.2;39.0;22.0;23.0;27.5;35.7;13.8
240201;TUMBES;CONTRALMIRANTE VILLAR;ZORRITOS;96.3;474.0;444.0;2.2;31.6;43.4;22.8;15.0;27.6;38.2;19.2
240202;TUMBES;CONTRALMIRANTE VILLAR;CASITAS;100.0;396.0;345.0;17.4;60.9;17.4;4.3;52.2;30.4;13.0;4.3
240203;TUMBES;CONTRALMIRANTE VILLAR;CANOAS DE PUNTA SAL;96.4;437.0;400.0;10.4;47.0;27.6;14.9;31.4;29.9;29.0;9.7
240301;TUMBES;ZARUMILLA;ZARUMILLA;93.1;460.0;430.0;5.5;36.6;40.4;17.5;20.7;28.1;36.2;14.9
240302;TUMBES;ZARUMILLA;AGUAS VERDES;87.1;436.0;403.0;6.3;50.7;33.3;9.6;24.5;32.7;38.0;4.8
240303;TUMBES;ZARUMILLA;MATAPALO;99.1;444.0;416.0;11.9;36.2;32.8;19.1;26.9;24.3;35.1;13.7
240304;TUMBES;ZARUMILLA;PAPAYAL;96.7;460.0;432.0;2.8;40.2;42.3;14.7;19.1;25.5;41.5;13.9
250101;UCAYALI;CORONEL PORTILLO;CALLERIA;95.0;478.0;439.0;5.5;31.0;34.2;29.3;21.9;23.3;36.4;18.3
250102;UCAYALI;CORONEL PORTILLO;CAMPOVERDE;90.3;440.0;399.0;11.7;41.2;32.9;14.2;34.9;25.8;29.1;10.3
250103;UCAYALI;CORONEL PORTILLO;IPARIA;72.5;;;;;;;;;;
250104;UCAYALI;CORONEL PORTILLO;MASISEA;87.9;410.0;356.0;14.2;60.5;18.6;6.8;50.2;28.1;18.5;3.2
250105;UCAYALI;CORONEL PORTILLO;YARINACOCHA;91.9;449.0;402.0;11.3;39.6;30.0;19.1;35.3;24.4;29.6;10.8
250106;UCAYALI;CORONEL PORTILLO;NUEVA REQUENA;98.0;412.0;372.0;20.1;51.9;20.7;7.3;49.0;20.8;25.5;4.7
250107;UCAYALI;CORONEL PORTILLO;MANANTAY;90.6;447.0;408.0;9.8;42.2;32.8;15.3;31.3;25.7;32.5;10.5
250201;UCAYALI;ATALAYA;RAYMONDI;90.0;424.0;381.0;18.4;46.0;23.2;12.5;42.7;24.2;25.4;7.7
250202;UCAYALI;ATALAYA;SEPAHUA;97.9;431.0;378.0;13.5;46.4;28.6;11.6;40.5;29.4;29.3;0.7
250203;UCAYALI;ATALAYA;TAHUANIA;67.6;;;;;;;;;;
250204;UCAYALI;ATALAYA;YURUA;77.8;;;;;;;;;;
250301;UCAYALI;PADRE ABAD;PADRE ABAD;94.0;452.0;418.0;8.5;41.6;32.0;18.0;30.4;22.1;33.1;14.3
250302;UCAYALI;PADRE ABAD;IRAZOLA;95.5;456.0;442.0;6.4;43.4;29.8;20.4;28.5;17.0;32.0;22.5
250303;UCAYALI;PADRE ABAD;CURIMANA;89.4;445.0;406.0;6.5;43.7;38.0;11.9;28.9;30.2;30.8;10.1
250304;UCAYALI;PADRE ABAD;NESHUYA;89.0;442.0;400.0;9.8;46.9;30.5;12.8;35.1;23.8;30.6;10.5
250305;UCAYALI;PADRE ABAD;ALEXANDER VON HUMBOLDT;92.8;467.0;457.0;3.1;37.6;35.9;23.4;15.7;23.4;39.9;21.0
250306;UCAYALI;PADRE ABAD;HUIPOCA;90.0;427.0;400.0;16.4;45.9;30.3;7.4;35.3;21.1;38.2;5.4
250307;UCAYALI;PADRE ABAD;BOQUERÓN;94.3;466.0;442.0;5.8;32.0;40.5;21.7;27.1;21.1;28.9;22.9
250401;UCAYALI;PURÚS;PURUS;81.0;373.0;313.0;32.4;58.8;8.8;0.0;84.4;6.3;9.4;0.0
