Codigo Geografico;REGION;PROVINCIA;DISTRITO;Cobertura Estudiantes;Medida Promedio Comprension Lectora;Medida Promedio Matematica;Lect_Previo al Inicio;Lect_En inicio;Lect_En proceso;Lect_Satisfactorio;Mat_Previo al Inicio;Mat_En inicio;Mat_En proceso;Mat_Satisfactorio
010101;AMAZONAS;CHACHAPOYAS;CHACHAPOYAS;97.5;528.0;526.0;3.7;13.4;28.0;54.9;2.1;10.0;38.1;49.9
010103;AMAZONAS;CHACHAPOYAS;BALSAS;100.0;537.0;527.0;4.6;9.1;13.6;72.7;5.0;9.0;36.0;50.0
010104;AMAZONAS;CHACHAPOYAS;CHETO;100.0;537.0;528.0;0.0;12.5;37.5;50.0;0.0;0.0;50.0;50.0
010106;AMAZONAS;CHACHAPOYAS;CHUQUIBAMBA;100.0;437.0;445.0;15.4;27.0;46.1;11.5;3.9;30.8;57.7;7.7
010107;AMAZONAS;CHACHAPOYAS;GRANADA;100.0;528.0;523.0;0.0;27.3;27.3;45.5;0.0;18.2;36.4;45.5
010109;AMAZONAS;CHACHAPOYAS;LA JALCA;98.5;443.0;455.0;13.7;40.9;26.5;18.9;6.9;28.9;43.9;20.3
010110;AMAZONAS;CHACHAPOYAS;LEIMEBAMBA;98.7;478.0;481.0;13.5;18.8;29.9;37.8;9.4;15.0;39.2;36.4
010111;AMAZONAS;CHACHAPOYAS;LEVANTO;100.0;564.0;586.0;0.0;0.0;30.8;69.2;0.0;0.0;15.4;84.6
010112;AMAZONAS;CHACHAPOYAS;MAGDALENA;100.0;467.0;463.0;12.5;25.0;31.3;31.3;12.5;18.8;43.8;25.0
010113;AMAZONAS;CHACHAPOYAS;MARISCAL CASTILLA;100.0;462.0;458.0;0.0;40.0;40.0;20.0;0.0;20.0;80.0;0.0
010114;AMAZONAS;CHACHAPOYAS;MOLINOPAMPA;100.0;517.0;504.0;2.8;11.1;44.4;41.7;0.0;16.7;50.0;33.3
010115;AMAZONAS;CHACHAPOYAS;MONTEVIDEO;100.0;438.0;458.0;14.3;28.6;28.6;28.6;14.3;14.3;28.6;42.9
010116;AMAZONAS;CHACHAPOYAS;OLLEROS;100.0;484.0;459.0;0.0;40.0;40.0;20.0;0.0;20.0;80.0;0.0
010119;AMAZONAS;CHACHAPOYAS;SAN ISIDRO DE MAINO;100.0;454.0;432.0;12.5;12.5;75.0;0.0;0.0;50.0;50.0;0.0
010120;AMAZONAS;CHACHAPOYAS;SOLOCO;100.0;426.0;477.0;0.0;83.3;16.7;0.0;0.0;16.7;66.7;16.7
010201;AMAZONAS;BAGUA;BAGUA;98.3;468.0;459.0;12.1;25.5;35.8;26.6;10.9;24.9;43.7;20.5
010202;AMAZONAS;BAGUA;ARAMANGO;95.9;452.0;450.0;16.1;29.1;31.6;23.2;14.4;28.3;38.8;18.4
010203;AMAZONAS;BAGUA;COPALLIN;100.0;449.0;452.0;8.5;42.6;34.0;14.9;10.7;31.9;42.5;14.9
010204;AMAZONAS;BAGUA;EL PARCO;100.0;454.0;458.0;10.0;40.0;10.0;40.0;0.0;30.0;60.0;10.0
010205;AMAZONAS;BAGUA;IMAZA;88.2;;;;;;;;;;
010206;AMAZONAS;BAGUA;LA PECA;93.4;454.0;454.0;12.9;28.7;38.0;20.4;13.1;24.7;41.3;20.9
010301;AMAZONAS;BONGARÁ;JUMBILLA;100.0;512.0;504.0;7.7;19.2;19.2;53.8;7.7;7.7;38.5;46.2
010303;AMAZONAS;BONGARÁ;CHURUJA;100.0;496.0;453.0;0.0;0.0;75.0;25.0;0.0;50.0;25.0;25.0
010304;AMAZONAS;BONGARÁ;COROSHA;100.0;351.0;375.0;80.0;0.0;20.0;0.0;40.0;40.0;20.0;0.0
010305;AMAZONAS;BONGARÁ;CUISPES;90.9;448.0;425.0;20.5;29.5;29.5;20.5;11.6;47.3;20.5;20.5
010306;AMAZONAS;BONGARÁ;FLORIDA;100.0;481.0;495.0;7.4;23.5;39.0;30.1;2.9;22.1;41.9;33.1
010307;AMAZONAS;BONGARÁ;JAZAN;97.8;499.0;499.0;2.3;27.7;28.4;41.6;2.2;12.0;48.5;37.2
010310;AMAZONAS;BONGARÁ;SHIPASBAMBA;100.0;542.0;571.0;0.0;5.6;16.7;77.8;0.0;0.0;22.2;77.8
010312;AMAZONAS;BONGARÁ;YAMBRASBAMBA;97.9;481.0;496.0;10.3;29.3;25.6;34.8;10.4;12.8;35.3;41.6
010401;AMAZONAS;CONDORCANQUI;NIEVA;86.6;;;;;;;;;;
010402;AMAZONAS;CONDORCANQUI;EL CENEPA;83.3;301.0;284.0;100.0;0.0;0.0;0.0;100.0;0.0;0.0;0.0
010403;AMAZONAS;CONDORCANQUI;RIO SANTIAGO;92.6;327.0;299.0;77.7;11.1;7.4;3.7;85.1;7.4;7.4;0.0
010501;AMAZONAS;LUYA;LAMUD;100.0;517.0;530.0;0.0;17.5;42.5;40.0;2.5;2.5;52.5;42.5
010502;AMAZONAS;LUYA;CAMPORREDONDO;95.8;453.0;458.0;10.8;40.4;27.1;21.7;8.3;26.0;50.9;14.8
010503;AMAZONAS;LUYA;COCABAMBA;100.0;444.0;458.0;5.7;53.0;29.8;11.5;5.7;29.5;53.0;11.7
010504;AMAZONAS;LUYA;COLCAMAR;100.0;486.0;497.0;9.1;31.9;13.6;45.4;13.7;4.6;50.0;31.8
010505;AMAZONAS;LUYA;CONILA;100.0;441.0;437.0;15.6;37.5;31.3;15.6;12.5;34.4;43.7;9.4
010506;AMAZONAS;LUYA;INGUILPATA;100.0;398.0;369.0;33.3;33.3;16.7;16.7;50.0;33.3;0.0;16.7
010507;AMAZONAS;LUYA;LONGUITA;100.0;486.0;514.0;12.1;24.2;11.5;52.1;6.1;12.1;18.2;63.6
010508;AMAZONAS;LUYA;LONYA CHICO;100.0;484.0;481.0;13.5;6.5;39.7;40.3;6.8;26.5;26.8;40.0
010509;AMAZONAS;LUYA;LUYA;100.0;484.0;488.0;7.6;21.5;41.8;29.1;3.8;12.7;49.4;34.2
010510;AMAZONAS;LUYA;LUYA VIEJO;83.3;457.0;490.0;0.0;40.0;40.0;20.0;0.0;40.0;20.0;40.0
010511;AMAZONAS;LUYA;MARIA;100.0;563.0;555.0;0.0;0.0;33.3;66.7;0.0;0.0;50.0;50.0
010512;AMAZONAS;LUYA;OCALLI;98.7;481.0;495.0;8.1;25.3;34.7;31.9;1.4;17.4;46.7;34.5
010513;AMAZONAS;LUYA;OCUMAL;98.4;452.0;462.0;22.6;27.7;22.8;27.0;11.5;20.8;43.7;24.0
010514;AMAZONAS;LUYA;PISUQUIA;99.0;470.0;477.0;11.8;25.0;37.3;25.9;8.9;16.9;43.9;30.3
010515;AMAZONAS;LUYA;PROVIDENCIA;100.0;446.0;432.0;18.2;26.9;36.5;18.4;18.2;32.0;31.8;18.0
010516;AMAZONAS;LUYA;SAN CRISTOBAL;100.0;476.0;466.0;0.0;33.3;55.6;11.1;0.0;22.2;77.8;0.0
010517;AMAZONAS;LUYA;SAN FRANCISCO DEL YESO;100.0;484.0;465.0;0.0;12.5;50.0;37.5;0.0;50.0;12.5;37.5
010519;AMAZONAS;LUYA;SAN JUAN DE LOPECANCHA;100.0;473.0;549.0;16.7;16.7;50.0;16.7;0.0;16.7;33.3;50.0
010520;AMAZONAS;LUYA;SANTA CATALINA;96.4;442.0;443.0;11.0;36.1;43.2;9.7;11.0;16.7;61.0;11.2
010521;AMAZONAS;LUYA;SANTO TOMAS;100.0;473.0;495.0;6.4;27.0;44.4;22.2;0.0;27.0;42.8;30.2
010522;AMAZONAS;LUYA;TINGO;100.0;511.0;506.0;4.2;12.5;50.0;33.3;0.0;12.5;50.0;37.5
010523;AMAZONAS;LUYA;TRITA;92.7;473.0;462.0;5.8;28.2;35.5;30.5;8.3;21.5;48.0;22.3
010601;AMAZONAS;RODRÍGUEZ DE MENDOZA;SAN NICOLAS;97.6;497.0;488.0;9.1;19.0;26.4;45.5;9.9;15.7;38.9;35.5
010602;AMAZONAS;RODRÍGUEZ DE MENDOZA;CHIRIMOTO;94.4;480.0;474.0;4.3;28.7;30.0;36.9;1.9;23.1;48.1;26.9
010603;AMAZONAS;RODRÍGUEZ DE MENDOZA;COCHAMAL;100.0;561.0;573.0;0.0;0.0;14.3;85.7;0.0;0.0;28.6;71.4
010604;AMAZONAS;RODRÍGUEZ DE MENDOZA;HUAMBO;100.0;492.0;489.0;7.4;18.5;44.4;29.6;7.4;14.8;37.0;40.7
010605;AMAZONAS;RODRÍGUEZ DE MENDOZA;LIMABAMBA;100.0;549.0;558.0;9.1;0.0;27.3;63.6;0.0;0.0;45.0;55.0
010606;AMAZONAS;RODRÍGUEZ DE MENDOZA;LONGAR;100.0;474.0;480.0;14.2;19.0;19.1;47.7;23.7;9.5;38.1;28.7
010607;AMAZONAS;RODRÍGUEZ DE MENDOZA;MARISCAL BENAVIDES;100.0;592.0;599.0;0.0;0.0;10.0;90.0;0.0;0.0;10.0;90.0
010608;AMAZONAS;RODRÍGUEZ DE MENDOZA;MILPUC;80.0;411.0;425.0;25.0;25.0;25.0;25.0;25.0;0.0;75.0;0.0
010609;AMAZONAS;RODRÍGUEZ DE MENDOZA;OMIA;100.0;476.0;478.0;12.4;24.4;33.2;30.1;9.3;18.9;39.0;32.8
010612;AMAZONAS;RODRÍGUEZ DE MENDOZA;VISTA ALEGRE;100.0;441.0;461.0;12.0;38.1;31.0;18.8;7.2;28.8;40.5;23.5
010701;AMAZONAS;UTCUBAMBA;BAGUA GRANDE;96.8;462.0;465.0;10.6;32.2;32.4;24.9;8.6;23.3;45.3;22.8
010702;AMAZONAS;UTCUBAMBA;CAJARURO;97.2;450.0;450.0;12.9;35.2;31.3;20.5;11.3;27.4;44.8;16.5
010703;AMAZONAS;UTCUBAMBA;CUMBA;98.5;449.0;463.0;16.3;30.7;28.5;24.5;11.9;23.8;37.5;26.8
010704;AMAZONAS;UTCUBAMBA;EL MILAGRO;97.4;420.0;421.0;19.2;42.2;28.7;9.9;22.0;34.8;29.7;13.5
010705;AMAZONAS;UTCUBAMBA;JAMALCA;97.9;505.0;493.0;8.4;23.1;25.6;42.8;9.0;18.5;33.6;38.8
010706;AMAZONAS;UTCUBAMBA;LONYA GRANDE;97.0;468.0;476.0;8.0;30.1;34.7;27.3;9.3;22.8;40.5;27.4
010707;AMAZONAS;UTCUBAMBA;YAMON;96.6;446.0;448.0;17.3;31.7;30.0;21.0;10.2;27.1;46.8;15.9
020101;ÁNCASH;HUARAZ;HUARAZ;98.7;493.0;487.0;9.1;23.2;27.6;40.1;7.7;19.4;38.6;34.3
020102;ÁNCASH;HUARAZ;COCHABAMBA;100.0;354.0;339.0;62.0;19.0;19.0;0.0;71.6;14.2;9.5;4.7
020104;ÁNCASH;HUARAZ;HUANCHAY;100.0;478.0;453.0;15.4;15.4;23.1;46.2;23.1;15.4;23.1;38.5
020105;ÁNCASH;HUARAZ;INDEPENDENCIA;99.0;503.0;494.0;4.3;21.7;31.7;42.4;4.4;16.9;44.9;33.8
020106;ÁNCASH;HUARAZ;JANGAS;100.0;398.0;398.0;35.8;39.3;19.6;5.3;28.6;39.3;26.8;5.3
020107;ÁNCASH;HUARAZ;LA LIBERTAD;100.0;386.0;395.0;45.0;24.1;13.8;17.2;38.0;31.1;13.7;17.2
020108;ÁNCASH;HUARAZ;OLLEROS;100.0;436.0;420.0;21.5;25.0;39.2;14.3;32.2;17.8;42.9;7.1
020109;ÁNCASH;HUARAZ;PAMPAS GRANDE;100.0;439.0;422.0;0.0;50.0;41.7;8.3;8.3;58.3;33.3;0.0
020110;ÁNCASH;HUARAZ;PARIACOTO;98.9;411.0;418.0;33.2;32.1;16.8;17.9;28.7;24.1;33.8;13.4
020111;ÁNCASH;HUARAZ;PIRA;100.0;388.0;378.0;39.9;40.0;16.7;3.4;43.3;36.7;16.7;3.4
020112;ÁNCASH;HUARAZ;TARICA;98.8;430.0;427.0;22.3;35.1;26.3;16.3;18.6;31.3;37.6;12.5
020201;ÁNCASH;AIJA;AIJA;100.0;446.0;461.0;12.6;31.3;40.5;15.6;15.7;21.9;34.3;28.1
020202;ÁNCASH;AIJA;CORIS;100.0;389.0;359.0;29.3;41.6;25.0;4.1;54.3;20.7;25.0;0.0
020203;ÁNCASH;AIJA;HUACLLAN;100.0;458.0;426.0;0.0;50.0;50.0;0.0;0.0;50.0;50.0;0.0
020204;ÁNCASH;AIJA;LA MERCED;100.0;403.0;412.0;35.4;29.5;17.6;17.6;35.4;17.7;41.1;5.8
020205;ÁNCASH;AIJA;SUCCHA;100.0;478.0;492.0;0.0;20.0;60.0;20.0;0.0;20.0;40.0;40.0
020301;ÁNCASH;ANTONIO RAIMONDI;LLAMELLIN;96.3;417.0;421.0;18.3;52.3;21.0;8.4;12.5;41.7;35.3;10.5
020302;ÁNCASH;ANTONIO RAIMONDI;ACZO;100.0;435.0;412.0;29.0;22.6;19.3;29.0;22.6;35.5;38.7;3.2
020303;ÁNCASH;ANTONIO RAIMONDI;CHACCHO;89.7;452.0;442.0;11.5;34.6;30.8;23.1;19.2;23.1;34.6;23.1
020304;ÁNCASH;ANTONIO RAIMONDI;CHINGAS;96.0;445.0;429.0;19.6;37.5;20.4;22.5;13.0;35.8;38.9;12.2
020305;ÁNCASH;ANTONIO RAIMONDI;MIRGAS;100.0;360.0;354.0;55.9;32.2;10.2;1.7;54.3;32.2;13.5;0.0
020306;ÁNCASH;ANTONIO RAIMONDI;SAN JUAN DE RONTOY;92.9;401.0;396.0;35.4;31.1;26.3;7.1;18.6;38.3;43.1;0.0
020401;ÁNCASH;ASUNCIÓN;CHACAS;98.6;503.0;493.0;9.1;21.6;27.6;41.7;1.5;21.6;44.5;32.4
020402;ÁNCASH;ASUNCIÓN;ACOCHACA;100.0;443.0;483.0;11.8;39.1;37.3;11.8;5.9;17.7;45.0;31.4
020501;ÁNCASH;BOLOGNESI;CHIQUIAN;98.8;499.0;496.0;5.7;25.1;26.5;42.7;2.7;21.1;41.7;34.4
020503;ÁNCASH;BOLOGNESI;ANTONIO RAYMONDI;94.1;423.0;453.0;23.2;30.4;38.4;8.0;0.0;37.6;54.4;8.0
020504;ÁNCASH;BOLOGNESI;AQUIA;95.8;440.0;423.0;18.6;33.5;28.9;19.0;14.5;33.1;47.9;4.5
020505;ÁNCASH;BOLOGNESI;CAJACAY;100.0;493.0;508.0;0.0;9.1;63.7;27.2;0.0;0.0;54.6;45.4
020507;ÁNCASH;BOLOGNESI;COLQUIOC;100.0;565.0;544.0;6.1;12.1;15.2;66.7;6.1;3.0;33.3;57.6
020508;ÁNCASH;BOLOGNESI;HUALLANCA;95.3;448.0;459.0;13.6;33.0;35.5;18.0;13.8;23.3;39.4;23.5
020509;ÁNCASH;BOLOGNESI;HUASTA;100.0;470.0;438.0;11.7;17.6;35.4;35.3;11.7;35.3;35.2;17.7
020510;ÁNCASH;BOLOGNESI;HUAYLLACAYAN;100.0;493.0;493.0;21.3;14.2;21.5;43.1;14.2;14.2;28.5;43.1
020511;ÁNCASH;BOLOGNESI;LA PRIMAVERA;100.0;402.0;357.0;37.5;37.5;12.5;12.5;37.5;50.0;12.5;0.0
020512;ÁNCASH;BOLOGNESI;MANGAS;100.0;529.0;509.0;0.0;28.6;14.3;57.1;0.0;14.3;42.9;42.9
020513;ÁNCASH;BOLOGNESI;PACLLON;100.0;478.0;510.0;0.0;46.1;30.8;23.1;0.0;15.4;38.4;46.2
020514;ÁNCASH;BOLOGNESI;SAN MIGUEL DE CORPANQUI;100.0;502.0;543.0;0.0;16.7;33.3;50.0;0.0;16.7;50.0;33.3
020515;ÁNCASH;BOLOGNESI;TICLLOS;100.0;473.0;474.0;0.0;20.0;60.0;20.0;0.0;0.0;100.0;0.0
020601;ÁNCASH;CARHUAZ;CARHUAZ;99.0;446.0;458.0;19.0;30.3;26.3;24.5;12.7;23.0;41.3;22.9
020602;ÁNCASH;CARHUAZ;ACOPAMPA;88.6;495.0;503.0;0.0;17.2;55.2;27.6;0.0;6.9;65.5;27.6
020603;ÁNCASH;CARHUAZ;AMASHCA;100.0;404.0;454.0;22.2;66.7;11.1;0.0;0.0;33.3;55.6;11.1
020604;ÁNCASH;CARHUAZ;ANTA;96.0;501.0;498.0;12.5;20.8;20.8;45.8;8.3;12.5;45.8;33.3
020605;ÁNCASH;CARHUAZ;ATAQUERO;96.3;345.0;346.0;62.8;25.8;7.7;3.7;55.1;26.5;18.4;0.0
020606;ÁNCASH;CARHUAZ;MARCARA;98.0;401.0;406.0;32.4;36.3;23.5;7.9;27.1;32.4;35.3;5.2
020607;ÁNCASH;CARHUAZ;PARIAHUANCA;100.0;470.0;483.0;6.7;33.3;33.3;26.7;0.0;13.3;73.3;13.3
020608;ÁNCASH;CARHUAZ;SAN MIGUEL DE ACO;100.0;454.0;470.0;12.8;35.9;30.8;20.5;2.6;30.8;41.0;25.6
020609;ÁNCASH;CARHUAZ;SHILLA;100.0;418.0;429.0;26.1;30.4;30.4;13.0;8.7;47.8;34.8;8.7
020610;ÁNCASH;CARHUAZ;TINCO;98.0;383.0;386.0;41.1;37.8;21.1;0.0;35.1;38.9;23.7;2.3
020611;ÁNCASH;CARHUAZ;YUNGAR;95.5;473.0;480.0;12.3;31.9;17.1;38.7;2.4;24.6;51.1;21.9
020701;ÁNCASH;CARLOS FERMÍN FITZCARRAL;SAN LUIS;100.0;434.0;450.0;17.7;35.4;31.6;15.3;13.9;21.1;47.9;17.2
020702;ÁNCASH;CARLOS FERMÍN FITZCARRAL;SAN NICOLAS;100.0;416.0;410.0;23.1;46.1;19.2;11.6;19.2;40.4;36.5;3.8
020703;ÁNCASH;CARLOS FERMÍN FITZCARRAL;YAUYA;98.8;386.0;391.0;46.0;22.7;21.3;10.0;47.3;13.9;25.0;13.8
020801;ÁNCASH;CASMA;CASMA;97.7;472.0;474.0;9.4;30.4;33.4;26.8;6.3;24.9;42.8;26.0
020802;ÁNCASH;CASMA;BUENA VISTA ALTA;91.5;448.0;451.0;19.8;29.7;24.4;26.1;12.6;27.3;42.5;17.6
020803;ÁNCASH;CASMA;COMANDANTE NOEL;87.0;428.0;444.0;11.8;54.8;24.8;8.7;13.1;22.6;55.7;8.7
020804;ÁNCASH;CASMA;YAUTAN;96.8;438.0;451.0;20.6;31.5;28.9;19.1;16.3;20.3;43.7;19.7
020901;ÁNCASH;CORONGO;CORONGO;100.0;499.0;472.0;0.0;26.7;30.0;43.3;3.3;26.7;43.3;26.7
020902;ÁNCASH;CORONGO;ACO;100.0;498.0;446.0;25.0;25.0;0.0;50.0;25.0;25.0;0.0;50.0
020903;ÁNCASH;CORONGO;BAMBAS;100.0;410.0;396.0;33.3;22.2;33.3;11.1;44.4;11.1;33.3;11.1
020904;ÁNCASH;CORONGO;CUSCA;100.0;466.0;473.0;19.2;22.8;26.3;31.6;15.8;15.8;35.1;33.4
020905;ÁNCASH;CORONGO;LA PAMPA;100.0;410.0;406.0;33.3;46.7;6.7;13.3;46.7;13.3;26.7;13.3
020906;ÁNCASH;CORONGO;YANAC;100.0;439.0;386.0;20.0;20.0;40.0;20.0;40.0;20.0;40.0;0.0
020907;ÁNCASH;CORONGO;YUPAN;100.0;482.0;410.0;12.5;37.5;12.5;37.5;37.5;25.0;37.5;0.0
021001;ÁNCASH;HUARI;HUARI;90.9;;;;;;;;;;
021002;ÁNCASH;HUARI;ANRA;97.3;374.0;369.0;39.0;44.1;16.9;0.0;44.3;38.8;11.2;5.8
021003;ÁNCASH;HUARI;CAJAY;100.0;400.0;389.0;37.6;33.3;12.5;16.6;41.8;29.1;25.0;4.2
021004;ÁNCASH;HUARI;CHAVIN DE HUANTAR;99.0;498.0;534.0;8.9;20.7;27.7;42.7;7.9;7.9;28.7;55.6
021005;ÁNCASH;HUARI;HUACACHI;96.7;467.0;475.0;13.9;42.9;3.6;39.6;13.9;6.9;39.6;39.6
021006;ÁNCASH;HUARI;HUACCHIS;100.0;388.0;422.0;34.3;40.0;20.0;5.7;20.0;37.1;28.6;14.3
021007;ÁNCASH;HUARI;HUACHIS;54.3;;;;;;;;;;
021008;ÁNCASH;HUARI;HUANTAR;100.0;425.0;418.0;15.5;46.1;30.8;7.7;12.9;51.3;25.6;10.2
021009;ÁNCASH;HUARI;MASIN;91.3;464.0;425.0;16.1;25.2;30.6;28.1;17.7;35.1;42.7;4.5
021010;ÁNCASH;HUARI;PAUCAS;100.0;362.0;356.0;64.9;18.9;10.8;5.4;59.5;24.3;16.2;0.0
021011;ÁNCASH;HUARI;PONTO;100.0;444.0;423.0;8.3;50.0;33.3;8.3;0.0;58.3;33.3;8.3
021012;ÁNCASH;HUARI;RAHUAPAMPA;100.0;526.0;525.0;0.0;20.0;40.0;40.0;0.0;10.0;45.0;45.0
021013;ÁNCASH;HUARI;RAPAYAN;100.0;463.0;465.0;12.9;29.1;38.7;19.4;16.1;3.3;54.9;25.8
021014;ÁNCASH;HUARI;SAN MARCOS;97.9;439.0;432.0;17.7;28.4;39.4;14.6;15.0;28.8;44.8;11.4
021015;ÁNCASH;HUARI;SAN PEDRO DE CHANA;96.8;406.0;395.0;32.4;39.6;18.1;10.0;27.0;46.7;18.3;8.0
021016;ÁNCASH;HUARI;UCO;100.0;458.0;520.0;5.2;42.1;36.9;15.7;5.2;0.0;52.6;42.1
021101;ÁNCASH;HUARMEY;HUARMEY;98.7;476.0;473.0;9.2;26.0;33.4;31.4;7.9;22.4;42.2;27.5
021103;ÁNCASH;HUARMEY;CULEBRAS;100.0;464.0;439.0;15.1;25.0;35.0;25.0;11.7;33.4;39.9;15.0
021104;ÁNCASH;HUARMEY;HUAYAN;100.0;432.0;450.0;12.5;43.8;37.5;6.3;12.5;25.0;43.8;18.8
021105;ÁNCASH;HUARMEY;MALVAS;100.0;498.0;557.0;0.0;16.7;50.0;33.3;0.0;0.0;50.0;50.0
021201;ÁNCASH;HUAYLAS;CARAZ;98.5;433.0;424.0;23.4;32.6;24.4;19.7;21.2;30.7;37.0;11.1
021202;ÁNCASH;HUAYLAS;HUALLANCA;100.0;375.0;374.0;40.0;60.0;0.0;0.0;20.0;70.0;10.0;0.0
021203;ÁNCASH;HUAYLAS;HUATA;93.8;404.0;430.0;22.5;54.3;20.0;3.1;22.5;17.5;60.0;0.0
021204;ÁNCASH;HUAYLAS;HUAYLAS;100.0;457.0;454.0;16.7;33.3;16.7;33.3;8.3;41.7;16.7;33.3
021205;ÁNCASH;HUAYLAS;MATO;100.0;392.0;368.0;33.3;44.4;18.5;3.7;48.1;33.3;18.5;0.0
021206;ÁNCASH;HUAYLAS;PAMPAROMAS;98.7;375.0;383.0;49.4;25.6;17.1;7.9;41.5;26.8;26.4;5.3
021207;ÁNCASH;HUAYLAS;PUEBLO LIBRE;100.0;399.0;417.0;44.9;25.3;18.4;11.5;19.5;35.7;35.6;9.2
021208;ÁNCASH;HUAYLAS;SANTA CRUZ;96.6;371.0;374.0;44.0;39.7;12.3;4.0;38.0;40.8;18.9;2.4
021209;ÁNCASH;HUAYLAS;SANTO TORIBIO;100.0;461.0;436.0;20.0;20.0;40.0;20.0;20.0;30.0;30.0;20.0
021210;ÁNCASH;HUAYLAS;YURACMARCA;98.4;400.0;392.0;40.1;26.7;19.9;13.3;36.8;26.7;26.5;9.9
021302;ÁNCASH;MARISCAL LUZURIAGA;CASCA;100.0;334.0;335.0;79.5;18.4;2.0;0.0;65.3;30.6;4.1;0.0
021303;ÁNCASH;MARISCAL LUZURIAGA;ELEAZAR GUZMAN BARRON;100.0;362.0;345.0;60.6;18.2;21.2;0.0;57.6;24.2;15.2;3.0
021304;ÁNCASH;MARISCAL LUZURIAGA;FIDEL OLIVAS ESCUDERO;100.0;368.0;380.0;48.0;34.7;13.0;4.3;52.2;13.0;17.3;17.4
021305;ÁNCASH;MARISCAL LUZURIAGA;LLAMA;100.0;378.0;392.0;39.0;38.9;22.2;0.0;11.2;55.6;33.2;0.0
021307;ÁNCASH;MARISCAL LUZURIAGA;LUCMA;98.6;409.0;411.0;20.2;58.3;11.5;10.0;20.0;43.3;27.9;8.8
021308;ÁNCASH;MARISCAL LUZURIAGA;MUSGA;100.0;379.0;376.0;50.0;33.3;0.0;16.7;50.0;16.7;33.3;0.0
021401;ÁNCASH;OCROS;OCROS;100.0;457.0;482.0;0.0;30.8;61.5;7.7;0.0;0.0;76.9;23.1
021405;ÁNCASH;OCROS;COCHAS;100.0;466.0;453.0;25.0;25.0;0.0;50.0;25.0;0.0;50.0;25.0
021406;ÁNCASH;OCROS;CONGAS;100.0;406.0;380.0;33.3;40.0;13.4;13.4;46.6;20.0;26.7;6.7
021407;ÁNCASH;OCROS;LLIPA;100.0;428.0;431.0;20.0;40.0;40.0;0.0;20.0;20.0;60.0;0.0
021408;ÁNCASH;OCROS;SAN CRISTOBAL DE RAJAN;100.0;449.0;440.0;0.0;40.0;60.0;0.0;0.0;40.0;60.0;0.0
021409;ÁNCASH;OCROS;SAN PEDRO;100.0;446.0;444.0;11.1;33.3;33.3;22.2;22.2;22.2;44.4;11.1
021501;ÁNCASH;PALLASCA;CABANA;98.0;486.0;455.0;10.0;24.0;26.0;40.0;6.0;28.0;48.0;18.0
021502;ÁNCASH;PALLASCA;BOLOGNESI;100.0;423.0;433.0;28.6;35.7;21.4;14.3;21.5;21.3;50.0;7.2
021503;ÁNCASH;PALLASCA;CONCHUCOS;99.0;435.0;439.0;18.1;37.8;28.7;15.3;12.6;33.6;41.6;12.1
021504;ÁNCASH;PALLASCA;HUACASCHUQUE;100.0;401.0;428.0;41.6;41.7;0.0;16.8;17.0;17.0;58.0;8.0
021505;ÁNCASH;PALLASCA;HUANDOVAL;92.3;490.0;510.0;0.0;41.7;16.7;41.7;0.0;18.2;45.5;36.4
021506;ÁNCASH;PALLASCA;LACABAMBA;100.0;335.0;355.0;40.0;60.0;0.0;0.0;40.0;40.0;20.0;0.0
021507;ÁNCASH;PALLASCA;LLAPO;100.0;495.0;520.0;0.0;11.1;66.7;22.2;0.0;11.1;33.3;55.6
021508;ÁNCASH;PALLASCA;PALLASCA;100.0;437.0;428.0;28.1;22.0;31.9;18.0;28.1;11.0;44.5;16.3
021509;ÁNCASH;PALLASCA;PAMPAS;98.0;439.0;454.0;13.5;37.9;34.1;14.6;8.4;27.0;50.0;14.6
021510;ÁNCASH;PALLASCA;SANTA ROSA;90.9;448.0;494.0;12.5;47.5;20.0;20.0;0.0;22.5;35.0;42.5
021511;ÁNCASH;PALLASCA;TAUCA;100.0;475.0;480.0;9.9;19.7;45.0;25.4;4.0;25.5;39.2;31.3
021601;ÁNCASH;POMABAMBA;POMABAMBA;98.2;446.0;440.0;15.3;32.1;29.5;23.0;14.2;31.4;39.5;14.9
021602;ÁNCASH;POMABAMBA;HUAYLLAN;90.9;401.0;398.0;35.0;29.6;30.1;5.3;30.1;29.6;35.0;5.3
021603;ÁNCASH;POMABAMBA;PAROBAMBA;100.0;385.0;397.0;22.6;64.5;12.9;0.0;16.1;58.1;25.8;0.0
021604;ÁNCASH;POMABAMBA;QUINUABAMBA;100.0;257.0;295.0;100.0;0.0;0.0;0.0;100.0;0.0;0.0;0.0
021701;ÁNCASH;RECUAY;RECUAY;100.0;478.0;473.0;12.7;21.1;32.4;33.8;11.3;9.9;54.9;23.9
021702;ÁNCASH;RECUAY;CATAC;100.0;497.0;499.0;1.3;16.9;46.8;35.1;2.6;13.0;52.0;32.5
021703;ÁNCASH;RECUAY;COTAPARACO;92.3;469.0;429.0;16.7;16.7;33.3;33.3;16.7;41.7;33.3;8.3
021705;ÁNCASH;RECUAY;LLACLLIN;100.0;436.0;408.0;8.3;50.0;41.7;0.0;16.7;50.0;33.3;0.0
021706;ÁNCASH;RECUAY;MARCA;91.7;421.0;404.0;30.0;40.0;10.0;20.0;40.0;30.0;10.0;20.0
021707;ÁNCASH;RECUAY;PAMPAS CHICO;100.0;470.0;477.0;0.0;33.3;50.0;16.7;0.0;16.7;66.7;16.7
021708;ÁNCASH;RECUAY;PARARIN;100.0;480.0;495.0;0.0;16.7;66.7;16.7;0.0;16.7;66.7;16.7
021709;ÁNCASH;RECUAY;TAPACOCHA;100.0;358.0;368.0;75.0;0.0;25.0;0.0;25.0;75.0;0.0;0.0
021710;ÁNCASH;RECUAY;TICAPAMPA;100.0;511.0;528.0;7.1;14.3;35.7;42.9;4.8;9.5;38.1;47.6
021801;ÁNCASH;SANTA;CHIMBOTE;95.7;485.0;480.0;6.8;25.7;33.7;33.8;6.1;20.2;45.0;28.7
021802;ÁNCASH;SANTA;CACERES DEL PERU;100.0;441.0;411.0;20.9;27.0;27.0;25.0;29.2;31.3;27.0;12.5
021803;ÁNCASH;SANTA;COISHCO;97.1;456.0;458.0;11.9;35.7;32.0;20.4;9.5;30.6;38.0;21.9
021804;ÁNCASH;SANTA;MACATE;100.0;404.0;387.0;33.3;29.7;22.2;14.8;33.3;33.3;33.3;0.0
021805;ÁNCASH;SANTA;MORO;99.0;446.0;435.0;10.0;38.0;37.0;15.0;16.0;24.0;50.0;10.0
021806;ÁNCASH;SANTA;NEPEÑA;98.6;469.0;483.0;10.3;28.0;35.3;26.4;6.8;17.6;44.0;31.6
021807;ÁNCASH;SANTA;SAMANCO;100.0;475.0;476.0;7.2;39.2;21.7;31.9;5.8;26.1;39.1;29.0
021808;ÁNCASH;SANTA;SANTA;98.7;463.0;465.0;8.8;31.8;36.9;22.5;8.3;23.0;46.9;21.8
021809;ÁNCASH;SANTA;NUEVO CHIMBOTE;97.6;497.0;488.0;5.3;22.5;33.6;38.6;5.2;18.2;44.6;32.1
021901;ÁNCASH;SIHUAS;SIHUAS;99.2;481.0;490.0;4.6;31.3;31.3;32.8;4.4;19.4;46.0;30.2
021902;ÁNCASH;SIHUAS;ACOBAMBA;98.0;401.0;399.0;33.9;40.5;15.2;10.4;31.5;33.9;28.3;6.2
021903;ÁNCASH;SIHUAS;ALFONSO UGARTE;100.0;515.0;463.0;16.7;16.7;16.7;50.0;16.7;0.0;66.7;16.7
021904;ÁNCASH;SIHUAS;CASHAPAMPA;100.0;432.0;446.0;18.5;29.7;48.1;3.7;7.4;29.6;51.9;11.2
021905;ÁNCASH;SIHUAS;CHINGALPO;100.0;375.0;368.0;40.0;39.9;20.0;0.0;46.6;33.5;19.9;0.0
021906;ÁNCASH;SIHUAS;HUAYLLABAMBA;100.0;405.0;402.0;36.8;33.3;13.3;16.6;30.0;40.0;13.3;16.6
021907;ÁNCASH;SIHUAS;QUICHES;98.2;411.0;401.0;37.1;29.8;17.5;15.6;37.1;19.2;34.0;9.6
021908;ÁNCASH;SIHUAS;RAGASH;100.0;404.0;402.0;25.7;48.4;22.6;3.2;19.3;45.2;35.6;0.0
021909;ÁNCASH;SIHUAS;SAN JUAN;96.1;387.0;373.0;38.5;43.1;10.4;8.0;36.6;46.9;16.5;0.0
022001;ÁNCASH;YUNGAY;YUNGAY;98.0;456.0;459.0;14.1;33.7;26.5;25.6;9.3;26.8;41.3;22.6
022002;ÁNCASH;YUNGAY;CASCAPARA;100.0;336.0;373.0;76.7;13.3;10.0;0.0;50.0;30.0;16.6;3.3
022003;ÁNCASH;YUNGAY;MANCOS;94.9;414.0;438.0;28.2;38.2;18.2;15.4;20.4;28.1;28.1;23.4
022004;ÁNCASH;YUNGAY;MATACOTO;100.0;501.0;498.0;5.3;15.8;47.4;31.6;5.3;15.8;52.6;26.3
022005;ÁNCASH;YUNGAY;QUILLO;98.8;366.0;373.0;51.6;34.0;8.8;5.6;40.2;38.4;18.9;2.5
022006;ÁNCASH;YUNGAY;RANRAHIRCA;100.0;426.0;436.0;24.2;27.3;39.4;9.1;18.2;30.3;36.4;15.2
022007;ÁNCASH;YUNGAY;SHUPLUY;100.0;318.0;337.0;81.8;18.2;0.0;0.0;63.8;22.7;13.6;0.0
022008;ÁNCASH;YUNGAY;YANAMA;95.9;421.0;424.0;32.3;33.0;20.2;14.5;19.4;36.6;30.9;13.1
030101;APURÍMAC;ABANCAY;ABANCAY;99.0;518.0;523.0;4.9;17.2;27.8;50.1;3.4;12.0;36.0;48.6
030102;APURÍMAC;ABANCAY;CHACOCHE;100.0;435.0;454.0;19.2;42.3;23.1;15.4;0.0;38.5;46.2;15.4
030103;APURÍMAC;ABANCAY;CIRCA;100.0;447.0;463.0;9.1;40.9;36.4;13.6;13.6;18.2;50.0;18.2
030104;APURÍMAC;ABANCAY;CURAHUASI;98.9;425.0;427.0;26.4;35.0;21.6;17.0;19.5;31.7;35.9;13.0
030105;APURÍMAC;ABANCAY;HUANIPACA;100.0;496.0;542.0;3.3;26.7;23.3;46.7;3.3;10.0;26.7;60.0
030106;APURÍMAC;ABANCAY;LAMBRAMA;100.0;403.0;415.0;35.3;41.2;17.6;5.9;23.5;35.3;35.3;5.9
030107;APURÍMAC;ABANCAY;PICHIRHUA;100.0;407.0;394.0;20.0;40.0;40.0;0.0;40.0;20.0;40.0;0.0
030108;APURÍMAC;ABANCAY;SAN PEDRO DE CACHORA;96.4;414.0;419.0;29.8;38.7;18.3;13.2;26.3;25.6;34.9;13.2
030109;APURÍMAC;ABANCAY;TAMBURCO;100.0;482.0;501.0;5.0;30.0;33.0;32.0;3.0;10.0;58.0;29.0
030201;APURÍMAC;ANDAHUAYLAS;ANDAHUAYLAS;99.1;490.0;500.0;9.3;21.4;30.6;38.6;6.4;15.0;42.0;36.7
030202;APURÍMAC;ANDAHUAYLAS;ANDARAPA;100.0;419.0;431.0;27.8;22.2;41.7;8.3;19.4;27.8;33.3;19.4
030203;APURÍMAC;ANDAHUAYLAS;CHIARA;100.0;333.0;385.0;71.4;28.6;0.0;0.0;28.6;71.4;0.0;0.0
030204;APURÍMAC;ANDAHUAYLAS;HUANCARAMA;98.2;441.0;476.0;22.3;36.7;18.6;22.5;11.2;18.4;42.3;28.1
030205;APURÍMAC;ANDAHUAYLAS;HUANCARAY;100.0;423.0;431.0;27.0;28.4;29.7;14.9;24.3;14.9;47.3;13.5
030206;APURÍMAC;ANDAHUAYLAS;HUAYANA;100.0;327.0;350.0;87.5;0.0;12.5;0.0;75.0;12.5;0.0;12.5
030207;APURÍMAC;ANDAHUAYLAS;KISHUARA;100.0;393.0;383.0;39.7;36.8;16.2;7.4;36.8;36.8;22.1;4.4
030208;APURÍMAC;ANDAHUAYLAS;PACOBAMBA;100.0;434.0;375.0;0.0;66.7;33.3;0.0;50.0;33.3;16.7;0.0
030209;APURÍMAC;ANDAHUAYLAS;PACUCHA;98.8;465.0;473.0;5.9;33.4;39.3;21.5;8.4;22.6;39.4;29.6
030210;APURÍMAC;ANDAHUAYLAS;PAMPACHIRI;100.0;377.0;384.0;43.3;50.0;6.7;0.0;26.7;46.7;26.7;0.0
030211;APURÍMAC;ANDAHUAYLAS;POMACOCHA;100.0;419.0;424.0;28.6;21.4;42.9;7.1;21.4;28.6;50.0;0.0
030212;APURÍMAC;ANDAHUAYLAS;SAN ANTONIO DE CACHI;100.0;386.0;353.0;60.0;20.0;0.0;20.0;60.0;20.0;20.0;0.0
030213;APURÍMAC;ANDAHUAYLAS;SAN JERONIMO;97.8;475.0;494.0;13.4;21.3;30.3;34.9;10.8;13.8;36.6;38.8
030214;APURÍMAC;ANDAHUAYLAS;SAN MIGUEL DE CHACCRAMPA;100.0;405.0;388.0;28.6;47.6;14.3;9.5;38.1;33.3;23.8;4.8
030215;APURÍMAC;ANDAHUAYLAS;SANTA MARIA DE CHICMO;98.1;412.0;422.0;27.5;36.7;27.2;8.6;23.2;32.0;33.6;11.2
030216;APURÍMAC;ANDAHUAYLAS;TALAVERA;98.8;471.0;483.0;13.5;25.2;28.7;32.5;12.6;16.1;37.5;33.9
030218;APURÍMAC;ANDAHUAYLAS;TURPO;96.7;398.0;412.0;40.3;28.0;14.3;17.3;28.3;25.1;28.3;18.2
030219;APURÍMAC;ANDAHUAYLAS;KAQUIABAMBA;100.0;429.0;461.0;25.0;33.3;33.3;8.3;16.7;8.3;50.0;25.0
030220;APURÍMAC;ANDAHUAYLAS;JOSE MARIA ARGUEDAS;100.0;415.0;452.0;21.4;42.7;31.1;4.9;15.5;20.4;41.7;22.3
030301;APURÍMAC;ANTABAMBA;ANTABAMBA;97.4;474.0;466.0;8.1;30.2;34.1;27.6;13.5;20.7;42.4;23.4
030302;APURÍMAC;ANTABAMBA;EL ORO;100.0;464.0;537.0;0.0;22.2;77.8;0.0;0.0;0.0;55.6;44.4
030303;APURÍMAC;ANTABAMBA;HUAQUIRCA;86.1;431.0;440.0;11.4;46.3;34.8;7.5;6.2;27.3;59.0;7.5
030304;APURÍMAC;ANTABAMBA;JUAN ESPINOZA MEDRANO;100.0;483.0;471.0;2.9;29.4;35.3;32.4;2.9;23.5;47.1;26.5
030305;APURÍMAC;ANTABAMBA;OROPESA;100.0;382.0;384.0;45.0;32.5;15.0;7.5;42.5;32.5;15.0;10.0
030306;APURÍMAC;ANTABAMBA;PACHACONAS;100.0;443.0;499.0;5.9;52.9;29.4;11.8;0.0;11.8;64.7;23.5
030307;APURÍMAC;ANTABAMBA;SABAINO;100.0;455.0;491.0;0.0;52.6;21.1;26.3;0.0;5.3;73.7;21.1
030401;APURÍMAC;AYMARAES;CHALHUANCA;100.0;530.0;531.0;2.9;14.4;26.0;56.7;2.9;7.7;38.5;51.0
030403;APURÍMAC;AYMARAES;CARAYBAMBA;100.0;473.0;462.0;26.7;6.7;33.3;33.3;20.0;13.3;33.3;33.3
030404;APURÍMAC;AYMARAES;CHAPIMARCA;100.0;403.0;422.0;35.5;35.5;25.8;3.2;9.7;41.9;45.2;3.2
030405;APURÍMAC;AYMARAES;COLCABAMBA;100.0;412.0;399.0;20.0;40.0;33.3;6.7;13.3;60.0;20.0;6.7
030406;APURÍMAC;AYMARAES;COTARUSE;100.0;441.0;452.0;11.8;44.1;20.6;23.5;5.9;32.4;41.2;20.6
030408;APURÍMAC;AYMARAES;JUSTO APU SAHUARAURA;100.0;396.0;413.0;35.7;35.7;21.4;7.1;28.6;28.6;28.6;14.3
030409;APURÍMAC;AYMARAES;LUCRE;100.0;358.0;405.0;57.1;28.6;14.3;0.0;14.3;50.0;35.7;0.0
030410;APURÍMAC;AYMARAES;POCOHUANCA;100.0;422.0;414.0;20.0;50.0;10.0;20.0;20.0;30.0;30.0;20.0
030411;APURÍMAC;AYMARAES;SAN JUAN DE CHACÑA;100.0;477.0;547.0;0.0;37.5;37.5;25.0;0.0;0.0;37.5;62.5
030412;APURÍMAC;AYMARAES;SAÑAYCA;100.0;383.0;395.0;16.7;66.7;16.7;0.0;16.7;50.0;33.3;0.0
030413;APURÍMAC;AYMARAES;SORAYA;100.0;469.0;437.0;10.5;31.6;26.3;31.6;21.1;21.1;47.4;10.5
030414;APURÍMAC;AYMARAES;TAPAIRIHUA;100.0;474.0;480.0;13.3;13.3;46.7;26.7;6.7;20.0;53.3;20.0
030415;APURÍMAC;AYMARAES;TINTAY;100.0;435.0;463.0;24.3;32.4;24.3;18.9;2.7;35.1;43.2;18.9
030416;APURÍMAC;AYMARAES;TORAYA;100.0;460.0;466.0;13.3;20.0;40.0;26.7;6.7;20.0;66.7;6.7
030417;APURÍMAC;AYMARAES;YANACA;100.0;486.0;440.0;0.0;33.3;33.3;33.3;0.0;33.3;66.7;0.0
030501;APURÍMAC;COTABAMBAS;TAMBOBAMBA;97.8;421.0;438.0;32.5;32.4;14.2;20.9;21.3;21.9;41.1;15.7
030502;APURÍMAC;COTABAMBAS;COTABAMBAS;94.5;476.0;486.0;15.4;18.8;31.2;34.6;7.7;15.0;42.5;34.7
030503;APURÍMAC;COTABAMBAS;COYLLURQUI;100.0;421.0;433.0;23.1;44.0;20.9;12.1;14.3;34.1;36.3;15.4
030504;APURÍMAC;COTABAMBAS;HAQUIRA;98.9;432.0;446.0;18.4;42.2;22.1;17.3;12.1;28.3;45.8;13.9
030505;APURÍMAC;COTABAMBAS;MARA;96.1;386.0;395.0;44.1;33.1;12.5;10.3;37.2;31.8;20.7;10.3
030506;APURÍMAC;COTABAMBAS;CHALLHUAHUACHO;99.4;459.0;448.0;16.3;28.2;29.3;26.3;13.4;29.3;36.7;20.6
030601;APURÍMAC;CHINCHEROS;CHINCHEROS;98.9;464.0;467.0;15.3;29.6;23.0;32.1;13.0;23.1;33.2;30.7
030602;APURÍMAC;CHINCHEROS;ANCO_HUALLO;97.5;445.0;454.0;13.3;39.8;28.5;18.4;9.2;31.1;40.9;18.8
030603;APURÍMAC;CHINCHEROS;COCHARCAS;100.0;485.0;463.0;6.2;21.9;40.6;31.3;6.2;15.6;59.4;18.8
030604;APURÍMAC;CHINCHEROS;HUACCANA;100.0;442.0;474.0;17.2;36.4;27.3;19.2;13.1;16.2;41.4;29.3
030605;APURÍMAC;CHINCHEROS;OCOBAMBA;98.3;433.0;436.0;20.5;39.2;19.0;21.4;14.4;34.0;36.2;15.4
030606;APURÍMAC;CHINCHEROS;ONGOY;100.0;441.0;452.0;17.6;35.3;23.5;23.5;11.8;29.4;35.3;23.5
030607;APURÍMAC;CHINCHEROS;URANMARCA;100.0;418.0;427.0;22.8;45.6;19.3;12.3;21.1;30.0;36.2;12.8
030608;APURÍMAC;CHINCHEROS;RANRACANCHA;100.0;388.0;382.0;36.6;48.8;4.9;9.8;36.6;29.3;31.7;2.4
030609;APURÍMAC;CHINCHEROS;ROCCHACC;100.0;438.0;433.0;0.0;54.5;36.4;9.1;0.0;27.3;72.7;0.0
030701;APURÍMAC;GRAU;CHUQUIBAMBILLA;100.0;518.0;518.0;10.5;11.6;20.9;57.0;4.7;16.3;30.2;48.8
030702;APURÍMAC;GRAU;CURPAHUASI;100.0;424.0;406.0;20.0;36.7;36.7;6.7;33.3;20.0;36.7;10.0
030703;APURÍMAC;GRAU;GAMARRA;97.0;375.0;368.0;57.6;18.9;17.4;6.1;45.5;31.8;22.7;0.0
030705;APURÍMAC;GRAU;MAMARA;100.0;440.0;470.0;14.3;14.3;57.1;14.3;0.0;42.9;14.3;42.9
030706;APURÍMAC;GRAU;MICAELA BASTIDAS;100.0;455.0;449.0;7.7;23.1;53.8;15.4;7.7;30.8;53.8;7.7
030707;APURÍMAC;GRAU;PATAYPAMPA;95.2;419.0;475.0;20.6;45.2;29.4;4.8;15.9;15.1;39.7;29.4
030708;APURÍMAC;GRAU;PROGRESO;100.0;435.0;452.0;23.5;35.3;21.6;19.6;21.6;27.5;25.5;25.5
030709;APURÍMAC;GRAU;SAN ANTONIO;100.0;368.0;395.0;60.0;20.0;20.0;0.0;20.0;40.0;40.0;0.0
030710;APURÍMAC;GRAU;SANTA ROSA;100.0;361.0;389.0;60.0;40.0;0.0;0.0;20.0;60.0;20.0;0.0
030711;APURÍMAC;GRAU;TURPAY;100.0;457.0;421.0;0.0;33.3;55.6;11.1;0.0;44.4;55.6;0.0
030712;APURÍMAC;GRAU;VILCABAMBA;100.0;489.0;533.0;3.7;22.2;40.7;33.3;0.0;3.7;44.4;51.9
030713;APURÍMAC;GRAU;VIRUNDO;100.0;433.0;443.0;20.0;30.0;40.0;10.0;10.0;30.0;50.0;10.0
040101;AREQUIPA;AREQUIPA;AREQUIPA;98.4;545.0;532.0;2.3;10.2;27.4;60.0;2.4;8.3;37.6;51.7
040102;AREQUIPA;AREQUIPA;ALTO SELVA ALEGRE;98.5;514.0;510.0;3.6;18.4;30.0;48.0;4.7;13.2;39.9;42.2
040103;AREQUIPA;AREQUIPA;CAYMA;98.2;521.0;518.0;2.8;16.3;30.7;50.2;2.9;12.8;38.4;45.8
040104;AREQUIPA;AREQUIPA;CERRO COLORADO;98.3;517.0;511.0;3.1;17.5;31.3;48.2;3.1;12.1;42.6;42.2
040105;AREQUIPA;AREQUIPA;CHARACATO;97.5;477.0;500.0;7.6;28.2;29.5;34.7;5.1;17.8;38.6;38.5
040106;AREQUIPA;AREQUIPA;CHIGUATA;93.1;465.0;485.0;7.6;33.4;32.9;26.1;11.0;11.0;48.4;29.5
040107;AREQUIPA;AREQUIPA;JACOBO HUNTER;97.9;508.0;503.0;5.3;18.3;30.8;45.5;4.3;13.4;44.2;38.1
040108;AREQUIPA;AREQUIPA;LA JOYA;97.8;490.0;489.0;5.6;26.3;32.5;35.7;5.7;18.0;43.2;33.1
040109;AREQUIPA;AREQUIPA;MARIANO MELGAR;96.9;513.0;506.0;5.0;15.9;33.2;45.9;4.0;13.7;42.5;39.8
040110;AREQUIPA;AREQUIPA;MIRAFLORES;97.9;526.0;520.0;3.2;12.3;31.6;53.0;3.1;11.2;38.0;47.7
040111;AREQUIPA;AREQUIPA;MOLLEBAYA;78.9;;;;;;;;;;
040112;AREQUIPA;AREQUIPA;PAUCARPATA;98.2;521.0;526.0;3.0;15.6;30.4;51.0;2.6;11.0;38.1;48.4
040114;AREQUIPA;AREQUIPA;POLOBAYA;100.0;598.0;561.0;0.0;0.0;0.0;100.0;0.0;25.0;25.0;50.0
040116;AREQUIPA;AREQUIPA;SABANDIA;96.6;512.0;520.0;1.8;21.4;25.0;51.8;0.0;5.4;55.4;39.3
040117;AREQUIPA;AREQUIPA;SACHACA;99.1;520.0;506.0;2.1;19.0;29.9;49.0;1.7;16.7;44.1;37.5
040118;AREQUIPA;AREQUIPA;SAN JUAN DE SIGUAS;90.0;517.0;523.0;0.0;11.1;33.3;55.6;0.0;11.1;33.3;55.6
040119;AREQUIPA;AREQUIPA;SAN JUAN DE TARUCANI;100.0;468.0;417.0;0.0;28.6;57.1;14.3;0.0;57.1;42.9;0.0
040120;AREQUIPA;AREQUIPA;SANTA ISABEL DE SIGUAS;100.0;453.0;436.0;20.0;20.0;40.0;20.0;20.0;20.0;60.0;0.0
040121;AREQUIPA;AREQUIPA;SANTA RITA DE SIGUAS;98.4;519.0;532.0;2.4;13.9;29.2;54.5;3.2;10.6;29.3;56.9
040122;AREQUIPA;AREQUIPA;SOCABAYA;98.8;518.0;516.0;3.2;16.4;30.7;49.7;3.5;11.3;40.9;44.3
040123;AREQUIPA;AREQUIPA;TIABAYA;99.0;513.0;517.0;2.3;14.8;38.1;44.8;1.9;10.3;41.5;46.3
040124;AREQUIPA;AREQUIPA;UCHUMAYO;98.9;502.0;486.0;4.3;19.4;34.6;41.7;8.1;16.2;43.8;31.9
040125;AREQUIPA;AREQUIPA;VITOR;100.0;490.0;505.0;8.1;13.5;45.9;32.4;0.0;8.1;54.1;37.8
040126;AREQUIPA;AREQUIPA;YANAHUARA;100.0;535.0;515.0;2.1;12.6;24.9;60.4;2.4;11.3;43.0;43.3
040127;AREQUIPA;AREQUIPA;YARABAMBA;90.5;528.0;522.0;0.0;10.5;26.3;63.2;0.0;10.5;42.1;47.4
040128;AREQUIPA;AREQUIPA;YURA;98.4;495.0;489.0;7.7;21.7;32.0;38.6;5.4;17.4;45.7;31.5
040129;AREQUIPA;AREQUIPA;JOSE LUIS BUSTAMANTE Y RIVERO;98.8;528.0;524.0;2.4;14.0;28.9;54.7;2.5;9.7;41.1;46.6
040201;AREQUIPA;CAMANÁ;CAMANA;97.6;493.0;506.0;5.0;23.3;35.3;36.4;5.0;13.2;42.6;39.2
040202;AREQUIPA;CAMANÁ;JOSE MARIA QUIMPER;91.9;478.0;482.0;8.3;18.4;48.6;24.7;0.0;20.8;51.4;27.8
040203;AREQUIPA;CAMANÁ;MARIANO NICOLAS VALCARCEL;96.3;489.0;486.0;8.8;21.3;34.6;35.3;9.5;16.4;42.9;31.2
040204;AREQUIPA;CAMANÁ;MARISCAL CACERES;96.3;495.0;513.0;1.9;17.2;46.3;34.6;0.0;7.6;53.9;38.5
040205;AREQUIPA;CAMANÁ;NICOLAS DE PIEROLA;95.1;494.0;490.0;8.0;24.5;27.4;40.1;5.3;15.8;41.0;38.0
040206;AREQUIPA;CAMANÁ;OCOÑA;94.5;457.0;445.0;15.6;19.5;43.6;21.4;15.6;15.5;50.9;18.0
040207;AREQUIPA;CAMANÁ;QUILCA;100.0;453.0;441.0;7.7;53.8;15.4;23.1;7.7;38.5;38.5;15.4
040208;AREQUIPA;CAMANÁ;SAMUEL PASTOR;95.4;507.0;508.0;4.4;19.8;33.4;42.4;2.2;12.0;47.6;38.1
040301;AREQUIPA;CARAVELÍ;CARAVELI;97.4;570.0;586.0;1.3;1.3;26.2;71.2;0.0;2.7;23.5;73.8
040302;AREQUIPA;CARAVELÍ;ACARI;99.0;495.0;501.0;7.0;18.0;39.0;36.0;5.0;17.0;43.0;35.0
040303;AREQUIPA;CARAVELÍ;ATICO;99.1;510.0;538.0;2.6;14.0;40.4;43.0;0.9;5.2;35.1;58.8
040304;AREQUIPA;CARAVELÍ;ATIQUIPA;92.9;471.0;495.0;7.1;22.3;39.3;31.3;7.1;14.3;31.3;47.3
040305;AREQUIPA;CARAVELÍ;BELLA UNION;100.0;478.0;484.0;2.3;27.9;48.8;20.9;2.3;25.6;46.5;25.6
040306;AREQUIPA;CARAVELÍ;CAHUACHO;100.0;492.0;462.0;0.0;25.0;50.0;25.0;0.0;25.0;50.0;25.0
040307;AREQUIPA;CARAVELÍ;CHALA;96.9;492.0;494.0;5.9;21.8;34.7;37.7;4.9;14.7;45.8;34.6
040308;AREQUIPA;CARAVELÍ;CHAPARRA;98.6;507.0;516.0;0.0;20.6;38.3;41.2;1.5;11.8;42.6;44.2
040309;AREQUIPA;CARAVELÍ;HUANUHUANU;100.0;508.0;502.0;3.9;15.7;33.3;47.1;2.0;11.8;52.9;33.3
040310;AREQUIPA;CARAVELÍ;JAQUI;100.0;486.0;442.0;12.9;19.4;29.0;38.7;16.1;16.1;54.8;12.9
040311;AREQUIPA;CARAVELÍ;LOMAS;86.4;466.0;447.0;10.5;31.6;42.1;15.8;5.3;36.8;36.8;21.1
040312;AREQUIPA;CARAVELÍ;QUICACHA;100.0;507.0;503.0;5.9;14.7;35.3;44.1;2.9;11.8;44.1;41.2
040313;AREQUIPA;CARAVELÍ;YAUCA;100.0;494.0;538.0;2.7;21.6;37.8;37.8;0.0;8.1;48.6;43.2
040401;AREQUIPA;CASTILLA;APLAO;98.9;520.0;516.0;1.7;19.5;29.3;49.5;2.9;9.7;47.6;39.8
040402;AREQUIPA;CASTILLA;ANDAGUA;100.0;434.0;414.0;0.0;66.7;16.7;16.7;33.3;33.3;16.7;16.7
040404;AREQUIPA;CASTILLA;CHACHAS;100.0;452.0;456.0;16.7;27.8;33.3;22.2;16.7;19.4;41.7;22.2
040405;AREQUIPA;CASTILLA;CHILCAYMARCA;100.0;498.0;531.0;0.0;31.6;31.6;36.8;5.3;5.3;36.8;52.6
040407;AREQUIPA;CASTILLA;HUANCARQUI;80.0;512.0;509.0;0.0;25.0;33.3;41.7;0.0;25.0;33.3;41.7
040408;AREQUIPA;CASTILLA;MACHAGUAY;100.0;486.0;441.0;0.0;37.5;25.0;37.5;12.5;25.0;37.5;25.0
040409;AREQUIPA;CASTILLA;ORCOPAMPA;98.5;529.0;537.0;2.5;11.5;33.8;52.3;3.0;7.0;34.6;55.4
040410;AREQUIPA;CASTILLA;PAMPACOLCA;87.5;519.0;528.0;0.0;24.7;32.8;42.5;0.0;9.1;39.5;51.4
040413;AREQUIPA;CASTILLA;URACA;100.0;517.0;520.0;3.5;9.7;40.7;46.0;0.9;5.3;48.7;45.1
040414;AREQUIPA;CASTILLA;VIRACO;100.0;426.0;403.0;18.8;43.8;31.3;6.3;31.3;25.0;43.8;0.0
040501;AREQUIPA;CAYLLOMA;CHIVAY;99.3;518.0;518.0;5.0;16.7;28.0;50.3;5.7;9.5;38.9;45.9
040502;AREQUIPA;CAYLLOMA;ACHOMA;100.0;511.0;505.0;11.1;22.2;22.2;44.4;0.0;11.1;66.7;22.2
040503;AREQUIPA;CAYLLOMA;CABANACONDE;96.2;510.0;525.0;0.0;15.7;40.2;44.1;7.7;3.8;31.8;56.6
040504;AREQUIPA;CAYLLOMA;CALLALLI;100.0;483.0;473.0;11.1;27.8;27.8;33.3;11.1;22.2;38.9;27.8
040505;AREQUIPA;CAYLLOMA;CAYLLOMA;98.3;483.0;495.0;3.3;30.0;36.1;30.6;3.3;15.0;45.0;36.7
040506;AREQUIPA;CAYLLOMA;COPORAQUE;100.0;459.0;459.0;10.0;15.0;65.0;10.0;0.0;30.0;50.0;20.0
040507;AREQUIPA;CAYLLOMA;HUAMBO;100.0;559.0;500.0;0.0;20.0;0.0;80.0;0.0;0.0;60.0;40.0
040508;AREQUIPA;CAYLLOMA;HUANCA;100.0;534.0;545.0;0.0;7.1;50.0;42.9;0.0;0.0;50.0;50.0
040509;AREQUIPA;CAYLLOMA;ICHUPAMPA;100.0;462.0;465.0;0.0;50.0;25.0;25.0;0.0;25.0;50.0;25.0
040510;AREQUIPA;CAYLLOMA;LARI;100.0;498.0;498.0;0.0;36.4;36.4;27.3;0.0;22.7;40.9;36.4
040511;AREQUIPA;CAYLLOMA;LLUTA;100.0;499.0;504.0;14.3;14.3;14.3;57.1;14.3;14.3;28.6;42.9
040512;AREQUIPA;CAYLLOMA;MACA;100.0;579.0;545.0;0.0;0.0;20.0;80.0;0.0;20.0;0.0;80.0
040513;AREQUIPA;CAYLLOMA;MADRIGAL;100.0;432.0;442.0;11.1;44.4;22.2;22.2;0.0;44.4;33.3;22.2
040514;AREQUIPA;CAYLLOMA;SAN ANTONIO DE CHUCA;90.9;431.0;467.0;20.0;50.0;20.0;10.0;0.0;20.0;80.0;0.0
040515;AREQUIPA;CAYLLOMA;SIBAYO;100.0;503.0;500.0;0.0;21.4;28.6;50.0;0.0;7.1;57.1;35.7
040517;AREQUIPA;CAYLLOMA;TISCO;100.0;487.0;497.0;6.3;37.5;25.0;31.3;0.0;18.8;37.5;43.8
040518;AREQUIPA;CAYLLOMA;TUTI;100.0;446.0;586.0;33.3;0.0;50.0;16.7;0.0;0.0;16.7;83.3
040519;AREQUIPA;CAYLLOMA;YANQUE;100.0;492.0;542.0;0.0;27.3;39.4;33.3;0.0;3.0;36.4;60.6
040520;AREQUIPA;CAYLLOMA;MAJES;98.2;494.0;500.0;4.8;22.7;34.8;37.7;4.5;15.5;41.3;38.7
040601;AREQUIPA;CONDESUYOS;CHUQUIBAMBA;100.0;515.0;548.0;0.0;25.0;23.3;51.7;0.0;8.3;40.0;51.7
040602;AREQUIPA;CONDESUYOS;ANDARAY;100.0;472.0;483.0;20.0;30.0;10.0;40.0;10.0;20.0;30.0;40.0
040603;AREQUIPA;CONDESUYOS;CAYARANI;100.0;434.0;454.0;18.4;35.5;34.2;11.8;6.6;27.6;51.3;14.5
040604;AREQUIPA;CONDESUYOS;CHICHAS;100.0;498.0;523.0;0.0;14.3;57.1;28.6;0.0;14.3;57.1;28.6
040606;AREQUIPA;CONDESUYOS;RIO GRANDE;98.9;524.0;574.0;1.1;11.6;36.2;51.1;0.0;4.6;24.5;70.9
040608;AREQUIPA;CONDESUYOS;YANAQUIHUA;95.9;527.0;545.0;0.0;14.9;34.9;50.2;0.0;6.3;27.9;65.8
040701;AREQUIPA;ISLAY;MOLLENDO;98.0;512.0;518.0;3.0;19.7;34.9;42.4;2.3;15.0;39.5;43.3
040702;AREQUIPA;ISLAY;COCACHACRA;100.0;514.0;530.0;2.5;13.3;39.2;45.0;1.7;10.0;37.5;50.8
040703;AREQUIPA;ISLAY;DEAN VALDIVIA;100.0;511.0;548.0;3.9;20.8;32.5;42.9;2.6;7.8;31.2;58.4
040704;AREQUIPA;ISLAY;ISLAY;98.7;513.0;509.0;2.5;21.7;30.8;45.0;5.1;12.9;39.0;43.0
040705;AREQUIPA;ISLAY;MEJIA;100.0;528.0;559.0;0.0;3.3;40.0;56.7;0.0;0.0;30.0;70.0
040706;AREQUIPA;ISLAY;PUNTA DE BOMBON;97.8;491.0;495.0;4.5;23.4;36.6;35.5;1.2;17.9;51.0;29.9
040801;AREQUIPA;LA UNIÓN;COTAHUASI;100.0;474.0;473.0;7.3;30.9;30.9;30.9;12.7;14.5;40.0;32.7
040802;AREQUIPA;LA UNIÓN;ALCA;97.4;428.0;455.0;14.3;53.5;26.8;5.5;14.0;22.1;45.2;18.6
040803;AREQUIPA;LA UNIÓN;CHARCANA;100.0;492.0;472.0;0.0;7.1;64.3;28.6;0.0;21.4;78.6;0.0
040804;AREQUIPA;LA UNIÓN;HUAYNACOTAS;96.7;460.0;473.0;26.7;20.4;17.6;35.3;20.2;23.5;21.0;35.3
040805;AREQUIPA;LA UNIÓN;PAMPAMARCA;100.0;303.0;342.0;90.0;10.0;0.0;0.0;60.0;40.0;0.0;0.0
040806;AREQUIPA;LA UNIÓN;PUYCA;96.9;437.0;449.0;13.3;40.0;40.0;6.7;10.0;36.7;30.0;23.3
040808;AREQUIPA;LA UNIÓN;SAYLA;83.3;474.0;406.0;0.0;20.0;40.0;40.0;20.0;40.0;40.0;0.0
040810;AREQUIPA;LA UNIÓN;TOMEPAMPA;90.9;516.0;529.0;10.0;10.0;40.0;40.0;0.0;0.0;50.0;50.0
050101;AYACUCHO;HUAMANGA;AYACUCHO;99.2;539.0;526.0;2.3;13.0;27.3;57.4;1.9;9.9;40.1;48.1
050102;AYACUCHO;HUAMANGA;ACOCRO;100.0;411.0;401.0;25.0;41.7;25.0;8.3;25.0;33.3;35.0;6.7
050103;AYACUCHO;HUAMANGA;ACOS VINCHOS;100.0;431.0;446.0;12.2;50.0;24.4;13.3;10.0;27.8;51.1;11.1
050104;AYACUCHO;HUAMANGA;CARMEN ALTO;97.8;511.0;498.0;3.2;17.4;34.4;45.0;2.8;13.4;48.3;35.4
050105;AYACUCHO;HUAMANGA;CHIARA;98.6;434.0;447.0;20.7;37.1;27.7;14.6;16.2;19.3;50.0;14.6
050106;AYACUCHO;HUAMANGA;OCROS;100.0;445.0;450.0;16.1;32.3;33.9;17.7;12.9;35.5;29.0;22.6
050107;AYACUCHO;HUAMANGA;PACAYCASA;97.7;467.0;484.0;12.4;22.6;37.7;27.4;9.9;15.0;50.2;24.9
050108;AYACUCHO;HUAMANGA;QUINUA;100.0;468.0;456.0;11.3;25.4;32.4;31.0;12.7;29.6;29.6;28.2
050109;AYACUCHO;HUAMANGA;SAN JOSE DE TICLLAS;100.0;443.0;444.0;24.0;24.0;28.0;24.0;24.0;16.0;40.0;20.0
050110;AYACUCHO;HUAMANGA;SAN JUAN BAUTISTA;98.2;511.0;511.0;3.9;19.7;31.0;45.5;3.4;14.0;39.9;42.7
050111;AYACUCHO;HUAMANGA;SANTIAGO DE PISCHA;100.0;401.0;422.0;40.0;30.0;10.0;20.0;20.0;50.0;10.0;20.0
050112;AYACUCHO;HUAMANGA;SOCOS;97.6;401.0;414.0;26.8;45.4;22.9;4.9;24.4;37.8;27.6;10.2
050113;AYACUCHO;HUAMANGA;TAMBILLO;100.0;414.0;423.0;20.6;50.8;17.5;11.1;15.9;34.9;41.3;7.9
050114;AYACUCHO;HUAMANGA;VINCHOS;100.0;453.0;449.0;9.3;39.2;32.0;19.6;7.2;34.0;43.3;15.5
050115;AYACUCHO;HUAMANGA;JESUS NAZARENO;99.1;516.0;521.0;5.8;14.3;30.5;49.5;3.1;12.5;34.6;49.9
050116;AYACUCHO;HUAMANGA;ANDRES AVELINO CACERES DORREGARAY;99.7;516.0;504.0;1.9;13.6;38.3;46.2;0.9;13.0;50.7;35.4
050201;AYACUCHO;CANGALLO;CANGALLO;100.0;476.0;477.0;14.1;18.5;40.2;27.2;7.6;23.9;38.0;30.4
050202;AYACUCHO;CANGALLO;CHUSCHI;100.0;366.0;423.0;53.8;38.5;7.7;0.0;7.7;46.2;46.2;0.0
050203;AYACUCHO;CANGALLO;LOS MOROCHUCOS;100.0;434.0;463.0;20.0;37.9;26.4;15.7;5.0;30.7;44.3;20.0
050204;AYACUCHO;CANGALLO;MARIA PARADO DE BELLIDO;100.0;387.0;450.0;31.3;37.5;25.0;6.3;12.5;31.3;31.3;25.0
050205;AYACUCHO;CANGALLO;PARAS;97.5;382.0;408.0;39.9;39.3;15.6;5.2;24.3;35.5;37.5;2.6
050206;AYACUCHO;CANGALLO;TOTOS;97.8;417.0;411.0;29.6;34.3;22.5;13.6;32.1;24.7;29.6;13.6
050301;AYACUCHO;HUANCA SANCOS;SANCOS;96.8;522.0;538.0;1.7;10.4;34.6;53.3;1.7;8.7;31.4;58.2
050302;AYACUCHO;HUANCA SANCOS;CARAPO;97.1;459.0;460.0;0.0;51.8;30.6;17.6;0.0;34.1;47.9;17.9
050303;AYACUCHO;HUANCA SANCOS;SACSAMARCA;95.7;412.0;404.0;23.3;52.8;18.8;5.1;23.3;29.5;47.2;0.0
050304;AYACUCHO;HUANCA SANCOS;SANTIAGO DE LUCANAMARCA;96.3;488.0;495.0;16.1;12.2;32.5;39.2;12.2;16.4;31.8;39.5
050401;AYACUCHO;HUANTA;HUANTA;99.2;490.0;508.0;6.9;21.7;32.7;38.7;4.6;14.2;38.8;42.4
050402;AYACUCHO;HUANTA;AYAHUANCO;100.0;390.0;414.0;36.4;36.4;27.3;0.0;18.2;45.5;27.3;9.1
050403;AYACUCHO;HUANTA;HUAMANGUILLA;100.0;461.0;468.0;9.1;31.8;36.4;22.7;6.1;24.2;50.0;19.7
050404;AYACUCHO;HUANTA;IGUAIN;100.0;404.0;422.0;29.4;35.3;26.5;8.8;23.5;23.5;47.1;5.9
050405;AYACUCHO;HUANTA;LURICOCHA;100.0;440.0;444.0;15.2;38.4;30.3;16.2;13.1;29.3;40.4;17.2
050406;AYACUCHO;HUANTA;SANTILLANA;95.8;429.0;445.0;19.3;38.4;29.1;13.2;10.7;30.0;41.7;17.6
050407;AYACUCHO;HUANTA;SIVIA;99.3;434.0;450.0;20.9;33.0;27.7;18.4;19.5;25.5;33.7;21.3
050408;AYACUCHO;HUANTA;LLOCHEGUA;98.3;428.0;450.0;21.0;37.7;24.5;16.8;19.6;28.1;31.0;21.3
050409;AYACUCHO;HUANTA;CANAYRE;96.4;423.0;427.0;21.0;36.8;30.9;11.3;17.2;29.7;43.7;9.4
050410;AYACUCHO;HUANTA;UCHURACCAY;100.0;358.0;387.0;61.9;16.7;11.9;9.5;45.2;19.0;26.2;9.5
050411;AYACUCHO;HUANTA;PUCACOLPA;97.4;343.0;357.0;62.1;32.3;5.6;0.0;56.4;18.5;25.1;0.0
050412;AYACUCHO;HUANTA;CHACA;94.7;372.0;429.0;44.4;27.8;16.7;11.1;33.3;11.1;27.8;27.8
050501;AYACUCHO;LA MAR;SAN MIGUEL;100.0;507.0;535.0;3.1;13.8;38.1;45.0;1.3;6.9;40.0;51.9
050502;AYACUCHO;LA MAR;ANCO;98.0;424.0;442.0;15.8;48.4;25.9;9.9;12.6;31.6;38.2;17.6
050503;AYACUCHO;LA MAR;AYNA;97.5;464.0;457.0;12.2;32.3;30.0;25.6;8.4;22.3;52.3;17.0
050505;AYACUCHO;LA MAR;CHUNGUI;98.0;448.0;443.0;16.3;27.4;29.1;27.1;16.0;28.0;35.4;20.6
050506;AYACUCHO;LA MAR;LUIS CARRANZA;91.7;442.0;483.0;0.0;54.5;27.3;18.2;0.0;18.2;63.6;18.2
050507;AYACUCHO;LA MAR;SANTA ROSA;99.1;436.0;441.0;16.0;38.6;27.2;18.2;16.4;27.3;39.4;16.9
050508;AYACUCHO;LA MAR;TAMBO;99.2;467.0;469.0;16.2;29.0;24.8;30.0;13.9;24.0;32.2;29.9
050509;AYACUCHO;LA MAR;SAMUGARI;99.4;507.0;523.0;9.7;17.2;21.1;52.0;7.3;12.5;30.5;49.7
050510;AYACUCHO;LA MAR;ANCHIHUAY;100.0;420.0;439.0;21.1;39.4;23.9;15.5;21.1;28.2;28.2;22.5
050511;AYACUCHO;LA MAR;ORONCCOY;100.0;395.0;325.0;14.3;71.4;14.3;0.0;85.7;14.3;0.0;0.0
050601;AYACUCHO;LUCANAS;PUQUIO;99.3;499.0;506.0;7.5;20.5;28.9;43.0;4.3;13.3;40.0;42.3
050602;AYACUCHO;LUCANAS;AUCARA;100.0;501.0;512.0;8.6;17.1;28.6;45.7;5.7;5.7;45.7;42.9
050603;AYACUCHO;LUCANAS;CABANA;100.0;514.0;520.0;4.5;27.3;18.2;50.0;0.0;13.6;45.5;40.9
050604;AYACUCHO;LUCANAS;CARMEN SALCEDO;100.0;501.0;485.0;9.1;27.3;9.1;54.5;0.0;18.2;54.5;27.3
050605;AYACUCHO;LUCANAS;CHAVIÑA;93.9;454.0;487.0;22.7;19.4;38.5;19.4;10.0;22.7;32.1;35.2
050606;AYACUCHO;LUCANAS;CHIPAO;100.0;454.0;487.0;12.1;39.4;24.2;24.2;3.0;27.3;42.4;27.3
050607;AYACUCHO;LUCANAS;HUAC-HUAS;100.0;504.0;523.0;0.0;25.0;25.0;50.0;0.0;0.0;50.0;50.0
050608;AYACUCHO;LUCANAS;LARAMATE;100.0;483.0;505.0;5.6;22.2;38.9;33.3;5.6;16.7;33.3;44.4
050609;AYACUCHO;LUCANAS;LEONCIO PRADO;100.0;451.0;455.0;25.0;12.5;37.5;25.0;12.5;25.0;25.0;37.5
050610;AYACUCHO;LUCANAS;LLAUTA;100.0;425.0;394.0;20.0;40.0;20.0;20.0;40.0;20.0;20.0;20.0
050611;AYACUCHO;LUCANAS;LUCANAS;100.0;500.0;498.0;6.1;24.2;24.2;45.5;9.1;12.1;45.5;33.3
050612;AYACUCHO;LUCANAS;OCAÑA;100.0;451.0;465.0;14.3;28.6;28.6;28.6;9.5;23.8;42.9;23.8
050613;AYACUCHO;LUCANAS;OTOCA;100.0;536.0;570.0;0.0;11.1;22.2;66.7;0.0;11.1;11.1;77.8
050615;AYACUCHO;LUCANAS;SAN CRISTOBAL;100.0;455.0;457.0;17.6;29.4;26.5;26.5;14.7;17.6;55.9;11.8
050616;AYACUCHO;LUCANAS;SAN JUAN;100.0;454.0;420.0;16.7;33.3;33.3;16.7;16.7;0.0;83.3;0.0
050617;AYACUCHO;LUCANAS;SAN PEDRO;100.0;411.0;428.0;32.6;37.2;11.6;18.6;18.6;30.2;39.5;11.6
050618;AYACUCHO;LUCANAS;SAN PEDRO DE PALCO;100.0;460.0;481.0;17.6;17.6;41.2;23.5;11.8;5.9;58.8;23.5
050619;AYACUCHO;LUCANAS;SANCOS;100.0;489.0;516.0;8.7;12.5;43.8;35.0;3.8;15.0;31.3;50.0
050620;AYACUCHO;LUCANAS;SANTA ANA DE HUAYCAHUACHO;100.0;524.0;495.0;0.0;0.0;50.0;50.0;0.0;0.0;66.7;33.3
050621;AYACUCHO;LUCANAS;SANTA LUCIA;100.0;504.0;516.0;9.1;13.6;36.4;40.9;4.5;9.1;36.4;50.0
050701;AYACUCHO;PARINACOCHAS;CORACORA;97.4;488.0;478.0;9.9;19.8;36.9;33.4;9.9;14.4;47.6;28.0
050702;AYACUCHO;PARINACOCHAS;CHUMPI;100.0;440.0;435.0;14.8;40.7;29.6;14.8;11.1;29.6;51.9;7.4
050703;AYACUCHO;PARINACOCHAS;CORONEL CASTAÑEDA;100.0;475.0;520.0;0.0;40.0;40.0;20.0;0.0;0.0;60.0;40.0
050704;AYACUCHO;PARINACOCHAS;PACAPAUSA;100.0;482.0;503.0;16.7;16.7;33.3;33.3;16.7;0.0;33.3;50.0
050705;AYACUCHO;PARINACOCHAS;PULLO;96.8;485.0;488.0;7.3;26.1;33.7;33.0;5.0;18.3;43.7;33.0
050706;AYACUCHO;PARINACOCHAS;PUYUSCA;96.7;524.0;522.0;0.0;3.3;41.5;55.1;0.0;3.5;51.7;44.9
050707;AYACUCHO;PARINACOCHAS;SAN FRANCISCO DE RAVACAYCO;100.0;450.0;461.0;14.3;42.9;28.6;14.3;0.0;42.9;28.6;28.6
050708;AYACUCHO;PARINACOCHAS;UPAHUACHO;100.0;465.0;410.0;0.0;40.0;40.0;20.0;0.0;60.0;40.0;0.0
050801;AYACUCHO;PÁUCAR DEL SARA SARA;PAUSA;100.0;504.0;481.0;4.5;13.4;37.3;44.8;9.0;13.4;46.3;31.3
050803;AYACUCHO;PÁUCAR DEL SARA SARA;CORCULLA;100.0;516.0;472.0;0.0;14.3;42.9;42.9;0.0;14.3;71.4;14.3
050804;AYACUCHO;PÁUCAR DEL SARA SARA;LAMPA;100.0;550.0;519.0;0.0;5.0;35.0;60.0;0.0;15.0;40.0;45.0
050805;AYACUCHO;PÁUCAR DEL SARA SARA;MARCABAMBA;100.0;487.0;528.0;0.0;33.3;33.3;33.3;0.0;0.0;66.7;33.3
050806;AYACUCHO;PÁUCAR DEL SARA SARA;OYOLO;97.3;426.0;433.0;28.3;30.7;24.3;16.7;17.2;25.1;46.6;11.1
050809;AYACUCHO;PÁUCAR DEL SARA SARA;SAN JOSE DE USHUA;100.0;478.0;468.0;20.0;20.0;20.0;40.0;0.0;40.0;40.0;20.0
050810;AYACUCHO;PÁUCAR DEL SARA SARA;SARA SARA;100.0;502.0;453.0;0.0;42.9;14.3;42.9;14.3;14.3;57.1;14.3
050901;AYACUCHO;SUCRE;QUEROBAMBA;100.0;483.0;479.0;2.0;32.0;30.0;36.0;8.0;20.0;44.0;28.0
050903;AYACUCHO;SUCRE;CHALCOS;100.0;449.0;434.0;0.0;60.0;20.0;20.0;0.0;60.0;40.0;0.0
050904;AYACUCHO;SUCRE;CHILCAYOC;100.0;531.0;528.0;0.0;0.0;37.5;62.5;0.0;12.5;50.0;37.5
050906;AYACUCHO;SUCRE;MORCOLLA;100.0;443.0;421.0;27.3;27.3;13.6;31.8;31.8;22.7;27.3;18.2
050907;AYACUCHO;SUCRE;PAICO;100.0;445.0;454.0;7.1;57.1;28.6;7.1;7.1;21.4;64.3;7.1
050908;AYACUCHO;SUCRE;SAN PEDRO DE LARCAY;95.7;443.0;448.0;13.6;47.7;24.4;14.2;13.6;23.9;58.0;4.5
050909;AYACUCHO;SUCRE;SAN SALVADOR DE QUIJE;100.0;405.0;430.0;16.7;66.7;16.7;0.0;0.0;33.3;66.7;0.0
050911;AYACUCHO;SUCRE;SORAS;100.0;501.0;490.0;0.0;27.8;22.2;50.0;0.0;16.7;61.1;22.2
051001;AYACUCHO;VÍCTOR FAJARDO;HUANCAPI;100.0;502.0;545.0;0.0;17.2;48.3;34.5;0.0;0.0;37.9;62.1
051002;AYACUCHO;VÍCTOR FAJARDO;ALCAMENCA;85.7;388.0;413.0;16.7;66.7;16.7;0.0;0.0;50.0;50.0;0.0
051003;AYACUCHO;VÍCTOR FAJARDO;APONGO;100.0;427.0;425.0;16.7;33.3;50.0;0.0;33.3;16.7;33.3;16.7
051005;AYACUCHO;VÍCTOR FAJARDO;CANARIA;97.6;463.0;450.0;4.9;31.0;49.3;14.9;7.3;35.6;34.6;22.4
051006;AYACUCHO;VÍCTOR FAJARDO;CAYARA;92.9;432.0;428.0;23.1;23.1;46.2;7.7;15.4;15.4;61.5;7.7
051007;AYACUCHO;VÍCTOR FAJARDO;COLCA;100.0;517.0;544.0;0.0;11.1;33.3;55.6;0.0;0.0;38.9;61.1
051008;AYACUCHO;VÍCTOR FAJARDO;HUAMANQUIQUIA;100.0;480.0;475.0;0.0;35.7;28.6;35.7;14.3;14.3;50.0;21.4
051009;AYACUCHO;VÍCTOR FAJARDO;HUANCARAYLLA;100.0;454.0;501.0;0.0;52.2;26.1;21.7;0.0;13.0;56.5;30.4
051010;AYACUCHO;VÍCTOR FAJARDO;HUAYA;100.0;470.0;475.0;11.3;21.0;38.7;29.0;16.1;11.3;45.2;27.4
051011;AYACUCHO;VÍCTOR FAJARDO;SARHUA;96.0;374.0;415.0;41.6;49.6;4.0;4.8;25.6;28.8;32.8;12.8
051012;AYACUCHO;VÍCTOR FAJARDO;VILCANCHOS;100.0;366.0;337.0;50.0;40.9;4.5;4.5;72.7;13.6;13.6;0.0
051101;AYACUCHO;VILCASHUAMÁN;VILCAS HUAMAN;97.8;447.0;457.0;21.9;26.4;27.5;24.2;14.5;27.5;39.0;19.0
051102;AYACUCHO;VILCASHUAMÁN;ACCOMARCA;100.0;403.0;408.0;20.0;60.0;20.0;0.0;40.0;20.0;20.0;20.0
051103;AYACUCHO;VILCASHUAMÁN;CARHUANCA;100.0;470.0;452.0;7.7;30.8;23.1;38.5;0.0;46.2;46.2;7.7
051104;AYACUCHO;VILCASHUAMÁN;CONCEPCION;96.8;462.0;500.0;3.6;32.7;39.5;24.2;0.0;12.9;43.5;43.5
051105;AYACUCHO;VILCASHUAMÁN;HUAMBALPA;94.4;406.0;429.0;36.4;24.1;28.4;11.1;17.9;36.4;34.6;11.1
051106;AYACUCHO;VILCASHUAMÁN;INDEPENDENCIA;100.0;467.0;466.0;0.0;30.0;50.0;20.0;0.0;10.0;80.0;10.0
051107;AYACUCHO;VILCASHUAMÁN;SAURAMA;90.0;383.0;362.0;32.5;57.5;10.0;0.0;57.5;30.0;12.5;0.0
051108;AYACUCHO;VILCASHUAMÁN;VISCHONGO;96.2;469.0;466.0;12.3;31.6;26.2;29.9;10.5;18.8;46.6;24.1
060101;CAJAMARCA;CAJAMARCA;CAJAMARCA;98.1;497.0;496.0;5.7;22.0;32.8;39.5;4.1;15.5;45.7;34.7
060102;CAJAMARCA;CAJAMARCA;ASUNCION;97.9;432.0;444.0;18.6;36.4;33.5;11.4;12.9;28.6;42.9;15.5
060103;CAJAMARCA;CAJAMARCA;CHETILLA;96.1;385.0;410.0;39.0;39.2;16.5;5.2;19.9;44.1;26.3;9.7
060104;CAJAMARCA;CAJAMARCA;COSPAN;89.3;390.0;405.0;34.8;43.0;18.2;4.0;18.8;47.8;28.7;4.8
060105;CAJAMARCA;CAJAMARCA;ENCAÑADA;95.2;413.0;429.0;26.7;39.3;24.0;10.0;14.9;37.7;34.7;12.7
060106;CAJAMARCA;CAJAMARCA;JESUS;98.0;419.0;429.0;29.9;31.0;23.7;15.4;21.4;26.0;39.0;13.6
060107;CAJAMARCA;CAJAMARCA;LLACANORA;100.0;452.0;465.0;18.4;30.4;28.3;22.9;9.8;23.9;44.6;21.8
060108;CAJAMARCA;CAJAMARCA;LOS BAÑOS DEL INCA;98.2;448.0;457.0;15.0;34.5;31.7;18.9;9.2;26.3;45.8;18.6
060109;CAJAMARCA;CAJAMARCA;MAGDALENA;97.8;425.0;425.0;22.0;37.1;27.4;13.4;19.2;28.6;43.2;8.9
060110;CAJAMARCA;CAJAMARCA;MATARA;100.0;462.0;475.0;10.0;38.3;23.3;28.4;11.6;23.3;36.7;28.4
060111;CAJAMARCA;CAJAMARCA;NAMORA;97.9;399.0;420.0;35.3;34.8;17.5;12.4;29.2;24.1;30.1;16.6
060112;CAJAMARCA;CAJAMARCA;SAN JUAN;98.7;391.0;400.0;41.4;35.5;11.6;11.6;37.5;27.1;27.6;7.7
060201;CAJAMARCA;CAJABAMBA;CAJABAMBA;99.5;490.0;495.0;9.2;24.5;29.0;37.4;6.5;19.2;36.7;37.6
060202;CAJAMARCA;CAJABAMBA;CACHACHI;96.7;403.0;414.0;34.5;32.9;22.1;10.4;27.2;29.8;31.4;11.5
060203;CAJAMARCA;CAJABAMBA;CONDEBAMBA;99.1;429.0;432.0;26.1;30.8;25.4;17.7;22.3;26.9;33.5;17.4
060204;CAJAMARCA;CAJABAMBA;SITACOCHA;96.6;383.0;403.0;37.9;44.2;12.7;5.2;25.2;39.4;29.8;5.6
060301;CAJAMARCA;CELENDÍN;CELENDIN;99.3;498.0;506.0;9.4;21.5;28.9;40.2;6.3;14.0;41.9;37.9
060302;CAJAMARCA;CELENDÍN;CHUMUCH;96.9;423.0;449.0;27.5;28.3;26.5;17.7;20.6;19.8;36.6;22.9
060303;CAJAMARCA;CELENDÍN;CORTEGANA;97.4;390.0;400.0;37.7;32.9;22.4;7.0;29.5;29.2;35.9;5.4
060304;CAJAMARCA;CELENDÍN;HUASMIN;98.1;389.0;405.0;37.5;35.7;20.0;6.9;28.8;33.8;29.4;8.1
060306;CAJAMARCA;CELENDÍN;JOSE GALVEZ;90.7;489.0;516.0;2.3;29.1;29.4;39.1;0.0;11.6;46.1;42.3
060307;CAJAMARCA;CELENDÍN;MIGUEL IGLESIAS;100.0;396.0;411.0;37.0;37.0;19.2;6.8;20.5;32.9;41.1;5.5
060308;CAJAMARCA;CELENDÍN;OXAMARCA;98.5;415.0;441.0;30.9;25.3;30.7;13.0;20.7;21.7;40.0;17.6
060309;CAJAMARCA;CELENDÍN;SOROCHUCO;97.6;435.0;457.0;18.7;37.9;27.3;16.1;8.4;29.6;42.8;19.2
060310;CAJAMARCA;CELENDÍN;SUCRE;96.8;452.0;453.0;14.4;33.8;32.0;19.8;11.5;26.9;44.8;16.8
060311;CAJAMARCA;CELENDÍN;UTCO;100.0;399.0;376.0;22.2;55.6;22.2;0.0;44.4;33.3;22.2;0.0
060312;CAJAMARCA;CELENDÍN;LA LIBERTAD DE PALLAN;99.3;411.0;428.0;31.1;34.8;24.5;9.6;18.3;29.2;40.9;11.6
060401;CAJAMARCA;CHOTA;CHOTA;91.8;466.0;483.0;10.0;30.4;31.7;27.9;6.1;20.0;44.7;29.1
060402;CAJAMARCA;CHOTA;ANGUIA;95.9;419.0;443.0;22.0;42.6;26.9;8.5;11.2;37.2;37.3;14.2
060403;CAJAMARCA;CHOTA;CHADIN;96.6;429.0;438.0;28.7;28.2;24.0;19.1;21.6;21.4;38.0;19.0
060404;CAJAMARCA;CHOTA;CHIGUIRIP;98.2;456.0;499.0;14.0;28.4;37.6;20.0;1.7;14.3;57.3;26.7
060405;CAJAMARCA;CHOTA;CHIMBAN;98.1;443.0;446.0;19.7;21.5;33.3;25.5;19.4;13.9;41.4;25.3
060406;CAJAMARCA;CHOTA;CHOROPAMPA;100.0;464.0;475.0;8.7;34.7;21.7;34.9;4.3;21.7;47.8;26.2
060407;CAJAMARCA;CHOTA;COCHABAMBA;96.2;459.0;474.0;10.7;37.6;22.9;28.8;9.8;23.6;41.0;25.7
060408;CAJAMARCA;CHOTA;CONCHAN;100.0;449.0;465.0;11.5;36.9;36.9;14.6;12.3;16.9;50.8;20.0
060409;CAJAMARCA;CHOTA;HUAMBOS;95.7;438.0;447.0;21.9;31.5;24.0;22.5;18.7;21.6;37.9;21.7
060410;CAJAMARCA;CHOTA;LAJAS;97.0;454.0;484.0;12.5;30.4;38.1;18.9;8.2;12.9;48.3;30.6
060411;CAJAMARCA;CHOTA;LLAMA;97.5;488.0;486.0;6.4;24.2;40.0;29.4;3.7;19.2;49.4;27.7
060412;CAJAMARCA;CHOTA;MIRACOSTA;100.0;379.0;414.0;46.9;25.0;21.9;6.2;31.3;28.1;21.9;18.7
060413;CAJAMARCA;CHOTA;PACCHA;94.8;453.0;485.0;11.9;32.2;37.8;18.2;3.5;22.8;43.0;30.7
060414;CAJAMARCA;CHOTA;PION;92.3;407.0;420.0;7.7;67.3;25.0;0.0;0.0;67.3;32.7;0.0
060415;CAJAMARCA;CHOTA;QUEROCOTO;99.5;428.0;445.0;17.3;41.1;33.0;8.6;10.3;33.6;40.5;15.6
060417;CAJAMARCA;CHOTA;TACABAMBA;74.3;;;;;;;;;;
060418;CAJAMARCA;CHOTA;TOCMOCHE;100.0;417.0;382.0;28.6;28.6;28.6;14.3;28.6;57.1;14.3;0.0
060419;CAJAMARCA;CHOTA;CHALAMARCA;97.6;460.0;482.0;13.7;27.8;31.6;26.9;4.0;22.9;39.7;33.4
060501;CAJAMARCA;CONTUMAZÁ;CONTUMAZA;100.0;472.0;490.0;12.4;16.4;41.4;29.8;7.7;15.3;47.2;29.8
060502;CAJAMARCA;CONTUMAZÁ;CHILETE;100.0;479.0;495.0;10.4;16.7;47.9;25.0;2.1;10.4;58.3;29.2
060503;CAJAMARCA;CONTUMAZÁ;CUPISNIQUE;100.0;373.0;421.0;40.0;60.0;0.0;0.0;20.0;40.0;40.0;0.0
060504;CAJAMARCA;CONTUMAZÁ;GUZMANGO;100.0;395.0;433.0;29.0;45.2;16.1;9.7;9.7;38.7;48.4;3.2
060505;CAJAMARCA;CONTUMAZÁ;SAN BENITO;98.4;441.0;440.0;11.9;44.5;28.7;15.0;11.7;28.2;48.4;11.7
060506;CAJAMARCA;CONTUMAZÁ;SANTA CRUZ DE TOLEDO;78.9;;;;;;;;;;
060507;CAJAMARCA;CONTUMAZÁ;TANTARICA;97.6;476.0;457.0;7.3;21.9;46.3;24.4;10.0;7.3;68.2;14.5
060508;CAJAMARCA;CONTUMAZÁ;YONAN;98.2;472.0;483.0;2.9;37.4;30.3;29.4;2.9;15.7;57.9;23.4
060601;CAJAMARCA;CUTERVO;CUTERVO;98.9;461.0;474.0;11.4;30.1;34.9;23.6;7.6;20.9;46.1;25.4
060602;CAJAMARCA;CUTERVO;CALLAYUC;97.9;425.0;439.0;21.4;42.1;21.1;15.4;10.3;32.3;45.6;11.8
060603;CAJAMARCA;CUTERVO;CHOROS;100.0;476.0;496.0;15.2;27.3;21.2;36.4;6.1;21.2;42.4;30.3
060604;CAJAMARCA;CUTERVO;CUJILLO;100.0;479.0;491.0;13.0;15.2;41.3;30.4;6.5;21.7;34.8;37.0
060605;CAJAMARCA;CUTERVO;LA RAMADA;98.8;450.0;455.0;9.1;40.0;34.9;16.1;6.5;35.1;33.6;24.7
060606;CAJAMARCA;CUTERVO;PIMPINGOS;96.7;516.0;511.0;6.6;12.2;25.1;56.1;7.7;9.1;35.0;48.2
060607;CAJAMARCA;CUTERVO;QUEROCOTILLO;96.9;414.0;427.0;29.5;32.2;22.9;15.4;21.9;27.4;34.7;16.1
060608;CAJAMARCA;CUTERVO;SAN ANDRES DE CUTERVO;95.7;468.0;479.0;12.6;40.1;21.1;26.2;16.0;14.7;35.5;33.8
060609;CAJAMARCA;CUTERVO;SAN JUAN DE CUTERVO;100.0;448.0;477.0;13.6;43.2;18.2;25.0;9.1;18.2;47.7;25.0
060610;CAJAMARCA;CUTERVO;SAN LUIS DE LUCMA;100.0;470.0;488.0;8.0;32.0;30.0;30.0;10.0;16.1;36.0;37.9
060611;CAJAMARCA;CUTERVO;SANTA CRUZ;94.4;440.0;421.0;20.2;26.7;44.0;9.0;17.5;32.4;47.1;3.0
060612;CAJAMARCA;CUTERVO;SANTO DOMINGO DE LA CAPILLA;95.2;437.0;468.0;19.8;31.8;30.7;17.7;9.8;19.2;46.7;24.3
060613;CAJAMARCA;CUTERVO;SANTO TOMAS;98.0;459.0;493.0;14.0;30.9;27.6;27.5;6.4;21.0;38.3;34.3
060614;CAJAMARCA;CUTERVO;SOCOTA;97.4;465.0;478.0;16.6;24.1;19.3;40.1;10.7;16.9;36.3;36.1
060701;CAJAMARCA;HUALGAYOC;BAMBAMARCA;98.1;473.0;493.0;13.1;25.5;29.0;32.5;7.3;18.9;35.1;38.7
060702;CAJAMARCA;HUALGAYOC;CHUGUR;96.5;472.0;484.0;11.8;19.1;45.9;23.1;6.4;19.5;44.2;29.9
060703;CAJAMARCA;HUALGAYOC;HUALGAYOC;99.6;449.0;481.0;9.3;38.3;35.9;16.4;6.3;22.7;39.6;31.4
060801;CAJAMARCA;JAÉN;JAEN;98.2;500.0;492.0;7.6;19.4;32.3;40.7;7.2;17.3;42.0;33.5
060802;CAJAMARCA;JAÉN;BELLAVISTA;99.0;466.0;455.0;12.1;25.9;34.8;27.2;9.5;28.9;42.4;19.3
060803;CAJAMARCA;JAÉN;CHONTALI;96.5;447.0;446.0;11.8;41.5;26.8;20.0;11.0;28.2;50.0;10.8
060804;CAJAMARCA;JAÉN;COLASAY;95.7;439.0;435.0;18.6;36.9;27.7;16.8;18.6;25.2;44.3;11.9
060805;CAJAMARCA;JAÉN;HUABAL;100.0;449.0;446.0;16.7;34.6;21.2;27.6;17.3;21.8;39.1;21.8
060806;CAJAMARCA;JAÉN;LAS PIRIAS;98.6;439.0;441.0;13.0;32.4;41.2;13.4;10.2;26.3;51.8;11.7
060807;CAJAMARCA;JAÉN;POMAHUACA;97.9;418.0;416.0;28.9;34.6;21.2;15.3;26.6;25.2;38.2;9.9
060808;CAJAMARCA;JAÉN;PUCARA;96.4;422.0;418.0;19.1;45.7;25.5;9.7;22.7;25.1;45.6;6.7
060809;CAJAMARCA;JAÉN;SALLIQUE;98.0;420.0;425.0;35.5;24.5;18.4;21.6;29.5;20.4;30.5;19.6
060810;CAJAMARCA;JAÉN;SAN FELIPE;95.5;436.0;451.0;19.7;28.5;35.0;16.8;11.6;23.8;42.9;21.7
060811;CAJAMARCA;JAÉN;SAN JOSE DEL ALTO;99.3;434.0;426.0;20.1;34.7;26.1;19.0;15.9;38.1;34.7;11.3
060812;CAJAMARCA;JAÉN;SANTA ROSA;96.7;445.0;443.0;15.5;31.9;36.7;15.9;12.0;29.5;42.4;16.0
060901;CAJAMARCA;SAN IGNACIO;SAN IGNACIO;97.9;479.0;468.0;7.3;24.0;37.2;31.5;7.9;21.0;47.7;23.4
060902;CAJAMARCA;SAN IGNACIO;CHIRINOS;98.3;497.0;516.0;8.4;16.0;36.0;39.6;3.7;16.6;32.2;47.5
060903;CAJAMARCA;SAN IGNACIO;HUARANGO;98.3;456.0;458.0;15.7;30.2;28.9;25.2;13.6;19.8;46.0;20.7
060904;CAJAMARCA;SAN IGNACIO;LA COIPA;96.4;469.0;458.0;9.3;30.9;28.8;31.1;10.4;23.2;44.8;21.6
060905;CAJAMARCA;SAN IGNACIO;NAMBALLE;95.9;441.0;434.0;20.3;34.3;25.1;20.4;17.3;28.5;41.8;12.4
060906;CAJAMARCA;SAN IGNACIO;SAN JOSE DE LOURDES;97.2;457.0;474.0;10.8;31.8;34.3;23.0;6.1;22.8;46.8;24.4
060907;CAJAMARCA;SAN IGNACIO;TABACONAS;98.5;448.0;451.0;15.8;35.2;28.9;20.0;10.5;27.1;44.0;18.5
061001;CAJAMARCA;SAN MARCOS;PEDRO GALVEZ;96.7;462.0;468.0;11.2;32.3;28.9;27.6;9.0;23.1;44.6;23.3
061002;CAJAMARCA;SAN MARCOS;CHANCAY;95.9;463.0;456.0;12.9;27.1;35.8;24.2;5.7;27.3;51.3;15.6
061003;CAJAMARCA;SAN MARCOS;EDUARDO VILLANUEVA;98.6;412.0;408.0;28.1;37.5;22.0;12.4;28.2;32.0;30.3;9.6
061004;CAJAMARCA;SAN MARCOS;GREGORIO PITA;94.4;418.0;441.0;24.8;39.2;23.7;12.3;11.0;32.3;44.3;12.4
061005;CAJAMARCA;SAN MARCOS;ICHOCAN;100.0;469.0;469.0;10.5;26.4;36.9;26.3;7.9;21.1;47.4;23.7
061006;CAJAMARCA;SAN MARCOS;JOSE MANUEL QUIROZ;100.0;460.0;482.0;3.6;41.4;34.2;20.7;3.6;19.5;48.8;28.1
061007;CAJAMARCA;SAN MARCOS;JOSE SABOGAL;96.3;380.0;393.0;44.5;34.9;14.5;6.2;31.4;32.8;29.4;6.4
061101;CAJAMARCA;SAN MIGUEL;SAN MIGUEL;97.1;464.0;477.0;11.7;26.8;36.7;24.7;4.9;22.2;47.0;25.8
061102;CAJAMARCA;SAN MIGUEL;BOLIVAR;94.4;463.0;433.0;6.0;40.2;24.1;29.7;11.6;52.8;23.6;12.1
061103;CAJAMARCA;SAN MIGUEL;CALQUIS;97.7;402.0;434.0;18.6;62.5;18.9;0.0;4.6;41.8;50.9;2.7
061104;CAJAMARCA;SAN MIGUEL;CATILLUC;100.0;534.0;565.0;0.0;27.2;12.1;60.7;0.0;6.0;21.1;72.8
061105;CAJAMARCA;SAN MIGUEL;EL PRADO;95.0;473.0;483.0;15.0;16.3;33.7;34.9;2.6;19.9;51.0;26.4
061106;CAJAMARCA;SAN MIGUEL;LA FLORIDA;96.2;411.0;411.0;32.7;38.4;20.2;8.6;27.0;32.7;31.6;8.6
061107;CAJAMARCA;SAN MIGUEL;LLAPA;98.4;494.0;533.0;1.7;18.5;44.4;35.5;1.7;8.3;30.7;59.3
061108;CAJAMARCA;SAN MIGUEL;NANCHOC;85.0;448.0;477.0;0.0;58.7;28.7;12.5;0.0;31.3;56.2;12.5
061109;CAJAMARCA;SAN MIGUEL;NIEPOS;97.9;464.0;496.0;12.5;19.3;44.7;23.5;6.2;12.5;46.7;34.5
061110;CAJAMARCA;SAN MIGUEL;SAN GREGORIO;100.0;549.0;568.0;0.0;21.4;7.1;71.4;0.0;0.0;28.6;71.4
061111;CAJAMARCA;SAN MIGUEL;SAN SILVESTRE DE COCHAN;100.0;438.0;465.0;21.6;31.6;21.7;25.0;10.0;18.3;50.0;21.7
061112;CAJAMARCA;SAN MIGUEL;TONGOD;86.8;465.0;486.0;6.4;34.5;40.4;18.6;0.0;22.3;52.8;24.9
061113;CAJAMARCA;SAN MIGUEL;UNION AGUA BLANCA;100.0;456.0;489.0;10.3;27.6;51.7;10.4;6.9;13.8;38.0;41.3
061201;CAJAMARCA;SAN PABLO;SAN PABLO;98.7;435.0;468.0;25.1;29.7;22.6;22.7;10.2;22.4;42.2;25.3
061202;CAJAMARCA;SAN PABLO;SAN BERNARDINO;98.2;377.0;400.0;50.9;34.0;6.6;8.5;24.5;47.2;21.7;6.6
061203;CAJAMARCA;SAN PABLO;SAN LUIS;96.7;415.0;422.0;28.3;32.4;29.0;10.3;21.4;29.0;42.8;6.9
061204;CAJAMARCA;SAN PABLO;TUMBADEN;97.0;400.0;440.0;26.9;46.4;20.5;6.2;12.5;26.8;48.4;12.3
061301;CAJAMARCA;SANTA CRUZ;SANTA CRUZ;96.2;448.0;437.0;12.1;33.1;41.5;13.4;15.1;27.8;45.6;11.5
061302;CAJAMARCA;SANTA CRUZ;ANDABAMBA;100.0;424.0;433.0;19.2;42.3;34.7;3.9;15.3;38.4;38.6;7.7
061303;CAJAMARCA;SANTA CRUZ;CATACHE;96.7;450.0;457.0;12.3;31.2;37.9;18.6;12.2;26.7;38.3;22.9
061304;CAJAMARCA;SANTA CRUZ;CHANCAYBAÑOS;100.0;471.0;510.0;8.9;20.0;48.9;22.2;2.2;8.9;57.8;31.1
061305;CAJAMARCA;SANTA CRUZ;LA ESPERANZA;88.9;412.0;452.0;30.4;32.7;29.1;7.8;16.6;20.3;49.8;13.4
061306;CAJAMARCA;SANTA CRUZ;NINABAMBA;100.0;514.0;546.0;2.1;10.4;41.7;45.9;2.1;12.5;12.5;73.0
061307;CAJAMARCA;SANTA CRUZ;PULAN;98.4;443.0;453.0;24.6;27.9;19.7;27.8;14.8;29.5;31.1;24.6
061308;CAJAMARCA;SANTA CRUZ;SAUCEPAMPA;100.0;503.0;547.0;0.0;26.9;26.9;46.3;0.0;0.0;46.1;53.9
061309;CAJAMARCA;SANTA CRUZ;SEXI;100.0;525.0;543.0;0.0;0.0;66.7;33.3;0.0;0.0;16.7;83.3
061310;CAJAMARCA;SANTA CRUZ;UTICYACU;100.0;460.0;466.0;4.6;32.0;49.9;13.6;0.0;13.6;77.3;9.1
061311;CAJAMARCA;SANTA CRUZ;YAUYUCAN;97.6;461.0;497.0;7.3;44.0;20.5;28.2;2.4;7.3;64.2;26.0
070101;CALLAO;CALLAO;CALLAO;96.4;499.0;496.0;5.4;21.6;32.6;40.4;5.4;16.7;41.7;36.3
070102;CALLAO;CALLAO;BELLAVISTA;96.0;515.0;505.0;2.9;18.9;30.8;47.4;3.7;14.4;42.2;39.7
070103;CALLAO;CALLAO;CARMEN DE LA LEGUA REYNOSO;98.9;504.0;495.0;4.6;20.0;33.5;41.9;5.9;17.5;40.0;36.6
070104;CALLAO;CALLAO;LA PERLA;95.6;507.0;496.0;6.0;18.7;29.5;45.8;4.5;17.1;39.9;38.5
070105;CALLAO;CALLAO;LA PUNTA;97.5;519.0;503.0;0.0;22.0;31.3;46.7;0.0;15.6;48.1;36.3
070106;CALLAO;CALLAO;VENTANILLA;96.2;514.0;507.0;4.3;16.8;31.3;47.6;4.3;14.5;40.0;41.2
070107;CALLAO;CALLAO;MI PERU;96.5;509.0;499.0;3.8;16.8;35.1;44.3;4.0;14.9;43.4;37.6
080101;CUSCO;CUSCO;CUSCO;99.5;526.0;524.0;2.8;15.4;29.7;52.1;2.3;10.8;39.1;47.8
080103;CUSCO;CUSCO;POROY;100.0;452.0;453.0;7.3;38.2;36.4;18.2;5.5;34.5;50.9;9.1
080104;CUSCO;CUSCO;SAN JERONIMO;98.2;508.0;501.0;4.2;19.5;34.3;42.0;3.5;14.4;44.9;37.3
080105;CUSCO;CUSCO;SAN SEBASTIAN;98.8;515.0;515.0;3.0;17.7;32.2;47.1;2.6;12.8;41.7;42.9
080106;CUSCO;CUSCO;SANTIAGO;97.5;516.0;513.0;4.9;17.0;27.9;50.3;4.7;13.8;38.6;43.0
080107;CUSCO;CUSCO;SAYLLA;96.3;449.0;455.0;11.7;40.6;29.0;18.7;14.2;24.7;42.4;18.7
080108;CUSCO;CUSCO;WANCHAQ;98.0;529.0;522.0;2.5;14.8;28.5;54.3;1.8;8.9;44.9;44.4
080201;CUSCO;ACOMAYO;ACOMAYO;100.0;533.0;523.0;0.0;13.0;34.8;52.2;0.0;2.9;53.6;43.5
080202;CUSCO;ACOMAYO;ACOPIA;100.0;435.0;453.0;11.9;45.2;33.3;9.5;11.9;16.7;54.8;16.7
080203;CUSCO;ACOMAYO;ACOS;100.0;403.0;430.0;20.8;62.0;6.9;10.3;17.4;31.0;41.3;10.3
080204;CUSCO;ACOMAYO;MOSOC LLACTA;100.0;476.0;505.0;0.0;25.0;62.5;12.5;0.0;0.0;87.5;12.5
080205;CUSCO;ACOMAYO;POMACANCHI;99.1;456.0;486.0;12.1;26.2;47.2;14.4;5.6;18.7;45.2;30.5
080206;CUSCO;ACOMAYO;RONDOCAN;100.0;454.0;440.0;12.5;50.0;25.0;12.5;12.5;25.0;50.0;12.5
080207;CUSCO;ACOMAYO;SANGARARA;97.1;414.0;440.0;32.5;29.3;26.0;12.2;12.4;37.0;39.9;10.7
080301;CUSCO;ANTA;ANTA;99.5;490.0;505.0;6.3;22.9;33.2;37.7;2.7;17.9;41.6;37.9
080302;CUSCO;ANTA;ANCAHUASI;99.0;461.0;448.0;13.1;25.3;36.4;25.2;11.1;26.2;45.5;17.2
080303;CUSCO;ANTA;CACHIMAYO;100.0;519.0;505.0;2.6;21.1;26.3;50.0;2.6;13.2;47.4;36.8
080304;CUSCO;ANTA;CHINCHAYPUJIO;100.0;398.0;416.0;35.4;23.5;29.4;11.7;29.5;17.6;29.4;23.5
080305;CUSCO;ANTA;HUAROCONDO;100.0;422.0;459.0;22.0;45.8;23.7;8.5;6.8;23.8;55.9;13.5
080306;CUSCO;ANTA;LIMATAMBO;99.2;473.0;476.0;15.9;25.8;25.0;33.4;16.7;15.0;34.1;34.2
080307;CUSCO;ANTA;MOLLEPATA;100.0;483.0;477.0;5.0;35.0;22.5;37.5;10.0;25.0;37.5;27.5
080308;CUSCO;ANTA;PUCYURA;96.6;488.0;493.0;1.8;34.2;26.4;37.5;1.8;23.5;42.7;32.0
080309;CUSCO;ANTA;ZURITE;100.0;430.0;440.0;24.2;27.5;27.6;20.7;17.3;20.7;44.8;17.2
080401;CUSCO;CALCA;CALCA;97.8;502.0;515.0;4.9;21.6;31.2;42.2;2.9;10.8;43.4;42.9
080402;CUSCO;CALCA;COYA;100.0;477.0;494.0;23.3;15.4;19.2;42.2;11.7;15.4;30.7;42.2
080403;CUSCO;CALCA;LAMAY;98.8;451.0;500.0;16.2;33.7;24.9;25.1;5.0;11.2;46.1;37.6
080404;CUSCO;CALCA;LARES;100.0;397.0;415.0;35.4;38.1;22.0;4.4;16.2;44.2;33.7;5.9
080405;CUSCO;CALCA;PISAC;96.4;454.0;463.0;12.2;36.1;29.9;21.9;12.7;24.2;39.9;23.1
080406;CUSCO;CALCA;SAN SALVADOR;100.0;468.0;452.0;14.3;20.6;41.2;23.8;8.0;27.0;50.8;14.3
080407;CUSCO;CALCA;TARAY;97.1;448.0;454.0;15.2;31.5;37.6;15.7;6.1;27.7;56.9;9.4
080408;CUSCO;CALCA;YANATILE;98.6;457.0;462.0;12.8;28.8;34.2;24.2;9.2;21.3;49.7;19.9
080501;CUSCO;CANAS;YANAOCA;97.3;482.0;512.0;10.1;26.8;27.0;36.1;1.8;20.4;34.7;43.1
080502;CUSCO;CANAS;CHECCA;100.0;339.0;352.0;66.2;30.4;1.7;1.7;47.0;34.5;18.6;0.0
080503;CUSCO;CANAS;KUNTURKANKI;98.6;441.0;443.0;27.8;28.0;17.7;26.5;27.8;20.6;25.0;26.6
080504;CUSCO;CANAS;LANGUI;100.0;410.0;433.0;18.1;50.2;18.1;13.6;22.8;22.9;36.2;18.1
080505;CUSCO;CANAS;LAYO;100.0;409.0;415.0;27.8;42.1;18.0;12.0;26.5;33.7;26.5;13.2
080506;CUSCO;CANAS;PAMPAMARCA;100.0;451.0;489.0;8.3;33.3;41.7;16.7;0.0;16.7;58.3;25.0
080507;CUSCO;CANAS;QUEHUE;100.0;425.0;454.0;16.7;54.2;20.8;8.3;0.0;33.3;58.3;8.3
080508;CUSCO;CANAS;TUPAC AMARU;100.0;422.0;419.0;10.5;63.2;15.8;10.5;26.0;32.0;32.0;11.0
080601;CUSCO;CANCHIS;SICUANI;99.3;511.0;528.0;3.7;19.5;30.7;46.1;2.4;11.3;38.4;47.8
080602;CUSCO;CANCHIS;CHECACUPE;100.0;498.0;511.0;3.1;21.9;40.6;34.4;3.1;3.1;59.4;34.4
080603;CUSCO;CANCHIS;COMBAPATA;100.0;463.0;489.0;4.2;47.2;16.7;31.9;2.8;20.8;43.0;33.3
080604;CUSCO;CANCHIS;MARANGANI;100.0;455.0;465.0;12.3;30.3;28.7;28.7;10.6;17.2;50.0;22.1
080605;CUSCO;CANCHIS;PITUMARCA;100.0;417.0;437.0;31.6;30.3;19.1;19.1;14.7;33.7;35.9;15.7
080606;CUSCO;CANCHIS;SAN PABLO;100.0;417.0;419.0;28.2;33.3;23.1;15.4;30.8;23.1;33.3;12.8
080607;CUSCO;CANCHIS;SAN PEDRO;100.0;493.0;526.0;0.0;8.3;58.3;33.3;0.0;8.3;58.3;33.3
080608;CUSCO;CANCHIS;TINTA;100.0;492.0;510.0;9.8;17.1;36.6;36.6;2.4;22.0;31.7;43.9
080701;CUSCO;CHUMBIVILCAS;SANTO TOMAS;99.1;472.0;472.0;13.8;27.0;29.0;30.2;12.6;19.7;39.4;28.3
080702;CUSCO;CHUMBIVILCAS;CAPACMARCA;100.0;423.0;444.0;24.1;40.6;19.0;16.4;12.7;31.6;41.8;13.9
080703;CUSCO;CHUMBIVILCAS;CHAMACA;100.0;453.0;464.0;16.6;24.2;40.6;18.6;6.6;17.7;54.8;20.9
080704;CUSCO;CHUMBIVILCAS;COLQUEMARCA;100.0;422.0;428.0;29.2;32.6;24.7;13.5;24.8;25.8;35.9;13.5
080705;CUSCO;CHUMBIVILCAS;LIVITACA;100.0;392.0;400.0;36.8;43.5;13.1;6.6;30.3;32.0;32.8;4.9
080706;CUSCO;CHUMBIVILCAS;LLUSCO;100.0;432.0;460.0;23.6;31.4;31.3;13.7;7.8;33.4;31.4;27.4
080707;CUSCO;CHUMBIVILCAS;QUIÑOTA;100.0;448.0;439.0;20.4;24.4;29.7;25.6;24.4;31.2;17.5;26.9
080708;CUSCO;CHUMBIVILCAS;VELILLE;97.9;451.0;462.0;17.6;26.8;33.0;22.7;17.8;19.8;32.1;30.2
080801;CUSCO;ESPINAR;ESPINAR;99.4;502.0;515.0;4.3;21.0;33.3;41.4;3.3;12.9;39.0;44.8
080802;CUSCO;ESPINAR;CONDOROMA;100.0;512.0;497.0;0.0;0.0;66.7;33.3;0.0;0.0;66.7;33.3
080803;CUSCO;ESPINAR;COPORAQUE;100.0;445.0;449.0;11.6;30.9;46.0;11.5;11.6;15.5;53.8;19.1
080804;CUSCO;ESPINAR;OCORURO;100.0;424.0;408.0;14.3;57.1;14.3;14.3;28.6;42.9;14.3;14.3
080805;CUSCO;ESPINAR;PALLPATA;100.0;465.0;480.0;13.3;35.0;25.0;26.7;6.7;23.3;45.0;25.0
080806;CUSCO;ESPINAR;PICHIGUA;100.0;443.0;500.0;0.0;44.4;44.4;11.1;0.0;11.1;55.6;33.3
080807;CUSCO;ESPINAR;SUYCKUTAMBO;100.0;484.0;479.0;5.1;25.1;30.0;39.9;0.0;30.0;60.0;10.0
080808;CUSCO;ESPINAR;ALTO PICHIGUA;100.0;449.0;471.0;0.0;50.0;42.9;7.1;0.0;21.4;57.1;21.4
080901;CUSCO;LA CONVENCIÓN;SANTA ANA;99.4;497.0;498.0;7.3;23.2;30.7;38.8;5.2;18.4;38.7;37.7
080902;CUSCO;LA CONVENCIÓN;ECHARATE;94.7;458.0;459.0;10.4;33.2;34.1;22.3;8.5;27.0;45.1;19.4
080903;CUSCO;LA CONVENCIÓN;HUAYOPATA;100.0;476.0;480.0;10.3;30.8;23.1;35.9;10.3;30.8;25.6;33.3
080904;CUSCO;LA CONVENCIÓN;MARANURA;98.6;544.0;528.0;3.0;13.8;21.4;61.8;5.0;8.0;40.0;48.0
080905;CUSCO;LA CONVENCIÓN;OCOBAMBA;100.0;441.0;461.0;15.6;32.8;37.5;14.1;12.5;20.3;48.4;18.8
080906;CUSCO;LA CONVENCIÓN;QUELLOUNO;95.2;448.0;456.0;12.3;37.9;29.5;20.3;13.3;28.0;33.3;25.4
080907;CUSCO;LA CONVENCIÓN;KIMBIRI;97.9;444.0;444.0;17.1;30.5;34.8;17.5;12.7;26.2;45.6;15.5
080908;CUSCO;LA CONVENCIÓN;SANTA TERESA;98.8;497.0;490.0;13.1;15.6;27.7;43.7;11.9;11.9;35.0;41.2
080909;CUSCO;LA CONVENCIÓN;VILCABAMBA;96.7;431.0;432.0;26.2;29.4;26.1;18.2;22.8;25.6;35.9;15.7
080910;CUSCO;LA CONVENCIÓN;PICHARI;96.2;441.0;452.0;17.4;32.9;31.0;18.6;15.9;20.8;42.3;21.0
080911;CUSCO;LA CONVENCIÓN;INKAWASI;100.0;419.0;429.0;23.8;42.8;17.5;15.9;17.5;30.1;39.7;12.7
080912;CUSCO;LA CONVENCIÓN;VILLA VIRGEN;100.0;408.0;424.0;19.5;51.2;24.4;4.9;19.5;36.6;36.6;7.3
080913;CUSCO;LA CONVENCIÓN;VILLA KINTIARINA;77.6;;;;;;;;;;
080914;CUSCO;LA CONVENCIÓN;MEGANTONI;75.0;;;;;;;;;;
081001;CUSCO;PARURO;PARURO;97.6;493.0;504.0;8.3;23.4;30.5;37.8;5.4;28.9;25.0;40.7
081002;CUSCO;PARURO;ACCHA;100.0;513.0;492.0;10.3;2.6;33.3;53.8;5.1;20.5;41.0;33.3
081003;CUSCO;PARURO;CCAPI;97.7;457.0;439.0;16.0;27.3;29.9;26.8;13.7;30.0;37.3;19.1
081005;CUSCO;PARURO;HUANOQUITE;100.0;484.0;484.0;9.2;9.1;45.5;36.2;6.9;13.8;45.4;34.0
081006;CUSCO;PARURO;OMACHA;100.0;391.0;390.0;44.3;27.1;18.6;10.0;33.2;37.8;23.2;5.7
081007;CUSCO;PARURO;PACCARITAMBO;100.0;541.0;507.0;0.0;16.7;50.0;33.3;16.7;0.0;66.7;16.7
081008;CUSCO;PARURO;PILLPINTO;100.0;437.0;400.0;22.2;44.4;22.2;11.1;44.4;22.2;11.1;22.2
081009;CUSCO;PARURO;YAURISQUE;100.0;474.0;478.0;6.5;35.5;29.0;29.0;3.2;19.4;51.5;25.8
081101;CUSCO;PAUCARTAMBO;PAUCARTAMBO;95.6;;;;;;;;;;
081102;CUSCO;PAUCARTAMBO;CAICAY;100.0;419.0;443.0;16.1;52.0;23.8;8.1;12.0;32.1;35.9;19.9
081103;CUSCO;PAUCARTAMBO;CHALLABAMBA;98.5;445.0;485.0;20.3;20.6;43.5;15.6;11.7;14.9;34.8;38.6
081104;CUSCO;PAUCARTAMBO;COLQUEPATA;100.0;397.0;417.0;42.9;24.6;21.3;11.2;29.4;22.4;33.6;14.5
081105;CUSCO;PAUCARTAMBO;HUANCARANI;99.2;418.0;443.0;18.9;48.4;26.3;6.4;9.8;31.9;41.6;16.7
081106;CUSCO;PAUCARTAMBO;KOSÑIPATA;97.9;443.0;442.0;12.7;35.8;36.8;14.7;11.7;30.4;41.1;16.8
081201;CUSCO;QUISPICANCHI;URCOS;100.0;494.0;495.0;6.8;24.5;27.6;41.1;4.2;20.9;38.5;36.4
081202;CUSCO;QUISPICANCHI;ANDAHUAYLILLAS;100.0;498.0;495.0;3.2;27.1;30.3;39.3;3.2;12.9;52.9;31.0
081203;CUSCO;QUISPICANCHI;CAMANTI;100.0;445.0;429.0;12.8;43.6;15.4;28.2;17.9;33.3;41.1;7.7
081204;CUSCO;QUISPICANCHI;CCARHUAYO;100.0;398.0;387.0;33.3;40.7;22.2;3.7;25.9;51.9;18.5;3.7
081205;CUSCO;QUISPICANCHI;CCATCA;100.0;417.0;424.0;24.3;44.1;21.3;10.3;22.1;27.2;39.0;11.8
081206;CUSCO;QUISPICANCHI;CUSIPATA;98.0;475.0;490.0;12.1;20.4;40.8;26.7;4.0;16.2;57.2;22.6
081207;CUSCO;QUISPICANCHI;HUARO;100.0;428.0;417.0;17.6;44.1;26.5;11.8;20.6;29.4;41.2;8.8
081208;CUSCO;QUISPICANCHI;LUCRE;100.0;475.0;476.0;6.6;27.6;38.2;27.6;6.6;17.1;47.4;28.9
081209;CUSCO;QUISPICANCHI;MARCAPATA;100.0;405.0;419.0;28.9;42.4;21.2;7.6;24.3;31.8;31.8;12.1
081210;CUSCO;QUISPICANCHI;OCONGATE;99.0;461.0;480.0;14.0;26.9;31.8;27.3;14.5;15.5;38.3;31.6
081211;CUSCO;QUISPICANCHI;OROPESA;98.0;449.0;452.0;19.0;27.4;30.9;22.7;16.2;25.9;35.1;22.8
081212;CUSCO;QUISPICANCHI;QUIQUIJANA;100.0;437.0;444.0;20.2;30.3;33.9;15.6;15.6;32.1;33.9;18.3
081301;CUSCO;URUBAMBA;URUBAMBA;98.7;489.0;483.0;7.3;24.5;33.5;34.6;6.1;21.7;42.7;29.4
081302;CUSCO;URUBAMBA;CHINCHERO;99.4;482.0;498.0;9.3;22.0;33.3;35.5;6.9;11.0;45.0;37.1
081303;CUSCO;URUBAMBA;HUAYLLABAMBA;97.3;482.0;513.0;9.0;18.1;43.3;29.5;3.3;6.2;52.9;37.6
081304;CUSCO;URUBAMBA;MACHUPICCHU;100.0;484.0;474.0;3.7;26.8;46.4;23.2;4.9;15.9;54.9;24.4
081305;CUSCO;URUBAMBA;MARAS;100.0;475.0;489.0;8.5;32.9;22.0;36.6;6.1;25.6;28.0;40.2
081306;CUSCO;URUBAMBA;OLLANTAYTAMBO;99.1;446.0;458.0;18.9;28.1;34.8;18.1;11.7;27.1;38.5;22.7
081307;CUSCO;URUBAMBA;YUCAY;98.1;494.0;482.0;2.0;24.4;35.7;37.8;4.0;13.0;58.3;24.7
090101;HUANCAVELICA;HUANCAVELICA;HUANCAVELICA;99.2;511.0;516.0;4.2;16.8;31.8;47.2;2.9;11.1;40.8;45.2
090102;HUANCAVELICA;HUANCAVELICA;ACOBAMBILLA;95.8;420.0;456.0;17.4;46.8;26.6;9.2;4.4;27.5;54.6;13.5
090103;HUANCAVELICA;HUANCAVELICA;ACORIA;98.1;431.0;448.0;21.9;36.0;27.6;14.5;14.8;25.8;37.7;21.8
090104;HUANCAVELICA;HUANCAVELICA;CONAYCA;100.0;514.0;490.0;0.0;20.0;40.0;40.0;0.0;0.0;80.0;20.0
090105;HUANCAVELICA;HUANCAVELICA;CUENCA;92.9;409.0;439.0;27.2;48.1;16.5;8.1;11.8;44.1;32.0;12.2
090106;HUANCAVELICA;HUANCAVELICA;HUACHOCOLPA;100.0;389.0;422.0;32.7;42.9;18.4;6.1;16.4;28.6;51.0;4.1
090107;HUANCAVELICA;HUANCAVELICA;HUAYLLAHUARA;100.0;407.0;484.0;12.5;87.5;0.0;0.0;0.0;12.5;75.0;12.5
090108;HUANCAVELICA;HUANCAVELICA;IZCUCHACA;100.0;506.0;531.0;0.0;10.5;42.1;47.4;0.0;0.0;52.6;47.4
090109;HUANCAVELICA;HUANCAVELICA;LARIA;100.0;540.0;525.0;0.0;0.0;20.0;80.0;0.0;20.0;20.0;60.0
090110;HUANCAVELICA;HUANCAVELICA;MANTA;100.0;383.0;427.0;33.3;33.3;33.3;0.0;16.7;33.3;50.0;0.0
090111;HUANCAVELICA;HUANCAVELICA;MARISCAL CACERES;100.0;429.0;450.0;23.1;26.9;34.6;15.4;15.4;30.8;26.9;26.9
090112;HUANCAVELICA;HUANCAVELICA;MOYA;100.0;539.0;594.0;0.0;0.0;16.7;83.3;0.0;16.7;16.7;66.7
090113;HUANCAVELICA;HUANCAVELICA;NUEVO OCCORO;100.0;466.0;495.0;5.7;31.5;42.8;20.0;2.9;11.4;51.4;34.3
090114;HUANCAVELICA;HUANCAVELICA;PALCA;100.0;420.0;433.0;24.4;40.5;16.2;18.9;10.8;37.9;40.5;10.8
090115;HUANCAVELICA;HUANCAVELICA;PILCHACA;100.0;476.0;429.0;0.0;20.0;60.0;20.0;20.0;40.0;40.0;0.0
090116;HUANCAVELICA;HUANCAVELICA;VILCA;100.0;388.0;427.0;32.3;45.2;19.4;3.2;9.7;32.3;51.6;6.5
090117;HUANCAVELICA;HUANCAVELICA;YAULI;98.6;400.0;435.0;29.3;44.7;18.3;7.7;13.0;29.0;48.0;9.0
090118;HUANCAVELICA;HUANCAVELICA;ASCENSION;96.5;478.0;500.0;6.5;32.1;33.0;28.4;2.7;14.8;50.4;32.1
090119;HUANCAVELICA;HUANCAVELICA;HUANDO;98.6;422.0;431.0;29.7;36.7;19.7;13.9;17.1;29.9;36.4;16.7
090201;HUANCAVELICA;ACOBAMBA;ACOBAMBA;100.0;516.0;525.0;3.0;15.8;33.3;47.9;3.0;9.7;37.6;49.7
090202;HUANCAVELICA;ACOBAMBA;ANDABAMBA;100.0;467.0;492.0;0.0;45.5;29.5;25.0;0.0;25.0;50.0;25.0
090203;HUANCAVELICA;ACOBAMBA;ANTA;96.4;404.0;434.0;21.2;56.7;16.7;5.5;5.9;43.8;40.8;9.4
090204;HUANCAVELICA;ACOBAMBA;CAJA;100.0;476.0;513.0;0.0;25.0;62.5;12.5;0.0;0.0;62.5;37.5
090205;HUANCAVELICA;ACOBAMBA;MARCAS;100.0;499.0;526.0;0.0;25.0;33.3;41.7;0.0;0.0;58.3;41.7
090206;HUANCAVELICA;ACOBAMBA;PAUCARA;100.0;466.0;478.0;8.1;26.8;43.9;21.1;1.6;22.8;55.3;20.3
090207;HUANCAVELICA;ACOBAMBA;POMACOCHA;100.0;464.0;448.0;5.9;5.9;82.4;5.9;0.0;17.6;82.4;0.0
090208;HUANCAVELICA;ACOBAMBA;ROSARIO;96.3;421.0;438.0;26.7;37.7;21.6;14.0;20.7;15.4;45.8;18.1
090301;HUANCAVELICA;ANGARAES;LIRCAY;98.8;484.0;523.0;8.4;18.4;39.3;34.0;3.8;9.6;36.4;50.2
090302;HUANCAVELICA;ANGARAES;ANCHONGA;100.0;389.0;413.0;36.9;41.5;15.4;6.2;26.1;32.3;29.2;12.3
090303;HUANCAVELICA;ANGARAES;CALLANMARCA;100.0;498.0;483.0;0.0;10.0;50.0;40.0;0.0;10.0;80.0;10.0
090304;HUANCAVELICA;ANGARAES;CCOCHACCASA;100.0;458.0;491.0;7.5;40.3;32.8;19.4;4.5;14.9;56.7;23.9
090306;HUANCAVELICA;ANGARAES;CONGALLA;100.0;450.0;462.0;11.6;34.8;30.3;23.3;9.3;23.2;46.6;21.0
090307;HUANCAVELICA;ANGARAES;HUANCA-HUANCA;100.0;403.0;429.0;25.0;45.8;25.0;4.2;20.8;25.0;41.7;12.5
090308;HUANCAVELICA;ANGARAES;HUAYLLAY GRANDE;100.0;428.0;496.0;13.0;56.5;21.7;8.7;0.0;17.4;52.2;30.4
090309;HUANCAVELICA;ANGARAES;JULCAMARCA;85.7;459.0;434.0;33.3;33.3;16.7;16.7;16.7;33.3;33.3;16.7
090311;HUANCAVELICA;ANGARAES;SANTO TOMAS DE PATA;100.0;391.0;446.0;25.0;50.0;18.7;6.3;18.8;0.0;75.0;6.2
090312;HUANCAVELICA;ANGARAES;SECCLLA;86.8;;;;;;;;;;
090401;HUANCAVELICA;CASTROVIRREYNA;CASTROVIRREYNA;100.0;496.0;486.0;2.3;22.8;40.9;34.1;2.3;15.9;54.5;27.3
090402;HUANCAVELICA;CASTROVIRREYNA;ARMA;100.0;559.0;600.0;0.0;0.0;0.0;100.0;0.0;0.0;0.0;100.0
090403;HUANCAVELICA;CASTROVIRREYNA;AURAHUA;100.0;423.0;431.0;25.8;25.8;32.2;16.1;16.1;25.8;51.6;6.4
090404;HUANCAVELICA;CASTROVIRREYNA;CAPILLAS;100.0;461.0;487.0;0.0;37.5;37.5;25.0;0.0;37.5;12.5;50.0
090406;HUANCAVELICA;CASTROVIRREYNA;COCAS;100.0;462.0;425.0;0.0;50.0;33.3;16.7;16.7;33.3;50.0;0.0
090407;HUANCAVELICA;CASTROVIRREYNA;HUACHOS;100.0;356.0;424.0;33.3;50.0;16.7;0.0;0.0;50.0;50.0;0.0
090408;HUANCAVELICA;CASTROVIRREYNA;HUAMATAMBO;100.0;459.0;481.0;20.0;20.0;20.0;40.0;0.0;20.0;40.0;40.0
090409;HUANCAVELICA;CASTROVIRREYNA;MOLLEPAMPA;100.0;455.0;477.0;11.1;22.2;55.6;11.1;0.0;22.2;55.6;22.2
090412;HUANCAVELICA;CASTROVIRREYNA;TANTARA;83.3;465.0;474.0;0.0;50.0;10.0;40.0;0.0;10.0;80.0;10.0
090413;HUANCAVELICA;CASTROVIRREYNA;TICRAPO;95.8;441.0;437.0;12.8;43.4;26.2;17.6;9.0;35.0;39.0;18.0
090501;HUANCAVELICA;CHURCAMPA;CHURCAMPA;99.0;468.0;496.0;12.0;31.0;29.1;27.9;4.9;18.9;36.9;39.3
090502;HUANCAVELICA;CHURCAMPA;ANCO;100.0;400.0;420.0;32.4;38.9;20.4;8.3;20.4;35.2;36.1;8.3
090503;HUANCAVELICA;CHURCAMPA;CHINCHIHUASI;100.0;456.0;486.0;12.1;39.4;18.2;30.3;6.1;9.1;54.5;30.3
090504;HUANCAVELICA;CHURCAMPA;EL CARMEN;100.0;415.0;427.0;24.3;43.2;24.3;8.1;24.3;21.7;43.2;10.8
090506;HUANCAVELICA;CHURCAMPA;LOCROJA;100.0;390.0;386.0;30.0;45.0;22.5;2.5;30.0;40.0;27.5;2.5
090507;HUANCAVELICA;CHURCAMPA;PAUCARBAMBA;98.7;494.0;528.0;13.3;18.9;25.0;42.8;5.5;16.9;21.5;56.1
090508;HUANCAVELICA;CHURCAMPA;SAN MIGUEL DE MAYOCC;100.0;491.0;454.0;5.9;5.9;47.0;41.2;5.9;23.5;53.0;17.6
090509;HUANCAVELICA;CHURCAMPA;SAN PEDRO DE CORIS;97.4;480.0;489.0;2.6;36.8;29.5;31.1;0.0;16.3;52.4;31.3
090510;HUANCAVELICA;CHURCAMPA;PACHAMARCA;100.0;474.0;499.0;10.7;17.9;39.3;32.1;0.0;7.2;64.3;28.6
090511;HUANCAVELICA;CHURCAMPA;COSME;100.0;489.0;491.0;3.1;29.3;27.7;40.0;0.0;9.2;67.7;23.1
090601;HUANCAVELICA;HUAYTARÁ;HUAYTARA;100.0;541.0;526.0;0.0;11.4;28.6;60.0;0.0;5.7;48.6;45.7
090603;HUANCAVELICA;HUAYTARÁ;CORDOVA;100.0;434.0;450.0;22.2;44.4;11.1;22.3;11.1;22.2;44.4;22.3
090605;HUANCAVELICA;HUAYTARÁ;LARAMARCA;100.0;379.0;397.0;20.0;60.0;20.0;0.0;20.0;60.0;20.0;0.0
090606;HUANCAVELICA;HUAYTARÁ;OCOYO;100.0;452.0;455.0;16.7;33.3;0.0;50.0;0.0;33.3;50.0;16.7
090607;HUANCAVELICA;HUAYTARÁ;PILPICHACA;96.4;416.0;420.0;25.0;47.0;12.0;16.0;31.0;21.0;36.0;12.0
090608;HUANCAVELICA;HUAYTARÁ;QUERCO;100.0;519.0;535.0;0.0;0.0;42.9;57.1;0.0;0.0;57.1;42.9
090610;HUANCAVELICA;HUAYTARÁ;SAN ANTONIO DE CUSICANCHA;100.0;443.0;464.0;11.5;46.2;23.1;19.2;19.2;23.1;19.2;38.4
090611;HUANCAVELICA;HUAYTARÁ;SAN FRANCISCO DE SANGAYAICO;100.0;388.0;387.0;25.0;58.3;16.7;0.0;25.0;50.0;25.0;0.0
090612;HUANCAVELICA;HUAYTARÁ;SAN ISIDRO;100.0;457.0;466.0;20.0;20.0;60.0;0.0;0.0;0.0;100.0;0.0
090613;HUANCAVELICA;HUAYTARÁ;SANTIAGO DE CHOCORVOS;100.0;390.0;390.0;20.0;60.0;20.0;0.0;20.0;60.0;20.0;0.0
090615;HUANCAVELICA;HUAYTARÁ;SANTO DOMINGO DE CAPILLAS;100.0;449.0;455.0;14.3;42.9;28.6;14.3;0.0;42.9;42.9;14.3
090701;HUANCAVELICA;TAYACAJA;PAMPAS;98.8;520.0;538.0;4.7;17.7;24.6;52.9;3.0;8.4;36.9;51.8
090702;HUANCAVELICA;TAYACAJA;ACOSTAMBO;100.0;537.0;572.0;0.0;8.4;36.1;55.5;0.0;0.0;33.4;66.6
090703;HUANCAVELICA;TAYACAJA;ACRAQUIA;100.0;494.0;561.0;0.0;11.1;66.7;22.2;0.0;0.0;38.9;61.1
090704;HUANCAVELICA;TAYACAJA;AHUAYCHA;100.0;424.0;458.0;20.9;39.5;27.9;11.6;11.6;18.6;46.5;23.3
090705;HUANCAVELICA;TAYACAJA;COLCABAMBA;97.3;432.0;452.0;19.5;38.7;24.7;17.1;13.8;24.5;40.9;20.8
090706;HUANCAVELICA;TAYACAJA;DANIEL HERNANDEZ;96.7;482.0;510.0;4.6;30.2;28.8;36.5;2.9;15.4;40.2;41.5
090707;HUANCAVELICA;TAYACAJA;HUACHOCOLPA;96.2;420.0;439.0;22.1;37.9;30.2;9.8;14.3;29.8;39.7;16.2
090709;HUANCAVELICA;TAYACAJA;HUARIBAMBA;100.0;418.0;456.0;17.7;47.1;23.5;11.8;11.8;19.6;56.9;11.7
090710;HUANCAVELICA;TAYACAJA;ÑAHUIMPUQUIO;96.7;508.0;545.0;0.0;14.2;44.1;41.7;0.0;11.3;27.9;60.8
090711;HUANCAVELICA;TAYACAJA;PAZOS;98.6;465.0;491.0;5.3;32.6;31.8;30.3;6.3;23.5;35.4;34.8
090713;HUANCAVELICA;TAYACAJA;QUISHUAR;100.0;456.0;471.0;5.6;44.4;27.8;22.2;11.1;16.7;50.0;22.2
090714;HUANCAVELICA;TAYACAJA;SALCABAMBA;98.0;465.0;486.0;12.2;29.2;26.3;32.3;8.0;14.5;51.1;26.3
090715;HUANCAVELICA;TAYACAJA;SALCAHUASI;100.0;492.0;516.0;15.4;23.1;7.7;53.7;0.0;15.4;46.2;38.4
090716;HUANCAVELICA;TAYACAJA;SAN MARCOS DE ROCCHAC;100.0;463.0;480.0;7.1;42.9;23.8;26.2;4.8;26.2;45.2;23.8
090717;HUANCAVELICA;TAYACAJA;SURCUBAMBA;100.0;392.0;442.0;33.4;42.1;17.5;7.0;12.3;33.3;43.8;10.5
090718;HUANCAVELICA;TAYACAJA;TINTAY PUNCU;98.1;426.0;436.0;23.5;36.2;25.0;15.3;15.8;36.4;32.5;15.3
090719;HUANCAVELICA;TAYACAJA;QUICHUAS;98.2;427.0;436.0;23.4;40.3;19.2;17.1;13.8;35.0;34.8;16.3
090720;HUANCAVELICA;TAYACAJA;ANDAYMARCA;95.5;398.0;404.0;34.7;38.4;16.6;10.3;20.6;44.7;28.3;6.4
090722;HUANCAVELICA;TAYACAJA;PICHOS;100.0;397.0;408.0;26.2;50.0;21.4;2.4;23.9;40.5;28.5;7.1
090723;HUANCAVELICA;TAYACAJA;SANTIAGO DE TUCUMA;100.0;437.0;441.0;22.3;26.0;33.3;18.5;11.1;33.4;40.7;14.8
100101;HUÁNUCO;HUÁNUCO;HUANUCO;98.3;490.0;480.0;6.6;23.9;33.0;36.4;7.3;19.2;44.5;29.1
100102;HUÁNUCO;HUÁNUCO;AMARILIS;95.7;479.0;472.0;10.4;24.9;32.1;32.6;10.0;21.1;41.4;27.4
100103;HUÁNUCO;HUÁNUCO;CHINCHAO;97.2;434.0;437.0;16.8;37.3;35.3;10.5;16.5;26.9;45.1;11.5
100104;HUÁNUCO;HUÁNUCO;CHURUBAMBA;95.7;359.0;377.0;48.6;39.0;11.3;1.1;41.8;32.7;22.6;2.9
100105;HUÁNUCO;HUÁNUCO;MARGOS;97.6;366.0;375.0;50.0;38.1;7.9;4.0;34.2;39.4;22.4;3.9
100106;HUÁNUCO;HUÁNUCO;QUISQUI (KICHKI);100.0;366.0;373.0;50.7;33.3;13.0;2.9;37.7;42.0;17.4;2.9
100107;HUÁNUCO;HUÁNUCO;SAN FRANCISCO DE CAYRAN;98.7;487.0;493.0;4.0;26.2;35.0;34.9;6.8;13.9;43.3;36.1
100108;HUÁNUCO;HUÁNUCO;SAN PEDRO DE CHAULAN;97.9;384.0;396.0;37.1;39.2;23.6;0.0;33.4;30.5;31.9;4.3
100109;HUÁNUCO;HUÁNUCO;SANTA MARIA DEL VALLE;97.6;402.0;417.0;31.5;39.8;19.7;9.0;26.0;30.9;32.2;10.9
100110;HUÁNUCO;HUÁNUCO;YARUMAYO;96.7;400.0;405.0;31.0;48.6;13.8;6.7;37.7;20.5;31.4;10.5
100111;HUÁNUCO;HUÁNUCO;PILLCO MARCA;99.3;478.0;472.0;6.8;26.6;35.4;31.2;7.0;22.0;46.5;24.4
100112;HUÁNUCO;HUÁNUCO;YACUS;100.0;380.0;400.0;46.7;26.6;20.0;6.7;26.7;33.3;26.6;13.3
100113;HUÁNUCO;HUÁNUCO;SAN PABLO DE PILLAO;95.4;402.0;409.0;34.3;34.4;22.0;9.3;29.6;28.6;31.2;10.6
100201;HUÁNUCO;AMBO;AMBO;98.0;464.0;474.0;12.4;26.1;34.1;27.4;12.1;15.9;42.7;29.4
100202;HUÁNUCO;AMBO;CAYNA;100.0;408.0;375.0;27.6;34.5;24.2;13.8;41.4;31.0;27.6;0.0
100203;HUÁNUCO;AMBO;COLPAS;94.1;389.0;466.0;42.2;39.1;18.8;0.0;7.8;21.9;51.6;18.8
100204;HUÁNUCO;AMBO;CONCHAMARCA;100.0;432.0;444.0;23.4;29.8;31.9;14.9;10.9;26.2;58.7;4.3
100205;HUÁNUCO;AMBO;HUACAR;98.8;467.0;475.0;8.2;30.6;35.6;25.6;10.6;29.4;31.1;28.9
100206;HUÁNUCO;AMBO;SAN FRANCISCO;100.0;417.0;390.0;20.0;46.7;33.4;0.0;26.7;53.4;20.0;0.0
100207;HUÁNUCO;AMBO;SAN RAFAEL;98.6;420.0;432.0;27.4;36.7;20.9;15.1;27.3;25.5;24.9;22.3
100208;HUÁNUCO;AMBO;TOMAY KICHWA;98.8;483.0;477.0;5.1;24.6;34.7;35.7;6.3;11.6;52.4;29.6
100301;HUÁNUCO;DOS DE MAYO;LA UNION;92.6;441.0;439.0;21.1;29.2;28.5;21.3;16.7;25.8;42.4;15.1
100307;HUÁNUCO;DOS DE MAYO;CHUQUIS;93.9;345.0;371.0;62.1;26.8;10.2;0.9;43.7;33.7;17.9;4.7
100311;HUÁNUCO;DOS DE MAYO;MARIAS;96.8;382.0;392.0;45.0;33.2;15.2;6.6;32.7;32.8;27.2;7.3
100313;HUÁNUCO;DOS DE MAYO;PACHAS;92.3;425.0;416.0;18.9;40.7;27.2;13.2;13.4;43.0;39.4;4.1
100316;HUÁNUCO;DOS DE MAYO;QUIVILLA;100.0;383.0;408.0;31.3;50.0;18.8;0.0;18.7;50.0;25.0;6.2
100317;HUÁNUCO;DOS DE MAYO;RIPAN;93.8;393.0;403.0;28.0;43.0;27.7;1.3;34.7;30.9;26.6;7.8
100321;HUÁNUCO;DOS DE MAYO;SHUNQUI;97.4;376.0;389.0;38.1;44.8;11.4;5.7;32.4;38.4;20.6;8.6
100322;HUÁNUCO;DOS DE MAYO;SILLAPATA;100.0;452.0;466.0;17.6;35.3;17.6;29.4;0.0;41.2;35.3;23.5
100323;HUÁNUCO;DOS DE MAYO;YANAS;97.2;387.0;389.0;32.2;50.6;17.1;0.0;32.2;29.8;38.0;0.0
100401;HUÁNUCO;HUACAYBAMBA;HUACAYBAMBA;100.0;443.0;436.0;16.0;31.9;35.4;16.7;17.4;25.0;43.7;13.9
100402;HUÁNUCO;HUACAYBAMBA;CANCHABAMBA;98.2;377.0;377.0;43.2;38.2;14.8;3.7;45.0;29.1;24.0;1.9
100403;HUÁNUCO;HUACAYBAMBA;COCHABAMBA;100.0;374.0;371.0;39.3;50.0;3.6;7.1;46.5;35.7;17.8;0.0
100404;HUÁNUCO;HUACAYBAMBA;PINRA;98.3;406.0;402.0;37.8;25.0;18.7;18.4;34.9;24.1;31.9;9.1
100501;HUÁNUCO;HUAMALÍES;LLATA;98.4;424.0;429.0;27.6;32.3;24.0;16.1;20.9;30.8;31.2;17.1
100502;HUÁNUCO;HUAMALÍES;ARANCAY;100.0;403.0;424.0;25.0;50.0;25.0;0.0;12.5;43.8;25.0;18.8
100503;HUÁNUCO;HUAMALÍES;CHAVIN DE PARIARCA;98.7;430.0;409.0;12.1;45.9;32.5;9.5;18.8;49.8;21.8;9.6
100504;HUÁNUCO;HUAMALÍES;JACAS GRANDE;99.2;408.0;432.0;29.0;37.4;26.1;7.6;20.7;29.9;32.6;16.9
100505;HUÁNUCO;HUAMALÍES;JIRCAN;100.0;439.0;420.0;15.4;34.6;38.5;11.5;11.5;30.8;53.8;3.8
100506;HUÁNUCO;HUAMALÍES;MIRAFLORES;100.0;384.0;402.0;40.0;36.9;20.0;3.1;23.1;40.0;29.2;7.7
100507;HUÁNUCO;HUAMALÍES;MONZON;99.7;464.0;482.0;10.5;32.3;31.0;26.2;5.1;25.6;37.5;31.9
100508;HUÁNUCO;HUAMALÍES;PUNCHAO;97.6;409.0;429.0;34.1;34.1;22.0;9.8;9.8;39.0;41.5;9.8
100509;HUÁNUCO;HUAMALÍES;PUÑOS;100.0;371.0;377.0;52.2;29.9;13.4;4.5;40.3;38.8;17.9;3.0
100510;HUÁNUCO;HUAMALÍES;SINGA;97.7;407.0;399.0;28.7;41.6;25.2;4.5;21.3;44.4;32.0;2.3
100511;HUÁNUCO;HUAMALÍES;TANTAMAYO;100.0;421.0;429.0;8.7;60.9;26.1;4.3;4.3;52.2;34.8;8.7
100601;HUÁNUCO;LEONCIO PRADO;RUPA-RUPA;98.6;477.0;480.0;9.5;27.1;31.4;32.0;6.3;20.0;46.4;27.3
100602;HUÁNUCO;LEONCIO PRADO;DANIEL ALOMIA ROBLES;97.6;415.0;429.0;28.9;37.6;23.1;10.5;22.8;23.6;41.3;12.3
100603;HUÁNUCO;LEONCIO PRADO;HERMILIO VALDIZAN;100.0;453.0;484.0;10.0;36.0;32.0;22.0;6.0;22.0;38.0;34.0
100604;HUÁNUCO;LEONCIO PRADO;JOSE CRESPO Y CASTILLO;98.9;454.0;445.0;11.0;32.0;37.4;19.6;10.6;29.5;44.9;15.1
100605;HUÁNUCO;LEONCIO PRADO;LUYANDO;98.3;448.0;445.0;12.3;37.2;33.8;16.7;8.8;33.4;43.0;14.8
100606;HUÁNUCO;LEONCIO PRADO;MARIANO DAMASO BERAUN;94.2;427.0;428.0;25.5;28.0;31.5;15.0;18.4;31.1;38.9;11.5
100607;HUÁNUCO;LEONCIO PRADO;PUCAYACU;97.9;446.0;449.0;19.7;27.2;29.4;23.7;11.9;31.9;33.0;23.2
100608;HUÁNUCO;LEONCIO PRADO;CASTILLO GRANDE;95.7;466.0;469.0;9.2;25.4;36.2;29.1;13.1;14.7;47.0;25.3
100609;HUÁNUCO;LEONCIO PRADO;PUEBLO NUEVO;98.2;452.0;470.0;16.9;28.8;34.7;19.6;9.7;16.3;54.4;19.6
100610;HUÁNUCO;LEONCIO PRADO;SANTO DOMINGO DE ANDA;100.0;433.0;428.0;17.7;38.2;26.5;17.6;14.7;29.4;47.0;8.8
100701;HUÁNUCO;MARAÑÓN;HUACRACHUCO;97.7;397.0;397.0;36.1;36.7;17.5;9.7;33.6;32.8;24.9;8.7
100702;HUÁNUCO;MARAÑÓN;CHOLON;99.3;410.0;403.0;28.3;39.6;21.3;10.9;30.5;33.5;25.2;10.9
100703;HUÁNUCO;MARAÑÓN;SAN BUENAVENTURA;100.0;343.0;353.0;62.2;32.4;5.4;0.0;51.4;36.5;8.1;4.1
100704;HUÁNUCO;MARAÑÓN;LA MORADA;98.4;440.0;441.0;15.9;35.6;31.0;17.5;7.9;35.1;45.5;11.5
100705;HUÁNUCO;MARAÑÓN;SANTA ROSA DE ALTO YANAJANCA;91.3;410.0;412.0;31.1;27.0;35.9;6.0;21.4;38.3;32.8;7.5
100801;HUÁNUCO;PACHITEA;PANAO;98.2;422.0;438.0;23.2;36.8;27.0;13.0;17.9;26.0;40.8;15.4
100802;HUÁNUCO;PACHITEA;CHAGLLA;96.8;443.0;475.0;12.5;35.8;36.4;15.2;5.2;18.4;53.8;22.6
100803;HUÁNUCO;PACHITEA;MOLINO;95.8;410.0;438.0;27.2;40.4;19.8;12.6;16.4;33.8;33.1;16.7
100804;HUÁNUCO;PACHITEA;UMARI;97.4;398.0;414.0;34.1;37.8;19.0;9.1;27.8;29.6;30.8;11.9
100901;HUÁNUCO;PUERTO INCA;PUERTO INCA;93.1;418.0;414.0;25.2;33.1;29.0;12.7;21.2;34.6;34.3;9.8
100902;HUÁNUCO;PUERTO INCA;CODO DEL POZUZO;95.0;;;;;;;;;;
100903;HUÁNUCO;PUERTO INCA;HONORIA;92.6;388.0;381.0;36.3;40.9;17.2;5.6;36.8;33.3;25.9;4.1
100904;HUÁNUCO;PUERTO INCA;TOURNAVISTA;95.5;422.0;415.0;22.1;41.3;27.9;8.7;23.7;35.4;31.6;9.3
100905;HUÁNUCO;PUERTO INCA;YUYAPICHIS;96.7;424.0;415.0;20.3;41.3;26.1;12.3;15.2;41.8;36.8;6.1
101001;HUÁNUCO;LAURICOCHA;JESUS;98.6;423.0;426.0;22.4;38.1;28.1;11.3;19.7;34.1;30.8;15.5
101002;HUÁNUCO;LAURICOCHA;BAÑOS;96.2;433.0;422.0;20.8;37.5;25.0;16.7;25.0;25.0;33.3;16.7
101003;HUÁNUCO;LAURICOCHA;JIVIA;100.0;517.0;494.0;0.0;20.0;40.0;40.0;0.0;20.0;40.0;40.0
101004;HUÁNUCO;LAURICOCHA;QUEROPALCA;100.0;476.0;508.0;10.0;30.0;30.0;30.0;0.0;20.0;40.1;39.9
101005;HUÁNUCO;LAURICOCHA;RONDOS;98.5;428.0;448.0;23.3;35.2;25.6;15.9;27.5;16.7;27.2;28.5
101006;HUÁNUCO;LAURICOCHA;SAN FRANCISCO DE ASIS;100.0;476.0;552.0;0.0;0.0;100.0;0.0;0.0;0.0;50.0;50.0
101007;HUÁNUCO;LAURICOCHA;SAN MIGUEL DE CAURI;99.0;425.0;454.0;26.7;36.8;21.2;15.3;17.1;21.1;38.5;23.3
101101;HUÁNUCO;YAROWILCA;CHAVINILLO;96.3;404.0;420.0;29.2;42.9;20.2;7.7;20.0;35.7;35.6;8.7
101102;HUÁNUCO;YAROWILCA;CAHUAC;85.7;434.0;419.0;16.7;25.0;50.0;8.3;16.7;33.3;41.7;8.3
101103;HUÁNUCO;YAROWILCA;CHACABAMBA;100.0;467.0;456.0;16.7;16.7;50.0;16.7;16.7;16.7;33.3;33.3
101104;HUÁNUCO;YAROWILCA;APARICIO POMARES;96.4;416.0;432.0;17.0;49.1;28.3;5.6;10.4;35.3;48.9;5.4
101105;HUÁNUCO;YAROWILCA;JACAS CHICO;100.0;388.0;374.0;36.4;45.4;18.2;0.0;45.4;27.3;27.3;0.0
101106;HUÁNUCO;YAROWILCA;OBAS;100.0;422.0;430.0;25.0;28.0;36.7;10.3;20.6;20.6;47.0;11.8
101107;HUÁNUCO;YAROWILCA;PAMPAMARCA;100.0;416.0;476.0;32.0;16.0;24.0;28.0;16.0;12.0;32.0;40.0
101108;HUÁNUCO;YAROWILCA;CHORAS;97.1;360.0;386.0;47.7;43.7;5.7;2.9;38.6;23.4;38.0;0.0
110101;ICA;ICA;ICA;98.4;513.0;506.0;3.9;18.1;31.5;46.5;3.6;14.6;42.1;39.7
110102;ICA;ICA;LA TINGUIÑA;97.2;495.0;492.0;4.4;22.9;34.0;38.8;4.4;18.8;44.2;32.7
110103;ICA;ICA;LOS AQUIJES;99.4;480.0;492.0;5.4;25.0;37.5;32.1;7.0;15.9;42.9;34.2
110104;ICA;ICA;OCUCAJE;98.1;490.0;485.0;5.9;25.2;27.6;41.3;5.8;21.5;39.2;33.6
110105;ICA;ICA;PACHACUTEC;98.8;451.0;459.0;8.4;42.2;27.4;22.0;7.2;27.4;47.3;18.1
110106;ICA;ICA;PARCONA;98.3;495.0;491.0;4.7;20.2;40.6;34.5;3.7;15.4;49.5;31.4
110107;ICA;ICA;PUEBLO NUEVO;100.0;505.0;504.0;4.3;24.3;30.0;41.4;1.4;17.1;45.7;35.7
110108;ICA;ICA;SALAS;97.0;476.0;474.0;9.3;27.1;31.7;31.9;8.2;20.4;44.8;26.6
110109;ICA;ICA;SAN JOSE DE LOS MOLINOS;96.4;481.0;467.0;5.5;30.0;33.2;31.3;9.4;24.5;39.5;26.7
110110;ICA;ICA;SAN JUAN BAUTISTA;96.0;484.0;479.0;3.4;25.4;42.2;29.0;5.2;20.4;47.7;26.7
110111;ICA;ICA;SANTIAGO;96.0;477.0;486.0;7.8;26.5;37.1;28.6;5.5;17.1;45.1;32.3
110112;ICA;ICA;SUBTANJALLA;96.6;484.0;486.0;4.7;25.0;39.6;30.7;6.8;16.1;45.7;31.5
110113;ICA;ICA;TATE;95.1;479.0;492.0;2.8;22.2;51.9;23.1;2.5;25.9;40.3;31.3
110114;ICA;ICA;YAUCA DEL ROSARIO;100.0;396.0;411.0;57.1;14.3;14.3;14.3;42.9;14.3;28.6;14.3
110201;ICA;CHINCHA;CHINCHA ALTA;97.9;484.0;484.0;6.5;24.9;34.8;33.8;5.9;18.2;46.0;29.8
110202;ICA;CHINCHA;ALTO LARAN;96.3;470.0;467.0;12.2;30.8;26.1;31.0;10.9;25.1;37.5;26.5
110204;ICA;CHINCHA;CHINCHA BAJA;99.0;453.0;460.0;16.6;26.9;32.0;24.4;16.6;20.5;37.3;25.7
110205;ICA;CHINCHA;EL CARMEN;95.8;434.0;429.0;21.7;33.1;27.4;17.8;20.3;29.4;34.3;16.0
110206;ICA;CHINCHA;GROCIO PRADO;95.8;486.0;494.0;9.2;25.9;26.5;38.3;7.4;20.0;35.9;36.8
110207;ICA;CHINCHA;PUEBLO NUEVO;98.0;471.0;474.0;8.3;28.7;36.7;26.3;7.2;21.3;45.7;25.8
110209;ICA;CHINCHA;SAN PEDRO DE HUACARPANA;100.0;308.0;328.0;100.0;0.0;0.0;0.0;100.0;0.0;0.0;0.0
110210;ICA;CHINCHA;SUNAMPE;94.0;468.0;474.0;12.8;27.6;27.4;32.2;9.5;21.0;40.2;29.3
110211;ICA;CHINCHA;TAMBO DE MORA;97.9;439.0;450.0;17.2;38.5;29.6;14.7;15.2;27.5;36.0;21.3
110301;ICA;NAZCA;NASCA;99.0;518.0;531.0;1.6;17.6;33.0;47.8;2.2;10.0;35.7;52.1
110302;ICA;NAZCA;CHANGUILLO;100.0;435.0;446.0;22.2;27.8;38.9;11.1;22.2;16.7;44.4;16.7
110303;ICA;NAZCA;EL INGENIO;98.0;496.0;483.0;4.3;19.3;42.7;33.8;6.4;16.9;46.8;29.8
110304;ICA;NAZCA;MARCONA;99.2;524.0;527.0;3.7;12.9;29.4;54.0;4.6;9.7;36.2;49.5
110305;ICA;NAZCA;VISTA ALEGRE;99.0;495.0;500.0;7.2;21.2;35.7;36.0;5.7;15.5;42.9;35.9
110401;ICA;PALPA;PALPA;98.3;465.0;475.0;8.8;28.2;38.8;24.2;10.0;22.4;37.6;30.0
110402;ICA;PALPA;LLIPATA;100.0;471.0;481.0;4.8;38.1;23.8;33.3;9.5;4.8;61.9;23.8
110403;ICA;PALPA;RIO GRANDE;100.0;501.0;498.0;2.4;14.3;47.6;35.7;2.4;14.3;47.6;35.7
110404;ICA;PALPA;SANTA CRUZ;100.0;497.0;543.0;0.0;29.4;23.5;47.1;0.0;0.0;47.1;52.9
110501;ICA;PISCO;PISCO;97.8;506.0;505.0;6.3;19.7;28.5;45.5;5.6;15.6;37.4;41.3
110502;ICA;PISCO;HUANCANO;100.0;463.0;440.0;21.1;26.3;15.8;36.8;36.8;5.3;36.8;21.1
110503;ICA;PISCO;HUMAY;99.1;491.0;526.0;4.8;23.0;38.5;33.7;4.8;12.5;33.7;49.0
110504;ICA;PISCO;INDEPENDENCIA;99.4;486.0;482.0;8.3;22.4;36.3;33.0;6.7;16.8;50.1;26.4
110505;ICA;PISCO;PARACAS;98.7;463.0;462.0;10.4;28.5;38.0;23.1;11.1;20.2;44.8;23.9
110506;ICA;PISCO;SAN ANDRES;98.0;497.0;492.0;4.5;19.0;36.0;40.6;5.7;14.6;45.6;34.1
110507;ICA;PISCO;SAN CLEMENTE;98.3;474.0;479.0;7.4;29.8;34.6;28.2;7.9;20.1;42.7;29.4
110508;ICA;PISCO;TUPAC AMARU INCA;98.4;474.0;476.0;8.5;29.5;33.0;29.0;6.7;23.1;44.1;26.1
120101;JUNÍN;HUANCAYO;HUANCAYO;97.4;536.0;539.0;2.4;13.0;27.9;56.8;1.8;8.1;34.8;55.3
120105;JUNÍN;HUANCAYO;CHACAPAMPA;100.0;430.0;420.0;26.7;33.3;26.7;13.3;20.0;33.3;33.3;13.3
120106;JUNÍN;HUANCAYO;CHICCHE;100.0;495.0;546.0;0.0;11.1;66.7;22.2;0.0;0.0;22.2;77.8
120107;JUNÍN;HUANCAYO;CHILCA;97.7;500.0;509.0;5.2;18.9;35.3;40.7;3.1;14.0;42.0;41.0
120108;JUNÍN;HUANCAYO;CHONGOS ALTO;100.0;582.0;615.0;0.0;0.0;0.0;100.0;0.0;0.0;0.0;100.0
120111;JUNÍN;HUANCAYO;CHUPURO;100.0;498.0;494.0;0.0;14.8;48.1;37.0;0.0;11.1;59.3;29.6
120112;JUNÍN;HUANCAYO;COLCA;100.0;531.0;502.0;0.0;20.0;20.0;60.0;0.0;40.0;20.0;40.0
120113;JUNÍN;HUANCAYO;CULLHUAS;83.3;421.0;443.0;39.6;9.7;40.3;10.4;19.4;19.4;40.3;20.8
120114;JUNÍN;HUANCAYO;EL TAMBO;98.1;521.0;528.0;2.8;15.2;31.2;50.7;2.2;9.0;39.3;49.6
120116;JUNÍN;HUANCAYO;HUACRAPUQUIO;100.0;456.0;458.0;13.6;27.3;40.9;18.2;4.5;27.3;45.4;22.7
120117;JUNÍN;HUANCAYO;HUALHUAS;95.2;519.0;540.0;2.7;21.1;24.8;51.4;5.0;6.1;36.8;52.1
120119;JUNÍN;HUANCAYO;HUANCAN;98.7;473.0;484.0;4.3;30.9;38.5;26.3;3.4;17.5;52.6;26.5
120120;JUNÍN;HUANCAYO;HUASICANCHA;100.0;468.0;512.0;5.3;36.8;31.6;26.3;0.0;15.8;31.6;52.6
120121;JUNÍN;HUANCAYO;HUAYUCACHI;97.4;497.0;500.0;3.2;22.2;39.6;35.0;2.2;11.8;47.3;38.7
120122;JUNÍN;HUANCAYO;INGENIO;96.0;476.0;451.0;5.0;17.0;58.0;20.0;14.0;18.0;48.0;20.0
120124;JUNÍN;HUANCAYO;PARIAHUANCA;97.4;427.0;446.0;21.3;34.9;33.0;10.7;13.1;25.0;44.6;17.3
120125;JUNÍN;HUANCAYO;PILCOMAYO;98.4;498.0;511.0;5.5;19.7;36.7;38.2;4.4;12.5;41.7;41.4
120126;JUNÍN;HUANCAYO;PUCARA;97.1;471.0;476.0;14.5;14.5;47.8;23.2;7.7;11.1;65.2;15.9
120127;JUNÍN;HUANCAYO;QUICHUAY;100.0;466.0;473.0;5.3;21.1;57.9;15.8;5.3;15.8;68.4;10.5
120128;JUNÍN;HUANCAYO;QUILCAS;100.0;487.0;503.0;3.0;17.2;51.5;28.3;2.0;11.1;57.6;29.3
120129;JUNÍN;HUANCAYO;SAN AGUSTIN;95.9;469.0;490.0;8.8;27.4;37.7;26.1;6.7;14.5;47.4;31.3
120130;JUNÍN;HUANCAYO;SAN JERONIMO DE TUNAN;99.3;489.0;502.0;6.3;24.3;33.5;35.9;3.5;18.7;41.9;35.9
120132;JUNÍN;HUANCAYO;SAÑO;96.7;517.0;527.0;2.4;18.6;29.6;49.5;5.9;7.0;29.6;57.5
120133;JUNÍN;HUANCAYO;SAPALLANGA;99.0;466.0;482.0;8.3;31.8;32.7;27.2;5.2;24.1;40.0;30.6
120134;JUNÍN;HUANCAYO;SICAYA;98.3;493.0;504.0;3.8;21.0;40.9;34.3;3.8;11.5;48.7;36.0
120135;JUNÍN;HUANCAYO;SANTO DOMINGO DE ACOBAMBA;95.8;411.0;405.0;30.8;36.9;20.4;11.9;30.2;29.8;30.0;10.0
120136;JUNÍN;HUANCAYO;VIQUES;91.3;506.0;502.0;0.0;9.5;47.6;42.9;0.0;9.5;54.8;35.7
120201;JUNÍN;CONCEPCIÓN;CONCEPCION;98.0;498.0;501.0;5.6;21.3;34.1;39.1;3.7;16.6;41.6;38.1
120202;JUNÍN;CONCEPCIÓN;ACO;92.0;443.0;466.0;25.2;25.3;25.3;24.3;10.1;25.0;36.1;28.8
120203;JUNÍN;CONCEPCIÓN;ANDAMARCA;99.1;380.0;381.0;48.6;28.0;16.2;7.2;37.2;36.7;21.7;4.5
120204;JUNÍN;CONCEPCIÓN;CHAMBARA;97.0;424.0;438.0;22.4;43.6;24.9;9.1;16.4;34.5;30.3;18.8
120205;JUNÍN;CONCEPCIÓN;COCHAS;97.0;384.0;385.0;49.5;31.3;9.1;10.1;46.0;22.2;25.3;6.6
120206;JUNÍN;CONCEPCIÓN;COMAS;98.8;418.0;432.0;29.9;30.1;23.2;16.9;16.7;28.9;44.7;9.7
120207;JUNÍN;CONCEPCIÓN;HEROINAS TOLEDO;100.0;358.0;380.0;60.0;30.0;10.0;0.0;30.0;40.0;30.0;0.0
120208;JUNÍN;CONCEPCIÓN;MANZANARES;100.0;423.0;453.0;23.5;41.2;23.5;11.8;11.8;17.6;58.8;11.8
120209;JUNÍN;CONCEPCIÓN;MARISCAL CASTILLA;96.3;411.0;392.0;26.5;34.4;27.2;11.9;11.4;60.8;27.8;0.0
120210;JUNÍN;CONCEPCIÓN;MATAHUASI;100.0;495.0;498.0;3.1;23.4;35.9;37.5;1.6;17.2;46.9;34.4
120211;JUNÍN;CONCEPCIÓN;MITO;100.0;469.0;476.0;0.0;25.0;62.5;12.5;12.5;12.5;37.5;37.5
120212;JUNÍN;CONCEPCIÓN;NUEVE DE JULIO;93.3;493.0;482.0;0.0;14.3;42.9;42.9;0.0;14.3;57.1;28.6
120213;JUNÍN;CONCEPCIÓN;ORCOTUNA;94.2;458.0;453.0;10.5;37.5;31.5;20.5;10.7;32.5;41.2;15.5
120214;JUNÍN;CONCEPCIÓN;SAN JOSE DE QUERO;98.9;443.0;456.0;16.3;34.2;24.8;24.8;7.1;26.0;48.8;18.1
120215;JUNÍN;CONCEPCIÓN;SANTA ROSA DE OCOPA;97.3;463.0;459.0;10.8;27.7;41.9;19.6;5.4;24.3;56.7;13.5
120301;JUNÍN;CHANCHAMAYO;CHANCHAMAYO;98.5;496.0;505.0;5.6;21.2;34.8;38.4;4.2;13.5;42.7;39.6
120302;JUNÍN;CHANCHAMAYO;PERENE;96.8;461.0;466.0;11.5;31.9;32.3;24.2;11.0;23.3;41.4;24.3
120303;JUNÍN;CHANCHAMAYO;PICHANAQUI;96.1;462.0;482.0;10.8;29.2;34.9;25.0;8.0;17.0;44.0;30.0
120304;JUNÍN;CHANCHAMAYO;SAN LUIS DE SHUARO;95.8;443.0;453.0;12.6;38.1;36.2;13.1;11.1;20.7;51.9;16.2
120305;JUNÍN;CHANCHAMAYO;SAN RAMON;97.1;481.0;484.0;6.4;30.5;31.6;31.5;6.2;19.9;45.8;28.1
120306;JUNÍN;CHANCHAMAYO;VITOC;100.0;439.0;450.0;11.1;44.4;33.3;11.1;0.0;33.3;44.4;22.2
120401;JUNÍN;JAUJA;JAUJA;98.8;515.0;526.0;3.7;17.1;33.3;45.8;3.6;8.1;38.2;50.1
120402;JUNÍN;JAUJA;ACOLLA;100.0;445.0;461.0;6.6;47.5;29.5;16.4;3.3;32.8;44.3;19.7
120403;JUNÍN;JAUJA;APATA;100.0;473.0;483.0;8.9;25.6;37.8;27.8;3.3;26.7;38.9;31.1
120404;JUNÍN;JAUJA;ATAURA;95.0;483.0;478.0;16.1;15.6;26.7;41.7;15.6;5.6;52.2;26.7
120405;JUNÍN;JAUJA;CANCHAYLLO;100.0;480.0;513.0;0.0;30.0;43.3;26.7;3.3;13.3;40.0;43.3
120406;JUNÍN;JAUJA;CURICACA;100.0;404.0;411.0;26.7;60.0;6.7;6.7;6.7;66.7;20.0;6.7
120407;JUNÍN;JAUJA;EL MANTARO;100.0;536.0;539.0;2.9;8.6;31.4;57.1;5.7;5.7;37.1;51.4
120408;JUNÍN;JAUJA;HUAMALI;100.0;479.0;484.0;14.3;23.8;23.8;38.1;4.8;28.6;42.9;23.8
120409;JUNÍN;JAUJA;HUARIPAMPA;100.0;464.0;455.0;10.0;40.0;30.0;20.0;10.0;30.0;30.0;30.0
120410;JUNÍN;JAUJA;HUERTAS;90.9;500.0;536.0;10.0;20.0;40.0;30.0;0.0;10.0;30.0;60.0
120411;JUNÍN;JAUJA;JANJAILLO;100.0;413.0;460.0;7.7;61.5;30.8;0.0;0.0;23.1;76.9;0.0
120412;JUNÍN;JAUJA;JULCAN;100.0;453.0;427.0;6.7;46.7;20.0;26.7;6.7;46.7;40.0;6.7
120413;JUNÍN;JAUJA;LEONOR ORDOÑEZ;100.0;483.0;449.0;0.0;20.0;60.0;20.0;6.7;33.3;46.7;13.3
120414;JUNÍN;JAUJA;LLOCLLAPAMPA;100.0;527.0;517.0;0.0;11.8;35.3;52.9;0.0;5.9;58.8;35.3
120415;JUNÍN;JAUJA;MARCO;95.2;467.0;482.0;11.9;26.2;33.3;28.6;17.8;15.5;28.6;38.1
120416;JUNÍN;JAUJA;MASMA;100.0;463.0;466.0;12.5;25.0;31.3;31.3;18.8;25.0;25.0;31.3
120417;JUNÍN;JAUJA;MASMA CHICCHE;100.0;436.0;436.0;33.3;22.2;22.2;22.2;22.2;22.2;44.4;11.1
120418;JUNÍN;JAUJA;MOLINOS;100.0;409.0;442.0;20.8;41.7;33.3;4.2;4.2;45.8;41.7;8.3
120419;JUNÍN;JAUJA;MONOBAMBA;100.0;451.0;474.0;6.7;53.3;20.0;20.0;6.7;13.3;53.3;26.7
120420;JUNÍN;JAUJA;MUQUI;100.0;572.0;580.0;0.0;0.0;18.8;81.3;0.0;0.0;18.8;81.3
120421;JUNÍN;JAUJA;MUQUIYAUYO;100.0;490.0;507.0;0.0;22.2;40.7;37.0;0.0;11.1;48.1;40.7
120422;JUNÍN;JAUJA;PACA;100.0;449.0;479.0;0.0;50.0;33.3;16.7;0.0;16.7;83.3;0.0
120423;JUNÍN;JAUJA;PACCHA;100.0;559.0;587.0;0.0;0.0;42.9;57.1;0.0;0.0;28.6;71.4
120424;JUNÍN;JAUJA;PANCAN;98.9;551.0;540.0;1.1;7.9;28.4;62.5;0.0;7.9;36.3;55.8
120425;JUNÍN;JAUJA;PARCO;100.0;507.0;510.0;0.0;33.3;16.7;50.0;8.3;0.0;50.0;41.7
120426;JUNÍN;JAUJA;POMACANCHA;100.0;461.0;511.0;13.3;20.0;46.6;20.0;0.0;13.3;46.7;40.0
120427;JUNÍN;JAUJA;RICRAN;100.0;404.0;420.0;28.6;50.0;21.4;0.0;21.4;35.7;42.8;0.0
120428;JUNÍN;JAUJA;SAN LORENZO;100.0;497.0;506.0;0.0;20.9;46.5;32.6;0.0;14.0;55.8;30.2
120429;JUNÍN;JAUJA;SAN PEDRO DE CHUNAN;100.0;399.0;415.0;60.0;0.0;20.0;20.0;40.0;20.0;40.0;0.0
120430;JUNÍN;JAUJA;SAUSA;100.0;513.0;548.0;0.0;13.3;46.7;40.0;0.0;0.0;53.3;46.7
120431;JUNÍN;JAUJA;SINCOS;100.0;442.0;461.0;20.4;31.8;25.0;22.7;13.6;27.3;38.6;20.5
120432;JUNÍN;JAUJA;TUNAN MARCA;88.9;366.0;377.0;50.0;37.5;12.5;0.0;37.5;37.5;25.0;0.0
120433;JUNÍN;JAUJA;YAULI;100.0;443.0;456.0;16.7;25.0;41.7;16.7;8.3;33.3;33.3;25.0
120434;JUNÍN;JAUJA;YAUYOS;100.0;479.0;525.0;6.3;25.0;37.5;31.3;0.0;18.8;37.5;43.8
120501;JUNÍN;JUNÍN;JUNIN;98.4;521.0;531.0;1.1;13.6;39.7;45.5;2.3;7.9;39.2;50.6
120502;JUNÍN;JUNÍN;CARHUAMAYO;99.3;455.0;474.0;15.2;30.4;28.3;26.1;10.1;23.1;39.9;26.9
120503;JUNÍN;JUNÍN;ONDORES;100.0;471.0;533.0;12.5;18.7;43.7;25.0;6.3;6.3;31.2;56.2
120504;JUNÍN;JUNÍN;ULCUMAYO;100.0;434.0;458.0;29.5;25.0;20.5;25.0;22.7;20.4;29.5;27.3
120601;JUNÍN;SATIPO;SATIPO;97.7;475.0;486.0;8.1;26.1;37.5;28.3;5.9;18.0;46.6;29.6
120602;JUNÍN;SATIPO;COVIRIALI;51.3;;;;;;;;;;
120603;JUNÍN;SATIPO;LLAYLLA;97.4;447.0;461.0;19.1;24.4;33.9;22.6;17.8;10.9;47.3;24.0
120604;JUNÍN;SATIPO;MAZAMARI;90.2;450.0;461.0;14.9;32.3;32.5;20.3;10.1;25.9;43.2;20.7
120605;JUNÍN;SATIPO;PAMPA HERMOSA;100.0;477.0;513.0;15.6;25.0;15.6;43.8;6.3;9.4;43.8;40.6
120606;JUNÍN;SATIPO;PANGOA;96.4;457.0;459.0;15.3;29.1;31.0;24.6;13.7;22.5;39.4;24.4
120607;JUNÍN;SATIPO;RIO NEGRO;98.0;445.0;445.0;20.0;29.7;29.5;20.8;15.2;27.2;39.9;17.7
120608;JUNÍN;SATIPO;RIO TAMBO;94.2;447.0;450.0;22.1;31.5;21.0;25.4;15.5;28.2;32.4;23.8
120609;JUNÍN;SATIPO;VIZCATAN DEL ENE;90.1;411.0;419.0;26.9;41.5;19.3;12.3;20.8;35.6;30.9;12.8
120701;JUNÍN;TARMA;TARMA;96.5;506.0;516.0;5.2;19.0;31.3;44.5;3.6;13.8;38.5;44.1
120702;JUNÍN;TARMA;ACOBAMBA;99.2;463.0;475.0;8.3;40.3;25.0;26.5;6.8;24.3;40.2;28.7
120703;JUNÍN;TARMA;HUARICOLCA;97.3;427.0;442.0;19.8;39.5;29.2;11.5;5.8;45.2;28.8;20.2
120704;JUNÍN;TARMA;HUASAHUASI;98.9;446.0;466.0;16.9;32.9;31.0;19.2;11.2;27.5;35.1;26.2
120705;JUNÍN;TARMA;LA UNION;97.9;474.0;468.0;8.9;28.1;39.2;23.8;10.9;17.5;50.1;21.5
120706;JUNÍN;TARMA;PALCA;98.7;440.0;446.0;15.6;38.6;23.4;22.4;15.6;25.0;39.6;19.8
120707;JUNÍN;TARMA;PALCAMAYO;100.0;461.0;449.0;13.2;35.8;26.4;24.5;20.8;20.7;34.0;24.5
120708;JUNÍN;TARMA;SAN PEDRO DE CAJAS;96.1;467.0;489.0;14.3;20.3;38.8;26.5;8.3;16.4;42.8;32.6
120709;JUNÍN;TARMA;TAPO;100.0;393.0;403.0;34.2;38.0;21.5;6.3;29.1;31.6;30.4;8.9
120801;JUNÍN;YAULI;LA OROYA;98.9;510.0;516.0;4.5;15.8;30.6;49.1;2.6;10.0;43.6;43.9
120803;JUNÍN;YAULI;HUAY-HUAY;100.0;493.0;542.0;4.3;30.4;21.7;43.5;4.3;4.3;13.0;78.3
120804;JUNÍN;YAULI;MARCAPOMACOCHA;90.9;412.0;427.0;43.2;9.1;38.6;9.1;31.8;20.5;38.6;9.1
120805;JUNÍN;YAULI;MOROCOCHA;98.8;502.0;495.0;3.8;19.0;38.0;39.3;6.3;11.4;53.1;29.2
120806;JUNÍN;YAULI;PACCHA;100.0;602.0;592.0;0.0;9.1;18.2;72.7;0.0;0.0;18.2;81.8
120807;JUNÍN;YAULI;SANTA BARBARA DE CARHUACAYAN;100.0;449.0;426.0;10.0;30.0;50.0;10.0;10.0;30.0;60.0;0.0
120808;JUNÍN;YAULI;SANTA ROSA DE SACCO;97.0;505.0;512.0;3.1;20.2;34.3;42.4;1.5;12.4;50.0;36.1
120809;JUNÍN;YAULI;SUITUCANCHA;96.3;447.0;487.0;7.7;53.8;26.9;11.5;0.0;23.1;53.8;23.1
120810;JUNÍN;YAULI;YAULI;100.0;483.0;500.0;4.8;22.6;38.7;33.9;3.2;17.7;37.1;41.9
120901;JUNÍN;CHUPACA;CHUPACA;99.2;500.0;509.0;5.1;19.1;34.4;41.4;3.8;11.5;45.2;39.6
120902;JUNÍN;CHUPACA;AHUAC;96.3;442.0;470.0;11.5;43.0;31.7;13.8;6.1;22.7;53.5;17.7
120903;JUNÍN;CHUPACA;CHONGOS BAJO;96.3;528.0;527.0;0.0;13.0;38.0;49.0;0.0;11.1;49.0;39.9
120904;JUNÍN;CHUPACA;HUACHAC;92.0;489.0;460.0;4.3;30.4;34.8;30.4;8.7;26.1;43.5;21.7
120905;JUNÍN;CHUPACA;HUAMANCACA CHICO;96.3;498.0;495.0;6.7;20.8;31.5;40.9;10.7;13.1;44.6;31.6
120906;JUNÍN;CHUPACA;SAN JUAN DE ISCOS;100.0;450.0;449.0;10.0;40.0;25.0;25.0;10.0;30.0;35.0;25.0
120907;JUNÍN;CHUPACA;SAN JUAN DE JARPA;97.3;468.0;490.0;11.8;23.5;33.6;31.1;11.8;17.6;31.5;39.1
120908;JUNÍN;CHUPACA;TRES DE DICIEMBRE;94.1;462.0;460.0;6.6;34.2;43.6;15.6;6.6;28.5;46.2;18.6
120909;JUNÍN;CHUPACA;YANACANCHA;100.0;441.0;438.0;20.0;32.7;29.1;18.2;14.5;30.9;40.0;14.5
130101;LA LIBERTAD;TRUJILLO;TRUJILLO;97.3;515.0;498.0;3.7;17.4;31.3;47.6;4.5;15.1;44.5;35.9
130102;LA LIBERTAD;TRUJILLO;EL PORVENIR;97.0;490.0;491.0;5.1;23.7;36.3;34.9;4.9;16.0;47.0;32.2
130103;LA LIBERTAD;TRUJILLO;FLORENCIA DE MORA;97.6;478.0;470.0;6.4;27.7;35.7;30.2;7.1;22.1;47.0;23.8
130104;LA LIBERTAD;TRUJILLO;HUANCHACO;96.9;481.0;475.0;7.0;23.6;37.0;32.3;5.5;22.7;45.9;25.9
130105;LA LIBERTAD;TRUJILLO;LA ESPERANZA;97.4;493.0;485.0;5.0;21.9;37.4;35.7;5.4;17.7;47.9;29.0
130106;LA LIBERTAD;TRUJILLO;LAREDO;96.4;472.0;468.0;7.2;31.1;35.5;26.2;9.2;24.3;42.7;23.8
130107;LA LIBERTAD;TRUJILLO;MOCHE;95.5;494.0;488.0;5.1;23.4;35.9;35.6;4.0;18.0;47.0;31.0
130108;LA LIBERTAD;TRUJILLO;POROTO;100.0;469.0;466.0;8.2;33.0;28.3;30.5;5.9;23.5;50.6;20.0
130109;LA LIBERTAD;TRUJILLO;SALAVERRY;98.5;492.0;488.0;4.8;23.7;35.6;35.9;4.2;18.8;46.7;30.2
130110;LA LIBERTAD;TRUJILLO;SIMBAL;96.9;436.0;412.0;20.7;33.1;25.3;20.9;15.9;47.5;33.5;3.1
130111;LA LIBERTAD;TRUJILLO;VICTOR LARCO HERRERA;96.8;515.0;498.0;4.1;17.0;32.5;46.5;5.0;15.0;45.0;35.0
130201;LA LIBERTAD;ASCOPE;ASCOPE;98.0;449.0;432.0;15.7;34.8;25.4;24.1;21.0;28.5;33.6;16.9
130202;LA LIBERTAD;ASCOPE;CHICAMA;98.7;485.0;481.0;5.4;24.3;33.1;37.2;8.2;22.9;39.0;29.9
130203;LA LIBERTAD;ASCOPE;CHOCOPE;99.2;473.0;491.0;9.1;30.2;30.1;30.7;4.1;14.9;50.0;31.1
130204;LA LIBERTAD;ASCOPE;MAGDALENA DE CAO;83.3;487.0;491.0;0.0;30.0;50.0;20.0;0.0;20.0;40.0;40.0
130205;LA LIBERTAD;ASCOPE;PAIJAN;68.7;;;;;;;;;;
130206;LA LIBERTAD;ASCOPE;RAZURI;99.4;477.0;467.0;7.3;22.5;38.1;32.1;6.6;22.7;49.3;21.5
130207;LA LIBERTAD;ASCOPE;SANTIAGO DE CAO;96.1;480.0;486.0;9.0;29.5;29.6;32.0;8.3;21.0;38.9;31.9
130208;LA LIBERTAD;ASCOPE;CASA GRANDE;97.7;479.0;471.0;8.3;27.2;32.9;31.6;7.5;22.7;45.6;24.2
130301;LA LIBERTAD;BOLÍVAR;BOLIVAR;98.0;442.0;463.0;20.7;32.0;24.5;22.8;12.8;28.7;35.3;23.2
130302;LA LIBERTAD;BOLÍVAR;BAMBAMARCA;92.0;378.0;404.0;44.9;38.7;10.4;6.0;31.5;32.1;26.8;9.5
130303;LA LIBERTAD;BOLÍVAR;CONDORMARCA;88.6;383.0;383.0;42.3;27.7;22.5;7.4;45.7;27.0;17.2;10.1
130304;LA LIBERTAD;BOLÍVAR;LONGOTEA;100.0;544.0;516.0;0.0;6.1;27.2;66.8;0.0;3.0;63.7;33.3
130305;LA LIBERTAD;BOLÍVAR;UCHUMARCA;98.0;462.0;464.0;10.0;28.8;36.6;24.7;12.0;12.0;53.0;23.0
130306;LA LIBERTAD;BOLÍVAR;UCUNCHA;100.0;409.0;404.0;31.3;28.1;31.2;9.4;34.4;25.0;28.1;12.5
130401;LA LIBERTAD;CHEPÉN;CHEPEN;97.8;490.0;478.0;6.4;25.1;32.3;36.2;6.2;20.0;47.1;26.7
130402;LA LIBERTAD;CHEPÉN;PACANGA;98.7;472.0;475.0;8.6;27.1;35.8;28.4;5.9;22.6;47.2;24.2
130403;LA LIBERTAD;CHEPÉN;PUEBLO NUEVO;100.0;479.0;481.0;4.8;26.4;42.3;26.4;2.6;20.3;50.7;26.4
130501;LA LIBERTAD;JULCÁN;JULCAN;96.8;418.0;427.0;28.7;36.6;20.9;13.8;23.5;26.4;34.2;15.8
130502;LA LIBERTAD;JULCÁN;CALAMARCA;98.3;405.0;416.0;33.2;37.2;20.6;9.1;17.7;35.2;42.4;4.6
130503;LA LIBERTAD;JULCÁN;CARABAMBA;95.4;456.0;476.0;26.4;20.7;18.8;34.1;14.0;22.7;27.3;36.0
130504;LA LIBERTAD;JULCÁN;HUASO;99.3;371.0;374.0;50.4;28.6;18.0;3.0;45.1;27.1;24.1;3.8
130601;LA LIBERTAD;OTUZCO;OTUZCO;98.9;473.0;495.0;13.0;26.1;29.0;31.9;6.7;19.1;39.2;34.9
130602;LA LIBERTAD;OTUZCO;AGALLPAMPA;99.1;414.0;421.0;28.6;32.9;30.6;7.8;22.4;28.6;38.1;10.9
130604;LA LIBERTAD;OTUZCO;CHARAT;100.0;432.0;428.0;17.2;34.3;34.2;14.3;17.2;31.4;37.2;14.3
130605;LA LIBERTAD;OTUZCO;HUARANCHAL;100.0;424.0;443.0;24.3;36.5;20.3;19.0;12.1;32.4;36.5;19.0
130606;LA LIBERTAD;OTUZCO;LA CUESTA;100.0;382.0;368.0;53.8;23.1;15.4;7.7;30.8;46.2;23.1;0.0
130608;LA LIBERTAD;OTUZCO;MACHE;98.2;439.0;454.0;15.7;31.6;39.5;13.2;14.0;19.2;47.0;19.7
130610;LA LIBERTAD;OTUZCO;PARANDAY;83.3;422.0;438.0;0.0;60.0;40.0;0.0;20.0;40.0;0.0;40.0
130611;LA LIBERTAD;OTUZCO;SALPO;98.6;440.0;446.0;11.7;43.8;28.8;15.7;9.0;29.0;47.6;14.3
130613;LA LIBERTAD;OTUZCO;SINSICAP;98.4;414.0;424.0;23.8;41.7;25.5;8.9;21.6;25.9;44.2;8.4
130614;LA LIBERTAD;OTUZCO;USQUIL;96.5;434.0;458.0;23.9;30.2;26.5;19.3;14.3;23.9;37.4;24.4
130701;LA LIBERTAD;PACASMAYO;SAN PEDRO DE LLOC;81.8;500.0;491.0;2.7;21.2;39.3;36.7;2.3;20.0;46.5;31.2
130702;LA LIBERTAD;PACASMAYO;GUADALUPE;98.1;482.0;481.0;6.2;27.8;34.3;31.6;6.8;19.5;44.1;29.6
130703;LA LIBERTAD;PACASMAYO;JEQUETEPEQUE;96.6;507.0;512.0;2.4;17.7;45.3;34.5;0.0;13.2;50.2;36.7
130704;LA LIBERTAD;PACASMAYO;PACASMAYO;97.2;484.0;479.0;6.9;23.7;35.8;33.6;9.8;15.8;45.2;29.2
130705;LA LIBERTAD;PACASMAYO;SAN JOSE;97.6;463.0;467.0;8.5;30.2;35.4;25.9;8.0;24.1;44.0;24.0
130801;LA LIBERTAD;PATAZ;TAYABAMBA;98.1;420.0;421.0;22.2;39.8;25.8;12.2;18.9;33.5;38.1;9.5
130802;LA LIBERTAD;PATAZ;BULDIBUYO;95.8;403.0;397.0;32.7;42.4;11.8;13.1;43.4;22.0;24.9;9.7
130803;LA LIBERTAD;PATAZ;CHILLIA;97.4;394.0;398.0;35.7;37.5;19.2;7.5;29.5;34.6;30.5;5.4
130804;LA LIBERTAD;PATAZ;HUANCASPATA;94.6;411.0;419.0;25.4;41.5;22.4;10.8;22.7;33.5;31.8;12.0
130805;LA LIBERTAD;PATAZ;HUAYLILLAS;100.0;534.0;586.0;0.0;0.0;38.5;61.5;0.0;0.0;7.7;92.3
130806;LA LIBERTAD;PATAZ;HUAYO;98.1;392.0;404.0;31.6;44.0;20.4;4.0;27.7;35.1;30.1;7.1
130807;LA LIBERTAD;PATAZ;ONGON;91.3;484.0;464.0;8.7;35.7;19.1;36.5;6.1;35.7;32.2;26.1
130808;LA LIBERTAD;PATAZ;PARCOY;94.2;424.0;419.0;22.4;36.0;28.6;13.0;19.2;34.1;37.4;9.3
130809;LA LIBERTAD;PATAZ;PATAZ;94.5;428.0;424.0;18.9;41.3;24.9;14.8;16.5;36.2;35.8;11.5
130810;LA LIBERTAD;PATAZ;PIAS;100.0;519.0;491.0;6.9;20.6;24.2;48.4;3.4;24.0;31.0;41.5
130811;LA LIBERTAD;PATAZ;SANTIAGO DE CHALLAS;100.0;428.0;427.0;31.5;31.6;10.5;26.3;28.9;29.0;21.1;21.0
130812;LA LIBERTAD;PATAZ;TAURIJA;98.6;392.0;378.0;45.8;27.7;14.2;12.3;39.1;34.4;21.9;4.6
130813;LA LIBERTAD;PATAZ;URPAY;94.2;398.0;376.0;32.4;40.1;19.9;7.5;40.7;35.1;21.0;3.2
130901;LA LIBERTAD;SÁNCHEZ CARRIÓN;HUAMACHUCO;98.2;465.0;474.0;14.0;26.4;31.8;27.8;11.0;20.7;38.8;29.6
130902;LA LIBERTAD;SÁNCHEZ CARRIÓN;CHUGAY;97.5;414.0;425.0;30.5;31.5;24.5;13.6;24.6;27.4;31.5;16.6
130903;LA LIBERTAD;SÁNCHEZ CARRIÓN;COCHORCO;95.6;384.0;386.0;43.1;36.0;13.5;7.4;39.6;32.1;21.7;6.7
130904;LA LIBERTAD;SÁNCHEZ CARRIÓN;CURGOS;97.7;397.0;400.0;33.7;42.5;15.5;8.4;25.6;40.5;26.2;7.8
130905;LA LIBERTAD;SÁNCHEZ CARRIÓN;MARCABAL;97.6;395.0;402.0;36.4;37.6;16.6;9.5;29.4;31.3;31.0;8.2
130906;LA LIBERTAD;SÁNCHEZ CARRIÓN;SANAGORAN;95.4;382.0;398.0;42.3;35.0;18.2;4.5;31.0;32.0;29.6;7.5
130907;LA LIBERTAD;SÁNCHEZ CARRIÓN;SARIN;98.3;402.0;406.0;33.6;38.9;19.5;8.0;23.4;37.6;32.6;6.5
130908;LA LIBERTAD;SÁNCHEZ CARRIÓN;SARTIMBAMBA;95.5;379.0;394.0;41.8;40.9;12.2;5.0;29.4;38.4;25.5;6.7
131001;LA LIBERTAD;SANTIAGO DE CHUCO;SANTIAGO DE CHUCO;96.7;416.0;420.0;30.2;30.0;24.5;15.4;24.5;29.7;32.2;13.6
131002;LA LIBERTAD;SANTIAGO DE CHUCO;ANGASMARCA;97.2;421.0;451.0;17.1;40.1;36.9;6.0;11.4;27.0;44.6;17.1
131003;LA LIBERTAD;SANTIAGO DE CHUCO;CACHICADAN;99.0;433.0;438.0;20.6;35.4;25.0;19.0;14.5;33.3;37.6;14.6
131004;LA LIBERTAD;SANTIAGO DE CHUCO;MOLLEBAMBA;93.3;417.0;409.0;25.2;44.3;14.3;16.3;22.3;38.0;32.9;6.9
131005;LA LIBERTAD;SANTIAGO DE CHUCO;MOLLEPATA;100.0;435.0;451.0;7.0;48.8;30.2;14.0;4.7;37.2;44.2;14.0
131006;LA LIBERTAD;SANTIAGO DE CHUCO;QUIRUVILCA;95.4;432.0;430.0;20.3;36.1;26.9;16.6;18.6;27.8;42.0;11.7
131007;LA LIBERTAD;SANTIAGO DE CHUCO;SANTA CRUZ DE CHUCA;98.4;440.0;442.0;10.0;37.7;42.3;10.0;0.0;35.0;58.3;6.7
131008;LA LIBERTAD;SANTIAGO DE CHUCO;SITABAMBA;97.8;382.0;378.0;39.8;39.5;12.9;7.8;32.3;43.8;21.8;2.2
131101;LA LIBERTAD;GRAN CHIMÚ;CASCAS;98.3;482.0;481.0;10.7;21.2;31.6;36.5;9.9;15.2;46.2;28.7
131102;LA LIBERTAD;GRAN CHIMÚ;LUCMA;97.2;441.0;454.0;20.0;33.7;29.1;17.2;15.6;27.0;35.8;21.6
131103;LA LIBERTAD;GRAN CHIMÚ;MARMOT;93.1;460.0;488.0;8.0;31.9;38.4;21.6;0.0;14.3;56.0;29.6
131104;LA LIBERTAD;GRAN CHIMÚ;SAYAPULLO;97.9;431.0;445.0;20.4;39.3;23.4;16.9;14.2;28.0;39.3;18.5
131201;LA LIBERTAD;VIRÚ;VIRU;97.6;471.0;473.0;8.6;28.3;36.7;26.4;6.7;19.8;48.6;24.9
131202;LA LIBERTAD;VIRÚ;CHAO;96.9;453.0;447.0;13.8;32.3;32.7;21.3;13.0;28.3;41.5;17.3
131203;LA LIBERTAD;VIRÚ;GUADALUPITO;95.7;470.0;458.0;6.6;33.6;31.5;28.3;7.8;24.8;51.6;15.8
140101;LAMBAYEQUE;CHICLAYO;CHICLAYO;97.4;505.0;497.0;4.1;19.9;33.7;42.3;4.1;16.4;44.3;35.2
140102;LAMBAYEQUE;CHICLAYO;CHONGOYAPE;96.0;457.0;453.0;10.7;33.2;31.3;24.8;10.7;27.3;43.3;18.7
140103;LAMBAYEQUE;CHICLAYO;ETEN;98.1;486.0;512.0;7.5;22.7;31.8;38.1;6.1;14.6;33.2;46.1
140104;LAMBAYEQUE;CHICLAYO;ETEN PUERTO;100.0;413.0;410.0;30.8;46.2;7.7;15.4;38.5;23.1;23.1;15.4
140105;LAMBAYEQUE;CHICLAYO;JOSE LEONARDO ORTIZ;97.5;486.0;479.0;5.9;25.2;35.4;33.5;6.5;19.2;45.6;28.7
140106;LAMBAYEQUE;CHICLAYO;LA VICTORIA;96.8;474.0;458.0;7.2;28.9;35.2;28.6;9.4;25.9;43.8;20.9
140107;LAMBAYEQUE;CHICLAYO;LAGUNAS;99.4;447.0;442.0;8.9;41.1;34.8;15.2;12.1;27.3;47.4;13.3
140108;LAMBAYEQUE;CHICLAYO;MONSEFU;97.4;461.0;467.0;10.3;30.2;36.7;22.8;8.7;20.9;47.5;22.9
140109;LAMBAYEQUE;CHICLAYO;NUEVA ARICA;97.8;419.0;400.0;21.5;42.9;30.9;4.7;16.6;54.9;21.5;7.0
140110;LAMBAYEQUE;CHICLAYO;OYOTUN;97.9;429.0;430.0;21.5;39.2;23.5;15.8;18.5;26.9;47.0;7.6
140111;LAMBAYEQUE;CHICLAYO;PICSI;98.5;457.0;442.0;13.8;34.9;25.6;25.7;17.0;29.9;34.4;18.8
140112;LAMBAYEQUE;CHICLAYO;PIMENTEL;97.4;506.0;499.0;3.3;21.6;31.4;43.7;3.1;18.2;44.5;34.2
140113;LAMBAYEQUE;CHICLAYO;REQUE;97.5;515.0;502.0;3.3;15.7;35.2;45.7;2.3;15.3;48.6;33.8
140114;LAMBAYEQUE;CHICLAYO;SANTA ROSA;94.6;456.0;473.0;11.1;33.8;34.9;20.2;6.2;26.8;40.8;26.2
140115;LAMBAYEQUE;CHICLAYO;SAÑA;98.1;444.0;436.0;14.8;35.5;34.2;15.5;17.1;28.9;40.2;13.7
140116;LAMBAYEQUE;CHICLAYO;CAYALTI;93.6;448.0;440.0;12.1;36.5;31.5;19.9;11.3;32.2;44.2;12.3
140117;LAMBAYEQUE;CHICLAYO;PATAPO;93.6;461.0;451.0;10.2;28.9;37.1;23.7;11.7;24.4;47.3;16.6
140118;LAMBAYEQUE;CHICLAYO;POMALCA;98.3;464.0;456.0;10.8;33.0;31.0;25.2;12.2;25.1;42.4;20.3
140119;LAMBAYEQUE;CHICLAYO;PUCALA;96.8;492.0;488.0;4.6;17.0;44.7;33.8;3.3;19.8;42.5;34.3
140120;LAMBAYEQUE;CHICLAYO;TUMAN;95.1;453.0;448.0;10.6;36.7;31.5;21.2;8.1;28.7;49.6;13.5
140201;LAMBAYEQUE;FERREÑAFE;FERREÑAFE;97.8;484.0;471.0;6.3;26.2;34.4;33.1;7.0;22.0;46.8;24.1
140202;LAMBAYEQUE;FERREÑAFE;CAÑARIS;85.2;390.0;395.0;35.5;40.0;20.4;4.1;29.8;31.1;28.0;11.0
140203;LAMBAYEQUE;FERREÑAFE;INCAHUASI;100.0;372.0;400.0;44.4;44.4;7.4;3.7;25.9;40.7;33.3;0.0
140204;LAMBAYEQUE;FERREÑAFE;MANUEL ANTONIO MESONES MURO;97.9;466.0;456.0;8.7;30.4;39.2;21.7;8.7;26.1;56.5;8.7
140205;LAMBAYEQUE;FERREÑAFE;PITIPO;97.0;464.0;457.0;8.3;33.4;36.1;22.1;11.6;22.0;44.0;22.3
140206;LAMBAYEQUE;FERREÑAFE;PUEBLO NUEVO;97.8;482.0;477.0;5.6;27.1;36.0;31.3;7.9;18.1;44.9;29.1
140301;LAMBAYEQUE;LAMBAYEQUE;LAMBAYEQUE;96.3;481.0;478.0;8.1;25.1;34.0;32.8;7.0;18.7;47.7;26.6
140302;LAMBAYEQUE;LAMBAYEQUE;CHOCHOPE;100.0;420.0;445.0;13.0;56.5;21.7;8.7;4.3;39.1;43.5;13.0
140303;LAMBAYEQUE;LAMBAYEQUE;ILLIMO;98.6;475.0;480.0;6.1;28.5;39.2;26.2;5.6;23.6;44.2;26.6
140304;LAMBAYEQUE;LAMBAYEQUE;JAYANCA;97.1;450.0;435.0;19.6;25.7;31.8;23.0;19.8;28.5;33.6;18.0
140305;LAMBAYEQUE;LAMBAYEQUE;MOCHUMI;98.5;472.0;473.0;9.1;25.2;35.7;30.0;7.8;18.8;46.8;26.7
140306;LAMBAYEQUE;LAMBAYEQUE;MORROPE;98.2;422.0;432.0;21.3;41.5;25.9;11.4;16.3;32.0;39.0;12.6
140307;LAMBAYEQUE;LAMBAYEQUE;MOTUPE;97.1;448.0;441.0;12.8;34.1;34.8;18.2;13.1;29.8;43.0;14.1
140308;LAMBAYEQUE;LAMBAYEQUE;OLMOS;95.9;441.0;437.0;19.2;34.2;26.0;20.6;17.0;30.8;36.3;15.9
140309;LAMBAYEQUE;LAMBAYEQUE;PACORA;97.7;449.0;442.0;9.7;38.8;39.4;12.1;10.5;37.2;37.0;15.2
140310;LAMBAYEQUE;LAMBAYEQUE;SALAS;97.6;415.0;434.0;30.6;28.5;28.8;12.1;24.1;25.6;31.8;18.6
140311;LAMBAYEQUE;LAMBAYEQUE;SAN JOSE;98.2;467.0;472.0;10.1;33.0;31.6;25.4;5.6;22.0;48.8;23.6
140312;LAMBAYEQUE;LAMBAYEQUE;TUCUME;98.2;456.0;451.0;14.4;27.9;33.6;24.1;12.5;22.4;46.9;18.2
150101;LIMA;LIMA;LIMA;97.0;508.0;498.0;4.5;19.0;32.7;43.8;3.9;15.2;44.4;36.5
150102;LIMA;LIMA;ANCON;97.1;487.0;482.0;6.9;23.7;34.6;34.7;6.3;21.6;41.8;30.4
150103;LIMA;LIMA;ATE;95.8;500.0;501.0;5.2;20.4;33.5;40.8;4.4;16.4;41.0;38.2
150104;LIMA;LIMA;BARRANCO;97.5;547.0;533.0;1.0;9.5;29.1;60.4;0.7;8.7;39.9;50.7
150105;LIMA;LIMA;BREÑA;98.0;524.0;513.0;2.2;15.5;30.0;52.3;3.8;10.9;44.9;40.4
150106;LIMA;LIMA;CARABAYLLO;97.4;493.0;488.0;5.4;23.0;34.3;37.2;6.2;18.3;43.9;31.6
150107;LIMA;LIMA;CHACLACAYO;96.6;507.0;507.0;3.2;21.5;33.8;41.5;4.1;16.0;38.7;41.1
150108;LIMA;LIMA;CHORRILLOS;96.8;523.0;518.0;3.0;15.4;31.0;50.6;3.3;11.7;39.1;45.9
150109;LIMA;LIMA;CIENEGUILLA;97.7;509.0;498.0;4.1;20.5;31.1;44.3;4.1;17.1;41.6;37.2
150110;LIMA;LIMA;COMAS;96.7;503.0;494.0;5.2;19.6;32.8;42.5;5.4;17.6;42.2;34.8
150111;LIMA;LIMA;EL AGUSTINO;95.8;492.0;489.0;6.2;23.3;34.2;36.3;6.0;18.0;44.0;32.0
150112;LIMA;LIMA;INDEPENDENCIA;96.1;488.0;487.0;6.4;25.5;32.8;35.3;6.2;19.2;42.5;32.1
150113;LIMA;LIMA;JESUS MARIA;97.8;542.0;519.0;2.3;10.0;27.1;60.6;2.9;10.6;44.1;42.4
150114;LIMA;LIMA;LA MOLINA;97.2;550.0;529.0;1.7;10.3;23.8;64.2;2.2;8.1;39.1;50.5
150115;LIMA;LIMA;LA VICTORIA;97.1;499.0;489.0;6.0;20.5;33.7;39.8;5.3;18.1;44.8;31.8
150116;LIMA;LIMA;LINCE;98.0;523.0;509.0;3.1;17.4;30.0;49.5;3.4;12.8;42.4;41.4
150117;LIMA;LIMA;LOS OLIVOS;96.9;512.0;501.0;4.0;17.9;32.0;46.2;4.4;14.7;43.4;37.5
150118;LIMA;LIMA;LURIGANCHO;96.8;502.0;499.0;5.1;20.5;33.6;40.8;4.4;15.4;43.7;36.4
150119;LIMA;LIMA;LURIN;96.4;490.0;485.0;5.4;24.5;35.2;35.0;4.8;20.3;44.2;30.6
150120;LIMA;LIMA;MAGDALENA DEL MAR;97.5;527.0;507.0;2.6;15.4;27.4;54.6;2.8;14.6;41.7;40.9
150121;LIMA;LIMA;PUEBLO LIBRE;97.0;537.0;515.0;3.9;11.8;26.0;58.3;3.6;11.4;39.9;45.1
150122;LIMA;LIMA;MIRAFLORES;97.8;573.0;546.0;0.7;6.1;19.1;74.1;1.0;5.8;32.8;60.4
150123;LIMA;LIMA;PACHACAMAC;97.8;501.0;499.0;4.8;21.5;34.3;39.4;4.2;15.7;43.6;36.5
150124;LIMA;LIMA;PUCUSANA;97.0;480.0;469.0;9.8;27.9;32.0;30.4;7.9;23.3;44.0;24.9
150125;LIMA;LIMA;PUENTE PIEDRA;96.9;498.0;496.0;5.4;21.8;32.5;40.2;5.4;15.9;43.6;35.1
150126;LIMA;LIMA;PUNTA HERMOSA;100.0;479.0;458.0;6.0;26.0;38.0;30.0;2.0;40.0;38.0;20.0
150127;LIMA;LIMA;PUNTA NEGRA;97.7;489.0;485.0;5.5;24.4;35.6;34.6;6.3;23.1;35.5;35.1
150128;LIMA;LIMA;RIMAC;96.8;500.0;487.0;4.7;21.3;35.3;38.7;6.0;19.0;44.0;32.0
150129;LIMA;LIMA;SAN BARTOLO;97.3;483.0;490.0;4.3;25.4;39.5;30.8;3.3;16.1;50.7;29.9
150130;LIMA;LIMA;SAN BORJA;97.2;554.0;534.0;1.1;10.6;23.2;65.1;1.3;8.1;38.3;52.3
150131;LIMA;LIMA;SAN ISIDRO;97.1;559.0;533.0;2.1;7.8;20.4;69.8;1.7;6.0;39.7;52.6
150132;LIMA;LIMA;SAN JUAN DE LURIGANCHO;96.8;499.0;493.0;4.8;21.8;33.9;39.6;4.8;17.4;43.6;34.2
150133;LIMA;LIMA;SAN JUAN DE MIRAFLORES;96.2;496.0;485.0;5.0;22.7;34.2;38.1;5.9;18.9;44.9;30.2
150134;LIMA;LIMA;SAN LUIS;96.9;526.0;522.0;3.3;14.8;29.5;52.4;2.0;12.5;37.8;47.7
150135;LIMA;LIMA;SAN MARTIN DE PORRES;96.0;500.0;489.0;4.9;21.2;33.9;40.0;5.7;18.7;43.4;32.3
150136;LIMA;LIMA;SAN MIGUEL;96.6;532.0;512.0;3.5;13.1;27.8;55.6;4.4;12.9;38.3;44.4
150137;LIMA;LIMA;SANTA ANITA;96.8;507.0;501.0;4.8;19.5;31.7;43.9;4.2;16.1;42.0;37.7
150138;LIMA;LIMA;SANTA MARIA DEL MAR;100.0;533.0;518.0;0.0;0.0;50.0;50.0;0.0;16.7;33.3;50.0
150139;LIMA;LIMA;SANTA ROSA;98.9;490.0;484.0;6.6;24.6;31.7;37.1;5.9;22.8;41.3;30.0
150140;LIMA;LIMA;SANTIAGO DE SURCO;97.5;555.0;536.0;1.7;9.7;24.5;64.1;2.6;7.7;35.5;54.2
150141;LIMA;LIMA;SURQUILLO;96.9;542.0;525.0;0.9;11.2;28.3;59.6;1.8;10.7;38.6;48.9
150142;LIMA;LIMA;VILLA EL SALVADOR;95.9;492.0;485.0;6.5;23.1;33.4;37.0;6.0;19.4;43.5;31.1
150143;LIMA;LIMA;VILLA MARIA DEL TRIUNFO;95.5;492.0;488.0;5.9;23.4;34.1;36.6;5.9;18.4;43.5;32.2
150201;LIMA;BARRANCA;BARRANCA;97.9;512.0;512.0;4.0;17.9;33.3;44.7;4.7;12.1;39.6;43.6
150202;LIMA;BARRANCA;PARAMONGA;99.7;499.0;501.0;6.8;15.6;39.8;37.7;3.7;17.8;43.6;34.9
150203;LIMA;BARRANCA;PATIVILCA;97.4;507.0;499.0;3.8;24.9;33.9;37.4;4.2;21.1;41.3;33.4
150204;LIMA;BARRANCA;SUPE;98.0;475.0;477.0;7.5;25.1;38.7;28.6;7.2;20.7;45.3;26.8
150205;LIMA;BARRANCA;SUPE PUERTO;95.3;482.0;476.0;6.6;24.4;38.9;30.1;4.1;25.4;45.2;25.3
150301;LIMA;CAJATAMBO;CAJATAMBO;100.0;495.0;480.0;4.7;20.9;37.2;37.2;2.3;25.6;39.5;32.6
150302;LIMA;CAJATAMBO;COPA;100.0;452.0;445.0;12.5;25.0;37.5;25.0;0.0;50.0;37.5;12.5
150303;LIMA;CAJATAMBO;GORGOR;93.8;518.0;525.0;3.1;19.5;27.7;49.7;3.1;6.2;44.2;46.4
150304;LIMA;CAJATAMBO;HUANCAPON;100.0;438.0;478.0;10.0;40.0;50.0;0.0;0.0;30.0;40.0;30.0
150305;LIMA;CAJATAMBO;MANAS;100.0;496.0;542.0;10.0;20.0;20.0;50.0;0.0;10.0;40.0;50.0
150401;LIMA;CANTA;CANTA;93.5;492.0;533.0;6.7;24.0;27.7;41.6;3.2;10.4;44.8;41.6
150402;LIMA;CANTA;ARAHUAY;100.0;476.0;497.0;0.0;25.0;37.5;37.5;0.0;25.0;37.5;37.5
150403;LIMA;CANTA;HUAMANTANGA;100.0;443.0;439.0;20.0;20.0;60.0;0.0;20.0;40.0;20.0;20.0
150404;LIMA;CANTA;HUAROS;100.0;515.0;509.0;0.0;27.3;18.2;54.5;9.1;0.0;45.5;45.5
150405;LIMA;CANTA;LACHAQUI;100.0;396.0;416.0;18.2;63.6;9.1;9.1;27.3;27.3;36.4;9.1
150407;LIMA;CANTA;SANTA ROSA DE QUIVES;97.8;515.0;505.0;3.1;24.0;27.7;45.2;3.0;15.5;43.3;38.2
150501;LIMA;CAÑETE;SAN VICENTE DE CAÑETE;98.2;497.0;497.0;6.0;22.0;30.8;41.2;5.8;16.4;40.2;37.6
150502;LIMA;CAÑETE;ASIA;97.3;478.0;471.0;5.1;30.9;35.2;28.7;7.3;23.8;45.3;23.5
150503;LIMA;CAÑETE;CALANGO;100.0;457.0;465.0;12.5;25.0;50.0;12.5;0.0;37.5;37.5;25.0
150504;LIMA;CAÑETE;CERRO AZUL;97.5;472.0;474.0;7.0;33.7;29.3;30.0;10.2;15.8;47.9;26.1
150505;LIMA;CAÑETE;CHILCA;95.6;484.0;477.0;8.2;24.3;31.3;36.2;6.7;21.6;46.3;25.4
150506;LIMA;CAÑETE;COAYLLO;100.0;410.0;403.0;40.0;20.0;13.3;26.7;33.3;33.3;20.0;13.3
150507;LIMA;CAÑETE;IMPERIAL;96.6;489.0;496.0;7.2;22.9;33.4;36.5;5.7;17.0;43.1;34.2
150508;LIMA;CAÑETE;LUNAHUANA;100.0;478.0;480.0;3.4;30.5;37.3;28.8;3.4;15.3;57.6;23.7
150509;LIMA;CAÑETE;MALA;97.4;485.0;484.0;8.2;24.2;32.4;35.2;7.8;20.2;41.0;31.0
150510;LIMA;CAÑETE;NUEVO IMPERIAL;98.7;500.0;497.0;8.5;18.3;31.5;41.7;5.8;16.9;38.7;38.5
150511;LIMA;CAÑETE;PACARAN;100.0;385.0;387.0;46.4;32.1;10.7;10.7;32.1;42.9;21.4;3.6
150512;LIMA;CAÑETE;QUILMANA;97.5;485.0;497.0;6.6;26.4;32.7;34.4;6.5;16.5;42.2;34.8
150513;LIMA;CAÑETE;SAN ANTONIO;100.0;497.0;485.0;2.6;21.1;39.5;36.8;5.3;21.1;35.5;38.2
150514;LIMA;CAÑETE;SAN LUIS;99.0;477.0;500.0;6.5;28.2;38.1;27.2;3.4;19.3;41.6;35.6
150515;LIMA;CAÑETE;SANTA CRUZ DE FLORES;97.0;421.0;404.0;22.7;35.2;26.2;16.0;32.8;28.5;32.0;6.6
150516;LIMA;CAÑETE;ZUÑIGA;100.0;478.0;472.0;0.0;31.6;42.1;26.3;5.3;5.3;73.7;15.8
150601;LIMA;HUARAL;HUARAL;97.6;494.0;495.0;5.8;22.3;34.5;37.3;5.3;17.5;40.8;36.4
150602;LIMA;HUARAL;ATAVILLOS ALTO;100.0;421.0;406.0;20.0;40.0;40.0;0.0;40.0;0.0;60.0;0.0
150603;LIMA;HUARAL;ATAVILLOS BAJO;100.0;454.0;447.0;14.3;28.6;57.1;0.0;14.3;0.0;85.7;0.0
150604;LIMA;HUARAL;AUCALLAMA;97.1;472.0;477.0;10.1;25.3;37.1;27.4;11.4;16.9;41.2;30.5
150605;LIMA;HUARAL;CHANCAY;97.0;489.0;492.0;7.1;23.8;33.6;35.5;4.9;18.1;43.2;33.8
150606;LIMA;HUARAL;IHUARI;100.0;427.0;425.0;24.0;52.0;12.0;12.0;16.0;48.0;20.0;16.0
150608;LIMA;HUARAL;PACARAOS;83.3;454.0;444.0;0.0;80.0;0.0;20.0;20.0;40.0;20.0;20.0
150610;LIMA;HUARAL;SANTA CRUZ DE ANDAMARCA;100.0;444.0;426.0;0.0;40.0;60.0;0.0;20.0;40.0;40.0;0.0
150701;LIMA;HUAROCHIRÍ;MATUCANA;98.7;483.0;502.0;3.8;31.4;32.4;32.3;0.0;20.7;44.5;34.8
150702;LIMA;HUAROCHIRÍ;ANTIOQUIA;96.2;494.0;472.0;0.0;28.0;42.0;30.0;4.0;20.0;56.0;20.0
150703;LIMA;HUAROCHIRÍ;CALLAHUANCA;100.0;522.0;608.0;14.3;0.0;42.9;42.9;0.0;0.0;28.6;71.4
150705;LIMA;HUAROCHIRÍ;CHICLA;100.0;500.0;514.0;0.0;32.5;28.6;39.0;2.6;10.4;42.9;44.2
150706;LIMA;HUAROCHIRÍ;CUENCA;100.0;479.0;419.0;0.0;0.0;100.0;0.0;0.0;60.0;40.0;0.0
150708;LIMA;HUAROCHIRÍ;HUANZA;100.0;466.0;453.0;10.0;30.0;30.0;30.0;0.0;30.0;60.0;10.0
150709;LIMA;HUAROCHIRÍ;HUAROCHIRI;88.2;451.0;508.0;13.3;33.3;20.0;33.3;0.0;13.3;53.3;33.3
150710;LIMA;HUAROCHIRÍ;LAHUAYTAMBO;100.0;485.0;414.0;0.0;20.0;60.0;20.0;0.0;60.0;40.0;0.0
150711;LIMA;HUAROCHIRÍ;LANGA;100.0;489.0;519.0;0.0;10.0;60.0;30.0;0.0;0.0;60.0;40.0
150712;LIMA;HUAROCHIRÍ;SAN PEDRO DE LARAOS;100.0;422.0;387.0;33.3;33.3;0.0;33.3;33.3;33.3;33.3;0.0
150713;LIMA;HUAROCHIRÍ;MARIATANA;96.2;472.0;480.0;8.2;24.7;39.0;28.0;12.6;15.9;35.7;35.7
150714;LIMA;HUAROCHIRÍ;RICARDO PALMA;100.0;467.0;455.0;5.6;35.7;31.0;27.8;7.9;27.8;45.2;19.0
150715;LIMA;HUAROCHIRÍ;SAN ANDRES DE TUPICOCHA;95.5;376.0;375.0;57.0;18.8;9.7;14.5;43.0;32.7;19.4;4.8
150716;LIMA;HUAROCHIRÍ;SAN ANTONIO;96.3;478.0;480.0;7.3;28.0;33.9;30.9;6.7;20.4;44.5;28.4
150718;LIMA;HUAROCHIRÍ;SAN DAMIAN;94.1;360.0;368.0;50.0;34.4;9.3;6.3;46.6;34.4;19.0;0.0
150721;LIMA;HUAROCHIRÍ;SAN LORENZO DE QUINTI;94.1;482.0;498.0;6.3;37.5;12.5;43.8;12.5;18.8;25.0;43.8
150722;LIMA;HUAROCHIRÍ;SAN MATEO;97.6;534.0;556.0;0.0;16.1;27.9;56.0;0.0;7.2;30.9;61.9
150723;LIMA;HUAROCHIRÍ;SAN MATEO DE OTAO;93.3;474.0;502.0;14.3;16.1;37.5;32.1;14.3;0.0;33.9;51.8
150724;LIMA;HUAROCHIRÍ;SAN PEDRO DE CASTA;100.0;529.0;541.0;0.0;22.2;11.1;66.7;0.0;11.1;22.2;66.7
150726;LIMA;HUAROCHIRÍ;SANGALLAYA;100.0;415.0;487.0;0.0;80.0;20.0;0.0;0.0;20.0;60.0;20.0
150727;LIMA;HUAROCHIRÍ;SANTA CRUZ DE COCACHACRA;97.8;443.0;449.0;15.6;35.5;35.5;13.4;13.3;31.2;37.6;18.0
150728;LIMA;HUAROCHIRÍ;SANTA EULALIA;97.8;504.0;499.0;5.6;15.2;34.9;44.4;4.4;11.9;49.4;34.2
150729;LIMA;HUAROCHIRÍ;SANTIAGO DE ANCHUCAYA;100.0;476.0;471.0;0.0;20.0;80.0;0.0;0.0;20.0;60.0;20.0
150730;LIMA;HUAROCHIRÍ;SANTIAGO DE TUNA;100.0;416.0;521.0;20.0;60.0;20.0;0.0;0.0;0.0;80.0;20.0
150731;LIMA;HUAROCHIRÍ;SANTO DOMINGO DE LOS OLLEROS;97.6;459.0;455.0;17.6;26.5;31.5;24.4;12.9;28.3;36.9;22.0
150732;LIMA;HUAROCHIRÍ;SURCO;91.7;445.0;424.0;9.1;54.5;18.2;18.2;9.1;36.4;45.5;9.1
150801;LIMA;HUAURA;HUACHO;97.5;510.0;504.0;3.9;17.9;32.9;45.4;3.1;14.9;44.6;37.4
150802;LIMA;HUAURA;AMBAR;100.0;464.0;484.0;5.6;33.3;44.4;16.7;5.6;16.7;50.0;27.8
150803;LIMA;HUAURA;CALETA DE CARQUIN;100.0;449.0;467.0;8.3;39.6;33.3;18.8;3.1;21.9;61.5;13.5
150805;LIMA;HUAURA;HUALMAY;97.6;486.0;478.0;5.4;26.8;32.3;35.6;6.7;22.3;43.6;27.4
150806;LIMA;HUAURA;HUAURA;96.8;489.0;490.0;4.7;25.1;36.3;33.9;5.7;15.0;47.7;31.6
150807;LIMA;HUAURA;LEONCIO PRADO;100.0;416.0;445.0;15.0;55.0;25.0;5.0;10.0;25.0;45.0;20.0
150808;LIMA;HUAURA;PACCHO;100.0;405.0;430.0;10.0;60.0;30.0;0.0;10.0;30.0;50.0;10.0
150809;LIMA;HUAURA;SANTA LEONOR;93.8;454.0;465.0;13.4;19.6;47.3;19.6;13.4;7.1;58.9;20.5
150810;LIMA;HUAURA;SANTA MARIA;96.8;489.0;483.0;4.3;25.6;35.3;34.8;4.6;20.7;46.1;28.6
150811;LIMA;HUAURA;SAYAN;98.5;476.0;475.0;6.7;28.9;37.4;27.0;4.3;23.5;49.1;23.1
150812;LIMA;HUAURA;VEGUETA;98.4;471.0;470.0;8.4;31.1;36.6;23.9;8.0;23.2;43.7;25.0
150901;LIMA;OYÓN;OYON;99.6;512.0;541.0;3.9;19.0;31.2;45.9;1.8;8.6;35.5;54.1
150904;LIMA;OYÓN;COCHAMARCA;100.0;383.0;382.0;52.9;17.6;29.4;0.0;41.2;23.5;29.4;5.9
150905;LIMA;OYÓN;NAVAN;100.0;498.0;529.0;0.0;42.9;7.1;50.0;0.0;14.3;42.9;42.9
150906;LIMA;OYÓN;PACHANGARA;98.9;473.0;471.0;11.8;27.8;25.6;34.7;9.3;18.7;45.3;26.7
151001;LIMA;YAUYOS;YAUYOS;100.0;506.0;505.0;11.1;22.2;22.2;44.4;0.0;22.2;38.9;38.9
151002;LIMA;YAUYOS;ALIS;100.0;437.0;487.0;16.7;33.3;50.0;0.0;0.0;33.3;50.0;16.7
151003;LIMA;YAUYOS;ALLAUCA;83.3;443.0;449.0;0.0;60.0;20.0;20.0;0.0;40.0;60.0;0.0
151004;LIMA;YAUYOS;AYAVIRI;100.0;462.0;474.0;25.0;12.5;50.0;12.5;0.0;50.0;25.0;25.0
151006;LIMA;YAUYOS;CACRA;100.0;433.0;458.0;25.0;25.0;12.5;37.5;12.5;25.0;25.0;37.5
151007;LIMA;YAUYOS;CARANIA;100.0;505.0;430.0;20.0;0.0;40.0;40.0;20.0;0.0;80.0;0.0
151008;LIMA;YAUYOS;CATAHUASI;100.0;495.0;541.0;4.3;13.0;47.8;34.8;0.0;4.3;47.8;47.8
151009;LIMA;YAUYOS;CHOCOS;93.3;378.0;409.0;53.8;23.1;15.4;7.7;29.0;23.0;40.0;8.0
151011;LIMA;YAUYOS;COLONIA;100.0;519.0;474.0;12.5;12.5;37.5;37.5;0.0;12.5;62.5;25.0
151014;LIMA;YAUYOS;HUANCAYA;100.0;515.0;528.0;0.0;14.3;42.9;42.9;0.0;0.0;42.9;57.1
151015;LIMA;YAUYOS;HUANGASCAR;100.0;527.0;594.0;0.0;14.3;28.6;57.1;0.0;0.0;42.9;57.1
151016;LIMA;YAUYOS;HUANTAN;100.0;486.0;476.0;14.3;28.6;28.6;28.6;0.0;14.3;71.4;14.3
151018;LIMA;YAUYOS;LARAOS;100.0;448.0;465.0;11.1;33.3;44.4;11.1;11.1;22.2;55.6;11.1
151019;LIMA;YAUYOS;LINCHA;100.0;347.0;345.0;80.0;0.0;20.0;0.0;60.0;40.0;0.0;0.0
151020;LIMA;YAUYOS;MADEAN;95.0;371.0;399.0;48.0;32.0;15.0;5.0;28.0;31.0;26.0;15.0
151022;LIMA;YAUYOS;OMAS;87.5;435.0;470.0;0.0;50.0;50.0;0.0;0.0;17.0;83.0;0.0
151023;LIMA;YAUYOS;PUTINZA;100.0;444.0;435.0;7.1;42.9;42.9;7.1;7.1;28.6;64.3;0.0
151024;LIMA;YAUYOS;QUINCHES;83.3;486.0;466.0;20.0;20.0;20.0;40.0;20.0;20.0;40.0;20.0
151025;LIMA;YAUYOS;QUINOCAY;100.0;527.0;504.0;0.0;20.0;20.0;60.0;0.0;20.0;20.0;60.0
151028;LIMA;YAUYOS;TANTA;71.4;;;;;;;;;;
151030;LIMA;YAUYOS;TOMAS;100.0;518.0;539.0;0.0;28.6;14.3;57.1;0.0;0.0;28.6;71.4
151031;LIMA;YAUYOS;TUPE;100.0;455.0;454.0;0.0;33.3;58.3;8.3;0.0;16.7;83.3;0.0
151032;LIMA;YAUYOS;VIÑAC;100.0;443.0;477.0;21.1;28.9;34.2;15.8;15.8;10.5;42.1;31.6
160101;LORETO;MAYNAS;IQUITOS;96.2;454.0;426.0;14.7;31.8;29.6;23.9;18.8;33.5;35.9;11.7
160102;LORETO;MAYNAS;ALTO NANAY;95.8;344.0;339.0;60.6;30.9;7.1;1.4;57.9;30.7;11.4;0.0
160103;LORETO;MAYNAS;FERNANDO LORES;94.5;399.0;390.0;33.5;38.0;19.5;9.0;34.3;35.0;25.8;4.9
160104;LORETO;MAYNAS;INDIANA;94.4;358.0;346.0;52.2;31.6;12.8;3.4;54.4;31.0;13.9;0.7
160105;LORETO;MAYNAS;LAS AMAZONAS;89.6;;;;;;;;;;
160106;LORETO;MAYNAS;MAZAN;87.1;358.0;353.0;56.6;24.2;10.8;8.4;59.0;23.0;11.0;8.0
160107;LORETO;MAYNAS;NAPO;90.5;310.0;313.0;79.2;14.7;5.4;0.8;72.8;21.5;5.3;0.4
160108;LORETO;MAYNAS;PUNCHANA;93.6;425.0;404.0;21.4;37.9;26.5;14.1;26.9;34.1;31.3;7.7
160110;LORETO;MAYNAS;TORRES CAUSANA;89.5;290.0;300.0;94.1;5.9;0.0;0.0;76.6;23.4;0.0;0.0
160112;LORETO;MAYNAS;BELEN;94.7;413.0;391.0;25.6;39.6;24.3;10.5;31.3;38.8;25.7;4.3
160113;LORETO;MAYNAS;SAN JUAN BAUTISTA;94.8;413.0;394.0;24.9;38.9;26.6;9.6;30.6;35.5;29.0;5.0
160201;LORETO;ALTO AMAZONAS;YURIMAGUAS;91.9;422.0;408.0;26.3;34.6;24.0;15.1;27.0;34.1;28.8;10.0
160202;LORETO;ALTO AMAZONAS;BALSAPUERTO;81.2;;;;;;;;;;
160205;LORETO;ALTO AMAZONAS;JEBEROS;89.7;;;;;;;;;;
160206;LORETO;ALTO AMAZONAS;LAGUNAS;92.5;370.0;366.0;49.0;31.3;13.4;6.2;45.3;35.1;17.2;2.3
160210;LORETO;ALTO AMAZONAS;SANTA CRUZ;94.7;368.0;365.0;51.9;27.2;15.5;5.4;52.2;24.9;15.5;7.5
160211;LORETO;ALTO AMAZONAS;TENIENTE CESAR LOPEZ ROJAS;92.7;376.0;348.0;43.4;36.1;13.7;6.8;53.0;30.0;15.0;2.0
160301;LORETO;LORETO;NAUTA;95.5;401.0;386.0;33.5;35.2;22.1;9.2;37.3;33.6;23.9;5.2
160302;LORETO;LORETO;PARINARI;90.6;342.0;338.0;61.8;29.8;6.2;2.2;64.1;27.4;7.5;1.0
160303;LORETO;LORETO;TIGRE;90.2;334.0;339.0;68.3;23.8;6.3;1.6;60.5;33.3;6.2;0.0
160304;LORETO;LORETO;TROMPETEROS;91.8;322.0;312.0;73.8;17.7;7.1;1.4;78.0;18.0;4.0;0.0
160305;LORETO;LORETO;URARINAS;73.0;;;;;;;;;;
160401;LORETO;MARISCAL RAMÓN CASTILLA;RAMON CASTILLA;90.3;372.0;353.0;47.5;30.5;16.3;5.7;55.0;28.0;14.0;2.0
160402;LORETO;MARISCAL RAMÓN CASTILLA;PEBAS;94.1;355.0;346.0;54.4;32.1;12.0;1.5;58.0;27.0;14.0;1.0
160403;LORETO;MARISCAL RAMÓN CASTILLA;YAVARI;83.1;363.0;354.0;49.6;33.4;13.5;3.5;53.7;26.8;17.4;2.1
160404;LORETO;MARISCAL RAMÓN CASTILLA;SAN PABLO;84.0;341.0;335.0;60.7;29.3;7.1;2.9;63.2;26.7;7.6;2.5
160501;LORETO;REQUENA;REQUENA;91.2;403.0;385.0;34.3;33.6;19.2;12.9;42.2;25.7;23.1;8.9
160502;LORETO;REQUENA;ALTO TAPICHE;96.2;274.0;298.0;88.5;7.7;0.0;3.8;92.4;3.8;3.8;0.0
160503;LORETO;REQUENA;CAPELO;93.3;331.0;316.0;74.5;15.5;8.4;1.5;74.5;21.3;4.1;0.0
160504;LORETO;REQUENA;EMILIO SAN MARTIN;93.4;307.0;313.0;81.8;14.6;3.6;0.0;76.4;20.9;2.7;0.0
160505;LORETO;REQUENA;MAQUIA;92.5;343.0;342.0;64.1;24.1;6.2;5.7;57.6;29.8;9.9;2.7
160506;LORETO;REQUENA;PUINAHUA;92.4;354.0;345.0;50.2;36.4;12.0;1.3;57.3;30.8;11.2;0.7
160507;LORETO;REQUENA;SAQUENA;88.9;313.0;300.0;85.2;11.4;2.0;1.3;89.7;6.9;3.4;0.0
160508;LORETO;REQUENA;SOPLIN;45.5;;;;;;;;;;
160509;LORETO;REQUENA;TAPICHE;100.0;372.0;415.0;43.0;49.9;3.5;3.5;14.6;42.6;32.0;10.9
160510;LORETO;REQUENA;JENARO HERRERA;94.7;346.0;331.0;66.0;25.9;4.5;3.6;73.4;16.7;9.0;0.9
160511;LORETO;REQUENA;YAQUERANA;97.4;310.0;325.0;94.4;5.6;0.0;0.0;75.2;24.8;0.0;0.0
160601;LORETO;UCAYALI;CONTAMANA;91.4;374.0;359.0;48.1;31.8;14.6;5.5;50.6;31.4;16.0;2.0
160602;LORETO;UCAYALI;INAHUAYA;100.0;345.0;322.0;70.1;21.6;5.5;2.8;80.8;13.6;5.6;0.0
160603;LORETO;UCAYALI;PADRE MARQUEZ;95.8;471.0;473.0;14.8;21.1;21.6;42.5;12.8;18.9;38.1;30.2
160604;LORETO;UCAYALI;PAMPA HERMOSA;93.2;351.0;349.0;56.1;33.2;7.8;2.9;54.0;32.2;12.9;0.9
160605;LORETO;UCAYALI;SARAYACU;92.3;359.0;355.0;54.0;30.6;10.4;5.0;54.0;28.8;14.5;2.7
160606;LORETO;UCAYALI;VARGAS GUERRA;88.1;401.0;390.0;38.8;30.9;15.0;15.2;39.4;29.7;19.9;11.0
160701;LORETO;DATEM DEL MARAÑÓN;BARRANCA;92.3;371.0;364.0;48.9;30.5;12.0;8.6;46.7;30.5;19.6;3.2
160702;LORETO;DATEM DEL MARAÑÓN;CAHUAPANAS;85.5;;;;;;;;;;
160703;LORETO;DATEM DEL MARAÑÓN;MANSERICHE;93.9;400.0;384.0;31.8;34.8;22.5;11.0;36.1;34.0;26.3;3.6
160704;LORETO;DATEM DEL MARAÑÓN;MORONA;98.2;334.0;335.0;64.8;22.7;10.7;1.8;60.1;30.6;9.2;0.0
160705;LORETO;DATEM DEL MARAÑÓN;PASTAZA;83.6;;;;;;;;;;
160706;LORETO;DATEM DEL MARAÑÓN;ANDOAS;86.5;337.0;304.0;67.6;25.6;6.8;0.0;86.0;14.0;0.0;0.0
160801;LORETO;PUTUMAYO;PUTUMAYO;91.9;435.0;421.0;20.0;29.5;35.4;15.0;22.7;29.1;36.3;11.9
160802;LORETO;PUTUMAYO;ROSA PANDURO;94.1;401.0;387.0;37.5;37.5;12.4;12.7;31.1;50.1;18.7;0.0
160803;LORETO;PUTUMAYO;TENIENTE MANUEL CLAVERO;86.2;345.0;325.0;52.9;35.7;11.4;0.0;69.3;23.6;7.1;0.0
160804;LORETO;PUTUMAYO;YAGUAS;83.3;362.0;418.0;52.0;35.5;8.8;3.8;24.3;16.3;52.5;6.9
170101;MADRE DE DIOS;TAMBOPATA;TAMBOPATA;96.3;467.0;457.0;11.0;29.1;31.0;28.8;11.6;25.3;41.3;21.8
170102;MADRE DE DIOS;TAMBOPATA;INAMBARI;95.4;477.0;478.0;7.1;24.7;40.0;28.2;9.2;17.0;46.4;27.4
170103;MADRE DE DIOS;TAMBOPATA;LAS PIEDRAS;98.6;440.0;427.0;15.3;38.6;26.2;19.9;20.1;29.0;36.6;14.4
170104;MADRE DE DIOS;TAMBOPATA;LABERINTO;96.5;430.0;427.0;17.8;38.1;32.5;11.6;18.4;34.6;36.2;10.8
170201;MADRE DE DIOS;MANU;MANU;100.0;436.0;433.0;22.9;31.4;25.7;20.0;20.0;28.6;31.4;20.0
170202;MADRE DE DIOS;MANU;FITZCARRALD;100.0;386.0;387.0;37.5;50.0;0.0;12.5;25.0;50.0;25.0;0.0
170203;MADRE DE DIOS;MANU;MADRE DE DIOS;98.6;451.0;459.0;15.9;28.8;32.4;22.9;10.4;23.4;45.5;20.6
170204;MADRE DE DIOS;MANU;HUEPETUHE;97.9;469.0;473.0;8.9;28.7;34.1;28.3;6.9;23.9;42.2;27.1
170301;MADRE DE DIOS;TAHUAMANU;IÑAPARI;95.2;445.0;429.0;15.0;32.5;40.0;12.5;2.5;47.5;45.0;5.0
170302;MADRE DE DIOS;TAHUAMANU;IBERIA;97.3;458.0;449.0;9.9;37.3;33.5;19.3;4.9;31.7;49.3;14.1
170303;MADRE DE DIOS;TAHUAMANU;TAHUAMANU;92.9;436.0;421.0;16.3;46.9;19.5;17.3;18.8;39.3;28.4;13.4
180101;MOQUEGUA;MARISCAL NIETO;MOQUEGUA;99.4;527.0;540.0;2.1;13.2;33.2;51.5;0.9;7.4;36.8;54.9
180102;MOQUEGUA;MARISCAL NIETO;CARUMAS;100.0;485.0;459.0;16.7;33.3;16.7;33.3;16.7;33.3;16.7;33.3
180104;MOQUEGUA;MARISCAL NIETO;SAMEGUA;98.5;557.0;576.0;1.6;7.9;24.2;66.3;0.0;4.3;24.1;71.6
180105;MOQUEGUA;MARISCAL NIETO;SAN CRISTOBAL;100.0;464.0;490.0;9.5;28.6;42.9;19.0;9.5;9.5;42.9;38.1
180106;MOQUEGUA;MARISCAL NIETO;TORATA;100.0;540.0;552.0;1.1;12.9;28.0;58.1;0.0;5.4;35.5;59.1
180201;MOQUEGUA;GENERAL SÁNCHEZ CERRO;OMATE;100.0;501.0;541.0;5.6;16.7;33.3;44.4;0.0;5.6;38.9;55.6
180204;MOQUEGUA;GENERAL SÁNCHEZ CERRO;ICHUÑA;100.0;500.0;482.0;3.6;10.7;46.4;39.3;0.0;7.1;85.7;7.1
180207;MOQUEGUA;GENERAL SÁNCHEZ CERRO;MATALAQUE;100.0;566.0;536.0;16.7;0.0;16.7;66.7;0.0;16.7;33.3;50.0
180208;MOQUEGUA;GENERAL SÁNCHEZ CERRO;PUQUINA;100.0;529.0;505.0;6.7;13.3;23.3;56.7;10.0;13.3;36.7;40.0
180209;MOQUEGUA;GENERAL SÁNCHEZ CERRO;QUINISTAQUILLAS;80.0;479.0;449.0;0.0;75.0;0.0;25.0;0.0;50.0;25.0;25.0
180210;MOQUEGUA;GENERAL SÁNCHEZ CERRO;UBINAS;90.9;505.0;485.0;10.0;22.0;22.0;46.0;20.0;0.0;34.0;46.0
180301;MOQUEGUA;ILO;ILO;99.3;512.0;525.0;3.7;17.8;32.6;45.9;2.7;12.0;36.3;49.0
180302;MOQUEGUA;ILO;EL ALGARROBAL;91.7;451.0;463.0;0.0;54.5;27.3;18.2;0.0;27.3;54.5;18.2
180303;MOQUEGUA;ILO;PACOCHA;99.2;543.0;547.0;4.2;11.0;23.6;61.2;3.4;9.4;29.5;57.6
190101;PASCO;PASCO;CHAUPIMARCA;99.1;497.0;505.0;7.4;21.2;32.9;38.5;6.1;16.0;38.4;39.5
190102;PASCO;PASCO;HUACHON;97.1;488.0;512.0;7.1;29.3;27.9;35.6;1.4;18.9;29.2;50.4
190103;PASCO;PASCO;HUARIACA;98.3;495.0;498.0;5.4;23.9;32.6;38.1;4.8;20.3;38.6;36.2
190104;PASCO;PASCO;HUAYLLAY;98.9;509.0;503.0;1.2;17.7;37.7;43.5;3.6;16.0;42.4;38.1
190105;PASCO;PASCO;NINACACA;100.0;476.0;487.0;9.5;27.0;28.4;35.1;2.7;23.0;43.2;31.1
190106;PASCO;PASCO;PALLANCHACRA;100.0;484.0;470.0;7.7;23.1;30.8;38.5;0.0;30.8;46.2;23.1
190107;PASCO;PASCO;PAUCARTAMBO;99.4;484.0;501.0;8.4;28.7;28.5;34.4;3.9;15.7;41.1;39.3
190108;PASCO;PASCO;SAN FRANCISCO DE ASIS DE YARUSYACAN;100.0;443.0;459.0;18.8;37.5;20.8;22.9;12.5;18.8;50.0;18.7
190109;PASCO;PASCO;SIMON BOLIVAR;100.0;503.0;509.0;3.0;22.4;34.1;40.5;1.7;12.9;42.7;42.7
190110;PASCO;PASCO;TICLACAYAN;96.9;456.0;467.0;18.5;29.2;27.7;24.6;10.3;21.0;42.6;26.2
190111;PASCO;PASCO;TINYAHUARCO;99.1;494.0;508.0;4.8;20.2;35.9;39.0;2.9;12.6;44.6;40.0
190112;PASCO;PASCO;VICCO;100.0;487.0;488.0;4.4;28.9;33.3;33.3;0.0;22.2;46.7;31.1
190113;PASCO;PASCO;YANACANCHA;97.7;520.0;523.0;5.0;15.5;29.5;50.0;2.8;10.7;38.6;47.9
190201;PASCO;DANIEL ALCIDES CARRIÓN;YANAHUANCA;98.8;509.0;534.0;2.5;19.0;35.2;43.3;1.2;11.1;34.0;53.7
190202;PASCO;DANIEL ALCIDES CARRIÓN;CHACAYAN;87.5;517.0;565.0;0.0;15.9;23.8;60.3;0.0;15.9;33.3;50.8
190203;PASCO;DANIEL ALCIDES CARRIÓN;GOYLLARISQUIZGA;100.0;539.0;567.0;0.0;12.5;37.5;50.0;0.0;0.0;50.0;50.0
190204;PASCO;DANIEL ALCIDES CARRIÓN;PAUCAR;100.0;447.0;459.0;11.8;35.3;29.4;23.5;5.9;17.6;64.7;11.8
190205;PASCO;DANIEL ALCIDES CARRIÓN;SAN PEDRO DE PILLAO;100.0;433.0;447.0;20.0;26.7;46.7;6.7;6.7;33.3;40.0;20.0
190206;PASCO;DANIEL ALCIDES CARRIÓN;SANTA ANA DE TUSI;100.0;491.0;520.0;2.4;26.2;38.1;33.3;0.0;11.9;45.2;42.9
190207;PASCO;DANIEL ALCIDES CARRIÓN;TAPUC;100.0;400.0;442.0;17.6;58.8;17.6;5.9;0.0;58.8;29.4;11.8
190208;PASCO;DANIEL ALCIDES CARRIÓN;VILCABAMBA;100.0;467.0;526.0;0.0;50.0;12.5;37.5;0.0;12.5;37.5;50.0
190301;PASCO;OXAPAMPA;OXAPAMPA;98.9;506.0;505.0;5.2;20.6;31.3;42.9;3.7;16.1;40.2;40.0
190302;PASCO;OXAPAMPA;CHONTABAMBA;92.9;513.0;503.0;0.0;7.7;53.8;38.5;0.0;7.7;84.6;7.7
190303;PASCO;OXAPAMPA;HUANCABAMBA;99.0;463.0;457.0;12.5;30.2;31.5;25.8;8.3;25.0;49.5;17.2
190304;PASCO;OXAPAMPA;PALCAZU;93.1;410.0;412.0;32.8;31.1;23.6;12.5;30.4;26.5;31.0;12.2
190305;PASCO;OXAPAMPA;POZUZO;98.6;436.0;449.0;40.0;14.3;18.6;27.1;27.9;26.4;17.1;28.6
190306;PASCO;OXAPAMPA;PUERTO BERMUDEZ;86.3;365.0;362.0;52.5;28.7;12.6;6.2;50.8;23.8;22.7;2.8
190307;PASCO;OXAPAMPA;VILLA RICA;99.0;491.0;490.0;8.0;18.0;36.6;37.4;6.2;15.5;43.6;34.7
190308;PASCO;OXAPAMPA;CONSTITUCIÓN;95.1;436.0;440.0;21.6;31.0;26.3;21.1;20.7;23.6;36.9;18.8
200101;PIURA;PIURA;PIURA;97.7;503.0;493.0;5.2;19.9;32.6;42.3;5.1;16.5;43.5;34.9
200104;PIURA;PIURA;CASTILLA;98.0;501.0;493.0;4.4;21.8;33.7;40.1;4.7;16.3;45.8;33.2
200105;PIURA;PIURA;CATACAOS;99.3;486.0;484.0;6.3;23.6;37.9;32.2;5.8;17.9;46.3;30.0
200107;PIURA;PIURA;CURA MORI;94.6;478.0;485.0;10.0;23.1;37.0;29.9;6.8;16.2;48.3;28.6
200108;PIURA;PIURA;EL TALLÁN;96.1;447.0;464.0;14.5;32.3;36.0;17.2;8.9;16.6;53.2;21.3
200109;PIURA;PIURA;LA ARENA;98.4;490.0;494.0;8.3;20.8;34.4;36.6;6.3;16.9;41.9;34.9
200110;PIURA;PIURA;LA UNION;97.9;500.0;510.0;3.6;21.0;35.6;39.9;3.2;11.9;44.1;40.8
200111;PIURA;PIURA;LAS LOMAS;98.6;472.0;463.0;10.0;27.1;35.8;27.1;11.4;23.0;43.3;22.3
200114;PIURA;PIURA;TAMBO GRANDE;97.9;461.0;461.0;11.1;30.8;33.0;25.0;10.9;23.5;43.0;22.6
200115;PIURA;PIURA;VEINTISEIS DE OCTUBRE;97.8;491.0;477.0;5.2;22.8;35.8;36.3;5.8;21.2;47.2;25.8
200201;PIURA;AYABACA;AYABACA;95.9;438.0;444.0;20.4;32.3;28.2;19.1;15.6;27.7;39.2;17.6
200202;PIURA;AYABACA;FRIAS;98.0;444.0;456.0;17.9;31.4;30.4;20.3;14.0;23.1;40.6;22.3
200203;PIURA;AYABACA;JILILI;100.0;465.0;480.0;12.1;24.2;39.4;24.2;3.0;21.2;51.5;24.2
200204;PIURA;AYABACA;LAGUNAS;98.5;429.0;433.0;21.5;36.0;23.1;19.4;20.8;26.9;34.3;17.9
200205;PIURA;AYABACA;MONTERO;98.9;484.0;483.0;3.4;29.1;36.3;31.2;9.3;20.1;38.2;32.4
200206;PIURA;AYABACA;PACAIPAMPA;98.7;418.0;449.0;25.2;37.5;24.3;13.0;16.2;27.3;35.4;21.1
200207;PIURA;AYABACA;PAIMAS;99.1;464.0;467.0;7.5;34.1;37.5;20.9;4.2;22.2;54.1;19.5
200208;PIURA;AYABACA;SAPILLICA;99.5;440.0;445.0;18.9;35.3;24.8;21.1;15.2;29.6;34.1;21.1
200209;PIURA;AYABACA;SICCHEZ;95.0;457.0;432.0;0.0;53.2;29.4;17.5;5.6;47.6;35.7;11.1
200210;PIURA;AYABACA;SUYO;98.7;454.0;447.0;10.1;41.0;26.1;22.7;10.6;29.7;46.1;13.6
200301;PIURA;HUANCABAMBA;HUANCABAMBA;98.6;445.0;435.0;21.9;26.6;27.3;24.2;18.2;27.4;37.2;17.2
200302;PIURA;HUANCABAMBA;CANCHAQUE;98.0;476.0;473.0;6.8;24.4;44.6;24.2;9.4;21.0;41.8;27.8
200303;PIURA;HUANCABAMBA;EL CARMEN DE LA FRONTERA;96.4;425.0;415.0;21.7;40.7;23.5;14.1;20.2;35.8;36.7;7.4
200304;PIURA;HUANCABAMBA;HUARMACA;97.5;402.0;407.0;33.5;36.0;19.9;10.5;28.7;32.4;29.9;9.0
200305;PIURA;HUANCABAMBA;LALAQUIZ;94.8;427.0;450.0;18.4;42.8;22.3;16.6;10.9;30.1;38.9;20.1
200306;PIURA;HUANCABAMBA;SAN MIGUEL DE EL FAIQUE;95.1;422.0;420.0;29.5;29.3;27.6;13.5;22.5;34.3;31.8;11.4
200307;PIURA;HUANCABAMBA;SONDOR;95.6;421.0;424.0;26.0;31.9;30.0;12.1;21.6;33.9;31.3;13.2
200308;PIURA;HUANCABAMBA;SONDORILLO;98.9;404.0;416.0;31.7;36.6;21.2;10.6;23.6;32.4;34.0;9.9
200401;PIURA;MORROPÓN;CHULUCANAS;98.0;475.0;484.0;8.7;29.7;33.4;28.1;7.9;18.9;42.5;30.7
200402;PIURA;MORROPÓN;BUENOS AIRES;99.4;492.0;493.0;3.7;21.4;43.1;31.9;4.3;11.7;53.3;30.8
200403;PIURA;MORROPÓN;CHALACO;97.3;439.0;470.0;24.4;23.9;29.8;21.9;12.6;23.8;36.2;27.4
200404;PIURA;MORROPÓN;LA MATANZA;99.1;495.0;503.0;4.0;20.2;38.5;37.4;2.6;13.3;47.1;37.0
200405;PIURA;MORROPÓN;MORROPON;99.3;462.0;446.0;10.8;32.1;31.7;25.4;8.6;33.9;40.7;16.8
200406;PIURA;MORROPÓN;SALITRAL;99.1;436.0;424.0;19.1;36.3;25.5;19.1;19.0;32.5;36.8;11.7
200407;PIURA;MORROPÓN;SAN JUAN DE BIGOTE;98.5;461.0;452.0;9.4;34.3;33.4;22.9;12.6;16.1;56.8;14.5
200408;PIURA;MORROPÓN;SANTA CATALINA DE MOSSA;91.8;540.0;511.0;2.4;10.9;24.0;62.7;2.0;12.9;49.2;35.9
200409;PIURA;MORROPÓN;SANTO DOMINGO;100.0;487.0;472.0;3.7;27.5;36.3;32.5;8.7;23.7;40.0;27.5
200410;PIURA;MORROPÓN;YAMANGO;100.0;465.0;466.0;17.8;22.9;25.4;33.9;11.9;25.4;39.8;22.9
200501;PIURA;PAITA;PAITA;97.0;491.0;489.0;5.5;22.5;36.4;35.5;5.2;17.3;46.0;31.6
200502;PIURA;PAITA;AMOTAPE;95.2;465.0;448.0;15.0;25.0;37.5;22.5;12.6;32.5;44.9;10.0
200503;PIURA;PAITA;ARENAL;95.5;488.0;440.0;4.8;25.0;40.1;30.2;19.8;15.1;55.6;9.5
200504;PIURA;PAITA;COLAN;99.1;490.0;504.0;5.2;19.2;39.6;36.0;5.2;9.1;48.7;37.0
200505;PIURA;PAITA;LA HUACA;98.1;477.0;464.0;5.6;31.7;30.8;31.9;7.7;25.2;46.9;20.2
200506;PIURA;PAITA;TAMARINDO;98.8;467.0;465.0;10.5;28.2;36.5;24.7;4.7;22.4;57.6;15.3
200507;PIURA;PAITA;VICHAYAL;95.0;455.0;461.0;15.1;26.3;36.4;22.3;10.5;23.2;46.7;19.6
200601;PIURA;SULLANA;SULLANA;98.3;492.0;489.0;5.1;22.1;37.3;35.5;4.0;17.4;48.3;30.3
200602;PIURA;SULLANA;BELLAVISTA;97.9;480.0;479.0;4.9;29.3;37.2;28.6;5.5;22.2;44.8;27.6
200603;PIURA;SULLANA;IGNACIO ESCUDERO;98.7;466.0;454.0;8.5;31.1;37.6;22.9;11.2;20.7;52.5;15.5
200604;PIURA;SULLANA;LANCONES;98.2;454.0;461.0;14.3;27.7;36.0;22.0;10.6;21.7;45.7;22.0
200605;PIURA;SULLANA;MARCAVELICA;98.8;481.0;488.0;4.3;25.4;40.5;29.7;6.2;18.2;45.1;30.5
200606;PIURA;SULLANA;MIGUEL CHECA;100.0;459.0;469.0;9.0;33.8;36.6;20.7;6.2;23.4;44.8;25.5
200607;PIURA;SULLANA;QUERECOTILLO;99.1;493.0;499.0;6.1;21.4;35.4;37.1;4.6;13.8;44.9;36.8
200608;PIURA;SULLANA;SALITRAL;96.7;522.0;508.0;5.4;24.2;42.6;27.8;2.9;23.8;39.2;34.2
200701;PIURA;TALARA;PARIÑAS;97.5;472.0;462.0;8.4;28.0;35.6;28.0;8.2;24.7;46.7;20.5
200702;PIURA;TALARA;EL ALTO;97.0;470.0;469.0;9.1;30.4;30.4;30.1;8.0;19.1;51.6;21.4
200703;PIURA;TALARA;LA BREA;96.5;482.0;479.0;6.9;26.0;38.3;28.7;5.4;23.3;46.4;24.9
200704;PIURA;TALARA;LOBITOS;100.0;495.0;522.0;6.7;20.0;26.7;46.7;6.7;26.7;13.3;53.3
200705;PIURA;TALARA;LOS ORGANOS;97.3;477.0;471.0;6.7;27.9;34.9;30.5;6.8;23.7;48.9;20.6
200706;PIURA;TALARA;MANCORA;94.4;452.0;443.0;15.8;32.1;27.7;24.3;15.4;26.6;45.4;12.5
200801;PIURA;SECHURA;SECHURA;99.0;481.0;493.0;5.2;26.4;38.3;30.1;3.7;15.5;48.3;32.6
200802;PIURA;SECHURA;BELLAVISTA DE LA UNION;100.0;495.0;484.0;5.4;24.7;25.8;44.1;5.0;17.0;46.0;31.0
200803;PIURA;SECHURA;BERNAL;100.0;486.0;496.0;6.0;26.9;33.0;34.1;3.3;18.0;40.4;38.3
200804;PIURA;SECHURA;CRISTO NOS VALGA;97.5;462.0;465.0;13.8;32.5;29.6;24.1;3.8;25.5;51.6;19.1
200805;PIURA;SECHURA;VICE;100.0;488.0;499.0;7.7;24.6;29.9;37.9;3.9;16.6;44.8;34.7
200806;PIURA;SECHURA;RINCONADA LLICUAR;100.0;494.0;500.0;6.5;17.4;41.3;34.8;2.2;17.4;37.0;43.5
210101;PUNO;PUNO;PUNO;99.3;522.0;525.0;4.2;15.8;28.6;51.5;2.9;10.9;37.0;49.1
210102;PUNO;PUNO;ACORA;98.2;446.0;458.0;17.6;33.5;32.4;16.5;9.2;23.0;50.4;17.4
210103;PUNO;PUNO;AMANTANI;100.0;406.0;419.0;25.7;46.1;17.9;10.3;18.0;46.1;28.2;7.7
210104;PUNO;PUNO;ATUNCOLLA;100.0;437.0;456.0;13.2;42.7;30.9;13.2;7.3;17.6;61.8;13.2
210105;PUNO;PUNO;CAPACHICA;98.8;434.0;446.0;17.1;40.2;26.6;16.1;8.7;35.3;40.1;16.0
210106;PUNO;PUNO;CHUCUITO;100.0;434.0;457.0;15.8;34.2;34.2;15.8;13.2;21.0;44.7;21.1
210107;PUNO;PUNO;COATA;100.0;432.0;461.0;13.9;48.5;19.8;17.8;5.9;26.7;51.5;15.9
210108;PUNO;PUNO;HUATA;100.0;445.0;476.0;6.0;46.0;30.0;18.0;2.0;24.0;48.0;26.0
210109;PUNO;PUNO;MAÑAZO;100.0;468.0;493.0;12.2;17.1;43.9;26.8;0.0;19.5;53.7;26.8
210110;PUNO;PUNO;PAUCARCOLLA;100.0;449.0;445.0;13.3;36.7;33.3;16.7;16.7;26.6;36.7;20.0
210111;PUNO;PUNO;PICHACANI;100.0;443.0;450.0;14.0;40.0;30.0;16.0;8.0;28.0;52.0;12.0
210112;PUNO;PUNO;PLATERIA;97.9;432.0;436.0;20.1;44.3;20.1;15.5;6.8;35.3;46.5;11.4
210113;PUNO;PUNO;SAN ANTONIO;100.0;574.0;578.0;0.0;0.0;0.0;100.0;0.0;0.0;37.5;62.5
210114;PUNO;PUNO;TIQUILLACA;88.9;370.0;365.0;37.5;50.0;12.5;0.0;62.5;25.0;12.5;0.0
210115;PUNO;PUNO;VILQUE;100.0;436.0;424.0;17.4;34.8;30.4;17.4;13.0;34.8;43.5;8.7
210201;PUNO;AZÁNGARO;AZANGARO;99.1;494.0;502.0;10.0;21.4;29.1;39.5;5.6;17.7;38.8;37.9
210202;PUNO;AZÁNGARO;ACHAYA;100.0;444.0;509.0;0.0;50.0;37.5;12.5;0.0;0.0;75.0;25.0
210203;PUNO;AZÁNGARO;ARAPA;31.4;;;;;;;;;;
210204;PUNO;AZÁNGARO;ASILLO;99.5;442.0;464.0;14.4;38.6;28.0;19.0;10.5;22.7;43.8;23.0
210205;PUNO;AZÁNGARO;CAMINACA;100.0;392.0;383.0;25.0;62.5;12.5;0.0;12.5;75.0;12.5;0.0
210206;PUNO;AZÁNGARO;CHUPA;100.0;450.0;477.0;10.9;34.3;39.1;15.6;3.1;28.1;43.7;25.0
210207;PUNO;AZÁNGARO;JOSE DOMINGO CHOQUEHUANCA;98.6;466.0;474.0;7.5;29.9;42.5;20.1;4.5;14.9;60.7;19.9
210208;PUNO;AZÁNGARO;MUÑANI;100.0;444.0;459.0;14.5;33.6;34.4;17.6;9.9;20.6;48.9;20.6
210209;PUNO;AZÁNGARO;POTONI;96.6;466.0;486.0;14.5;27.5;24.7;33.2;3.6;21.9;44.9;29.6
210210;PUNO;AZÁNGARO;SAMAN;100.0;433.0;455.0;20.3;35.0;30.1;14.6;13.8;22.0;44.7;19.5
210211;PUNO;AZÁNGARO;SAN ANTON;97.6;459.0;456.0;11.0;31.9;33.1;24.1;9.3;27.7;43.9;19.2
210212;PUNO;AZÁNGARO;SAN JOSE;100.0;423.0;408.0;21.3;42.6;23.4;12.8;21.3;42.6;31.9;4.2
210213;PUNO;AZÁNGARO;SAN JUAN DE SALINAS;100.0;431.0;480.0;15.4;46.2;30.8;7.7;0.0;30.8;46.2;23.1
210214;PUNO;AZÁNGARO;SANTIAGO DE PUPUJA;100.0;442.0;437.0;8.3;33.3;50.0;8.3;12.5;16.7;70.8;0.0
210215;PUNO;AZÁNGARO;TIRAPATA;100.0;427.0;426.0;25.0;35.4;18.7;20.9;22.9;27.1;37.5;12.5
210301;PUNO;CARABAYA;MACUSANI;99.7;468.0;487.0;9.4;30.7;32.5;27.4;6.4;19.3;43.6;30.6
210302;PUNO;CARABAYA;AJOYANI;97.1;508.0;529.0;3.1;21.4;30.2;45.3;0.0;5.9;48.5;45.7
210303;PUNO;CARABAYA;AYAPATA;100.0;496.0;529.0;5.3;15.8;39.5;39.5;1.3;9.2;39.5;50.0
210304;PUNO;CARABAYA;COASA;100.0;477.0;494.0;5.3;22.3;48.9;23.4;0.0;16.0;54.2;29.8
210305;PUNO;CARABAYA;CORANI;100.0;438.0;453.0;10.6;43.5;37.7;8.2;8.2;23.5;51.8;16.5
210306;PUNO;CARABAYA;CRUCERO;100.0;451.0;461.0;18.3;27.4;28.0;26.3;14.3;18.9;42.3;24.6
210307;PUNO;CARABAYA;ITUATA;100.0;466.0;478.0;4.3;35.9;37.0;22.8;4.4;16.3;55.4;23.9
210308;PUNO;CARABAYA;OLLACHEA;97.6;429.0;467.0;20.8;37.2;30.9;11.2;6.1;25.8;45.9;22.1
210309;PUNO;CARABAYA;SAN GABAN;96.9;463.0;476.0;11.0;32.8;27.0;29.2;5.6;26.8;38.0;29.6
210310;PUNO;CARABAYA;USICAYOS;100.0;475.0;478.0;11.1;25.0;32.0;32.0;8.3;16.7;44.5;30.6
210401;PUNO;CHUCUITO;JULI;99.0;482.0;509.0;5.6;24.2;40.6;29.6;3.2;13.0;44.3;39.5
210402;PUNO;CHUCUITO;DESAGUADERO;99.4;475.0;498.0;7.8;30.4;33.0;28.8;6.2;16.2;39.2;38.5
210403;PUNO;CHUCUITO;HUACULLANI;100.0;436.0;466.0;14.3;28.6;42.9;14.3;0.0;42.9;42.9;14.3
210404;PUNO;CHUCUITO;KELLUYO;100.0;401.0;416.0;38.9;25.0;27.8;8.3;27.8;30.5;33.4;8.3
210405;PUNO;CHUCUITO;PISACOMA;100.0;427.0;444.0;30.3;27.3;27.3;15.2;15.1;21.2;51.5;12.1
210406;PUNO;CHUCUITO;POMATA;97.8;424.0;444.0;21.9;42.0;23.2;12.9;11.3;33.3;39.4;16.1
210407;PUNO;CHUCUITO;ZEPITA;98.9;422.0;448.0;22.1;40.1;27.5;10.3;11.0;30.2;42.2;16.6
210501;PUNO;EL COLLAO;ILAVE;99.2;457.0;480.0;13.7;30.1;32.7;23.5;8.9;19.6;40.1;31.4
210503;PUNO;EL COLLAO;PILCUYO;98.0;445.0;466.0;19.6;32.4;24.0;24.0;11.2;26.8;34.0;28.0
210504;PUNO;EL COLLAO;SANTA ROSA;100.0;479.0;523.0;6.2;25.0;37.5;31.3;3.1;15.6;40.6;40.6
210505;PUNO;EL COLLAO;CONDURIRI;100.0;625.0;640.0;0.0;0.0;0.0;100.0;0.0;0.0;0.0;100.0
210601;PUNO;HUANCANÉ;HUANCANE;100.0;493.0;515.0;5.2;23.7;32.5;38.7;2.1;13.4;40.2;44.3
210602;PUNO;HUANCANÉ;COJATA;100.0;502.0;572.0;7.7;15.4;35.9;41.0;0.0;10.3;20.5;69.2
210603;PUNO;HUANCANÉ;HUATASANI;100.0;527.0;556.0;0.0;7.4;44.4;48.2;0.0;0.0;37.0;63.0
210604;PUNO;HUANCANÉ;INCHUPALLA;100.0;443.0;457.0;13.0;34.8;39.1;13.0;13.0;17.4;47.8;21.8
210605;PUNO;HUANCANÉ;PUSI;98.1;416.0;429.0;19.0;53.8;15.8;11.3;15.2;27.0;53.8;3.9
210606;PUNO;HUANCANÉ;ROSASPATA;100.0;420.0;454.0;17.4;43.5;34.8;4.3;8.7;21.7;52.2;17.4
210607;PUNO;HUANCANÉ;TARACO;100.0;456.0;477.0;10.3;34.0;33.3;22.4;4.5;26.9;39.1;29.5
210608;PUNO;HUANCANÉ;VILQUE CHICO;100.0;399.0;424.0;30.0;53.3;13.4;3.3;13.3;40.0;36.7;10.0
210701;PUNO;LAMPA;LAMPA;100.0;461.0;479.0;16.4;24.6;30.6;28.4;11.2;13.4;44.0;31.4
210702;PUNO;LAMPA;CABANILLA;100.0;519.0;522.0;0.0;13.3;40.0;46.7;0.0;16.7;36.7;46.7
210703;PUNO;LAMPA;CALAPUJA;100.0;379.0;397.0;25.0;62.5;12.5;0.0;25.0;50.0;25.0;0.0
210704;PUNO;LAMPA;NICASIO;100.0;460.0;468.0;20.6;20.6;29.4;29.4;17.7;5.9;47.0;29.4
210705;PUNO;LAMPA;OCUVIRI;100.0;549.0;567.0;0.0;19.4;22.6;58.1;0.0;3.2;38.7;58.1
210706;PUNO;LAMPA;PALCA;100.0;424.0;444.0;45.8;8.3;20.8;25.0;20.8;16.7;45.8;16.7
210708;PUNO;LAMPA;PUCARA;100.0;481.0;469.0;7.7;25.6;35.9;30.8;7.7;23.1;51.3;18.0
210709;PUNO;LAMPA;SANTA LUCIA;99.3;509.0;537.0;5.2;14.8;34.0;46.0;3.7;8.9;33.3;54.1
210801;PUNO;MELGAR;AYAVIRI;99.5;499.0;512.0;5.4;21.3;33.4;39.9;3.4;12.2;43.1;41.3
210802;PUNO;MELGAR;ANTAUTA;100.0;445.0;459.0;8.1;41.9;33.9;16.1;8.1;17.7;59.7;14.5
210803;PUNO;MELGAR;CUPI;92.9;414.0;439.0;25.8;43.7;19.1;11.5;14.3;23.5;54.6;7.6
210804;PUNO;MELGAR;LLALLI;100.0;441.0;434.0;17.0;40.4;23.4;19.1;19.1;25.5;42.6;12.8
210805;PUNO;MELGAR;MACARI;97.9;454.0;458.0;14.1;31.9;32.5;21.5;9.8;24.9;46.5;18.7
210806;PUNO;MELGAR;NUÑOA;100.0;464.0;484.0;8.2;34.7;35.7;21.4;3.1;18.4;53.1;25.5
210807;PUNO;MELGAR;ORURILLO;98.9;438.0;466.0;11.5;45.8;25.5;17.2;9.4;22.1;49.0;19.5
210808;PUNO;MELGAR;SANTA ROSA;100.0;474.0;514.0;15.7;18.6;35.7;30.0;7.3;14.9;46.0;31.8
210809;PUNO;MELGAR;UMACHIRI;100.0;436.0;419.0;26.2;31.0;26.2;16.7;26.2;26.2;38.1;9.5
210901;PUNO;MOHO;MOHO;98.4;489.0;503.0;11.3;22.6;29.5;36.6;4.8;11.3;42.4;41.5
210902;PUNO;MOHO;CONIMA;100.0;493.0;515.0;0.0;26.6;46.7;26.7;0.0;13.3;46.7;40.0
210903;PUNO;MOHO;HUAYRAPATA;100.0;450.0;483.0;0.0;50.0;33.3;16.7;0.0;0.0;83.3;16.7
210904;PUNO;MOHO;TILALI;100.0;355.0;374.0;60.0;10.0;30.0;0.0;30.0;50.0;20.0;0.0
211001;PUNO;SAN ANTONIO DE PUTINA;PUTINA;98.5;463.0;490.0;10.1;29.9;37.1;23.0;5.0;17.7;45.9;31.4
211002;PUNO;SAN ANTONIO DE PUTINA;ANANEA;97.2;453.0;460.0;14.4;30.4;31.9;23.3;11.6;24.1;45.6;18.7
211003;PUNO;SAN ANTONIO DE PUTINA;PEDRO VILCA APAZA;100.0;338.0;367.0;71.4;28.6;0.0;0.0;42.9;42.9;14.3;0.0
211004;PUNO;SAN ANTONIO DE PUTINA;QUILCAPUNCU;100.0;430.0;468.0;13.8;44.6;30.8;10.8;4.6;23.1;55.4;16.9
211005;PUNO;SAN ANTONIO DE PUTINA;SINA;100.0;501.0;526.0;0.0;26.3;42.1;31.6;0.0;5.3;57.9;36.8
211101;PUNO;SAN ROMÁN;JULIACA;99.3;506.0;510.0;4.9;19.3;31.7;44.1;4.0;12.7;41.6;41.7
211102;PUNO;SAN ROMÁN;CABANA;100.0;508.0;500.0;0.0;23.8;28.6;47.6;0.0;9.5;66.7;23.8
211103;PUNO;SAN ROMÁN;CABANILLAS;99.0;481.0;491.0;9.5;22.1;34.7;33.8;8.5;21.0;30.5;40.1
211104;PUNO;SAN ROMÁN;CARACOTO;100.0;434.0;447.0;22.0;30.0;36.0;12.0;6.0;38.0;42.0;14.0
211105;PUNO;SAN ROMÁN;SAN MIGUEL;98.9;480.0;491.0;7.3;25.7;32.3;34.7;5.9;15.4;45.5;33.2
211201;PUNO;SANDIA;SANDIA;97.1;448.0;469.0;15.5;38.1;23.2;23.2;12.4;20.0;42.1;25.5
211202;PUNO;SANDIA;CUYOCUYO;96.7;446.0;466.0;6.8;38.1;46.1;9.0;6.9;15.5;52.8;24.9
211203;PUNO;SANDIA;LIMBANI;100.0;506.0;497.0;5.4;13.5;35.1;45.9;2.7;18.9;40.6;37.8
211204;PUNO;SANDIA;PATAMBUCO;100.0;455.0;472.0;17.9;23.9;29.8;28.4;13.4;28.4;34.3;23.9
211205;PUNO;SANDIA;PHARA;100.0;484.0;472.0;6.3;19.0;46.8;27.8;5.1;20.3;57.0;17.7
211206;PUNO;SANDIA;QUIACA;100.0;422.0;453.0;25.8;38.7;19.4;16.1;9.7;25.8;45.2;19.4
211207;PUNO;SANDIA;SAN JUAN DEL ORO;100.0;447.0;445.0;9.7;41.9;32.3;16.1;12.9;38.7;32.3;16.1
211208;PUNO;SANDIA;YANAHUAYA;100.0;433.0;451.0;21.7;43.5;17.4;17.4;8.7;21.7;56.5;13.0
211209;PUNO;SANDIA;ALTO INAMBARI;97.1;457.0;476.0;12.2;33.2;34.3;20.4;12.4;15.0;39.3;33.3
211210;PUNO;SANDIA;SAN PEDRO DE PUTINA PUNCO;97.3;435.0;463.0;15.1;38.1;35.8;11.0;11.5;19.8;44.5;24.1
211301;PUNO;YUNGUYO;YUNGUYO;99.0;483.0;501.0;5.4;25.3;37.1;32.2;3.3;13.9;44.6;38.2
211302;PUNO;YUNGUYO;ANAPIA;100.0;464.0;493.0;0.0;42.9;28.6;28.6;0.0;28.6;42.9;28.6
211303;PUNO;YUNGUYO;COPANI;97.4;467.0;498.0;8.2;29.2;40.6;22.0;3.4;13.5;47.1;36.0
211304;PUNO;YUNGUYO;CUTURAPI;92.3;480.0;442.0;16.9;15.4;26.2;41.5;16.9;26.2;32.3;24.6
211307;PUNO;YUNGUYO;UNICACHI;100.0;449.0;479.0;0.0;40.0;40.0;20.0;0.0;20.0;60.0;20.0
220101;SAN MARTÍN;MOYOBAMBA;MOYOBAMBA;98.2;504.0;498.0;5.9;19.3;31.5;43.3;3.8;15.4;46.8;34.0
220102;SAN MARTÍN;MOYOBAMBA;CALZADA;94.6;516.0;498.0;0.0;18.4;37.2;44.3;0.0;13.9;55.4;30.7
220103;SAN MARTÍN;MOYOBAMBA;HABANA;100.0;477.0;468.0;11.4;20.0;34.3;34.3;11.4;17.1;37.1;34.3
220104;SAN MARTÍN;MOYOBAMBA;JEPELACIO;100.0;468.0;463.0;12.3;30.5;27.2;30.0;9.5;28.6;36.6;25.3
220105;SAN MARTÍN;MOYOBAMBA;SORITOR;96.3;497.0;488.0;8.4;24.2;26.1;41.2;5.1;17.2;46.0;31.7
220106;SAN MARTÍN;MOYOBAMBA;YANTALO;100.0;483.0;475.0;6.5;22.6;35.5;35.5;4.8;19.4;54.8;21.0
220201;SAN MARTÍN;BELLAVISTA;BELLAVISTA;99.2;456.0;436.0;13.2;27.2;37.6;21.9;13.5;31.9;41.0;13.6
220202;SAN MARTÍN;BELLAVISTA;ALTO BIAVO;92.3;392.0;395.0;39.8;31.5;18.6;10.1;36.7;28.1;26.2;9.0
220203;SAN MARTÍN;BELLAVISTA;BAJO BIAVO;97.3;399.0;394.0;32.1;36.5;19.6;11.8;35.7;26.1;29.9;8.3
220204;SAN MARTÍN;BELLAVISTA;HUALLAGA;97.8;431.0;446.0;18.2;40.4;32.2;9.2;12.5;27.7;45.0;14.9
220205;SAN MARTÍN;BELLAVISTA;SAN PABLO;98.6;489.0;472.0;9.8;21.1;30.2;39.0;10.8;20.3;43.7;25.1
220206;SAN MARTÍN;BELLAVISTA;SAN RAFAEL;98.4;446.0;432.0;11.0;39.5;35.3;14.2;11.8;33.7;42.7;11.8
220301;SAN MARTÍN;EL DORADO;SAN JOSE DE SISA;98.9;415.0;394.0;26.0;35.8;26.8;11.3;33.2;30.1;32.4;4.3
220302;SAN MARTÍN;EL DORADO;AGUA BLANCA;100.0;456.0;451.0;13.0;32.6;28.3;26.1;13.0;19.6;47.8;19.6
220303;SAN MARTÍN;EL DORADO;SAN MARTIN;96.9;388.0;375.0;40.6;36.2;16.6;6.5;40.6;31.4;25.5;2.5
220304;SAN MARTÍN;EL DORADO;SANTA ROSA;98.3;396.0;389.0;32.4;43.1;16.3;8.3;34.9;39.0;18.5;7.6
220305;SAN MARTÍN;EL DORADO;SHATOJA;100.0;393.0;384.0;35.2;33.3;24.1;7.4;33.3;42.6;20.4;3.7
220401;SAN MARTÍN;HUALLAGA;SAPOSOA;98.1;453.0;447.0;11.6;37.1;27.9;23.4;11.8;30.2;41.5;16.5
220402;SAN MARTÍN;HUALLAGA;ALTO SAPOSOA;100.0;404.0;396.0;27.7;42.5;23.4;6.4;25.5;42.6;27.7;4.3
220403;SAN MARTÍN;HUALLAGA;EL ESLABON;97.9;426.0;431.0;12.8;45.7;37.1;4.4;15.1;26.1;50.0;8.9
220404;SAN MARTÍN;HUALLAGA;PISCOYACU;96.7;449.0;444.0;11.2;41.7;29.7;17.4;8.9;29.6;50.3;11.2
220405;SAN MARTÍN;HUALLAGA;SACANCHE;98.2;431.0;408.0;23.3;37.4;16.7;22.6;28.9;31.8;20.4;18.9
220406;SAN MARTÍN;HUALLAGA;TINGO DE SAPOSOA;100.0;447.0;413.0;16.7;33.3;25.0;25.0;25.0;16.7;58.3;0.0
220501;SAN MARTÍN;LAMAS;LAMAS;99.3;465.0;447.0;9.2;30.6;33.1;27.1;12.8;25.5;45.1;16.6
220502;SAN MARTÍN;LAMAS;ALONSO DE ALVARADO;98.0;450.0;462.0;13.4;37.2;28.0;21.4;7.2;23.9;47.8;21.1
220503;SAN MARTÍN;LAMAS;BARRANQUITA;98.7;446.0;440.0;20.5;24.5;32.0;23.0;15.3;22.9;49.5;12.3
220504;SAN MARTÍN;LAMAS;CAYNARACHI;92.5;434.0;423.0;19.4;31.7;34.3;14.6;25.3;29.8;29.7;15.2
220505;SAN MARTÍN;LAMAS;CUÑUMBUQUI;97.9;415.0;392.0;24.2;39.4;30.0;6.4;39.8;34.5;19.3;6.4
220506;SAN MARTÍN;LAMAS;PINTO RECODO;98.3;440.0;450.0;19.0;34.7;25.8;20.5;19.0;19.6;40.3;21.2
220507;SAN MARTÍN;LAMAS;RUMISAPA;98.4;421.0;407.0;14.8;55.7;22.9;6.6;16.5;47.3;31.2;5.1
220508;SAN MARTÍN;LAMAS;SAN ROQUE DE CUMBAZA;96.4;415.0;406.0;33.0;35.7;16.8;14.5;40.3;17.0;31.8;10.9
220509;SAN MARTÍN;LAMAS;SHANAO;100.0;409.0;380.0;30.0;37.5;25.0;7.5;30.0;52.5;17.5;0.0
220510;SAN MARTÍN;LAMAS;TABALOSOS;98.1;414.0;408.0;28.2;33.9;25.2;12.7;26.6;32.9;33.1;7.4
220511;SAN MARTÍN;LAMAS;ZAPATERO;97.5;436.0;415.0;19.2;45.0;17.6;18.2;29.2;29.1;28.4;13.3
220601;SAN MARTÍN;MARISCAL CÁCERES;JUANJUI;97.2;477.0;457.0;7.2;27.8;36.2;28.8;10.5;27.1;42.9;19.5
220602;SAN MARTÍN;MARISCAL CÁCERES;CAMPANILLA;94.3;444.0;432.0;17.4;36.9;22.6;23.0;20.5;30.7;34.4;14.5
220603;SAN MARTÍN;MARISCAL CÁCERES;HUICUNGO;95.9;433.0;420.0;14.3;40.1;36.1;9.5;18.9;35.9;39.0;6.3
220604;SAN MARTÍN;MARISCAL CÁCERES;PACHIZA;90.6;405.0;395.0;31.4;38.1;21.4;9.1;32.5;28.5;29.8;9.3
220605;SAN MARTÍN;MARISCAL CÁCERES;PAJARILLO;97.7;447.0;444.0;14.9;35.8;28.7;20.6;15.7;28.6;36.0;19.7
220701;SAN MARTÍN;PICOTA;PICOTA;100.0;442.0;419.0;16.5;36.8;28.0;18.8;24.5;26.4;38.7;10.3
220702;SAN MARTÍN;PICOTA;BUENOS AIRES;90.7;411.0;391.0;32.4;37.7;16.1;13.8;31.7;37.9;24.1;6.2
220703;SAN MARTÍN;PICOTA;CASPISAPA;100.0;430.0;388.0;19.6;37.3;25.5;17.6;37.3;35.3;23.5;3.9
220704;SAN MARTÍN;PICOTA;PILLUANA;100.0;480.0;411.0;5.3;26.3;36.8;31.5;10.5;57.9;31.6;0.0
220705;SAN MARTÍN;PICOTA;PUCACACA;96.6;430.0;413.0;18.4;43.4;21.9;16.2;18.3;43.5;30.8;7.4
220706;SAN MARTÍN;PICOTA;SAN CRISTOBAL;100.0;403.0;395.0;30.0;45.0;15.0;10.0;30.0;40.0;25.0;5.0
220707;SAN MARTÍN;PICOTA;SAN HILARION;98.9;459.0;454.0;9.8;25.0;45.7;19.6;10.9;21.8;54.3;13.1
220708;SAN MARTÍN;PICOTA;SHAMBOYACU;94.4;396.0;401.0;33.2;41.4;19.4;6.0;30.3;30.2;34.8;4.7
220709;SAN MARTÍN;PICOTA;TINGO DE PONASA;95.6;425.0;416.0;22.4;32.8;31.9;12.9;31.9;23.5;29.7;14.8
220710;SAN MARTÍN;PICOTA;TRES UNIDOS;95.4;414.0;404.0;22.7;42.6;26.3;8.4;26.3;38.9;30.1;4.7
220801;SAN MARTÍN;RIOJA;RIOJA;98.7;503.0;487.0;4.5;22.3;30.7;42.5;5.1;20.1;44.8;30.0
220802;SAN MARTÍN;RIOJA;AWAJUN;99.0;422.0;407.0;32.2;25.8;26.5;15.5;32.2;22.8;36.8;8.2
220803;SAN MARTÍN;RIOJA;ELIAS SOPLIN VARGAS;97.4;503.0;486.0;4.3;18.7;34.7;42.3;4.2;16.6;49.6;29.5
220804;SAN MARTÍN;RIOJA;NUEVA CAJAMARCA;97.6;486.0;478.0;7.0;23.9;34.5;34.6;6.5;17.6;48.8;27.1
220805;SAN MARTÍN;RIOJA;PARDO MIGUEL;96.9;475.0;462.0;7.1;34.4;27.4;31.0;7.1;25.6;45.5;21.8
220806;SAN MARTÍN;RIOJA;POSIC;97.7;466.0;439.0;2.3;34.9;44.2;18.6;4.7;34.9;51.2;9.3
220807;SAN MARTÍN;RIOJA;SAN FERNANDO;100.0;495.0;492.0;11.5;11.5;23.0;54.1;15.9;8.4;31.4;44.3
220808;SAN MARTÍN;RIOJA;YORONGOS;95.7;495.0;482.0;4.4;24.4;33.3;37.8;4.4;20.0;53.3;22.2
220809;SAN MARTÍN;RIOJA;YURACYACU;100.0;491.0;472.0;4.3;17.4;43.5;34.8;2.9;14.5;62.3;20.3
220901;SAN MARTÍN;SAN MARTÍN;TARAPOTO;96.5;502.0;483.0;6.2;21.5;30.7;41.6;5.9;19.2;45.6;29.4
220902;SAN MARTÍN;SAN MARTÍN;ALBERTO LEVEAU;100.0;505.0;470.0;0.0;16.7;41.7;41.7;0.0;25.0;58.3;16.7
220903;SAN MARTÍN;SAN MARTÍN;CACATACHI;97.0;450.0;444.0;13.7;32.3;34.0;20.0;7.6;33.7;47.9;10.8
220904;SAN MARTÍN;SAN MARTÍN;CHAZUTA;97.0;410.0;394.0;32.2;31.9;21.7;14.2;33.2;30.3;29.3;7.2
220905;SAN MARTÍN;SAN MARTÍN;CHIPURANA;100.0;438.0;413.0;16.2;30.5;39.1;14.3;22.8;41.0;27.6;8.6
220906;SAN MARTÍN;SAN MARTÍN;EL PORVENIR;97.1;414.0;397.0;25.9;40.9;24.2;9.0;27.2;39.3;25.9;7.6
220907;SAN MARTÍN;SAN MARTÍN;HUIMBAYOC;90.4;400.0;399.0;40.6;28.3;14.9;16.3;35.9;29.1;25.4;9.6
220908;SAN MARTÍN;SAN MARTÍN;JUAN GUERRA;97.0;428.0;424.0;20.6;33.2;35.1;11.1;17.5;33.5;33.3;15.7
220909;SAN MARTÍN;SAN MARTÍN;LA BANDA DE SHILCAYO;98.6;484.0;475.0;8.4;27.6;29.7;34.3;5.6;24.3;43.1;27.0
220910;SAN MARTÍN;SAN MARTÍN;MORALES;98.6;487.0;472.0;5.7;25.4;34.3;34.6;4.8;22.0;50.1;23.1
220911;SAN MARTÍN;SAN MARTÍN;PAPAPLAYA;100.0;424.0;410.0;17.2;40.6;31.3;10.9;28.1;29.7;34.4;7.8
220912;SAN MARTÍN;SAN MARTÍN;SAN ANTONIO;92.9;410.0;408.0;34.9;34.9;19.0;11.3;24.7;24.7;50.6;0.0
220913;SAN MARTÍN;SAN MARTÍN;SAUCE;94.3;501.0;476.0;6.7;17.7;30.3;45.3;5.6;21.0;50.6;22.8
220914;SAN MARTÍN;SAN MARTÍN;SHAPAJA;97.0;401.0;419.0;33.3;30.3;36.4;0.0;15.2;33.3;45.5;6.1
221001;SAN MARTÍN;TOCACHE;TOCACHE;98.3;470.0;453.0;9.6;30.9;31.3;28.2;11.0;28.6;43.2;17.1
221002;SAN MARTÍN;TOCACHE;NUEVO PROGRESO;95.0;430.0;412.0;20.3;39.6;28.0;12.0;21.6;36.2;33.9;8.3
221003;SAN MARTÍN;TOCACHE;POLVORA;97.9;452.0;448.0;7.8;35.1;38.5;18.6;8.3;27.9;51.9;11.9
221004;SAN MARTÍN;TOCACHE;SHUNTE;98.0;394.0;397.0;34.7;40.8;12.2;12.2;28.2;39.2;28.6;4.1
221005;SAN MARTÍN;TOCACHE;UCHIZA;96.1;461.0;460.0;12.4;29.1;30.2;28.3;12.7;26.4;34.7;26.1
230101;TACNA;TACNA;TACNA;99.5;548.0;557.0;1.2;10.3;26.5;62.0;0.9;6.3;30.0;62.8
230102;TACNA;TACNA;ALTO DE LA ALIANZA;98.8;514.0;534.0;3.6;19.4;29.7;47.3;1.8;10.0;37.3;50.9
230103;TACNA;TACNA;CALANA;95.2;435.0;443.0;16.3;36.3;36.9;10.6;16.3;31.3;41.9;10.6
230104;TACNA;TACNA;CIUDAD NUEVA;99.2;511.0;539.0;4.1;17.1;34.6;44.2;4.0;9.0;35.0;52.0
230105;TACNA;TACNA;INCLAN;100.0;494.0;522.0;0.0;13.2;71.1;15.8;0.0;7.9;50.0;42.1
230106;TACNA;TACNA;PACHIA;100.0;577.0;605.0;0.0;6.7;10.0;83.3;0.0;3.3;10.0;86.7
230107;TACNA;TACNA;PALCA;100.0;477.0;428.0;0.0;40.0;40.0;20.0;0.0;60.0;40.0;0.0
230108;TACNA;TACNA;POCOLLAY;99.5;524.0;520.0;3.9;15.3;28.8;51.9;4.5;9.7;36.7;49.1
230109;TACNA;TACNA;SAMA;100.0;531.0;535.0;0.0;14.3;35.7;50.0;0.0;3.6;35.7;60.7
230110;TACNA;TACNA;CORONEL GREGORIO ALBARRACIN LANCHIPA;99.2;540.0;558.0;1.6;11.9;26.3;60.2;1.6;4.7;30.7;63.0
230111;TACNA;TACNA;LA YARADA LOS PALOS;99.2;488.0;506.0;4.8;25.7;34.7;34.8;2.0;15.0;42.0;40.0
230201;TACNA;CANDARAVE;CANDARAVE;100.0;542.0;560.0;0.0;12.9;35.5;51.6;0.0;6.5;25.8;67.7
230202;TACNA;CANDARAVE;CAIRANI;100.0;588.0;640.0;0.0;0.0;16.7;83.3;0.0;0.0;33.3;66.7
230203;TACNA;CANDARAVE;CAMILACA;100.0;564.0;586.0;0.0;16.7;16.7;66.7;0.0;16.7;0.0;83.3
230205;TACNA;CANDARAVE;HUANUARA;100.0;610.0;676.0;0.0;0.0;0.0;100.0;0.0;0.0;0.0;100.0
230206;TACNA;CANDARAVE;QUILAHUANI;100.0;532.0;564.0;0.0;8.3;41.7;50.0;0.0;0.0;41.7;58.3
230301;TACNA;JORGE BASADRE;LOCUMBA;100.0;525.0;539.0;5.3;10.5;39.5;44.7;0.0;5.3;44.7;50.0
230302;TACNA;JORGE BASADRE;ILABAYA;98.7;563.0;545.0;2.8;2.7;22.7;71.9;2.8;7.0;30.0;60.1
230303;TACNA;JORGE BASADRE;ITE;100.0;557.0;572.0;1.8;5.5;29.1;63.6;0.0;3.6;21.8;74.5
230401;TACNA;TARATA;TARATA;97.9;489.0;521.0;6.7;26.4;33.3;33.5;2.3;11.0;37.7;49.1
230408;TACNA;TARATA;TICACO;90.0;481.0;501.0;0.0;33.3;22.2;44.4;0.0;0.0;62.5;37.5
240101;TUMBES;TUMBES;TUMBES;97.0;459.0;449.0;12.0;32.3;31.1;24.6;13.6;27.3;40.6;18.4
240102;TUMBES;TUMBES;CORRALES;97.8;447.0;434.0;13.3;36.7;28.4;21.6;15.3;33.8;37.4;13.5
240103;TUMBES;TUMBES;LA CRUZ;99.0;449.0;449.0;16.0;30.4;32.4;21.1;14.5;25.3;40.2;20.1
240104;TUMBES;TUMBES;PAMPAS DE HOSPITAL;100.0;435.0;431.0;16.0;37.6;29.6;16.8;21.6;32.0;29.6;16.8
240105;TUMBES;TUMBES;SAN JACINTO;99.3;483.0;480.0;5.3;29.3;33.4;32.0;3.1;25.6;40.9;30.5
240106;TUMBES;TUMBES;SAN JUAN DE LA VIRGEN;100.0;451.0;453.0;11.1;38.4;28.3;22.2;12.1;24.2;45.5;18.2
240201;TUMBES;CONTRALMIRANTE VILLAR;ZORRITOS;98.4;460.0;453.0;12.1;34.5;29.9;23.5;9.4;24.0;50.8;15.7
240202;TUMBES;CONTRALMIRANTE VILLAR;CASITAS;95.8;430.0;435.0;17.0;30.9;39.6;12.5;4.2;29.9;57.3;8.7
240203;TUMBES;CONTRALMIRANTE VILLAR;CANOAS DE PUNTA SAL;97.7;454.0;454.0;7.3;35.8;36.8;20.1;9.6;26.4;47.2;16.7
240301;TUMBES;ZARUMILLA;ZARUMILLA;96.1;448.0;447.0;13.8;35.3;30.1;20.7;10.5;31.4;41.1;16.9
240302;TUMBES;ZARUMILLA;AGUAS VERDES;94.7;432.0;437.0;15.2;44.3;29.2;11.3;15.3;30.0;40.4;14.3
240303;TUMBES;ZARUMILLA;MATAPALO;98.9;446.0;464.0;16.4;32.7;27.8;23.1;11.7;19.9;47.7;20.7
240304;TUMBES;ZARUMILLA;PAPAYAL;98.5;438.0;449.0;15.6;37.7;30.7;16.1;14.7;18.5;49.0;17.8
250101;UCAYALI;CORONEL PORTILLO;CALLERIA;96.7;461.0;443.0;12.8;31.6;29.6;26.0;16.2;27.5;38.5;17.8
250102;UCAYALI;CORONEL PORTILLO;CAMPOVERDE;94.0;422.0;401.0;23.8;35.5;28.2;12.5;28.4;35.7;29.4;6.5
250103;UCAYALI;CORONEL PORTILLO;IPARIA;84.7;357.0;350.0;54.7;26.4;15.1;3.9;56.8;18.7;23.8;0.7
250104;UCAYALI;CORONEL PORTILLO;MASISEA;83.1;346.0;343.0;59.2;27.8;9.9;3.1;58.5;28.4;10.2;2.9
250105;UCAYALI;CORONEL PORTILLO;YARINACOCHA;94.1;424.0;397.0;21.6;37.7;27.0;13.7;28.5;38.1;27.4;6.0
250106;UCAYALI;CORONEL PORTILLO;NUEVA REQUENA;92.6;398.0;369.0;31.3;41.2;22.0;5.5;39.6;38.1;20.7;1.6
250107;UCAYALI;CORONEL PORTILLO;MANANTAY;95.0;435.0;418.0;17.7;38.2;29.0;15.2;19.6;35.9;35.9;8.6
250201;UCAYALI;ATALAYA;RAYMONDI;86.4;372.0;357.0;50.6;25.1;15.5;8.9;50.1;29.4;17.2;3.3
250202;UCAYALI;ATALAYA;SEPAHUA;88.0;366.0;347.0;45.1;33.7;18.7;2.6;54.1;32.9;13.0;0.0
250203;UCAYALI;ATALAYA;TAHUANIA;82.8;318.0;311.0;71.2;18.6;9.0;1.2;77.0;17.1;4.8;1.2
250204;UCAYALI;ATALAYA;YURUA;79.2;;;;;;;;;;
250301;UCAYALI;PADRE ABAD;PADRE ABAD;95.4;421.0;414.0;21.3;40.9;26.1;11.6;22.2;33.7;35.3;8.8
250302;UCAYALI;PADRE ABAD;IRAZOLA;93.0;422.0;416.0;27.4;33.9;23.2;15.5;25.3;29.1;33.4;12.2
250303;UCAYALI;PADRE ABAD;CURIMANA;90.7;420.0;409.0;22.6;37.9;28.5;11.0;24.7;33.0;33.6;8.8
250304;UCAYALI;PADRE ABAD;NESHUYA;96.2;430.0;417.0;19.2;38.3;28.6;13.9;20.7;35.7;32.0;11.7
250305;UCAYALI;PADRE ABAD;ALEXANDER VON HUMBOLDT;97.4;406.0;403.0;29.6;37.0;21.7;11.7;21.8;45.0;27.9;5.4
250401;UCAYALI;PURÚS;PURUS;86.0;424.0;385.0;32.4;32.4;10.8;24.3;51.4;18.9;16.2;13.5
