"Resultados a nivel de distrito, de la Evaluación Censal de Estudiantes 2016 - Cuarto de primaria",,,,,,,
,,,,,,,
Código Geografico,REGION,PROVINCIA,DISTRITO,Cobertura IE,Cobertura Estudiantes,Medida Promedio en Comprensión Lectora,Medida Promedio en Matemática
010101,AMAZONAS,CHACHAPOYAS,CHACHAPOYAS,"100,0","98,0",532,524
010103,AMAZONAS,CHACHAPOYAS,BALSAS,"100,0","79,2",-,-
010104,AMAZONAS,CHACHAPOYAS,CHETO,"100,0","100,0",533,525
010106,AMAZONAS,CHACHAPOYAS,CHUQUIBAMBA,"100,0","93,6",458,449
010107,AMAZONAS,CHACHAPOYAS,GRANADA,"100,0","100,0",553,520
010109,AMAZONAS,CHACHAPOYAS,LA JALCA,"100,0","98,5",443,450
010110,AMAZONAS,CHACHAPOYAS,LEIMEBAMBA,"100,0","100,0",507,528
010111,AMAZONAS,CHACHAPOYAS,LEVANTO,"100,0","100,0",507,513
010112,AMAZONAS,CHACHAPOYAS,MAGDALENA,"100,0","100,0",453,465
010113,AMAZONAS,CHACHAPOYAS,MARISCAL CASTILLA,"100,0","100,0",428,429
010114,AMAZONAS,CHACHAPOYAS,MOLINOPAMPA,"100,0","100,0",486,458
010115,AMAZONAS,CHACHAPOYAS,MONTEVIDEO,"100,0","100,0",467,448
010116,AMAZONAS,CHACHAPOYAS,OLLEROS,"100,0","83,3",421,358
010119,AMAZONAS,CHACHAPOYAS,SAN ISIDRO DE MAINO,"100,0","100,0",450,437
010120,AMAZONAS,CHACHAPOYAS,SOLOCO,"100,0","100,0",406,398
010201,AMAZONAS,BAGUA,BAGUA,"100,0","96,9",473,459
010202,AMAZONAS,BAGUA,ARAMANGO,"100,0","96,7",445,453
010203,AMAZONAS,BAGUA,COPALLIN,"100,0","95,1",463,457
010204,AMAZONAS,BAGUA,EL PARCO,"100,0","100,0",386,389
010205,AMAZONAS,BAGUA,IMAZA,"92,3","86,7",387,370
010206,AMAZONAS,BAGUA,LA PECA,"100,0","95,9",465,510
010301,AMAZONAS,BONGARÁ,JUMBILLA,"100,0","100,0",473,442
010304,AMAZONAS,BONGARÁ,COROSHA,"100,0","94,7",420,360
010305,AMAZONAS,BONGARÁ,CUISPES,"100,0","100,0",406,399
010306,AMAZONAS,BONGARÁ,FLORIDA,"100,0","97,8",470,455
010307,AMAZONAS,BONGARÁ,JAZAN,"100,0","96,8",502,492
010310,AMAZONAS,BONGARÁ,SHIPASBAMBA,"100,0","100,0",437,430
010311,AMAZONAS,BONGARÁ,VALERA,"100,0","100,0",459,440
010312,AMAZONAS,BONGARÁ,YAMBRASBAMBA,"100,0","98,1",445,451
010401,AMAZONAS,CONDORCANQUI,NIEVA,"100,0","92,2",417,407
010403,AMAZONAS,CONDORCANQUI,RIO SANTIAGO,"100,0","89,7",349,335
010501,AMAZONAS,LUYA,LAMUD,"100,0","96,8",478,468
010502,AMAZONAS,LUYA,CAMPORREDONDO,"100,0","99,5",458,453
010503,AMAZONAS,LUYA,COCABAMBA,"100,0","91,4",418,428
010504,AMAZONAS,LUYA,COLCAMAR,"100,0","100,0",521,564
010505,AMAZONAS,LUYA,CONILA,"100,0","95,7",489,466
010507,AMAZONAS,LUYA,LONGUITA,"100,0","95,5",537,517
010508,AMAZONAS,LUYA,LONYA CHICO,"100,0","100,0",437,448
010509,AMAZONAS,LUYA,LUYA,"100,0","98,9",467,470
010510,AMAZONAS,LUYA,LUYA VIEJO,"100,0","100,0",527,558
010511,AMAZONAS,LUYA,MARIA,"100,0","93,3",498,468
010512,AMAZONAS,LUYA,OCALLI,"100,0","97,1",452,441
010513,AMAZONAS,LUYA,OCUMAL,"100,0","98,3",441,440
010514,AMAZONAS,LUYA,PISUQUIA,"100,0","98,2",471,470
010515,AMAZONAS,LUYA,PROVIDENCIA,"100,0","94,1",471,455
010516,AMAZONAS,LUYA,SAN CRISTOBAL,"100,0","100,0",532,554
010517,AMAZONAS,LUYA,SAN FRANCISCO DEL YESO,"100,0","100,0",483,444
010519,AMAZONAS,LUYA,SAN JUAN DE LOPECANCHA,"100,0","100,0",476,479
010520,AMAZONAS,LUYA,SANTA CATALINA,"100,0","100,0",421,418
010521,AMAZONAS,LUYA,SANTO TOMAS,"100,0","98,5",446,452
010522,AMAZONAS,LUYA,TINGO,"100,0","92,3",534,517
010523,AMAZONAS,LUYA,TRITA,"100,0","100,0",439,445
010601,AMAZONAS,RODRÍGUEZ DE MENDOZA,SAN NICOLAS,"100,0","99,2",546,522
010602,AMAZONAS,RODRÍGUEZ DE MENDOZA,CHIRIMOTO,"100,0","100,0",451,431
010603,AMAZONAS,RODRÍGUEZ DE MENDOZA,COCHAMAL,"100,0","100,0",492,536
010604,AMAZONAS,RODRÍGUEZ DE MENDOZA,HUAMBO,"100,0","100,0",502,479
010605,AMAZONAS,RODRÍGUEZ DE MENDOZA,LIMABAMBA,"100,0","100,0",448,438
010606,AMAZONAS,RODRÍGUEZ DE MENDOZA,LONGAR,"100,0","96,0",514,483
010607,AMAZONAS,RODRÍGUEZ DE MENDOZA,MARISCAL BENAVIDES,"100,0","73,3",-,-
010609,AMAZONAS,RODRÍGUEZ DE MENDOZA,OMIA,"100,0","96,3",451,449
010610,AMAZONAS,RODRÍGUEZ DE MENDOZA,SANTA ROSA,"100,0","100,0",481,540
010612,AMAZONAS,RODRÍGUEZ DE MENDOZA,VISTA ALEGRE,"100,0","100,0",432,430
010701,AMAZONAS,UTCUBAMBA,BAGUA GRANDE,"100,0","95,7",469,474
010702,AMAZONAS,UTCUBAMBA,CAJARURO,"100,0","97,6",459,461
010703,AMAZONAS,UTCUBAMBA,CUMBA,"100,0","98,7",457,463
010704,AMAZONAS,UTCUBAMBA,EL MILAGRO,"100,0","97,5",410,401
010705,AMAZONAS,UTCUBAMBA,JAMALCA,"100,0","97,3",446,427
010706,AMAZONAS,UTCUBAMBA,LONYA GRANDE,"100,0","98,0",486,486
010707,AMAZONAS,UTCUBAMBA,YAMON,"100,0","98,4",461,451
020101,ÁNCASH,HUARAZ,HUARAZ,"100,0","98,9",495,490
020102,ÁNCASH,HUARAZ,COCHABAMBA,"100,0","94,1",411,399
020104,ÁNCASH,HUARAZ,HUANCHAY,"100,0","88,5",431,429
020105,ÁNCASH,HUARAZ,INDEPENDENCIA,"100,0","98,8",499,487
020106,ÁNCASH,HUARAZ,JANGAS,"100,0","100,0",411,379
020107,ÁNCASH,HUARAZ,LA LIBERTAD,"100,0","100,0",423,391
020108,ÁNCASH,HUARAZ,OLLEROS,"100,0","100,0",374,376
020109,ÁNCASH,HUARAZ,PAMPAS GRANDE,"100,0","90,9",407,386
020110,ÁNCASH,HUARAZ,PARIACOTO,"100,0","100,0",390,387
020111,ÁNCASH,HUARAZ,PIRA,"100,0","95,6",354,341
020112,ÁNCASH,HUARAZ,TARICA,"100,0","100,0",443,439
020201,ÁNCASH,AIJA,AIJA,"100,0","100,0",446,446
020202,ÁNCASH,AIJA,CORIS,"100,0","93,3",371,354
020203,ÁNCASH,AIJA,HUACLLAN,"100,0","100,0",468,436
020204,ÁNCASH,AIJA,LA MERCED,"100,0","100,0",429,405
020205,ÁNCASH,AIJA,SUCCHA,"100,0","100,0",468,508
020301,ÁNCASH,ANTONIO RAIMONDI,LLAMELLIN,"100,0","96,8",420,418
020302,ÁNCASH,ANTONIO RAIMONDI,ACZO,"100,0","100,0",451,416
020303,ÁNCASH,ANTONIO RAIMONDI,CHACCHO,"100,0","100,0",408,383
020304,ÁNCASH,ANTONIO RAIMONDI,CHINGAS,"100,0","100,0",514,495
020305,ÁNCASH,ANTONIO RAIMONDI,MIRGAS,"100,0","100,0",368,399
020306,ÁNCASH,ANTONIO RAIMONDI,SAN JUAN DE RONTOY,"100,0","100,0",340,336
020401,ÁNCASH,ASUNCIÓN,CHACAS,"100,0","97,2",465,457
020402,ÁNCASH,ASUNCIÓN,ACOCHACA,"100,0","100,0",416,415
020501,ÁNCASH,BOLOGNESI,CHIQUIAN,"100,0","98,8",512,508
020504,ÁNCASH,BOLOGNESI,AQUIA,"100,0","100,0",472,440
020505,ÁNCASH,BOLOGNESI,CAJACAY,"100,0","100,0",453,462
020507,ÁNCASH,BOLOGNESI,COLQUIOC,"100,0","93,5",487,492
020508,ÁNCASH,BOLOGNESI,HUALLANCA,"100,0","100,0",441,428
020509,ÁNCASH,BOLOGNESI,HUASTA,"100,0","100,0",454,480
020511,ÁNCASH,BOLOGNESI,LA PRIMAVERA,"100,0","100,0",362,328
020513,ÁNCASH,BOLOGNESI,PACLLON,"100,0","100,0",432,417
020514,ÁNCASH,BOLOGNESI,SAN MIGUEL DE CORPANQUI,"100,0","100,0",417,388
020515,ÁNCASH,BOLOGNESI,TICLLOS,"100,0","100,0",483,481
020601,ÁNCASH,CARHUAZ,CARHUAZ,"100,0","99,7",461,447
020602,ÁNCASH,CARHUAZ,ACOPAMPA,"100,0","100,0",408,434
020603,ÁNCASH,CARHUAZ,AMASHCA,"100,0","93,3",399,350
020604,ÁNCASH,CARHUAZ,ANTA,"100,0","100,0",435,414
020605,ÁNCASH,CARHUAZ,ATAQUERO,"100,0","89,3",336,312
020606,ÁNCASH,CARHUAZ,MARCARA,"100,0","97,4",401,382
020607,ÁNCASH,CARHUAZ,PARIAHUANCA,"100,0","96,2",469,435
020608,ÁNCASH,CARHUAZ,SAN MIGUEL DE ACO,"100,0","100,0",412,423
020609,ÁNCASH,CARHUAZ,SHILLA,"100,0","100,0",384,420
020610,ÁNCASH,CARHUAZ,TINCO,"100,0","100,0",437,415
020611,ÁNCASH,CARHUAZ,YUNGAR,"100,0","91,4",421,445
020701,ÁNCASH,CARLOS FERMÍN FITZCARRAL,SAN LUIS,"100,0","100,0",439,445
020702,ÁNCASH,CARLOS FERMÍN FITZCARRAL,SAN NICOLAS,"100,0","100,0",392,399
020703,ÁNCASH,CARLOS FERMÍN FITZCARRAL,YAUYA,"100,0","98,8",366,366
020801,ÁNCASH,CASMA,CASMA,"100,0","96,7",470,463
020802,ÁNCASH,CASMA,BUENA VISTA ALTA,"100,0","95,9",414,417
020803,ÁNCASH,CASMA,COMANDANTE NOEL,"100,0","100,0",460,402
020804,ÁNCASH,CASMA,YAUTAN,"100,0","96,3",445,450
020901,ÁNCASH,CORONGO,CORONGO,"100,0","100,0",516,492
020902,ÁNCASH,CORONGO,ACO,"100,0","100,0",379,345
020904,ÁNCASH,CORONGO,CUSCA,"100,0","100,0",419,441
020905,ÁNCASH,CORONGO,LA PAMPA,"100,0","100,0",421,408
020907,ÁNCASH,CORONGO,YUPAN,"100,0","100,0",344,329
021001,ÁNCASH,HUARI,HUARI,"100,0","99,3",465,456
021002,ÁNCASH,HUARI,ANRA,"100,0","100,0",391,383
021003,ÁNCASH,HUARI,CAJAY,"100,0","93,5",392,359
021004,ÁNCASH,HUARI,CHAVIN DE HUANTAR,"100,0","100,0",418,391
021005,ÁNCASH,HUARI,HUACACHI,"100,0","100,0",416,418
021006,ÁNCASH,HUARI,HUACCHIS,"100,0","96,2",434,489
021007,ÁNCASH,HUARI,HUACHIS,"100,0","100,0",458,450
021008,ÁNCASH,HUARI,HUANTAR,"100,0","100,0",394,396
021009,ÁNCASH,HUARI,MASIN,"100,0","100,0",504,495
021010,ÁNCASH,HUARI,PAUCAS,"100,0","97,4",367,369
021011,ÁNCASH,HUARI,PONTO,"100,0","100,0",422,470
021012,ÁNCASH,HUARI,RAHUAPAMPA,"100,0","94,1",509,501
021013,ÁNCASH,HUARI,RAPAYAN,"100,0","100,0",403,436
021014,ÁNCASH,HUARI,SAN MARCOS,"100,0","100,0",438,423
021015,ÁNCASH,HUARI,SAN PEDRO DE CHANA,"100,0","93,2",387,393
021016,ÁNCASH,HUARI,UCO,"100,0","100,0",421,416
021101,ÁNCASH,HUARMEY,HUARMEY,"100,0","97,4",492,477
021102,ÁNCASH,HUARMEY,COCHAPETI,"100,0","100,0",371,346
021103,ÁNCASH,HUARMEY,CULEBRAS,"100,0","96,6",448,415
021104,ÁNCASH,HUARMEY,HUAYAN,"100,0","100,0",459,422
021201,ÁNCASH,HUAYLAS,CARAZ,"100,0","96,8",445,432
021202,ÁNCASH,HUAYLAS,HUALLANCA,"100,0","100,0",435,425
021203,ÁNCASH,HUAYLAS,HUATA,"100,0","100,0",325,315
021204,ÁNCASH,HUAYLAS,HUAYLAS,"100,0","100,0",413,422
021205,ÁNCASH,HUAYLAS,MATO,"100,0","100,0",422,395
021206,ÁNCASH,HUAYLAS,PAMPAROMAS,"100,0","97,4",393,408
021207,ÁNCASH,HUAYLAS,PUEBLO LIBRE,"100,0","98,7",412,410
021208,ÁNCASH,HUAYLAS,SANTA CRUZ,"100,0","93,7",370,376
021209,ÁNCASH,HUAYLAS,SANTO TORIBIO,"100,0","100,0",413,410
021210,ÁNCASH,HUAYLAS,YURACMARCA,"100,0","94,9",390,400
021302,ÁNCASH,MARISCAL LUZURIAGA,CASCA,"100,0","100,0",347,385
021303,ÁNCASH,MARISCAL LUZURIAGA,ELEAZAR GUZMAN BARRON,"100,0","97,4",314,302
021304,ÁNCASH,MARISCAL LUZURIAGA,FIDEL OLIVAS ESCUDERO,"100,0","96,6",323,316
021305,ÁNCASH,MARISCAL LUZURIAGA,LLAMA,"100,0","100,0",408,408
021307,ÁNCASH,MARISCAL LUZURIAGA,LUCMA,"100,0","100,0",394,386
021401,ÁNCASH,OCROS,OCROS,"100,0","100,0",479,466
021403,ÁNCASH,OCROS,CAJAMARQUILLA,"100,0","87,5",380,382
021405,ÁNCASH,OCROS,COCHAS,"100,0","94,4",417,425
021406,ÁNCASH,OCROS,CONGAS,"100,0","100,0",477,464
021409,ÁNCASH,OCROS,SAN PEDRO,"100,0","100,0",457,414
021410,ÁNCASH,OCROS,SANTIAGO DE CHILCAS,"100,0","100,0",411,397
021501,ÁNCASH,PALLASCA,CABANA,"100,0","95,8",526,572
021502,ÁNCASH,PALLASCA,BOLOGNESI,"100,0","100,0",423,389
021503,ÁNCASH,PALLASCA,CONCHUCOS,"100,0","98,6",437,438
021504,ÁNCASH,PALLASCA,HUACASCHUQUE,"100,0","94,4",431,409
021505,ÁNCASH,PALLASCA,HUANDOVAL,"100,0","100,0",551,562
021506,ÁNCASH,PALLASCA,LACABAMBA,"100,0","100,0",475,542
021507,ÁNCASH,PALLASCA,LLAPO,"100,0","100,0",526,475
021508,ÁNCASH,PALLASCA,PALLASCA,"100,0","96,5",455,425
021509,ÁNCASH,PALLASCA,PAMPAS,"100,0","98,9",461,464
021510,ÁNCASH,PALLASCA,SANTA ROSA,"100,0","83,3",479,521
021511,ÁNCASH,PALLASCA,TAUCA,"100,0","100,0",453,430
021601,ÁNCASH,POMABAMBA,POMABAMBA,"66,7","53,8",-,-
021604,ÁNCASH,POMABAMBA,QUINUABAMBA,"100,0","100,0",340,368
021701,ÁNCASH,RECUAY,RECUAY,"100,0","100,0",471,452
021702,ÁNCASH,RECUAY,CATAC,"100,0","96,7",435,441
021703,ÁNCASH,RECUAY,COTAPARACO,"100,0","100,0",489,464
021704,ÁNCASH,RECUAY,HUAYLLAPAMPA,"100,0","100,0",420,420
021705,ÁNCASH,RECUAY,LLACLLIN,"100,0","100,0",455,443
021706,ÁNCASH,RECUAY,MARCA,"100,0","100,0",447,471
021708,ÁNCASH,RECUAY,PARARIN,"100,0","100,0",409,433
021709,ÁNCASH,RECUAY,TAPACOCHA,"100,0","100,0",371,359
021710,ÁNCASH,RECUAY,TICAPAMPA,"100,0","100,0",512,564
021801,ÁNCASH,SANTA,CHIMBOTE,"100,0","95,4",490,474
021802,ÁNCASH,SANTA,CACERES DEL PERU,"100,0","94,7",408,409
021803,ÁNCASH,SANTA,COISHCO,"100,0","96,8",474,464
021804,ÁNCASH,SANTA,MACATE,"100,0","100,0",378,375
021805,ÁNCASH,SANTA,MORO,"100,0","94,9",446,424
021806,ÁNCASH,SANTA,NEPEÑA,"100,0","97,3",472,479
021807,ÁNCASH,SANTA,SAMANCO,"100,0","98,3",498,476
021808,ÁNCASH,SANTA,SANTA,"100,0","97,0",473,469
021809,ÁNCASH,SANTA,NUEVO CHIMBOTE,"98,5","96,8",507,483
021901,ÁNCASH,SIHUAS,SIHUAS,"100,0","98,1",456,459
021902,ÁNCASH,SIHUAS,ACOBAMBA,"100,0","100,0",383,374
021903,ÁNCASH,SIHUAS,ALFONSO UGARTE,"100,0","100,0",429,392
021904,ÁNCASH,SIHUAS,CASHAPAMPA,"100,0","97,5",377,373
021905,ÁNCASH,SIHUAS,CHINGALPO,"100,0","93,8",445,420
021906,ÁNCASH,SIHUAS,HUAYLLABAMBA,"100,0","100,0",367,360
021907,ÁNCASH,SIHUAS,QUICHES,"100,0","100,0",391,388
021908,ÁNCASH,SIHUAS,RAGASH,"100,0","95,7",381,384
021909,ÁNCASH,SIHUAS,SAN JUAN,"100,0","100,0",361,344
022001,ÁNCASH,YUNGAY,YUNGAY,"100,0","95,6",444,444
022002,ÁNCASH,YUNGAY,CASCAPARA,"100,0","97,6",353,343
022003,ÁNCASH,YUNGAY,MANCOS,"100,0","98,0",400,399
022004,ÁNCASH,YUNGAY,MATACOTO,"100,0","100,0",456,448
022005,ÁNCASH,YUNGAY,QUILLO,"100,0","97,0",388,406
022006,ÁNCASH,YUNGAY,RANRAHIRCA,"100,0","96,7",438,408
022007,ÁNCASH,YUNGAY,SHUPLUY,"100,0","100,0",346,341
022008,ÁNCASH,YUNGAY,YANAMA,"100,0","98,6",404,398
030101,APURÍMAC,ABANCAY,ABANCAY,"100,0","98,6",507,500
030102,APURÍMAC,ABANCAY,CHACOCHE,"100,0","100,0",433,445
030103,APURÍMAC,ABANCAY,CIRCA,"100,0","100,0",407,389
030104,APURÍMAC,ABANCAY,CURAHUASI,"100,0","97,3",408,391
030105,APURÍMAC,ABANCAY,HUANIPACA,"100,0","100,0",449,417
030106,APURÍMAC,ABANCAY,LAMBRAMA,"100,0","100,0",356,383
030108,APURÍMAC,ABANCAY,SAN PEDRO DE CACHORA,"100,0","100,0",411,405
030109,APURÍMAC,ABANCAY,TAMBURCO,"100,0","98,5",465,470
030201,APURÍMAC,ANDAHUAYLAS,ANDAHUAYLAS,"100,0","98,4",470,471
030202,APURÍMAC,ANDAHUAYLAS,ANDARAPA,"100,0","98,0",374,384
030203,APURÍMAC,ANDAHUAYLAS,CHIARA,"100,0","100,0",376,353
030204,APURÍMAC,ANDAHUAYLAS,HUANCARAMA,"100,0","100,0",427,473
030205,APURÍMAC,ANDAHUAYLAS,HUANCARAY,"100,0","97,0",390,387
030206,APURÍMAC,ANDAHUAYLAS,HUAYANA,"100,0","100,0",386,398
030207,APURÍMAC,ANDAHUAYLAS,KISHUARA,"100,0","93,6",385,368
030208,APURÍMAC,ANDAHUAYLAS,PACOBAMBA,"100,0","100,0",344,364
030209,APURÍMAC,ANDAHUAYLAS,PACUCHA,"100,0","100,0",438,444
030210,APURÍMAC,ANDAHUAYLAS,PAMPACHIRI,"100,0","100,0",383,395
030211,APURÍMAC,ANDAHUAYLAS,POMACOCHA,"100,0","96,2",386,350
030213,APURÍMAC,ANDAHUAYLAS,SAN JERONIMO,"100,0","99,1",434,432
030214,APURÍMAC,ANDAHUAYLAS,SAN MIGUEL DE CHACCRAMPA,"100,0","100,0",411,407
030215,APURÍMAC,ANDAHUAYLAS,SANTA MARIA DE CHICMO,"100,0","98,6",392,384
030216,APURÍMAC,ANDAHUAYLAS,TALAVERA,"100,0","98,9",449,439
030218,APURÍMAC,ANDAHUAYLAS,TURPO,"100,0","100,0",386,408
030219,APURÍMAC,ANDAHUAYLAS,KAQUIABAMBA,"100,0","90,9",367,341
030220,APURÍMAC,ANDAHUAYLAS,JOSE MARIA ARGUEDAS,"100,0","100,0",376,395
030301,APURÍMAC,ANTABAMBA,ANTABAMBA,"100,0","98,2",476,461
030302,APURÍMAC,ANTABAMBA,EL ORO,"100,0","100,0",481,492
030303,APURÍMAC,ANTABAMBA,HUAQUIRCA,"100,0","100,0",425,410
030304,APURÍMAC,ANTABAMBA,JUAN ESPINOZA MEDRANO,"100,0","100,0",508,520
030305,APURÍMAC,ANTABAMBA,OROPESA,"100,0","100,0",401,375
030306,APURÍMAC,ANTABAMBA,PACHACONAS,"100,0","100,0",426,408
030307,APURÍMAC,ANTABAMBA,SABAINO,"100,0","100,0",466,444
030401,APURÍMAC,AYMARAES,CHALHUANCA,"100,0","100,0",492,511
030402,APURÍMAC,AYMARAES,CAPAYA,"100,0","100,0",400,398
030403,APURÍMAC,AYMARAES,CARAYBAMBA,"100,0","100,0",399,376
030404,APURÍMAC,AYMARAES,CHAPIMARCA,"100,0","96,7",392,374
030405,APURÍMAC,AYMARAES,COLCABAMBA,"100,0","100,0",374,373
030406,APURÍMAC,AYMARAES,COTARUSE,"100,0","100,0",434,439
030407,APURÍMAC,AYMARAES,IHUAYLLO,"100,0","100,0",507,473
030408,APURÍMAC,AYMARAES,JUSTO APU SAHUARAURA,"100,0","100,0",453,423
030409,APURÍMAC,AYMARAES,LUCRE,"100,0","100,0",438,416
030411,APURÍMAC,AYMARAES,SAN JUAN DE CHACÑA,"100,0","100,0",502,559
030412,APURÍMAC,AYMARAES,SAÑAYCA,"100,0","100,0",416,415
030413,APURÍMAC,AYMARAES,SORAYA,"100,0","85,7",478,424
030414,APURÍMAC,AYMARAES,TAPAIRIHUA,"100,0","92,9",436,398
030415,APURÍMAC,AYMARAES,TINTAY,"100,0","98,2",403,410
030416,APURÍMAC,AYMARAES,TORAYA,"100,0","93,8",441,427
030417,APURÍMAC,AYMARAES,YANACA,"100,0","100,0",492,472
030501,APURÍMAC,COTABAMBAS,TAMBOBAMBA,"100,0","99,4",404,405
030502,APURÍMAC,COTABAMBAS,COTABAMBAS,"100,0","100,0",379,361
030503,APURÍMAC,COTABAMBAS,COYLLURQUI,"100,0","99,1",430,420
030504,APURÍMAC,COTABAMBAS,HAQUIRA,"100,0","99,2",425,446
030505,APURÍMAC,COTABAMBAS,MARA,"100,0","100,0",403,439
030506,APURÍMAC,COTABAMBAS,CHALLHUAHUACHO,"100,0","97,9",444,445
030601,APURÍMAC,CHINCHEROS,CHINCHEROS,"100,0","98,8",441,430
030602,APURÍMAC,CHINCHEROS,ANCO_HUALLO,"100,0","99,0",472,483
030603,APURÍMAC,CHINCHEROS,COCHARCAS,"100,0","100,0",358,379
030604,APURÍMAC,CHINCHEROS,HUACCANA,"100,0","98,9",434,453
030605,APURÍMAC,CHINCHEROS,OCOBAMBA,"100,0","99,0",412,390
030606,APURÍMAC,CHINCHEROS,ONGOY,"100,0","100,0",412,406
030607,APURÍMAC,CHINCHEROS,URANMARCA,"100,0","100,0",388,382
030608,APURÍMAC,CHINCHEROS,RANRACANCHA,"100,0","97,0",384,365
030701,APURÍMAC,GRAU,CHUQUIBAMBILLA,"100,0","99,1",476,454
030702,APURÍMAC,GRAU,CURPAHUASI,"100,0","100,0",371,362
030703,APURÍMAC,GRAU,GAMARRA,"100,0","97,2",380,365
030705,APURÍMAC,GRAU,MAMARA,"100,0","100,0",474,468
030706,APURÍMAC,GRAU,MICAELA BASTIDAS,"100,0","100,0",420,444
030707,APURÍMAC,GRAU,PATAYPAMPA,"100,0","100,0",414,434
030708,APURÍMAC,GRAU,PROGRESO,"100,0","97,7",422,436
030709,APURÍMAC,GRAU,SAN ANTONIO,"100,0","100,0",392,410
030710,APURÍMAC,GRAU,SANTA ROSA,"100,0","100,0",461,418
030711,APURÍMAC,GRAU,TURPAY,"100,0","100,0",416,403
030712,APURÍMAC,GRAU,VILCABAMBA,"100,0","100,0",455,454
030713,APURÍMAC,GRAU,VIRUNDO,"100,0","100,0",467,493
040101,AREQUIPA,AREQUIPA,AREQUIPA,"100,0","98,5",544,519
040102,AREQUIPA,AREQUIPA,ALTO SELVA ALEGRE,"100,0","98,6",515,495
040103,AREQUIPA,AREQUIPA,CAYMA,"100,0","99,3",524,505
040104,AREQUIPA,AREQUIPA,CERRO COLORADO,"100,0","97,8",515,497
040105,AREQUIPA,AREQUIPA,CHARACATO,"100,0","100,0",524,519
040106,AREQUIPA,AREQUIPA,CHIGUATA,"100,0","95,8",467,455
040107,AREQUIPA,AREQUIPA,JACOBO HUNTER,"100,0","98,2",513,489
040108,AREQUIPA,AREQUIPA,LA JOYA,"100,0","97,8",479,476
040109,AREQUIPA,AREQUIPA,MARIANO MELGAR,"100,0","98,4",512,491
040110,AREQUIPA,AREQUIPA,MIRAFLORES,"100,0","97,5",531,513
040111,AREQUIPA,AREQUIPA,MOLLEBAYA,"100,0","100,0",424,436
040112,AREQUIPA,AREQUIPA,PAUCARPATA,"100,0","97,1",517,498
040114,AREQUIPA,AREQUIPA,POLOBAYA,"100,0","100,0",533,522
040115,AREQUIPA,AREQUIPA,QUEQUEÑA,"100,0","100,0",414,399
040116,AREQUIPA,AREQUIPA,SABANDIA,"100,0","96,0",491,473
040117,AREQUIPA,AREQUIPA,SACHACA,"100,0","98,5",529,497
040118,AREQUIPA,AREQUIPA,SAN JUAN DE SIGUAS,"100,0","100,0",491,485
040119,AREQUIPA,AREQUIPA,SAN JUAN DE TARUCANI,"100,0","100,0",504,482
040121,AREQUIPA,AREQUIPA,SANTA RITA DE SIGUAS,"100,0","99,2",514,505
040122,AREQUIPA,AREQUIPA,SOCABAYA,"100,0","98,5",512,499
040123,AREQUIPA,AREQUIPA,TIABAYA,"100,0","97,0",526,515
040124,AREQUIPA,AREQUIPA,UCHUMAYO,"100,0","97,6",503,470
040125,AREQUIPA,AREQUIPA,VITOR,"100,0","98,1",459,458
040126,AREQUIPA,AREQUIPA,YANAHUARA,"100,0","98,7",553,511
040127,AREQUIPA,AREQUIPA,YARABAMBA,"100,0","92,9",482,470
040128,AREQUIPA,AREQUIPA,YURA,"100,0","97,8",513,495
040129,AREQUIPA,AREQUIPA,JOSE LUIS BUSTAMANTE Y RIVERO,"100,0","98,5",535,508
040201,AREQUIPA,CAMANÁ,CAMANA,"100,0","99,1",499,494
040202,AREQUIPA,CAMANÁ,JOSE MARIA QUIMPER,"100,0","96,4",513,497
040203,AREQUIPA,CAMANÁ,MARIANO NICOLAS VALCARCEL,"100,0","97,5",502,496
040204,AREQUIPA,CAMANÁ,MARISCAL CACERES,"100,0","100,0",502,512
040205,AREQUIPA,CAMANÁ,NICOLAS DE PIEROLA,"100,0","97,6",492,498
040206,AREQUIPA,CAMANÁ,OCOÑA,"100,0","97,6",471,470
040207,AREQUIPA,CAMANÁ,QUILCA,"100,0","100,0",484,470
040208,AREQUIPA,CAMANÁ,SAMUEL PASTOR,"100,0","97,0",505,489
040301,AREQUIPA,CARAVELÍ,CARAVELI,"100,0","98,9",522,536
040302,AREQUIPA,CARAVELÍ,ACARI,"100,0","97,7",464,447
040303,AREQUIPA,CARAVELÍ,ATICO,"100,0","97,7",516,497
040305,AREQUIPA,CARAVELÍ,BELLA UNION,"100,0","96,6",418,402
040307,AREQUIPA,CARAVELÍ,CHALA,"100,0","98,8",487,480
040308,AREQUIPA,CARAVELÍ,CHAPARRA,"100,0","97,8",519,504
040309,AREQUIPA,CARAVELÍ,HUANUHUANU,"100,0","100,0",496,461
040310,AREQUIPA,CARAVELÍ,JAQUI,"100,0","94,6",435,413
040311,AREQUIPA,CARAVELÍ,LOMAS,"100,0","100,0",467,450
040312,AREQUIPA,CARAVELÍ,QUICACHA,"100,0","100,0",487,506
040313,AREQUIPA,CARAVELÍ,YAUCA,"100,0","97,0",468,478
040401,AREQUIPA,CASTILLA,APLAO,"100,0","98,7",522,514
040402,AREQUIPA,CASTILLA,ANDAGUA,"100,0","100,0",422,416
040404,AREQUIPA,CASTILLA,CHACHAS,"100,0","100,0",416,408
040405,AREQUIPA,CASTILLA,CHILCAYMARCA,"100,0","100,0",494,469
040407,AREQUIPA,CASTILLA,HUANCARQUI,"100,0","100,0",644,666
040408,AREQUIPA,CASTILLA,MACHAGUAY,"100,0","100,0",533,470
040409,AREQUIPA,CASTILLA,ORCOPAMPA,"100,0","97,2",517,505
040410,AREQUIPA,CASTILLA,PAMPACOLCA,"100,0","100,0",515,505
040413,AREQUIPA,CASTILLA,URACA,"100,0","95,2",523,532
040414,AREQUIPA,CASTILLA,VIRACO,"100,0","100,0",490,476
040501,AREQUIPA,CAYLLOMA,CHIVAY,"100,0","100,0",525,537
040502,AREQUIPA,CAYLLOMA,ACHOMA,"100,0","100,0",508,496
040503,AREQUIPA,CAYLLOMA,CABANACONDE,"100,0","100,0",504,531
040504,AREQUIPA,CAYLLOMA,CALLALLI,"100,0","100,0",488,515
040505,AREQUIPA,CAYLLOMA,CAYLLOMA,"100,0","100,0",494,480
040506,AREQUIPA,CAYLLOMA,COPORAQUE,"100,0","100,0",502,513
040507,AREQUIPA,CAYLLOMA,HUAMBO,"100,0","88,9",514,523
040508,AREQUIPA,CAYLLOMA,HUANCA,"100,0","90,0",374,379
040510,AREQUIPA,CAYLLOMA,LARI,"100,0","94,7",490,462
040511,AREQUIPA,CAYLLOMA,LLUTA,"100,0","100,0",521,497
040512,AREQUIPA,CAYLLOMA,MACA,"100,0","100,0",468,481
040513,AREQUIPA,CAYLLOMA,MADRIGAL,"100,0","100,0",595,620
040514,AREQUIPA,CAYLLOMA,SAN ANTONIO DE CHUCA,"100,0","81,3",448,467
040515,AREQUIPA,CAYLLOMA,SIBAYO,"100,0","100,0",520,504
040517,AREQUIPA,CAYLLOMA,TISCO,"100,0","100,0",435,472
040518,AREQUIPA,CAYLLOMA,TUTI,"100,0","100,0",484,506
040519,AREQUIPA,CAYLLOMA,YANQUE,"100,0","96,2",512,519
040520,AREQUIPA,CAYLLOMA,MAJES,"100,0","98,1",488,483
040601,AREQUIPA,CONDESUYOS,CHUQUIBAMBA,"100,0","100,0",516,501
040603,AREQUIPA,CONDESUYOS,CAYARANI,"100,0","98,7",397,400
040606,AREQUIPA,CONDESUYOS,RIO GRANDE,"100,0","98,2",541,528
040607,AREQUIPA,CONDESUYOS,SALAMANCA,"100,0","87,5",447,418
040608,AREQUIPA,CONDESUYOS,YANAQUIHUA,"100,0","97,0",515,499
040701,AREQUIPA,ISLAY,MOLLENDO,"100,0","95,9",522,516
040702,AREQUIPA,ISLAY,COCACHACRA,"100,0","100,0",516,511
040703,AREQUIPA,ISLAY,DEAN VALDIVIA,"100,0","98,8",516,506
040704,AREQUIPA,ISLAY,ISLAY,"100,0","98,5",531,534
040705,AREQUIPA,ISLAY,MEJIA,"100,0","100,0",501,506
040706,AREQUIPA,ISLAY,PUNTA DE BOMBON,"100,0","98,9",520,538
040801,AREQUIPA,LA UNIÓN,COTAHUASI,"100,0","97,6",485,507
040802,AREQUIPA,LA UNIÓN,ALCA,"100,0","95,6",459,446
040803,AREQUIPA,LA UNIÓN,CHARCANA,"100,0","100,0",422,441
040804,AREQUIPA,LA UNIÓN,HUAYNACOTAS,"100,0","97,0",457,451
040805,AREQUIPA,LA UNIÓN,PAMPAMARCA,"100,0","100,0",364,353
040806,AREQUIPA,LA UNIÓN,PUYCA,"100,0","100,0",449,453
040808,AREQUIPA,LA UNIÓN,SAYLA,"100,0","100,0",370,343
040809,AREQUIPA,LA UNIÓN,TAURIA,"100,0","100,0",510,541
040810,AREQUIPA,LA UNIÓN,TOMEPAMPA,"100,0","100,0",433,467
050101,AYACUCHO,HUAMANGA,AYACUCHO,"100,0","99,0",508,494
050102,AYACUCHO,HUAMANGA,ACOCRO,"100,0","98,3",382,372
050103,AYACUCHO,HUAMANGA,ACOS VINCHOS,"100,0","98,9",407,407
050104,AYACUCHO,HUAMANGA,CARMEN ALTO,"100,0","98,1",455,448
050105,AYACUCHO,HUAMANGA,CHIARA,"100,0","93,6",406,395
050106,AYACUCHO,HUAMANGA,OCROS,"100,0","100,0",455,446
050107,AYACUCHO,HUAMANGA,PACAYCASA,"100,0","98,0",457,463
050108,AYACUCHO,HUAMANGA,QUINUA,"100,0","98,7",431,430
050109,AYACUCHO,HUAMANGA,SAN JOSE DE TICLLAS,"100,0","100,0",375,411
050110,AYACUCHO,HUAMANGA,SAN JUAN BAUTISTA,"100,0","97,9",492,487
050111,AYACUCHO,HUAMANGA,SANTIAGO DE PISCHA,"100,0","87,5",459,465
050112,AYACUCHO,HUAMANGA,SOCOS,"100,0","97,9",399,397
050113,AYACUCHO,HUAMANGA,TAMBILLO,"100,0","100,0",402,397
050114,AYACUCHO,HUAMANGA,VINCHOS,"100,0","99,1",402,403
050115,AYACUCHO,HUAMANGA,JESUS NAZARENO,"100,0","100,0",474,458
050116,AYACUCHO,HUAMANGA,ANDRÉS AVELINO CÁCERES DORREGARAY,"100,0","90,9",492,449
050201,AYACUCHO,CANGALLO,CANGALLO,"100,0","100,0",439,434
050202,AYACUCHO,CANGALLO,CHUSCHI,"100,0","100,0",334,338
050203,AYACUCHO,CANGALLO,LOS MOROCHUCOS,"100,0","98,6",425,421
050204,AYACUCHO,CANGALLO,MARIA PARADO DE BELLIDO,"100,0","100,0",338,334
050205,AYACUCHO,CANGALLO,PARAS,"100,0","98,3",374,368
050206,AYACUCHO,CANGALLO,TOTOS,"100,0","100,0",383,389
050301,AYACUCHO,HUANCA SANCOS,SANCOS,"100,0","89,2",497,477
050302,AYACUCHO,HUANCA SANCOS,CARAPO,"100,0","100,0",426,427
050303,AYACUCHO,HUANCA SANCOS,SACSAMARCA,"100,0","100,0",437,396
050304,AYACUCHO,HUANCA SANCOS,SANTIAGO DE LUCANAMARCA,"100,0","100,0",414,412
050401,AYACUCHO,HUANTA,HUANTA,"100,0","98,6",469,475
050402,AYACUCHO,HUANTA,AYAHUANCO,"100,0","100,0",406,429
050403,AYACUCHO,HUANTA,HUAMANGUILLA,"100,0","98,6",425,407
050404,AYACUCHO,HUANTA,IGUAIN,"100,0","100,0",411,402
050405,AYACUCHO,HUANTA,LURICOCHA,"100,0","99,2",409,404
050406,AYACUCHO,HUANTA,SANTILLANA,"100,0","100,0",394,391
050407,AYACUCHO,HUANTA,SIVIA,"100,0","98,5",416,426
050408,AYACUCHO,HUANTA,LLOCHEGUA,"100,0","99,0",457,460
050409,AYACUCHO,HUANTA,CANAYRE,"100,0","92,8",436,471
050410,AYACUCHO,HUANTA,UCHURACCAY,"100,0","98,1",394,391
050411,AYACUCHO,HUANTA,PUCACOLPA,"100,0","97,2",346,337
050412,AYACUCHO,HUANTA,CHACA,"100,0","97,1",361,403
050501,AYACUCHO,LA MAR,SAN MIGUEL,"100,0","100,0",446,456
050502,AYACUCHO,LA MAR,ANCO,"100,0","98,0",451,452
050503,AYACUCHO,LA MAR,AYNA,"100,0","95,5",450,432
050505,AYACUCHO,LA MAR,CHUNGUI,"100,0","93,9",462,480
050506,AYACUCHO,LA MAR,LUIS CARRANZA,"100,0","100,0",432,491
050507,AYACUCHO,LA MAR,SANTA ROSA,"100,0","99,2",433,429
050508,AYACUCHO,LA MAR,TAMBO,"100,0","96,2",424,426
050509,AYACUCHO,LA MAR,SAMUGARI,"100,0","90,5",422,447
050510,AYACUCHO,LA MAR,ANCHIHUAY,"100,0","98,8",398,401
050601,AYACUCHO,LUCANAS,PUQUIO,"100,0","99,2",466,466
050602,AYACUCHO,LUCANAS,AUCARA,"100,0","100,0",509,527
050603,AYACUCHO,LUCANAS,CABANA,"100,0","100,0",471,482
050604,AYACUCHO,LUCANAS,CARMEN SALCEDO,"100,0","100,0",501,493
050605,AYACUCHO,LUCANAS,CHAVIÑA,"100,0","100,0",498,476
050606,AYACUCHO,LUCANAS,CHIPAO,"100,0","100,0",488,484
050607,AYACUCHO,LUCANAS,HUAC-HUAS,"100,0","100,0",467,489
050608,AYACUCHO,LUCANAS,LARAMATE,"100,0","100,0",455,438
050609,AYACUCHO,LUCANAS,LEONCIO PRADO,"100,0","100,0",485,494
050611,AYACUCHO,LUCANAS,LUCANAS,"100,0","100,0",426,417
050612,AYACUCHO,LUCANAS,OCAÑA,"100,0","100,0",447,418
050613,AYACUCHO,LUCANAS,OTOCA,"100,0","100,0",474,529
050614,AYACUCHO,LUCANAS,SAISA,"100,0","100,0",568,509
050615,AYACUCHO,LUCANAS,SAN CRISTOBAL,"100,0","100,0",420,456
050616,AYACUCHO,LUCANAS,SAN JUAN,"100,0","100,0",421,420
050617,AYACUCHO,LUCANAS,SAN PEDRO,"100,0","100,0",373,397
050619,AYACUCHO,LUCANAS,SANCOS,"100,0","98,6",469,459
050621,AYACUCHO,LUCANAS,SANTA LUCIA,"100,0","93,8",455,446
050701,AYACUCHO,PARINACOCHAS,CORACORA,"100,0","99,1",484,484
050702,AYACUCHO,PARINACOCHAS,CHUMPI,"100,0","100,0",436,466
050703,AYACUCHO,PARINACOCHAS,CORONEL CASTAÑEDA,"100,0","100,0",393,391
050704,AYACUCHO,PARINACOCHAS,PACAPAUSA,"100,0","100,0",497,521
050705,AYACUCHO,PARINACOCHAS,PULLO,"100,0","97,2",484,483
050706,AYACUCHO,PARINACOCHAS,PUYUSCA,"100,0","91,7",467,445
050707,AYACUCHO,PARINACOCHAS,SAN FRANCISCO DE RAVACAYCO,"100,0","100,0",467,407
050801,AYACUCHO,PÁUCAR DEL SARA SARA,PAUSA,"100,0","97,9",497,463
050802,AYACUCHO,PÁUCAR DEL SARA SARA,COLTA,"100,0","100,0",396,373
050803,AYACUCHO,PÁUCAR DEL SARA SARA,CORCULLA,"100,0","100,0",458,433
050804,AYACUCHO,PÁUCAR DEL SARA SARA,LAMPA,"100,0","100,0",468,465
050805,AYACUCHO,PÁUCAR DEL SARA SARA,MARCABAMBA,"100,0","100,0",482,480
050806,AYACUCHO,PÁUCAR DEL SARA SARA,OYOLO,"100,0","100,0",393,391
050809,AYACUCHO,PÁUCAR DEL SARA SARA,SAN JOSE DE USHUA,"100,0","100,0",474,426
050901,AYACUCHO,SUCRE,QUEROBAMBA,"100,0","100,0",510,514
050902,AYACUCHO,SUCRE,BELEN,"100,0","100,0",419,382
050903,AYACUCHO,SUCRE,CHALCOS,"100,0","100,0",416,370
050904,AYACUCHO,SUCRE,CHILCAYOC,"100,0","100,0",444,460
050905,AYACUCHO,SUCRE,HUACAÑA,"100,0","100,0",472,474
050907,AYACUCHO,SUCRE,PAICO,"100,0","100,0",380,347
050909,AYACUCHO,SUCRE,SAN SALVADOR DE QUIJE,"100,0","100,0",386,377
051001,AYACUCHO,VÍCTOR FAJARDO,HUANCAPI,"100,0","100,0",481,464
051003,AYACUCHO,VÍCTOR FAJARDO,APONGO,"100,0","100,0",459,468
051005,AYACUCHO,VÍCTOR FAJARDO,CANARIA,"100,0","100,0",475,474
051007,AYACUCHO,VÍCTOR FAJARDO,COLCA,"100,0","100,0",561,556
051009,AYACUCHO,VÍCTOR FAJARDO,HUANCARAYLLA,"100,0","100,0",417,408
051010,AYACUCHO,VÍCTOR FAJARDO,HUAYA,"100,0","100,0",450,450
051011,AYACUCHO,VÍCTOR FAJARDO,SARHUA,"100,0","100,0",348,367
051012,AYACUCHO,VÍCTOR FAJARDO,VILCANCHOS,"100,0","100,0",352,323
051101,AYACUCHO,VILCASHUAMÁN,VILCAS HUAMAN,"100,0","92,9",420,388
051103,AYACUCHO,VILCASHUAMÁN,CARHUANCA,"100,0","100,0",423,418
051104,AYACUCHO,VILCASHUAMÁN,CONCEPCION,"100,0","97,6",433,444
051105,AYACUCHO,VILCASHUAMÁN,HUAMBALPA,"100,0","94,4",407,418
051107,AYACUCHO,VILCASHUAMÁN,SAURAMA,"100,0","100,0",369,365
051108,AYACUCHO,VILCASHUAMÁN,VISCHONGO,"100,0","95,5",475,470
060101,CAJAMARCA,CAJAMARCA,CAJAMARCA,"100,0","98,3",499,485
060102,CAJAMARCA,CAJAMARCA,ASUNCION,"100,0","97,4",453,463
060103,CAJAMARCA,CAJAMARCA,CHETILLA,"100,0","98,9",409,415
060104,CAJAMARCA,CAJAMARCA,COSPAN,"100,0","95,7",389,397
060105,CAJAMARCA,CAJAMARCA,ENCAÑADA,"97,3","95,0",404,419
060106,CAJAMARCA,CAJAMARCA,JESUS,"100,0","98,7",421,414
060107,CAJAMARCA,CAJAMARCA,LLACANORA,"100,0","100,0",443,446
060108,CAJAMARCA,CAJAMARCA,LOS BAÑOS DEL INCA,"100,0","97,7",458,461
060109,CAJAMARCA,CAJAMARCA,MAGDALENA,"100,0","98,6",439,455
060110,CAJAMARCA,CAJAMARCA,MATARA,"100,0","100,0",454,435
060111,CAJAMARCA,CAJAMARCA,NAMORA,"100,0","96,6",414,435
060112,CAJAMARCA,CAJAMARCA,SAN JUAN,"100,0","96,1",401,412
060201,CAJAMARCA,CAJABAMBA,CAJABAMBA,"97,4","89,0",466,462
060202,CAJAMARCA,CAJABAMBA,CACHACHI,"100,0","95,2",422,430
060203,CAJAMARCA,CAJABAMBA,CONDEBAMBA,"100,0","98,6",418,410
060204,CAJAMARCA,CAJABAMBA,SITACOCHA,"100,0","96,5",411,408
060301,CAJAMARCA,CELENDÍN,CELENDIN,"100,0","97,4",480,480
060302,CAJAMARCA,CELENDÍN,CHUMUCH,"100,0","97,1",365,391
060303,CAJAMARCA,CELENDÍN,CORTEGANA,"100,0","100,0",400,426
060304,CAJAMARCA,CELENDÍN,HUASMIN,"100,0","94,8",410,424
060305,CAJAMARCA,CELENDÍN,JORGE CHAVEZ,"100,0","87,5",439,472
060306,CAJAMARCA,CELENDÍN,JOSE GALVEZ,"100,0","85,3",492,531
060307,CAJAMARCA,CELENDÍN,MIGUEL IGLESIAS,"100,0","99,0",392,427
060308,CAJAMARCA,CELENDÍN,OXAMARCA,"100,0","98,2",369,374
060309,CAJAMARCA,CELENDÍN,SOROCHUCO,"100,0","97,6",429,441
060310,CAJAMARCA,CELENDÍN,SUCRE,"100,0","92,7",429,427
060311,CAJAMARCA,CELENDÍN,UTCO,"100,0","90,0",386,362
060312,CAJAMARCA,CELENDÍN,LA LIBERTAD DE PALLAN,"100,0","97,9",425,438
060401,CAJAMARCA,CHOTA,CHOTA,"95,0","90,0",483,506
060402,CAJAMARCA,CHOTA,ANGUIA,"100,0","94,3",448,472
060403,CAJAMARCA,CHOTA,CHADIN,"100,0","100,0",417,432
060404,CAJAMARCA,CHOTA,CHIGUIRIP,"100,0","93,0",465,475
060405,CAJAMARCA,CHOTA,CHIMBAN,"100,0","92,9",434,454
060406,CAJAMARCA,CHOTA,CHOROPAMPA,"100,0","97,3",516,537
060407,CAJAMARCA,CHOTA,COCHABAMBA,"100,0","98,9",458,485
060408,CAJAMARCA,CHOTA,CONCHAN,"100,0","100,0",430,460
060409,CAJAMARCA,CHOTA,HUAMBOS,"100,0","95,9",465,481
060410,CAJAMARCA,CHOTA,LAJAS,"100,0","97,1",468,491
060411,CAJAMARCA,CHOTA,LLAMA,"100,0","98,1",507,509
060412,CAJAMARCA,CHOTA,MIRACOSTA,"100,0","96,6",372,372
060413,CAJAMARCA,CHOTA,PACCHA,"100,0","96,5",470,490
060414,CAJAMARCA,CHOTA,PION,"100,0","100,0",387,391
060415,CAJAMARCA,CHOTA,QUEROCOTO,"100,0","97,2",426,430
060416,CAJAMARCA,CHOTA,SAN JUAN DE LICUPIS,"100,0","100,0",401,411
060417,CAJAMARCA,CHOTA,TACABAMBA,"100,0","97,5",446,463
060418,CAJAMARCA,CHOTA,TOCMOCHE,"100,0","87,5",338,403
060419,CAJAMARCA,CHOTA,CHALAMARCA,"100,0","98,9",462,497
060501,CAJAMARCA,CONTUMAZÁ,CONTUMAZA,"100,0","91,2",451,460
060502,CAJAMARCA,CONTUMAZÁ,CHILETE,"100,0","98,1",480,489
060503,CAJAMARCA,CONTUMAZÁ,CUPISNIQUE,"100,0","100,0",473,409
060504,CAJAMARCA,CONTUMAZÁ,GUZMANGO,"100,0","93,6",441,475
060505,CAJAMARCA,CONTUMAZÁ,SAN BENITO,"100,0","98,0",488,495
060506,CAJAMARCA,CONTUMAZÁ,SANTA CRUZ DE TOLED,"100,0","100,0",461,504
060507,CAJAMARCA,CONTUMAZÁ,TANTARICA,"100,0","97,5",485,522
060508,CAJAMARCA,CONTUMAZÁ,YONAN,"100,0","97,0",536,607
060601,CAJAMARCA,CUTERVO,CUTERVO,"100,0","98,3",475,484
060602,CAJAMARCA,CUTERVO,CALLAYUC,"100,0","97,0",426,438
060603,CAJAMARCA,CUTERVO,CHOROS,"100,0","96,8",425,432
060604,CAJAMARCA,CUTERVO,CUJILLO,"100,0","100,0",407,438
060605,CAJAMARCA,CUTERVO,LA RAMADA,"100,0","99,0",461,462
060606,CAJAMARCA,CUTERVO,PIMPINGOS,"100,0","97,3",415,430
060607,CAJAMARCA,CUTERVO,QUEROCOTILLO,"100,0","97,6",423,443
060608,CAJAMARCA,CUTERVO,SAN ANDRES DE CUTERVO,"100,0","98,9",451,461
060609,CAJAMARCA,CUTERVO,SAN JUAN DE CUTERVO,"100,0","97,9",452,463
060610,CAJAMARCA,CUTERVO,SAN LUIS DE LUCMA,"100,0","100,0",449,477
060611,CAJAMARCA,CUTERVO,SANTA CRUZ,"100,0","96,0",396,383
060612,CAJAMARCA,CUTERVO,SANTO DOMINGO DE LA CAPILLA,"100,0","98,2",445,464
060613,CAJAMARCA,CUTERVO,SANTO TOMAS,"100,0","99,4",449,471
060614,CAJAMARCA,CUTERVO,SOCOTA,"100,0","98,7",444,468
060615,CAJAMARCA,CUTERVO,TORIBIO CASANOVA,"100,0","87,5",409,383
060701,CAJAMARCA,HUALGAYOC,BAMBAMARCA,"100,0","98,3",473,488
060702,CAJAMARCA,HUALGAYOC,CHUGUR,"100,0","100,0",506,513
060703,CAJAMARCA,HUALGAYOC,HUALGAYOC,"100,0","97,3",440,458
060801,CAJAMARCA,JAÉN,JAEN,"100,0","97,0",497,493
060802,CAJAMARCA,JAÉN,BELLAVISTA,"100,0","95,8",432,439
060803,CAJAMARCA,JAÉN,CHONTALI,"100,0","94,4",457,467
060804,CAJAMARCA,JAÉN,COLASAY,"100,0","95,1",477,483
060805,CAJAMARCA,JAÉN,HUABAL,"100,0","97,2",415,422
060806,CAJAMARCA,JAÉN,LAS PIRIAS,"100,0","93,8",439,445
060807,CAJAMARCA,JAÉN,POMAHUACA,"100,0","97,5",430,421
060808,CAJAMARCA,JAÉN,PUCARA,"100,0","92,1",429,435
060809,CAJAMARCA,JAÉN,SALLIQUE,"100,0","98,7",435,445
060810,CAJAMARCA,JAÉN,SAN FELIPE,"100,0","95,7",435,420
060811,CAJAMARCA,JAÉN,SAN JOSE DEL ALTO,"100,0","97,8",467,474
060812,CAJAMARCA,JAÉN,SANTA ROSA,"100,0","98,7",489,489
060901,CAJAMARCA,SAN IGNACIO,SAN IGNACIO,"100,0","97,6",492,490
060902,CAJAMARCA,SAN IGNACIO,CHIRINOS,"100,0","98,2",481,488
060903,CAJAMARCA,SAN IGNACIO,HUARANGO,"100,0","98,7",475,483
060904,CAJAMARCA,SAN IGNACIO,LA COIPA,"100,0","97,1",453,448
060905,CAJAMARCA,SAN IGNACIO,NAMBALLE,"100,0","99,5",453,453
060906,CAJAMARCA,SAN IGNACIO,SAN JOSE DE LOURDES,"100,0","97,1",467,469
060907,CAJAMARCA,SAN IGNACIO,TABACONAS,"97,2","92,0",478,483
061001,CAJAMARCA,SAN MARCOS,PEDRO GALVEZ,"100,0","94,6",473,477
061002,CAJAMARCA,SAN MARCOS,CHANCAY,"100,0","96,9",412,393
061003,CAJAMARCA,SAN MARCOS,EDUARDO VILLANUEVA,"100,0","94,2",424,402
061004,CAJAMARCA,SAN MARCOS,GREGORIO PITA,"100,0","96,6",414,426
061005,CAJAMARCA,SAN MARCOS,ICHOCAN,"100,0","100,0",451,488
061006,CAJAMARCA,SAN MARCOS,JOSE MANUEL QUIROZ,"100,0","100,0",486,482
061007,CAJAMARCA,SAN MARCOS,JOSE SABOGAL,"100,0","96,3",389,406
061101,CAJAMARCA,SAN MIGUEL,SAN MIGUEL,"100,0","94,4",471,473
061102,CAJAMARCA,SAN MIGUEL,BOLIVAR,"100,0","100,0",482,515
061103,CAJAMARCA,SAN MIGUEL,CALQUIS,"100,0","97,5",465,503
061104,CAJAMARCA,SAN MIGUEL,CATILLUC,"100,0","100,0",560,589
061105,CAJAMARCA,SAN MIGUEL,EL PRADO,"100,0","95,3",534,534
061106,CAJAMARCA,SAN MIGUEL,LA FLORIDA,"100,0","96,4",557,572
061107,CAJAMARCA,SAN MIGUEL,LLAPA,"100,0","95,7",534,611
061108,CAJAMARCA,SAN MIGUEL,NANCHOC,"100,0","100,0",435,425
061109,CAJAMARCA,SAN MIGUEL,NIEPOS,"100,0","91,1",448,467
061110,CAJAMARCA,SAN MIGUEL,SAN GREGORIO,"100,0","100,0",516,544
061111,CAJAMARCA,SAN MIGUEL,SAN SILVESTRE DE COCHAN,"100,0","92,7",482,531
061112,CAJAMARCA,SAN MIGUEL,TONGOD,"100,0","100,0",527,513
061113,CAJAMARCA,SAN MIGUEL,UNION AGUA BLANCA,"100,0","100,0",523,561
061201,CAJAMARCA,SAN PABLO,SAN PABLO,"100,0","97,9",428,460
061202,CAJAMARCA,SAN PABLO,SAN BERNARDINO,"100,0","98,8",375,405
061203,CAJAMARCA,SAN PABLO,SAN LUIS,"100,0","100,0",447,451
061204,CAJAMARCA,SAN PABLO,TUMBADEN,"100,0","100,0",421,450
061301,CAJAMARCA,SANTA CRUZ,SANTA CRUZ,"100,0","99,3",446,441
061302,CAJAMARCA,SANTA CRUZ,ANDABAMBA,"100,0","93,3",508,562
061303,CAJAMARCA,SANTA CRUZ,CATACHE,"100,0","96,8",457,456
061304,CAJAMARCA,SANTA CRUZ,CHANCAYBAÑOS,"100,0","100,0",468,483
061305,CAJAMARCA,SANTA CRUZ,LA ESPERANZA,"100,0","83,3",410,413
061306,CAJAMARCA,SANTA CRUZ,NINABAMBA,"100,0","95,0",521,581
061307,CAJAMARCA,SANTA CRUZ,PULAN,"100,0","92,1",435,456
061308,CAJAMARCA,SANTA CRUZ,SAUCEPAMPA,"100,0","100,0",457,486
061310,CAJAMARCA,SANTA CRUZ,UTICYACU,"100,0","100,0",542,536
061311,CAJAMARCA,SANTA CRUZ,YAUYUCAN,"100,0","94,6",452,486
070101,CALLAO,CALLAO,CALLAO,"100,0","96,0",507,491
070102,CALLAO,CALLAO,BELLAVISTA,"100,0","95,8",522,493
070103,CALLAO,CALLAO,CARMEN DE LA LEGUA REYNOSO,"100,0","97,6",518,499
070104,CALLAO,CALLAO,LA PERLA,"100,0","95,7",512,479
070105,CALLAO,CALLAO,LA PUNTA,"100,0","96,8",526,504
070106,CALLAO,CALLAO,VENTANILLA,"100,0","96,3",508,499
070107,CALLAO,CALLAO,MI PERÚ,"100,0","95,9",498,491
080101,CUSCO,CUSCO,CUSCO,"100,0","99,3",525,503
080103,CUSCO,CUSCO,POROY,"100,0","92,5",462,461
080104,CUSCO,CUSCO,SAN JERONIMO,"100,0","98,8",501,495
080105,CUSCO,CUSCO,SAN SEBASTIAN,"100,0","98,6",492,481
080106,CUSCO,CUSCO,SANTIAGO,"100,0","97,3",509,496
080107,CUSCO,CUSCO,SAYLLA,"100,0","97,1",414,409
080108,CUSCO,CUSCO,WANCHAQ,"100,0","99,1",531,510
080201,CUSCO,ACOMAYO,ACOMAYO,"100,0","86,0",459,458
080202,CUSCO,ACOMAYO,ACOPIA,"100,0","100,0",437,432
080203,CUSCO,ACOMAYO,ACOS,"100,0","96,6",378,375
080204,CUSCO,ACOMAYO,MOSOC LLACTA,"100,0","100,0",427,411
080205,CUSCO,ACOMAYO,POMACANCHI,"100,0","97,4",435,441
080206,CUSCO,ACOMAYO,RONDOCAN,"100,0","100,0",401,432
080207,CUSCO,ACOMAYO,SANGARARA,"100,0","100,0",444,436
080301,CUSCO,ANTA,ANTA,"100,0","99,1",467,474
080302,CUSCO,ANTA,ANCAHUASI,"100,0","94,8",422,424
080303,CUSCO,ANTA,CACHIMAYO,"100,0","100,0",408,385
080304,CUSCO,ANTA,CHINCHAYPUJIO,"100,0","100,0",393,414
080305,CUSCO,ANTA,HUAROCONDO,"100,0","99,0",402,419
080306,CUSCO,ANTA,LIMATAMBO,"100,0","94,6",437,444
080307,CUSCO,ANTA,MOLLEPATA,"100,0","100,0",423,423
080308,CUSCO,ANTA,PUCYURA,"100,0","100,0",429,425
080309,CUSCO,ANTA,ZURITE,"100,0","97,2",400,402
080401,CUSCO,CALCA,CALCA,"100,0","98,6",481,481
080402,CUSCO,CALCA,COYA,"100,0","100,0",405,410
080403,CUSCO,CALCA,LAMAY,"100,0","98,6",444,469
080404,CUSCO,CALCA,LARES,"100,0","100,0",425,439
080405,CUSCO,CALCA,PISAC,"100,0","98,8",435,436
080406,CUSCO,CALCA,SAN SALVADOR,"100,0","98,7",435,418
080407,CUSCO,CALCA,TARAY,"100,0","96,0",410,444
080408,CUSCO,CALCA,YANATILE,"100,0","99,2",439,427
080501,CUSCO,CANAS,YANAOCA,"100,0","100,0",435,426
080502,CUSCO,CANAS,CHECCA,"100,0","100,0",366,363
080503,CUSCO,CANAS,KUNTURKANKI,"100,0","100,0",416,429
080504,CUSCO,CANAS,LANGUI,"100,0","100,0",392,417
080505,CUSCO,CANAS,LAYO,"100,0","97,6",416,430
080506,CUSCO,CANAS,PAMPAMARCA,"100,0","95,2",462,433
080507,CUSCO,CANAS,QUEHUE,"100,0","100,0",412,434
080508,CUSCO,CANAS,TUPAC AMARU,"100,0","100,0",406,430
080601,CUSCO,CANCHIS,SICUANI,"100,0","99,1",496,504
080602,CUSCO,CANCHIS,CHECACUPE,"100,0","94,7",424,411
080603,CUSCO,CANCHIS,COMBAPATA,"100,0","100,0",457,489
080604,CUSCO,CANCHIS,MARANGANI,"100,0","99,3",433,433
080605,CUSCO,CANCHIS,PITUMARCA,"100,0","99,0",398,390
080606,CUSCO,CANCHIS,SAN PABLO,"100,0","100,0",403,413
080607,CUSCO,CANCHIS,SAN PEDRO,"100,0","95,2",438,440
080608,CUSCO,CANCHIS,TINTA,"100,0","100,0",457,471
080701,CUSCO,CHUMBIVILCAS,SANTO TOMAS,"100,0","99,8",445,443
080702,CUSCO,CHUMBIVILCAS,CAPACMARCA,"100,0","98,2",403,408
080703,CUSCO,CHUMBIVILCAS,CHAMACA,"100,0","100,0",467,458
080704,CUSCO,CHUMBIVILCAS,COLQUEMARCA,"100,0","98,9",420,436
080705,CUSCO,CHUMBIVILCAS,LIVITACA,"100,0","97,9",382,387
080706,CUSCO,CHUMBIVILCAS,LLUSCO,"100,0","97,4",416,433
080707,CUSCO,CHUMBIVILCAS,QUIÑOTA,"100,0","97,6",389,409
080708,CUSCO,CHUMBIVILCAS,VELILLE,"100,0","100,0",466,469
080801,CUSCO,ESPINAR,ESPINAR,"100,0","99,0",492,499
080802,CUSCO,ESPINAR,CONDOROMA,"100,0","100,0",502,500
080803,CUSCO,ESPINAR,COPORAQUE,"100,0","100,0",421,400
080804,CUSCO,ESPINAR,OCORURO,"100,0","100,0",382,373
080805,CUSCO,ESPINAR,PALLPATA,"100,0","100,0",455,474
080806,CUSCO,ESPINAR,PICHIGUA,"100,0","100,0",439,486
080807,CUSCO,ESPINAR,SUYCKUTAMBO,"100,0","60,0",-,-
080808,CUSCO,ESPINAR,ALTO PICHIGUA,"100,0","100,0",362,348
080901,CUSCO,LA CONVENCIÓN,SANTA ANA,"100,0","98,6",491,481
080902,CUSCO,LA CONVENCIÓN,ECHARATE,"97,1","96,5",440,430
080903,CUSCO,LA CONVENCIÓN,HUAYOPATA,"100,0","98,4",506,507
080904,CUSCO,LA CONVENCIÓN,MARANURA,"100,0","95,8",467,450
080905,CUSCO,LA CONVENCIÓN,OCOBAMBA,"100,0","100,0",463,478
080906,CUSCO,LA CONVENCIÓN,QUELLOUNO,"100,0","95,7",428,429
080907,CUSCO,LA CONVENCIÓN,KIMBIRI,"100,0","96,1",416,417
080908,CUSCO,LA CONVENCIÓN,SANTA TERESA,"100,0","95,9",458,457
080909,CUSCO,LA CONVENCIÓN,VILCABAMBA,"100,0","99,5",429,415
080910,CUSCO,LA CONVENCIÓN,PICHARI,"100,0","96,4",423,420
080911,CUSCO,LA CONVENCIÓN,INKAWASI,"100,0","100,0",436,425
080912,CUSCO,LA CONVENCIÓN,VILLA VIRGEN,"100,0","97,6",414,396
081001,CUSCO,PARURO,PARURO,"100,0","100,0",433,416
081002,CUSCO,PARURO,ACCHA,"100,0","100,0",415,418
081003,CUSCO,PARURO,CCAPI,"100,0","100,0",398,376
081004,CUSCO,PARURO,COLCHA,"100,0","100,0",444,433
081005,CUSCO,PARURO,HUANOQUITE,"100,0","97,8",430,416
081006,CUSCO,PARURO,OMACHA,"100,0","98,6",351,340
081007,CUSCO,PARURO,PACCARITAMBO,"100,0","100,0",367,364
081008,CUSCO,PARURO,PILLPINTO,"100,0","100,0",432,401
081009,CUSCO,PARURO,YAURISQUE,"100,0","100,0",414,403
081101,CUSCO,PAUCARTAMBO,PAUCARTAMBO,"100,0","100,0",429,450
081102,CUSCO,PAUCARTAMBO,CAICAY,"100,0","100,0",403,418
081103,CUSCO,PAUCARTAMBO,CHALLABAMBA,"100,0","97,4",416,434
081104,CUSCO,PAUCARTAMBO,COLQUEPATA,"100,0","98,9",403,432
081105,CUSCO,PAUCARTAMBO,HUANCARANI,"100,0","98,3",435,410
081106,CUSCO,PAUCARTAMBO,KOSÑIPATA,"66,7","91,2",-,-
081201,CUSCO,QUISPICANCHI,URCOS,"100,0","99,4",501,496
081202,CUSCO,QUISPICANCHI,ANDAHUAYLILLAS,"100,0","99,3",475,480
081203,CUSCO,QUISPICANCHI,CAMANTI,"100,0","100,0",439,428
081204,CUSCO,QUISPICANCHI,CCARHUAYO,"100,0","100,0",454,449
081205,CUSCO,QUISPICANCHI,CCATCA,"100,0","100,0",402,409
081206,CUSCO,QUISPICANCHI,CUSIPATA,"100,0","98,4",472,472
081207,CUSCO,QUISPICANCHI,HUARO,"100,0","100,0",421,393
081208,CUSCO,QUISPICANCHI,LUCRE,"100,0","100,0",443,443
081209,CUSCO,QUISPICANCHI,MARCAPATA,"100,0","100,0",429,450
081210,CUSCO,QUISPICANCHI,OCONGATE,"100,0","98,6",446,461
081211,CUSCO,QUISPICANCHI,OROPESA,"100,0","97,0",445,431
081212,CUSCO,QUISPICANCHI,QUIQUIJANA,"100,0","99,0",422,447
081301,CUSCO,URUBAMBA,URUBAMBA,"100,0","91,5",488,474
081302,CUSCO,URUBAMBA,CHINCHERO,"100,0","100,0",455,472
081303,CUSCO,URUBAMBA,HUAYLLABAMBA,"100,0","100,0",462,480
081304,CUSCO,URUBAMBA,MACHUPICCHU,"100,0","100,0",482,469
081305,CUSCO,URUBAMBA,MARAS,"100,0","98,9",420,424
081306,CUSCO,URUBAMBA,OLLANTAYTAMBO,"100,0","100,0",440,443
081307,CUSCO,URUBAMBA,YUCAY,"100,0","100,0",478,463
090101,HUANCAVELICA,HUANCAVELICA,HUANCAVELICA,"100,0","98,8",503,497
090102,HUANCAVELICA,HUANCAVELICA,ACOBAMBILLA,"100,0","100,0",336,337
090103,HUANCAVELICA,HUANCAVELICA,ACORIA,"100,0","100,0",428,432
090104,HUANCAVELICA,HUANCAVELICA,CONAYCA,"100,0","100,0",416,410
090105,HUANCAVELICA,HUANCAVELICA,CUENCA,"100,0","96,8",446,480
090106,HUANCAVELICA,HUANCAVELICA,HUACHOCOLPA,"100,0","96,9",465,487
090107,HUANCAVELICA,HUANCAVELICA,HUAYLLAHUARA,"100,0","100,0",459,408
090108,HUANCAVELICA,HUANCAVELICA,IZCUCHACA,"100,0","100,0",516,539
090109,HUANCAVELICA,HUANCAVELICA,LARIA,"100,0","85,7",481,430
090110,HUANCAVELICA,HUANCAVELICA,MANTA,"100,0","100,0",389,351
090111,HUANCAVELICA,HUANCAVELICA,MARISCAL CACERES,"100,0","100,0",469,494
090112,HUANCAVELICA,HUANCAVELICA,MOYA,"100,0","100,0",516,490
090113,HUANCAVELICA,HUANCAVELICA,NUEVO OCCORO,"100,0","100,0",461,517
090114,HUANCAVELICA,HUANCAVELICA,PALCA,"100,0","100,0",479,460
090115,HUANCAVELICA,HUANCAVELICA,PILCHACA,"100,0","100,0",423,452
090116,HUANCAVELICA,HUANCAVELICA,VILCA,"100,0","100,0",409,441
090117,HUANCAVELICA,HUANCAVELICA,YAULI,"100,0","98,4",393,408
090118,HUANCAVELICA,HUANCAVELICA,ASCENSION,"100,0","99,1",484,494
090119,HUANCAVELICA,HUANCAVELICA,HUANDO,"100,0","96,5",413,421
090201,HUANCAVELICA,ACOBAMBA,ACOBAMBA,"100,0","99,4",473,479
090202,HUANCAVELICA,ACOBAMBA,ANDABAMBA,"100,0","93,9",432,448
090203,HUANCAVELICA,ACOBAMBA,ANTA,"100,0","100,0",386,423
090204,HUANCAVELICA,ACOBAMBA,CAJA,"100,0","100,0",500,486
090205,HUANCAVELICA,ACOBAMBA,MARCAS,"100,0","100,0",404,370
090206,HUANCAVELICA,ACOBAMBA,PAUCARA,"100,0","100,0",487,518
090207,HUANCAVELICA,ACOBAMBA,POMACOCHA,"100,0","100,0",514,511
090208,HUANCAVELICA,ACOBAMBA,ROSARIO,"100,0","98,2",420,456
090301,HUANCAVELICA,ANGARAES,LIRCAY,"100,0","99,7",495,530
090302,HUANCAVELICA,ANGARAES,ANCHONGA,"100,0","100,0",435,448
090303,HUANCAVELICA,ANGARAES,CALLANMARCA,"100,0","100,0",495,600
090304,HUANCAVELICA,ANGARAES,CCOCHACCASA,"100,0","100,0",481,515
090305,HUANCAVELICA,ANGARAES,CHINCHO,"100,0","100,0",498,579
090306,HUANCAVELICA,ANGARAES,CONGALLA,"100,0","100,0",487,528
090307,HUANCAVELICA,ANGARAES,HUANCA-HUANCA,"100,0","93,2",449,509
090308,HUANCAVELICA,ANGARAES,HUAYLLAY GRANDE,"100,0","100,0",390,436
090309,HUANCAVELICA,ANGARAES,JULCAMARCA,"100,0","100,0",475,499
090310,HUANCAVELICA,ANGARAES,SAN ANTONIO DE ANTAPARCO,"100,0","100,0",445,449
090311,HUANCAVELICA,ANGARAES,SANTO TOMAS DE PATA,"100,0","100,0",414,430
090312,HUANCAVELICA,ANGARAES,SECCLLA,"100,0","91,7",361,377
090401,HUANCAVELICA,CASTROVIRREYNA,CASTROVIRREYNA,"100,0","96,7",437,405
090402,HUANCAVELICA,CASTROVIRREYNA,ARMA,"100,0","57,1",-,-
090403,HUANCAVELICA,CASTROVIRREYNA,AURAHUA,"100,0","100,0",457,509
090404,HUANCAVELICA,CASTROVIRREYNA,CAPILLAS,"100,0","100,0",423,427
090405,HUANCAVELICA,CASTROVIRREYNA,CHUPAMARCA,"100,0","100,0",452,460
090406,HUANCAVELICA,CASTROVIRREYNA,COCAS,"100,0","85,7",463,447
090407,HUANCAVELICA,CASTROVIRREYNA,HUACHOS,"100,0","85,7",431,464
090408,HUANCAVELICA,CASTROVIRREYNA,HUAMATAMBO,"100,0","100,0",434,434
090409,HUANCAVELICA,CASTROVIRREYNA,MOLLEPAMPA,"100,0","91,7",410,394
090410,HUANCAVELICA,CASTROVIRREYNA,SAN JUAN,"100,0","100,0",443,452
090413,HUANCAVELICA,CASTROVIRREYNA,TICRAPO,"100,0","94,4",487,467
090501,HUANCAVELICA,CHURCAMPA,CHURCAMPA,"100,0","100,0",485,483
090502,HUANCAVELICA,CHURCAMPA,ANCO,"100,0","99,0",408,426
090503,HUANCAVELICA,CHURCAMPA,CHINCHIHUASI,"100,0","98,1",383,385
090504,HUANCAVELICA,CHURCAMPA,EL CARMEN,"100,0","100,0",396,379
090506,HUANCAVELICA,CHURCAMPA,LOCROJA,"100,0","93,8",399,369
090507,HUANCAVELICA,CHURCAMPA,PAUCARBAMBA,"100,0","100,0",451,451
090508,HUANCAVELICA,CHURCAMPA,SAN MIGUEL DE MAYOCC,"100,0","100,0",515,529
090509,HUANCAVELICA,CHURCAMPA,SAN PEDRO DE CORIS,"100,0","100,0",500,488
090510,HUANCAVELICA,CHURCAMPA,PACHAMARCA,"100,0","100,0",462,484
090511,HUANCAVELICA,CHURCAMPA,COSME,"100,0","97,8",428,453
090601,HUANCAVELICA,HUAYTARÁ,HUAYTARA,"100,0","92,9",489,453
090603,HUANCAVELICA,HUAYTARÁ,CORDOVA,"100,0","100,0",387,403
090605,HUANCAVELICA,HUAYTARÁ,LARAMARCA,"100,0","100,0",461,459
090606,HUANCAVELICA,HUAYTARÁ,OCOYO,"100,0","100,0",442,456
090607,HUANCAVELICA,HUAYTARÁ,PILPICHACA,"100,0","96,3",447,413
090608,HUANCAVELICA,HUAYTARÁ,QUERCO,"100,0","100,0",491,475
090610,HUANCAVELICA,HUAYTARÁ,SAN ANTONIO DE CUSICANCHA,"100,0","96,9",512,509
090611,HUANCAVELICA,HUAYTARÁ,SAN FRANCISCO DE SANGAYAICO,"100,0","100,0",496,420
090612,HUANCAVELICA,HUAYTARÁ,SAN ISIDRO,"100,0","83,3",551,560
090613,HUANCAVELICA,HUAYTARÁ,SANTIAGO DE CHOCORVOS,"100,0","94,4",485,496
090614,HUANCAVELICA,HUAYTARÁ,SANTIAGO DE QUIRAHUARA,"100,0","66,7",-,-
090701,HUANCAVELICA,TAYACAJA,PAMPAS,"100,0","98,6",499,511
090702,HUANCAVELICA,TAYACAJA,ACOSTAMBO,"100,0","98,3",432,411
090703,HUANCAVELICA,TAYACAJA,ACRAQUIA,"100,0","97,2",399,410
090704,HUANCAVELICA,TAYACAJA,AHUAYCHA,"100,0","94,5",454,446
090705,HUANCAVELICA,TAYACAJA,COLCABAMBA,"100,0","94,8",426,434
090706,HUANCAVELICA,TAYACAJA,DANIEL HERNANDEZ,"100,0","96,7",415,428
090707,HUANCAVELICA,TAYACAJA,HUACHOCOLPA,"100,0","100,0",460,455
090709,HUANCAVELICA,TAYACAJA,HUARIBAMBA,"100,0","97,9",414,426
090710,HUANCAVELICA,TAYACAJA,ÑAHUIMPUQUIO,"100,0","91,3",450,439
090711,HUANCAVELICA,TAYACAJA,PAZOS,"100,0","95,7",411,427
090713,HUANCAVELICA,TAYACAJA,QUISHUAR,"100,0","100,0",504,531
090714,HUANCAVELICA,TAYACAJA,SALCABAMBA,"100,0","98,6",460,458
090715,HUANCAVELICA,TAYACAJA,SALCAHUASI,"100,0","100,0",434,419
090716,HUANCAVELICA,TAYACAJA,SAN MARCOS DE ROCCHAC,"100,0","100,0",455,468
090717,HUANCAVELICA,TAYACAJA,SURCUBAMBA,"100,0","96,4",416,428
090718,HUANCAVELICA,TAYACAJA,TINTAY PUNCU,"100,0","100,0",434,463
090719,HUANCAVELICA,TAYACAJA,QUICHUAS,"100,0","94,8",420,444
090720,HUANCAVELICA,TAYACAJA,ANDAYMARCA,"100,0","97,3",381,372
100101,HUÁNUCO,HUÁNUCO,HUANUCO,"100,0","96,3",491,474
100102,HUÁNUCO,HUÁNUCO,AMARILIS,"100,0","97,1",477,464
100103,HUÁNUCO,HUÁNUCO,CHINCHAO,"100,0","94,9",416,413
100104,HUÁNUCO,HUÁNUCO,CHURUBAMBA,"100,0","95,9",365,365
100105,HUÁNUCO,HUÁNUCO,MARGOS,"100,0","98,0",370,356
100106,HUÁNUCO,HUÁNUCO,QUISQUI (KICHKI),"100,0","89,9",380,397
100107,HUÁNUCO,HUÁNUCO,SAN FRANCISCO DE CAYRAN,"100,0","94,4",440,456
100108,HUÁNUCO,HUÁNUCO,SAN PEDRO DE CHAULAN,"100,0","95,2",409,410
100109,HUÁNUCO,HUÁNUCO,SANTA MARIA DEL VALLE,"100,0","94,8",378,385
100110,HUÁNUCO,HUÁNUCO,YARUMAYO,"100,0","100,0",330,324
100111,HUÁNUCO,HUÁNUCO,PILLCO MARCA,"100,0","97,6",480,475
100112,HUÁNUCO,HUÁNUCO,YACUS,"100,0","100,0",375,372
100113,HUÁNUCO,HUÁNUCO,SAN PABLO DE PILLAO,"100,0","94,9",408,395
100201,HUÁNUCO,AMBO,AMBO,"100,0","98,2",445,439
100202,HUÁNUCO,AMBO,CAYNA,"100,0","100,0",478,499
100203,HUÁNUCO,AMBO,COLPAS,"100,0","100,0",410,418
100204,HUÁNUCO,AMBO,CONCHAMARCA,"100,0","97,0",421,440
100205,HUÁNUCO,AMBO,HUACAR,"100,0","98,9",435,435
100206,HUÁNUCO,AMBO,SAN FRANCISCO,"100,0","100,0",438,447
100207,HUÁNUCO,AMBO,SAN RAFAEL,"100,0","97,3",409,417
100208,HUÁNUCO,AMBO,TOMAY KICHWA,"100,0","98,6",460,452
100301,HUÁNUCO,DOS DE MAYO,LA UNION,"100,0","97,3",447,436
100307,HUÁNUCO,DOS DE MAYO,CHUQUIS,"100,0","100,0",375,382
100311,HUÁNUCO,DOS DE MAYO,MARIAS,"92,9","84,1",364,362
100313,HUÁNUCO,DOS DE MAYO,PACHAS,"100,0","96,2",429,440
100316,HUÁNUCO,DOS DE MAYO,QUIVILLA,"100,0","100,0",488,452
100317,HUÁNUCO,DOS DE MAYO,RIPAN,"100,0","99,0",449,468
100321,HUÁNUCO,DOS DE MAYO,SHUNQUI,"100,0","100,0",426,454
100322,HUÁNUCO,DOS DE MAYO,SILLAPATA,"100,0","96,7",434,431
100323,HUÁNUCO,DOS DE MAYO,YANAS,"100,0","98,6",399,398
100401,HUÁNUCO,HUACAYBAMBA,HUACAYBAMBA,"100,0","98,9",387,368
100402,HUÁNUCO,HUACAYBAMBA,CANCHABAMBA,"100,0","100,0",380,358
100403,HUÁNUCO,HUACAYBAMBA,COCHABAMBA,"100,0","100,0",354,343
100404,HUÁNUCO,HUACAYBAMBA,PINRA,"100,0","97,4",399,393
100501,HUÁNUCO,HUAMALÍES,LLATA,"100,0","98,6",410,397
100502,HUÁNUCO,HUAMALÍES,ARANCAY,"100,0","100,0",397,394
100503,HUÁNUCO,HUAMALÍES,CHAVIN DE PARIARCA,"100,0","98,7",400,378
100504,HUÁNUCO,HUAMALÍES,JACAS GRANDE,"100,0","99,1",407,386
100505,HUÁNUCO,HUAMALÍES,JIRCAN,"100,0","100,0",367,382
100506,HUÁNUCO,HUAMALÍES,MIRAFLORES,"100,0","97,2",396,380
100507,HUÁNUCO,HUAMALÍES,MONZON,"100,0","97,0",433,431
100508,HUÁNUCO,HUAMALÍES,PUNCHAO,"100,0","98,3",399,389
100509,HUÁNUCO,HUAMALÍES,PUÑOS,"100,0","98,6",372,362
100510,HUÁNUCO,HUAMALÍES,SINGA,"100,0","95,1",389,382
100511,HUÁNUCO,HUAMALÍES,TANTAMAYO,"100,0","100,0",405,400
100601,HUÁNUCO,LEONCIO PRADO,RUPA-RUPA,"100,0","97,9",474,460
100602,HUÁNUCO,LEONCIO PRADO,DANIEL ALOMIA ROBLES,"100,0","97,2",438,422
100603,HUÁNUCO,LEONCIO PRADO,HERMILIO VALDIZAN,"100,0","95,2",448,434
100604,HUÁNUCO,LEONCIO PRADO,JOSE CRESPO Y CASTILLO,"100,0","96,3",443,428
100605,HUÁNUCO,LEONCIO PRADO,LUYANDO,"100,0","96,2",443,426
100606,HUÁNUCO,LEONCIO PRADO,MARIANO DAMASO BERAUN,"100,0","95,2",434,440
100607,HUÁNUCO,LEONCIO PRADO,PUCAYACU,"100,0","96,3",417,411
100608,HUÁNUCO,LEONCIO PRADO,CASTILLO GRANDE,"100,0","99,1",468,440
100701,HUÁNUCO,MARAÑÓN,HUACRACHUCO,"100,0","97,2",402,409
100702,HUÁNUCO,MARAÑÓN,CHOLON,"100,0","94,0",406,421
100703,HUÁNUCO,MARAÑÓN,SAN BUENAVENTURA,"100,0","98,5",352,352
100704,HUÁNUCO,MARAÑÓN,LA MORADA,"100,0","91,2",458,453
100705,HUÁNUCO,MARAÑÓN,SANTA ROSA DE ALTO YANAJANCA,"100,0","84,6",430,428
100801,HUÁNUCO,PACHITEA,PANAO,"100,0","97,2",392,400
100802,HUÁNUCO,PACHITEA,CHAGLLA,"94,7","95,0",430,435
100803,HUÁNUCO,PACHITEA,MOLINO,"100,0","97,0",452,458
100804,HUÁNUCO,PACHITEA,UMARI,"100,0","97,1",397,421
100901,HUÁNUCO,PUERTO INCA,PUERTO INCA,"100,0","94,9",436,423
100902,HUÁNUCO,PUERTO INCA,CODO DEL POZUZO,"100,0","96,5",436,432
100903,HUÁNUCO,PUERTO INCA,HONORIA,"100,0","93,5",415,390
100904,HUÁNUCO,PUERTO INCA,TOURNAVISTA,"100,0","95,5",406,394
100905,HUÁNUCO,PUERTO INCA,YUYAPICHIS,"100,0","94,9",448,446
101001,HUÁNUCO,LAURICOCHA,JESUS,"100,0","100,0",435,420
101002,HUÁNUCO,LAURICOCHA,BAÑOS,"100,0","95,3",416,397
101003,HUÁNUCO,LAURICOCHA,JIVIA,"100,0","91,7",404,396
101004,HUÁNUCO,LAURICOCHA,QUEROPALCA,"100,0","100,0",700,673
101005,HUÁNUCO,LAURICOCHA,RONDOS,"100,0","97,6",395,380
101006,HUÁNUCO,LAURICOCHA,SAN FRANCISCO DE ASIS,"100,0","96,2",411,384
101007,HUÁNUCO,LAURICOCHA,SAN MIGUEL DE CAURI,"100,0","97,2",401,407
101101,HUÁNUCO,YAROWILCA,CHAVINILLO,"100,0","98,6",401,393
101102,HUÁNUCO,YAROWILCA,CAHUAC,"100,0","100,0",487,484
101103,HUÁNUCO,YAROWILCA,CHACABAMBA,"100,0","100,0",396,377
101104,HUÁNUCO,YAROWILCA,APARICIO POMARES,"100,0","99,3",403,412
101105,HUÁNUCO,YAROWILCA,JACAS CHICO,"100,0","85,7",353,347
101106,HUÁNUCO,YAROWILCA,OBAS,"100,0","95,9",389,372
101107,HUÁNUCO,YAROWILCA,PAMPAMARCA,"100,0","100,0",383,413
101108,HUÁNUCO,YAROWILCA,CHORAS,"100,0","98,0",415,408
110101,ICA,ICA,ICA,"100,0","97,4",512,497
110102,ICA,ICA,LA TINGUIÑA,"100,0","97,9",486,481
110103,ICA,ICA,LOS AQUIJES,"100,0","97,4",472,471
110104,ICA,ICA,OCUCAJE,"100,0","93,5",434,414
110105,ICA,ICA,PACHACUTEC,"100,0","96,8",442,450
110106,ICA,ICA,PARCONA,"100,0","96,8",488,477
110107,ICA,ICA,PUEBLO NUEVO,"100,0","98,6",470,477
110108,ICA,ICA,SALAS,"100,0","97,4",473,488
110109,ICA,ICA,SAN JOSE DE LOS MOLINOS,"100,0","100,0",469,464
110110,ICA,ICA,SAN JUAN BAUTISTA,"100,0","96,4",495,492
110111,ICA,ICA,SANTIAGO,"100,0","96,0",483,485
110112,ICA,ICA,SUBTANJALLA,"100,0","97,5",486,466
110113,ICA,ICA,TATE,"100,0","97,9",495,517
110201,ICA,CHINCHA,CHINCHA ALTA,"100,0","98,0",493,481
110202,ICA,CHINCHA,ALTO LARAN,"100,0","94,9",501,460
110204,ICA,CHINCHA,CHINCHA BAJA,"100,0","99,5",463,455
110205,ICA,CHINCHA,EL CARMEN,"100,0","98,8",452,444
110206,ICA,CHINCHA,GROCIO PRADO,"100,0","91,1",458,455
110207,ICA,CHINCHA,PUEBLO NUEVO,"100,0","97,3",474,463
110209,ICA,CHINCHA,SAN PEDRO DE HUACARPANA,"100,0","100,0",417,398
110210,ICA,CHINCHA,SUNAMPE,"100,0","98,7",460,449
110211,ICA,CHINCHA,TAMBO DE MORA,"100,0","94,7",436,419
110301,ICA,NAZCA,NASCA,"100,0","99,4",520,531
110302,ICA,NAZCA,CHANGUILLO,"100,0","100,0",491,546
110303,ICA,NAZCA,EL INGENIO,"100,0","98,1",474,461
110304,ICA,NAZCA,MARCONA,"100,0","99,6",515,517
110305,ICA,NAZCA,VISTA ALEGRE,"100,0","98,9",518,526
110401,ICA,PALPA,PALPA,"100,0","97,4",477,511
110402,ICA,PALPA,LLIPATA,"100,0","100,0",453,437
110403,ICA,PALPA,RIO GRANDE,"100,0","100,0",499,561
110404,ICA,PALPA,SANTA CRUZ,"100,0","100,0",606,626
110405,ICA,PALPA,TIBILLO,"100,0","100,0",497,539
110501,ICA,PISCO,PISCO,"100,0","97,1",495,482
110502,ICA,PISCO,HUANCANO,"100,0","100,0",413,410
110503,ICA,PISCO,HUMAY,"100,0","98,9",457,457
110504,ICA,PISCO,INDEPENDENCIA,"100,0","99,6",475,468
110505,ICA,PISCO,PARACAS,"100,0","91,1",482,474
110506,ICA,PISCO,SAN ANDRES,"100,0","97,8",516,490
110507,ICA,PISCO,SAN CLEMENTE,"100,0","96,7",468,455
110508,ICA,PISCO,TUPAC AMARU INCA,"100,0","96,7",482,471
120101,JUNÍN,HUANCAYO,HUANCAYO,"100,0","97,3",539,531
120105,JUNÍN,HUANCAYO,CHACAPAMPA,"100,0","100,0",410,433
120106,JUNÍN,HUANCAYO,CHICCHE,"100,0","100,0",436,476
120107,JUNÍN,HUANCAYO,CHILCA,"100,0","97,3",497,503
120108,JUNÍN,HUANCAYO,CHONGOS ALTO,"100,0","100,0",434,440
120111,JUNÍN,HUANCAYO,CHUPURO,"100,0","100,0",424,449
120112,JUNÍN,HUANCAYO,COLCA,"100,0","100,0",458,493
120113,JUNÍN,HUANCAYO,CULLHUAS,"100,0","100,0",406,424
120114,JUNÍN,HUANCAYO,EL TAMBO,"100,0","98,1",527,512
120116,JUNÍN,HUANCAYO,HUACRAPUQUIO,"100,0","95,7",454,439
120117,JUNÍN,HUANCAYO,HUALHUAS,"100,0","98,0",462,464
120119,JUNÍN,HUANCAYO,HUANCAN,"100,0","99,1",462,460
120120,JUNÍN,HUANCAYO,HUASICANCHA,"100,0","100,0",475,474
120121,JUNÍN,HUANCAYO,HUAYUCACHI,"100,0","99,5",483,500
120122,JUNÍN,HUANCAYO,INGENIO,"100,0","100,0",497,482
120124,JUNÍN,HUANCAYO,PARIAHUANCA,"100,0","96,6",422,413
120125,JUNÍN,HUANCAYO,PILCOMAYO,"100,0","97,8",489,490
120126,JUNÍN,HUANCAYO,PUCARA,"100,0","100,0",435,435
120127,JUNÍN,HUANCAYO,QUICHUAY,"100,0","93,3",426,403
120128,JUNÍN,HUANCAYO,QUILCAS,"100,0","90,9",493,506
120129,JUNÍN,HUANCAYO,SAN AGUSTIN,"100,0","96,6",477,483
120130,JUNÍN,HUANCAYO,SAN JERONIMO DE TUNAN,"100,0","95,7",501,490
120132,JUNÍN,HUANCAYO,SAÑO,"100,0","92,0",512,550
120133,JUNÍN,HUANCAYO,SAPALLANGA,"100,0","98,3",465,467
120134,JUNÍN,HUANCAYO,SICAYA,"100,0","96,2",486,494
120135,JUNÍN,HUANCAYO,SANTO DOMINGO DE ACOBAMBA,"100,0","96,6",398,413
120136,JUNÍN,HUANCAYO,VIQUES,"100,0","95,9",486,455
120201,JUNÍN,CONCEPCIÓN,CONCEPCION,"100,0","98,0",487,478
120202,JUNÍN,CONCEPCIÓN,ACO,"100,0","100,0",441,438
120203,JUNÍN,CONCEPCIÓN,ANDAMARCA,"100,0","95,5",375,386
120204,JUNÍN,CONCEPCIÓN,CHAMBARA,"100,0","100,0",410,367
120205,JUNÍN,CONCEPCIÓN,COCHAS,"100,0","97,6",393,384
120206,JUNÍN,CONCEPCIÓN,COMAS,"100,0","93,7",443,466
120207,JUNÍN,CONCEPCIÓN,HEROINAS TOLEDO,"100,0","100,0",386,372
120208,JUNÍN,CONCEPCIÓN,MANZANARES,"100,0","100,0",463,482
120209,JUNÍN,CONCEPCIÓN,MARISCAL CASTILLA,"100,0","100,0",407,375
120210,JUNÍN,CONCEPCIÓN,MATAHUASI,"100,0","96,7",467,451
120211,JUNÍN,CONCEPCIÓN,MITO,"100,0","94,7",486,478
120212,JUNÍN,CONCEPCIÓN,NUEVE DE JULIO,"100,0","100,0",454,459
120213,JUNÍN,CONCEPCIÓN,ORCOTUNA,"100,0","93,5",445,463
120214,JUNÍN,CONCEPCIÓN,SAN JOSE DE QUERO,"100,0","96,4",412,425
120215,JUNÍN,CONCEPCIÓN,SANTA ROSA DE OCOPA,"100,0","95,5",521,470
120301,JUNÍN,CHANCHAMAYO,CHANCHAMAYO,"100,0","97,8",513,513
120302,JUNÍN,CHANCHAMAYO,PERENE,"100,0","97,6",454,450
120303,JUNÍN,CHANCHAMAYO,PICHANAQUI,"100,0","95,6",481,480
120304,JUNÍN,CHANCHAMAYO,SAN LUIS DE SHUARO,"100,0","93,0",471,454
120305,JUNÍN,CHANCHAMAYO,SAN RAMON,"100,0","98,5",506,501
120306,JUNÍN,CHANCHAMAYO,VITOC,"100,0","100,0",443,395
120401,JUNÍN,JAUJA,JAUJA,"100,0","98,1",516,511
120402,JUNÍN,JAUJA,ACOLLA,"100,0","100,0",485,477
120403,JUNÍN,JAUJA,APATA,"100,0","98,0",423,448
120404,JUNÍN,JAUJA,ATAURA,"100,0","100,0",456,437
120405,JUNÍN,JAUJA,CANCHAYLLO,"100,0","100,0",480,472
120406,JUNÍN,JAUJA,CURICACA,"100,0","92,3",497,497
120407,JUNÍN,JAUJA,EL MANTARO,"100,0","100,0",462,482
120408,JUNÍN,JAUJA,HUAMALI,"100,0","100,0",488,497
120409,JUNÍN,JAUJA,HUARIPAMPA,"100,0","100,0",513,581
120410,JUNÍN,JAUJA,HUERTAS,"100,0","88,9",473,482
120411,JUNÍN,JAUJA,JANJAILLO,"100,0","100,0",504,504
120412,JUNÍN,JAUJA,JULCAN,"100,0","100,0",407,405
120413,JUNÍN,JAUJA,LEONOR ORDOÑEZ,"100,0","100,0",436,402
120414,JUNÍN,JAUJA,LLOCLLAPAMPA,"100,0","100,0",475,442
120415,JUNÍN,JAUJA,MARCO,"100,0","86,7",497,485
120416,JUNÍN,JAUJA,MASMA,"100,0","100,0",422,437
120417,JUNÍN,JAUJA,MASMA CHICCHE,"100,0","100,0",442,423
120418,JUNÍN,JAUJA,MOLINOS,"100,0","100,0",435,420
120419,JUNÍN,JAUJA,MONOBAMBA,"100,0","100,0",459,438
120420,JUNÍN,JAUJA,MUQUI,"100,0","100,0",482,487
120421,JUNÍN,JAUJA,MUQUIYAUYO,"100,0","93,9",428,437
120423,JUNÍN,JAUJA,PACCHA,"100,0","72,7",-,-
120424,JUNÍN,JAUJA,PANCAN,"100,0","100,0",543,528
120425,JUNÍN,JAUJA,PARCO,"100,0","100,0",531,522
120426,JUNÍN,JAUJA,POMACANCHA,"100,0","100,0",482,488
120427,JUNÍN,JAUJA,RICRAN,"100,0","100,0",388,385
120428,JUNÍN,JAUJA,SAN LORENZO,"100,0","100,0",482,466
120430,JUNÍN,JAUJA,SAUSA,"100,0","95,2",442,434
120431,JUNÍN,JAUJA,SINCOS,"100,0","98,5",439,443
120432,JUNÍN,JAUJA,TUNAN MARCA,"100,0","86,7",481,483
120433,JUNÍN,JAUJA,YAULI,"100,0","100,0",507,521
120434,JUNÍN,JAUJA,YAUYOS,"100,0","84,2",462,439
120501,JUNÍN,JUNÍN,JUNIN,"100,0","99,5",523,520
120502,JUNÍN,JUNÍN,CARHUAMAYO,"100,0","99,0",439,445
120503,JUNÍN,JUNÍN,ONDORES,"100,0","100,0",487,559
120504,JUNÍN,JUNÍN,ULCUMAYO,"100,0","100,0",403,383
120601,JUNÍN,SATIPO,SATIPO,"100,0","98,7",472,470
120602,JUNÍN,SATIPO,COVIRIALI,"100,0","94,4",504,516
120603,JUNÍN,SATIPO,LLAYLLA,"100,0","100,0",468,470
120604,JUNÍN,SATIPO,MAZAMARI,"100,0","96,7",455,439
120605,JUNÍN,SATIPO,PAMPA HERMOSA,"100,0","97,1",508,496
120606,JUNÍN,SATIPO,PANGOA,"100,0","97,6",452,449
120607,JUNÍN,SATIPO,RIO NEGRO,"100,0","98,4",437,426
120608,JUNÍN,SATIPO,RIO TAMBO,"100,0","94,6",433,418
120701,JUNÍN,TARMA,TARMA,"100,0","96,5",509,490
120702,JUNÍN,TARMA,ACOBAMBA,"100,0","97,0",470,475
120703,JUNÍN,TARMA,HUARICOLCA,"100,0","96,6",445,462
120704,JUNÍN,TARMA,HUASAHUASI,"100,0","97,8",452,454
120705,JUNÍN,TARMA,LA UNION,"100,0","100,0",455,460
120706,JUNÍN,TARMA,PALCA,"100,0","98,8",414,415
120707,JUNÍN,TARMA,PALCAMAYO,"100,0","98,0",478,467
120708,JUNÍN,TARMA,SAN PEDRO DE CAJAS,"100,0","100,0",473,456
120709,JUNÍN,TARMA,TAPO,"100,0","100,0",387,367
120801,JUNÍN,YAULI,LA OROYA,"100,0","98,8",515,505
120803,JUNÍN,YAULI,HUAY-HUAY,"100,0","100,0",501,514
120804,JUNÍN,YAULI,MARCAPOMACOCHA,"100,0","88,9",443,406
120805,JUNÍN,YAULI,MOROCOCHA,"100,0","98,9",480,494
120806,JUNÍN,YAULI,PACCHA,"100,0","100,0",548,512
120807,JUNÍN,YAULI,SANTA BARBARA DE CARHUACAYAN,"100,0","100,0",392,399
120808,JUNÍN,YAULI,SANTA ROSA DE SACCO,"100,0","100,0",530,517
120809,JUNÍN,YAULI,SUITUCANCHA,"100,0","100,0",480,460
120810,JUNÍN,YAULI,YAULI,"100,0","95,2",489,485
120901,JUNÍN,CHUPACA,CHUPACA,"100,0","98,7",489,491
120902,JUNÍN,CHUPACA,AHUAC,"100,0","98,8",468,483
120903,JUNÍN,CHUPACA,CHONGOS BAJO,"100,0","95,7",454,447
120904,JUNÍN,CHUPACA,HUACHAC,"100,0","100,0",484,494
120905,JUNÍN,CHUPACA,HUAMANCACA CHICO,"100,0","96,7",470,461
120906,JUNÍN,CHUPACA,SAN JUAN DE ISCOS,"100,0","100,0",468,484
120907,JUNÍN,CHUPACA,SAN JUAN DE JARPA,"100,0","97,6",439,454
120908,JUNÍN,CHUPACA,TRES DE DICIEMBRE,"100,0","96,6",462,460
120909,JUNÍN,CHUPACA,YANACANCHA,"100,0","97,9",421,405
130101,LA LIBERTAD,TRUJILLO,TRUJILLO,"100,0","96,0",514,487
130102,LA LIBERTAD,TRUJILLO,EL PORVENIR,"100,0","96,0",489,480
130103,LA LIBERTAD,TRUJILLO,FLORENCIA DE MORA,"100,0","96,6",490,475
130104,LA LIBERTAD,TRUJILLO,HUANCHACO,"100,0","95,3",479,463
130105,LA LIBERTAD,TRUJILLO,LA ESPERANZA,"100,0","96,3",491,477
130106,LA LIBERTAD,TRUJILLO,LAREDO,"100,0","95,9",474,459
130107,LA LIBERTAD,TRUJILLO,MOCHE,"100,0","94,6",489,471
130108,LA LIBERTAD,TRUJILLO,POROTO,"100,0","96,4",406,378
130109,LA LIBERTAD,TRUJILLO,SALAVERRY,"100,0","93,6",495,477
130110,LA LIBERTAD,TRUJILLO,SIMBAL,"100,0","95,9",497,463
130111,LA LIBERTAD,TRUJILLO,VICTOR LARCO HERRERA,"100,0","95,5",516,477
130201,LA LIBERTAD,ASCOPE,ASCOPE,"100,0","98,2",468,441
130202,LA LIBERTAD,ASCOPE,CHICAMA,"100,0","98,0",484,470
130203,LA LIBERTAD,ASCOPE,CHOCOPE,"100,0","98,0",481,465
130204,LA LIBERTAD,ASCOPE,MAGDALENA DE CAO,"100,0","100,0",487,487
130205,LA LIBERTAD,ASCOPE,PAIJAN,"100,0","97,3",482,479
130206,LA LIBERTAD,ASCOPE,RAZURI,"100,0","97,9",473,464
130207,LA LIBERTAD,ASCOPE,SANTIAGO DE CAO,"100,0","96,8",478,473
130208,LA LIBERTAD,ASCOPE,CASA GRANDE,"100,0","93,2",465,443
130301,LA LIBERTAD,BOLÍVAR,BOLIVAR,"100,0","86,8",408,432
130302,LA LIBERTAD,BOLÍVAR,BAMBAMARCA,"100,0","93,7",366,355
130303,LA LIBERTAD,BOLÍVAR,CONDORMARCA,"100,0","93,8",384,362
130304,LA LIBERTAD,BOLÍVAR,LONGOTEA,"100,0","97,5",492,521
130305,LA LIBERTAD,BOLÍVAR,UCHUMARCA,"100,0","87,0",456,429
130306,LA LIBERTAD,BOLÍVAR,UCUNCHA,"100,0","96,8",447,410
130401,LA LIBERTAD,CHEPÉN,CHEPEN,"100,0","98,1",487,471
130402,LA LIBERTAD,CHEPÉN,PACANGA,"100,0","97,5",457,443
130403,LA LIBERTAD,CHEPÉN,PUEBLO NUEVO,"100,0","97,3",463,445
130501,LA LIBERTAD,JULCÁN,JULCAN,"100,0","97,7",423,421
130502,LA LIBERTAD,JULCÁN,CALAMARCA,"100,0","100,0",406,405
130503,LA LIBERTAD,JULCÁN,CARABAMBA,"100,0","97,3",428,434
130504,LA LIBERTAD,JULCÁN,HUASO,"100,0","95,4",376,377
130601,LA LIBERTAD,OTUZCO,OTUZCO,"100,0","98,0",459,474
130602,LA LIBERTAD,OTUZCO,AGALLPAMPA,"100,0","97,8",429,433
130604,LA LIBERTAD,OTUZCO,CHARAT,"66,7","71,0",-,-
130605,LA LIBERTAD,OTUZCO,HUARANCHAL,"100,0","98,5",478,484
130606,LA LIBERTAD,OTUZCO,LA CUESTA,"100,0","100,0",461,389
130608,LA LIBERTAD,OTUZCO,MACHE,"100,0","96,3",440,441
130610,LA LIBERTAD,OTUZCO,PARANDAY,"100,0","71,4",-,-
130611,LA LIBERTAD,OTUZCO,SALPO,"100,0","100,0",450,437
130613,LA LIBERTAD,OTUZCO,SINSICAP,"100,0","98,5",391,395
130614,LA LIBERTAD,OTUZCO,USQUIL,"100,0","97,6",446,453
130701,LA LIBERTAD,PACASMAYO,SAN PEDRO DE LLOC,"100,0","98,7",519,502
130702,LA LIBERTAD,PACASMAYO,GUADALUPE,"100,0","98,1",492,484
130703,LA LIBERTAD,PACASMAYO,JEQUETEPEQUE,"100,0","93,3",502,535
130704,LA LIBERTAD,PACASMAYO,PACASMAYO,"100,0","97,7",508,494
130705,LA LIBERTAD,PACASMAYO,SAN JOSE,"100,0","96,7",476,468
130801,LA LIBERTAD,PATAZ,TAYABAMBA,"100,0","96,9",407,404
130802,LA LIBERTAD,PATAZ,BULDIBUYO,"100,0","96,2",409,391
130803,LA LIBERTAD,PATAZ,CHILLIA,"100,0","98,4",391,396
130804,LA LIBERTAD,PATAZ,HUANCASPATA,"100,0","97,3",397,394
130805,LA LIBERTAD,PATAZ,HUAYLILLAS,"100,0","78,1",-,-
130806,LA LIBERTAD,PATAZ,HUAYO,"100,0","97,8",416,411
130807,LA LIBERTAD,PATAZ,ONGON,"100,0","100,0",486,504
130808,LA LIBERTAD,PATAZ,PARCOY,"100,0","96,1",429,432
130809,LA LIBERTAD,PATAZ,PATAZ,"100,0","94,5",456,452
130810,LA LIBERTAD,PATAZ,PIAS,"100,0","89,8",475,480
130811,LA LIBERTAD,PATAZ,SANTIAGO DE CHALLAS,"100,0","100,0",403,414
130812,LA LIBERTAD,PATAZ,TAURIJA,"100,0","94,9",386,376
130813,LA LIBERTAD,PATAZ,URPAY,"100,0","92,9",380,379
130901,LA LIBERTAD,SÁNCHEZ CARRIÓN,HUAMACHUCO,"98,2","91,9",458,463
130902,LA LIBERTAD,SÁNCHEZ CARRIÓN,CHUGAY,"100,0","97,6",406,406
130903,LA LIBERTAD,SÁNCHEZ CARRIÓN,COCHORCO,"100,0","96,3",383,369
130904,LA LIBERTAD,SÁNCHEZ CARRIÓN,CURGOS,"100,0","98,5",416,417
130905,LA LIBERTAD,SÁNCHEZ CARRIÓN,MARCABAL,"100,0","98,2",388,395
130906,LA LIBERTAD,SÁNCHEZ CARRIÓN,SANAGORAN,"100,0","96,9",392,401
130907,LA LIBERTAD,SÁNCHEZ CARRIÓN,SARIN,"100,0","97,4",404,401
130908,LA LIBERTAD,SÁNCHEZ CARRIÓN,SARTIMBAMBA,"100,0","95,9",384,364
131001,LA LIBERTAD,SANTIAGO DE CHUCO,SANTIAGO DE CHUCO,"100,0","97,9",423,422
131002,LA LIBERTAD,SANTIAGO DE CHUCO,ANGASMARCA,"100,0","98,5",430,451
131003,LA LIBERTAD,SANTIAGO DE CHUCO,CACHICADAN,"100,0","96,3",423,428
131004,LA LIBERTAD,SANTIAGO DE CHUCO,MOLLEBAMBA,"100,0","100,0",448,440
131005,LA LIBERTAD,SANTIAGO DE CHUCO,MOLLEPATA,"100,0","96,3",425,412
131006,LA LIBERTAD,SANTIAGO DE CHUCO,QUIRUVILCA,"100,0","95,8",432,429
131007,LA LIBERTAD,SANTIAGO DE CHUCO,SANTA CRUZ DE CHUCA,"100,0","95,9",434,444
131008,LA LIBERTAD,SANTIAGO DE CHUCO,SITABAMBA,"100,0","96,4",429,423
131101,LA LIBERTAD,GRAN CHIMÚ,CASCAS,"100,0","98,2",476,472
131102,LA LIBERTAD,GRAN CHIMÚ,LUCMA,"100,0","100,0",417,441
131103,LA LIBERTAD,GRAN CHIMÚ,MARMOT,"100,0","100,0",450,453
131104,LA LIBERTAD,GRAN CHIMÚ,SAYAPULLO,"100,0","96,6",430,440
131201,LA LIBERTAD,VIRÚ,VIRU,"100,0","98,2",469,453
131202,LA LIBERTAD,VIRÚ,CHAO,"100,0","93,8",449,440
131203,LA LIBERTAD,VIRÚ,GUADALUPITO,"100,0","95,7",485,480
140101,LAMBAYEQUE,CHICLAYO,CHICLAYO,"100,0","96,9",511,490
140102,LAMBAYEQUE,CHICLAYO,CHONGOYAPE,"100,0","94,6",450,427
140103,LAMBAYEQUE,CHICLAYO,ETEN,"100,0","97,3",490,499
140104,LAMBAYEQUE,CHICLAYO,ETEN PUERTO,"100,0","93,3",594,611
140105,LAMBAYEQUE,CHICLAYO,JOSE LEONARDO ORTIZ,"100,0","96,1",497,482
140106,LAMBAYEQUE,CHICLAYO,LA VICTORIA,"100,0","92,4",478,450
140107,LAMBAYEQUE,CHICLAYO,LAGUNAS,"100,0","99,3",475,466
140108,LAMBAYEQUE,CHICLAYO,MONSEFU,"100,0","95,9",463,457
140109,LAMBAYEQUE,CHICLAYO,NUEVA ARICA,"100,0","96,6",452,420
140110,LAMBAYEQUE,CHICLAYO,OYOTUN,"100,0","98,1",429,408
140111,LAMBAYEQUE,CHICLAYO,PICSI,"100,0","97,3",460,457
140112,LAMBAYEQUE,CHICLAYO,PIMENTEL,"100,0","98,5",524,503
140113,LAMBAYEQUE,CHICLAYO,REQUE,"100,0","98,6",499,488
140114,LAMBAYEQUE,CHICLAYO,SANTA ROSA,"100,0","93,0",482,477
140115,LAMBAYEQUE,CHICLAYO,SAÑA,"100,0","98,1",462,454
140116,LAMBAYEQUE,CHICLAYO,CAYALTI,"100,0","95,2",467,448
140117,LAMBAYEQUE,CHICLAYO,PATAPO,"100,0","93,4",464,449
140118,LAMBAYEQUE,CHICLAYO,POMALCA,"100,0","95,5",471,458
140119,LAMBAYEQUE,CHICLAYO,PUCALA,"100,0","96,5",470,455
140120,LAMBAYEQUE,CHICLAYO,TUMAN,"100,0","95,0",469,442
140201,LAMBAYEQUE,FERREÑAFE,FERREÑAFE,"100,0","97,0",487,464
140202,LAMBAYEQUE,FERREÑAFE,CAÑARIS,"100,0","100,0",403,391
140203,LAMBAYEQUE,FERREÑAFE,INCAHUASI,"100,0","100,0",373,349
140204,LAMBAYEQUE,FERREÑAFE,MANUEL ANTONIO MESONES MURO,"100,0","97,1",433,424
140205,LAMBAYEQUE,FERREÑAFE,PITIPO,"100,0","97,3",468,468
140206,LAMBAYEQUE,FERREÑAFE,PUEBLO NUEVO,"100,0","100,0",463,451
140301,LAMBAYEQUE,LAMBAYEQUE,LAMBAYEQUE,"100,0","96,7",504,485
140302,LAMBAYEQUE,LAMBAYEQUE,CHOCHOPE,"100,0","100,0",413,373
140303,LAMBAYEQUE,LAMBAYEQUE,ILLIMO,"100,0","97,8",486,484
140304,LAMBAYEQUE,LAMBAYEQUE,JAYANCA,"100,0","96,7",466,450
140305,LAMBAYEQUE,LAMBAYEQUE,MOCHUMI,"100,0","96,3",476,472
140306,LAMBAYEQUE,LAMBAYEQUE,MORROPE,"100,0","97,6",437,440
140307,LAMBAYEQUE,LAMBAYEQUE,MOTUPE,"95,2","91,5",465,446
140308,LAMBAYEQUE,LAMBAYEQUE,OLMOS,"100,0","96,7",441,434
140309,LAMBAYEQUE,LAMBAYEQUE,PACORA,"100,0","97,4",444,436
140310,LAMBAYEQUE,LAMBAYEQUE,SALAS,"100,0","92,6",434,425
140311,LAMBAYEQUE,LAMBAYEQUE,SAN JOSE,"100,0","97,8",473,467
140312,LAMBAYEQUE,LAMBAYEQUE,TUCUME,"100,0","96,3",442,436
150101,LIMA METROPOLITANA,LIMA,LIMA,"100,0","97,4",513,487
150102,LIMA METROPOLITANA,LIMA,ANCON,"100,0","95,7",491,471
150103,LIMA METROPOLITANA,LIMA,ATE,"100,0","95,2",494,481
150104,LIMA METROPOLITANA,LIMA,BARRANCO,"100,0","97,3",524,493
150105,LIMA METROPOLITANA,LIMA,BREÑA,"100,0","96,4",530,498
150106,LIMA METROPOLITANA,LIMA,CARABAYLLO,"100,0","96,3",492,476
150107,LIMA METROPOLITANA,LIMA,CHACLACAYO,"100,0","97,4",512,494
150108,LIMA METROPOLITANA,LIMA,CHORRILLOS,"100,0","96,9",513,491
150109,LIMA METROPOLITANA,LIMA,CIENEGUILLA,"100,0","94,9",495,481
150110,LIMA METROPOLITANA,LIMA,COMAS,"100,0","95,9",500,479
150111,LIMA METROPOLITANA,LIMA,EL AGUSTINO,"100,0","95,5",499,485
150112,LIMA METROPOLITANA,LIMA,INDEPENDENCIA,"100,0","96,1",490,472
150113,LIMA METROPOLITANA,LIMA,JESUS MARIA,"100,0","97,6",538,497
150114,LIMA METROPOLITANA,LIMA,LA MOLINA,"100,0","98,0",561,519
150115,LIMA METROPOLITANA,LIMA,LA VICTORIA,"100,0","96,8",500,480
150116,LIMA METROPOLITANA,LIMA,LINCE,"100,0","96,3",529,493
150117,LIMA METROPOLITANA,LIMA,LOS OLIVOS,"100,0","96,7",510,485
150118,LIMA METROPOLITANA,LIMA,LURIGANCHO,"100,0","95,2",499,483
150119,LIMA METROPOLITANA,LIMA,LURIN,"100,0","97,3",490,471
150120,LIMA METROPOLITANA,LIMA,MAGDALENA DEL MAR,"100,0","96,7",529,490
150121,LIMA METROPOLITANA,LIMA,PUEBLO LIBRE,"100,0","98,3",554,517
150122,LIMA METROPOLITANA,LIMA,MIRAFLORES,"100,0","97,4",577,524
150123,LIMA METROPOLITANA,LIMA,PACHACAMAC,"100,0","95,8",494,478
150124,LIMA METROPOLITANA,LIMA,PUCUSANA,"100,0","95,1",474,465
150125,LIMA METROPOLITANA,LIMA,PUENTE PIEDRA,"100,0","96,4",493,478
150126,LIMA METROPOLITANA,LIMA,PUNTA HERMOSA,"100,0","96,4",490,501
150127,LIMA METROPOLITANA,LIMA,PUNTA NEGRA,"100,0","86,4",489,470
150128,LIMA METROPOLITANA,LIMA,RIMAC,"100,0","96,2",501,476
150129,LIMA METROPOLITANA,LIMA,SAN BARTOLO,"100,0","96,2",471,461
150130,LIMA METROPOLITANA,LIMA,SAN BORJA,"100,0","97,4",564,520
150131,LIMA METROPOLITANA,LIMA,SAN ISIDRO,"100,0","99,1",575,530
150132,LIMA METROPOLITANA,LIMA,SAN JUAN DE LURIGANCHO,"100,0","96,1",495,479
150133,LIMA METROPOLITANA,LIMA,SAN JUAN DE MIRAFLORES,"100,0","96,1",496,473
150134,LIMA METROPOLITANA,LIMA,SAN LUIS,"100,0","95,2",514,493
150135,LIMA METROPOLITANA,LIMA,SAN MARTIN DE PORRES,"100,0","94,3",499,472
150136,LIMA METROPOLITANA,LIMA,SAN MIGUEL,"100,0","95,2",540,498
150137,LIMA METROPOLITANA,LIMA,SANTA ANITA,"100,0","94,9",502,488
150138,LIMA METROPOLITANA,LIMA,SANTA MARIA DEL MAR,"100,0","100,0",502,475
150139,LIMA METROPOLITANA,LIMA,SANTA ROSA,"100,0","72,9",-,-
150140,LIMA METROPOLITANA,LIMA,SANTIAGO DE SURCO,"100,0","97,9",564,523
150141,LIMA METROPOLITANA,LIMA,SURQUILLO,"100,0","96,5",536,501
150142,LIMA METROPOLITANA,LIMA,VILLA EL SALVADOR,"100,0","94,9",489,466
150143,LIMA METROPOLITANA,LIMA,VILLA MARIA DEL TRIUNFO,"100,0","94,9",488,468
150201,LIMA PROVINCIA,BARRANCA,BARRANCA,"100,0","98,0",504,493
150202,LIMA PROVINCIA,BARRANCA,PARAMONGA,"100,0","98,7",498,484
150203,LIMA PROVINCIA,BARRANCA,PATIVILCA,"100,0","97,2",506,518
150204,LIMA PROVINCIA,BARRANCA,SUPE,"100,0","97,2",485,478
150205,LIMA PROVINCIA,BARRANCA,SUPE PUERTO,"100,0","95,7",491,470
150301,LIMA PROVINCIA,CAJATAMBO,CAJATAMBO,"100,0","100,0",501,498
150302,LIMA PROVINCIA,CAJATAMBO,COPA,"100,0","100,0",437,414
150303,LIMA PROVINCIA,CAJATAMBO,GORGOR,"100,0","100,0",475,469
150304,LIMA PROVINCIA,CAJATAMBO,HUANCAPON,"100,0","100,0",401,431
150305,LIMA PROVINCIA,CAJATAMBO,MANAS,"100,0","100,0",561,535
150401,LIMA PROVINCIA,CANTA,CANTA,"100,0","89,6",515,500
150402,LIMA PROVINCIA,CANTA,ARAHUAY,"100,0","100,0",542,661
150403,LIMA PROVINCIA,CANTA,HUAMANTANGA,"100,0","60,0",-,-
150404,LIMA PROVINCIA,CANTA,HUAROS,"100,0","90,9",475,510
150405,LIMA PROVINCIA,CANTA,LACHAQUI,"100,0","100,0",455,433
150407,LIMA PROVINCIA,CANTA,SANTA ROSA DE QUIVES,"100,0","93,7",522,526
150501,LIMA PROVINCIA,CAÑETE,SAN VICENTE DE CAÑETE,"100,0","96,5",488,467
150502,LIMA PROVINCIA,CAÑETE,ASIA,"100,0","93,8",478,455
150503,LIMA PROVINCIA,CAÑETE,CALANGO,"100,0","100,0",468,452
150504,LIMA PROVINCIA,CAÑETE,CERRO AZUL,"100,0","93,3",455,449
150505,LIMA PROVINCIA,CAÑETE,CHILCA,"100,0","96,6",485,466
150506,LIMA PROVINCIA,CAÑETE,COAYLLO,"100,0","100,0",510,509
150507,LIMA PROVINCIA,CAÑETE,IMPERIAL,"100,0","95,5",481,478
150508,LIMA PROVINCIA,CAÑETE,LUNAHUANA,"100,0","100,0",482,487
150509,LIMA PROVINCIA,CAÑETE,MALA,"100,0","96,6",501,482
150510,LIMA PROVINCIA,CAÑETE,NUEVO IMPERIAL,"100,0","99,2",471,462
150511,LIMA PROVINCIA,CAÑETE,PACARAN,"100,0","100,0",492,506
150512,LIMA PROVINCIA,CAÑETE,QUILMANA,"100,0","91,5",468,441
150513,LIMA PROVINCIA,CAÑETE,SAN ANTONIO,"100,0","95,9",510,505
150514,LIMA PROVINCIA,CAÑETE,SAN LUIS,"100,0","96,3",479,469
150515,LIMA PROVINCIA,CAÑETE,SANTA CRUZ DE FLORES,"100,0","100,0",556,550
150516,LIMA PROVINCIA,CAÑETE,ZUÑIGA,"100,0","90,9",466,491
150601,LIMA PROVINCIA,HUARAL,HUARAL,"98,0","93,7",493,485
150602,LIMA PROVINCIA,HUARAL,ATAVILLOS ALTO,"100,0","100,0",438,412
150603,LIMA PROVINCIA,HUARAL,ATAVILLOS BAJO,"100,0","100,0",509,485
150604,LIMA PROVINCIA,HUARAL,AUCALLAMA,"100,0","98,3",470,461
150605,LIMA PROVINCIA,HUARAL,CHANCAY,"96,4","92,2",496,483
150606,LIMA PROVINCIA,HUARAL,IHUARI,"100,0","91,7",393,384
150608,LIMA PROVINCIA,HUARAL,PACARAOS,"100,0","100,0",382,378
150609,LIMA PROVINCIA,HUARAL,SAN MIGUEL DE ACOS,"100,0","100,0",496,501
150612,LIMA PROVINCIA,HUARAL,VEINTISIETE DE NOVIEMBRE,"100,0","100,0",454,425
150701,LIMA PROVINCIA,HUAROCHIRÍ,MATUCANA,"100,0","97,1",492,472
150702,LIMA PROVINCIA,HUAROCHIRÍ,ANTIOQUIA,"100,0","100,0",407,406
150703,LIMA PROVINCIA,HUAROCHIRÍ,CALLAHUANCA,"100,0","100,0",426,463
150704,LIMA PROVINCIA,HUAROCHIRÍ,CARAMPOMA,"100,0","100,0",488,447
150705,LIMA PROVINCIA,HUAROCHIRÍ,CHICLA,"100,0","96,6",501,484
150706,LIMA PROVINCIA,HUAROCHIRÍ,CUENCA,"100,0","100,0",381,401
150708,LIMA PROVINCIA,HUAROCHIRÍ,HUANZA,"100,0","100,0",439,434
150709,LIMA PROVINCIA,HUAROCHIRÍ,HUAROCHIRI,"100,0","100,0",413,401
150710,LIMA PROVINCIA,HUAROCHIRÍ,LAHUAYTAMBO,"100,0","100,0",400,516
150711,LIMA PROVINCIA,HUAROCHIRÍ,LANGA,"100,0","100,0",313,317
150713,LIMA PROVINCIA,HUAROCHIRÍ,MARIATANA,"100,0","100,0",417,421
150714,LIMA PROVINCIA,HUAROCHIRÍ,RICARDO PALMA,"100,0","100,0",501,480
150715,LIMA PROVINCIA,HUAROCHIRÍ,SAN ANDRES DE TUPICOCHA,"100,0","95,0",422,409
150716,LIMA PROVINCIA,HUAROCHIRÍ,SAN ANTONIO,"100,0","94,4",479,463
150717,LIMA PROVINCIA,HUAROCHIRÍ,SAN BARTOLOME,"100,0","92,3",542,498
150718,LIMA PROVINCIA,HUAROCHIRÍ,SAN DAMIAN,"100,0","100,0",471,475
150719,LIMA PROVINCIA,HUAROCHIRÍ,SAN JUAN DE IRIS,"100,0","100,0",374,318
150720,LIMA PROVINCIA,HUAROCHIRÍ,SAN JUAN DE TANTARANCHE,"100,0","100,0",421,393
150721,LIMA PROVINCIA,HUAROCHIRÍ,SAN LORENZO DE QUINTI,"100,0","100,0",451,433
150722,LIMA PROVINCIA,HUAROCHIRÍ,SAN MATEO,"100,0","93,8",469,476
150723,LIMA PROVINCIA,HUAROCHIRÍ,SAN MATEO DE OTAO,"100,0","100,0",534,511
150724,LIMA PROVINCIA,HUAROCHIRÍ,SAN PEDRO DE CASTA,"100,0","87,5",483,445
150727,LIMA PROVINCIA,HUAROCHIRÍ,SANTA CRUZ DE COCACHACRA,"100,0","100,0",494,486
150728,LIMA PROVINCIA,HUAROCHIRÍ,SANTA EULALIA,"100,0","90,8",510,495
150731,LIMA PROVINCIA,HUAROCHIRÍ,SANTO DOMINGO DE LOS OLLEROS,"100,0","96,7",470,443
150732,LIMA PROVINCIA,HUAROCHIRÍ,SURCO,"100,0","100,0",453,439
150801,LIMA PROVINCIA,HUAURA,HUACHO,"100,0","97,8",514,487
150802,LIMA PROVINCIA,HUAURA,AMBAR,"100,0","100,0",431,394
150803,LIMA PROVINCIA,HUAURA,CALETA DE CARQUIN,"100,0","98,6",476,459
150805,LIMA PROVINCIA,HUAURA,HUALMAY,"100,0","98,6",494,473
150806,LIMA PROVINCIA,HUAURA,HUAURA,"100,0","96,3",492,466
150807,LIMA PROVINCIA,HUAURA,LEONCIO PRADO,"100,0","87,9",446,448
150808,LIMA PROVINCIA,HUAURA,PACCHO,"100,0","95,2",403,403
150809,LIMA PROVINCIA,HUAURA,SANTA LEONOR,"100,0","100,0",441,465
150810,LIMA PROVINCIA,HUAURA,SANTA MARIA,"100,0","97,2",510,482
150811,LIMA PROVINCIA,HUAURA,SAYAN,"100,0","98,6",479,473
150812,LIMA PROVINCIA,HUAURA,VEGUETA,"100,0","94,7",468,454
150901,LIMA PROVINCIA,OYÓN,OYON,"100,0","99,2",503,508
150902,LIMA PROVINCIA,OYÓN,ANDAJES,"100,0","100,0",428,420
150904,LIMA PROVINCIA,OYÓN,COCHAMARCA,"100,0","97,4",406,386
150905,LIMA PROVINCIA,OYÓN,NAVAN,"100,0","100,0",446,444
150906,LIMA PROVINCIA,OYÓN,PACHANGARA,"100,0","100,0",469,467
151001,LIMA PROVINCIA,YAUYOS,YAUYOS,"100,0","100,0",525,523
151003,LIMA PROVINCIA,YAUYOS,ALLAUCA,"100,0","100,0",484,529
151004,LIMA PROVINCIA,YAUYOS,AYAVIRI,"100,0","100,0",493,509
151005,LIMA PROVINCIA,YAUYOS,AZANGARO,"100,0","100,0",452,405
151006,LIMA PROVINCIA,YAUYOS,CACRA,"100,0","100,0",474,583
151008,LIMA PROVINCIA,YAUYOS,CATAHUASI,"100,0","100,0",481,451
151009,LIMA PROVINCIA,YAUYOS,CHOCOS,"100,0","90,0",408,379
151011,LIMA PROVINCIA,YAUYOS,COLONIA,"100,0","100,0",457,443
151012,LIMA PROVINCIA,YAUYOS,HONGOS,"100,0","100,0",504,518
151016,LIMA PROVINCIA,YAUYOS,HUANTAN,"100,0","100,0",494,467
151017,LIMA PROVINCIA,YAUYOS,HUAÑEC,"100,0","100,0",627,570
151018,LIMA PROVINCIA,YAUYOS,LARAOS,"100,0","100,0",554,558
151019,LIMA PROVINCIA,YAUYOS,LINCHA,"100,0","100,0",488,474
151020,LIMA PROVINCIA,YAUYOS,MADEAN,"100,0","92,3",449,499
151023,LIMA PROVINCIA,YAUYOS,PUTINZA,"100,0","100,0",449,483
151024,LIMA PROVINCIA,YAUYOS,QUINCHES,"100,0","100,0",453,482
151025,LIMA PROVINCIA,YAUYOS,QUINOCAY,"100,0","100,0",471,466
151028,LIMA PROVINCIA,YAUYOS,TANTA,"100,0","81,8",426,393
151029,LIMA PROVINCIA,YAUYOS,TAURIPAMPA,"100,0","100,0",441,485
151030,LIMA PROVINCIA,YAUYOS,TOMAS,"100,0","83,3",485,534
151032,LIMA PROVINCIA,YAUYOS,VIÑAC,"100,0","100,0",484,506
160101,LORETO,MAYNAS,IQUITOS,"97,4","93,1",455,420
160102,LORETO,MAYNAS,ALTO NANAY,"88,9","85,9",-,-
160103,LORETO,MAYNAS,FERNANDO LORES,"96,8","91,0",362,343
160104,LORETO,MAYNAS,INDIANA,"92,6","90,9",386,362
160105,LORETO,MAYNAS,LAS AMAZONAS,"95,7","90,1",358,351
160106,LORETO,MAYNAS,MAZAN,"96,3","87,3",358,345
160107,LORETO,MAYNAS,NAPO,"100,0","89,8",350,315
160108,LORETO,MAYNAS,PUNCHANA,"97,7","92,2",416,391
160110,LORETO,MAYNAS,TORRES CAUSANA,"100,0","100,0",369,306
160112,LORETO,MAYNAS,BELEN,"100,0","92,8",415,384
160113,LORETO,MAYNAS,SAN JUAN BAUTISTA,"100,0","92,4",418,393
160201,LORETO,ALTO AMAZONAS,YURIMAGUAS,"100,0","95,8",429,398
160202,LORETO,ALTO AMAZONAS,BALSAPUERTO,"100,0","77,8",-,-
160205,LORETO,ALTO AMAZONAS,JEBEROS,"100,0","98,1",325,297
160206,LORETO,ALTO AMAZONAS,LAGUNAS,"100,0","91,5",379,350
160210,LORETO,ALTO AMAZONAS,SANTA CRUZ,"100,0","90,9",342,317
160211,LORETO,ALTO AMAZONAS,TENIENTE CESAR LOPEZ ROJAS,"100,0","98,2",388,357
160301,LORETO,LORETO,NAUTA,"98,0","94,7",390,362
160302,LORETO,LORETO,PARINARI,"100,0","93,8",346,327
160303,LORETO,LORETO,TIGRE,"100,0","97,2",358,358
160304,LORETO,LORETO,TROMPETEROS,"100,0","78,5",-,-
160305,LORETO,LORETO,URARINAS,"95,5","85,3",344,328
160401,LORETO,MARISCAL RAMÓN CASTILLA,RAMON CASTILLA,"100,0","88,6",387,359
160402,LORETO,MARISCAL RAMÓN CASTILLA,PEBAS,"100,0","92,4",375,363
160403,LORETO,MARISCAL RAMÓN CASTILLA,YAVARI,"100,0","85,7",357,349
160404,LORETO,MARISCAL RAMÓN CASTILLA,SAN PABLO,"100,0","87,1",362,342
160501,LORETO,REQUENA,REQUENA,"100,0","90,2",391,374
160502,LORETO,REQUENA,ALTO TAPICHE,"100,0","90,6",334,322
160503,LORETO,REQUENA,CAPELO,"100,0","95,5",359,340
160504,LORETO,REQUENA,EMILIO SAN MARTIN,"100,0","92,3",343,337
160505,LORETO,REQUENA,MAQUIA,"100,0","90,3",356,337
160506,LORETO,REQUENA,PUINAHUA,"100,0","87,7",362,337
160507,LORETO,REQUENA,SAQUENA,"100,0","87,6",364,358
160508,LORETO,REQUENA,SOPLIN,"100,0","50,0",-,-
160509,LORETO,REQUENA,TAPICHE,"100,0","95,5",410,412
160510,LORETO,REQUENA,JENARO HERRERA,"100,0","94,0",352,323
160511,LORETO,REQUENA,YAQUERANA,"100,0","89,2",299,274
160601,LORETO,UCAYALI,CONTAMANA,"95,8","91,3",422,387
160602,LORETO,UCAYALI,INAHUAYA,"100,0","98,3",390,403
160603,LORETO,UCAYALI,PADRE MARQUEZ,"100,0","91,8",374,345
160604,LORETO,UCAYALI,PAMPA HERMOSA,"100,0","87,8",362,346
160605,LORETO,UCAYALI,SARAYACU,"97,2","89,7",386,376
160606,LORETO,UCAYALI,VARGAS GUERRA,"100,0","90,7",445,430
160701,LORETO,DATEM DEL MARAÑÓN,BARRANCA,"100,0","94,8",393,378
160702,LORETO,DATEM DEL MARAÑÓN,CAHUAPANAS,"100,0","77,8",-,-
160703,LORETO,DATEM DEL MARAÑÓN,MANSERICHE,"100,0","93,3",398,389
160704,LORETO,DATEM DEL MARAÑÓN,MORONA,"100,0","95,8",410,401
160705,LORETO,DATEM DEL MARAÑÓN,PASTAZA,"100,0","93,9",363,349
160706,LORETO,DATEM DEL MARAÑÓN,ANDOAS,"100,0","50,0",-,-
160801,LORETO,PUTUMAYO,PUTUMAYO,"100,0","96,4",439,409
160802,LORETO,PUTUMAYO,ROSA PANDURO,"100,0","77,8",-,-
160803,LORETO,PUTUMAYO,TENIENTE MANUEL CLAVERO,"100,0","56,3",-,-
160804,LORETO,PUTUMAYO,YAGUAS,"100,0","81,0",403,358
170101,MADRE DE DIOS,TAMBOPATA,TAMBOPATA,"100,0","96,5",458,434
170102,MADRE DE DIOS,TAMBOPATA,INAMBARI,"100,0","96,3",461,452
170103,MADRE DE DIOS,TAMBOPATA,LAS PIEDRAS,"100,0","93,5",442,420
170104,MADRE DE DIOS,TAMBOPATA,LABERINTO,"100,0","96,6",425,415
170201,MADRE DE DIOS,MANU,MANU,"100,0","100,0",430,401
170202,MADRE DE DIOS,MANU,FITZCARRALD,"100,0","100,0",345,348
170203,MADRE DE DIOS,MANU,MADRE DE DIOS,"100,0","96,9",455,429
170204,MADRE DE DIOS,MANU,HUEPETUHE,"100,0","96,3",472,468
170301,MADRE DE DIOS,TAHUAMANU,IÑAPARI,"100,0","76,9",-,-
170302,MADRE DE DIOS,TAHUAMANU,IBERIA,"100,0","96,6",459,421
170303,MADRE DE DIOS,TAHUAMANU,TAHUAMANU,"100,0","92,5",444,406
180101,MOQUEGUA,MARISCAL NIETO,MOQUEGUA,"100,0","99,4",535,530
180102,MOQUEGUA,MARISCAL NIETO,CARUMAS,"100,0","100,0",456,452
180104,MOQUEGUA,MARISCAL NIETO,SAMEGUA,"100,0","99,3",563,556
180105,MOQUEGUA,MARISCAL NIETO,SAN CRISTOBAL,"100,0","100,0",438,452
180106,MOQUEGUA,MARISCAL NIETO,TORATA,"100,0","100,0",542,530
180201,MOQUEGUA,GENERAL SÁNCHEZ CERRO,OMATE,"100,0","100,0",509,495
180202,MOQUEGUA,GENERAL SÁNCHEZ CERRO,CHOJATA,"100,0","100,0",465,427
180203,MOQUEGUA,GENERAL SÁNCHEZ CERRO,COALAQUE,"100,0","100,0",522,613
180204,MOQUEGUA,GENERAL SÁNCHEZ CERRO,ICHUÑA,"100,0","100,0",499,492
180208,MOQUEGUA,GENERAL SÁNCHEZ CERRO,PUQUINA,"100,0","100,0",576,584
180209,MOQUEGUA,GENERAL SÁNCHEZ CERRO,QUINISTAQUILLAS,"100,0","100,0",479,484
180210,MOQUEGUA,GENERAL SÁNCHEZ CERRO,UBINAS,"100,0","100,0",429,461
180211,MOQUEGUA,GENERAL SÁNCHEZ CERRO,YUNGA,"100,0","75,0",-,-
180301,MOQUEGUA,ILO,ILO,"100,0","97,9",520,513
180302,MOQUEGUA,ILO,EL ALGARROBAL,"100,0","100,0",464,442
180303,MOQUEGUA,ILO,PACOCHA,"100,0","97,6",554,548
190101,PASCO,PASCO,CHAUPIMARCA,"100,0","98,9",497,490
190102,PASCO,PASCO,HUACHON,"100,0","100,0",450,473
190103,PASCO,PASCO,HUARIACA,"100,0","98,5",503,491
190104,PASCO,PASCO,HUAYLLAY,"100,0","98,1",478,459
190105,PASCO,PASCO,NINACACA,"100,0","98,4",466,477
190106,PASCO,PASCO,PALLANCHACRA,"100,0","100,0",495,449
190107,PASCO,PASCO,PAUCARTAMBO,"100,0","98,3",468,483
190108,PASCO,PASCO,SAN FRANCISCO DE ASIS DE YARUSYACAN,"100,0","100,0",452,471
190109,PASCO,PASCO,SIMON BOLIVAR,"100,0","99,5",501,493
190110,PASCO,PASCO,TICLACAYAN,"100,0","100,0",471,463
190111,PASCO,PASCO,TINYAHUARCO,"100,0","96,9",480,480
190112,PASCO,PASCO,VICCO,"100,0","94,1",473,484
190113,PASCO,PASCO,YANACANCHA,"100,0","98,1",496,488
190201,PASCO,DANIEL ALCIDES CARRIÓN,YANAHUANCA,"100,0","100,0",484,516
190202,PASCO,DANIEL ALCIDES CARRIÓN,CHACAYAN,"100,0","100,0",488,481
190203,PASCO,DANIEL ALCIDES CARRIÓN,GOYLLARISQUIZGA,"100,0","100,0",455,479
190204,PASCO,DANIEL ALCIDES CARRIÓN,PAUCAR,"100,0","97,1",466,517
190205,PASCO,DANIEL ALCIDES CARRIÓN,SAN PEDRO DE PILLAO,"100,0","100,0",455,450
190206,PASCO,DANIEL ALCIDES CARRIÓN,SANTA ANA DE TUSI,"100,0","100,0",531,578
190207,PASCO,DANIEL ALCIDES CARRIÓN,TAPUC,"100,0","100,0",461,499
190208,PASCO,DANIEL ALCIDES CARRIÓN,VILCABAMBA,"100,0","100,0",446,451
190301,PASCO,OXAPAMPA,OXAPAMPA,"100,0","98,7",495,487
190302,PASCO,OXAPAMPA,CHONTABAMBA,"100,0","100,0",480,465
190303,PASCO,OXAPAMPA,HUANCABAMBA,"100,0","98,1",484,476
190304,PASCO,OXAPAMPA,PALCAZU,"100,0","92,9",434,434
190305,PASCO,OXAPAMPA,POZUZO,"100,0","94,8",470,489
190306,PASCO,OXAPAMPA,PUERTO BERMUDEZ,"100,0","88,3",394,368
190307,PASCO,OXAPAMPA,VILLA RICA,"100,0","98,4",481,478
190308,PASCO,OXAPAMPA,CONSTITUCIËN,"95,7","94,2",423,415
200101,PIURA,PIURA,PIURA,"100,0","96,5",518,493
200104,PIURA,PIURA,CASTILLA,"100,0","97,2",509,489
200105,PIURA,PIURA,CATACAOS,"100,0","96,8",480,467
200107,PIURA,PIURA,CURA MORI,"100,0","98,6",475,480
200108,PIURA,PIURA,EL TALLÁN,"100,0","95,5",433,436
200109,PIURA,PIURA,LA ARENA,"100,0","98,1",481,487
200110,PIURA,PIURA,LA UNION,"100,0","96,5",487,486
200111,PIURA,PIURA,LAS LOMAS,"100,0","98,3",465,445
200114,PIURA,PIURA,TAMBO GRANDE,"100,0","97,3",452,448
200115,PIURA,PIURA,VEINTISÉIS DE OCTUBRE,"100,0","96,8",500,475
200201,PIURA,AYABACA,AYABACA,"100,0","97,0",441,433
200202,PIURA,AYABACA,FRIAS,"100,0","98,4",431,432
200203,PIURA,AYABACA,JILILI,"100,0","100,0",474,456
200204,PIURA,AYABACA,LAGUNAS,"100,0","98,8",425,434
200205,PIURA,AYABACA,MONTERO,"100,0","98,1",459,448
200206,PIURA,AYABACA,PACAIPAMPA,"100,0","98,2",415,423
200207,PIURA,AYABACA,PAIMAS,"100,0","97,6",474,471
200208,PIURA,AYABACA,SAPILLICA,"100,0","99,1",435,424
200209,PIURA,AYABACA,SICCHEZ,"100,0","93,5",504,477
200210,PIURA,AYABACA,SUYO,"100,0","97,2",473,460
200301,PIURA,HUANCABAMBA,HUANCABAMBA,"100,0","97,3",441,441
200302,PIURA,HUANCABAMBA,CANCHAQUE,"100,0","97,1",455,440
200303,PIURA,HUANCABAMBA,EL CARMEN DE LA FRONTERA,"100,0","97,5",410,389
200304,PIURA,HUANCABAMBA,HUARMACA,"100,0","96,5",394,392
200305,PIURA,HUANCABAMBA,LALAQUIZ,"100,0","95,3",421,418
200306,PIURA,HUANCABAMBA,SAN MIGUEL DE EL FAIQUE,"100,0","97,2",423,427
200307,PIURA,HUANCABAMBA,SONDOR,"100,0","97,6",431,433
200308,PIURA,HUANCABAMBA,SONDORILLO,"100,0","98,5",412,412
200401,PIURA,MORROPÓN,CHULUCANAS,"98,4","96,3",494,498
200402,PIURA,MORROPÓN,BUENOS AIRES,"100,0","96,3",481,472
200403,PIURA,MORROPÓN,CHALACO,"100,0","99,5",499,510
200404,PIURA,MORROPÓN,LA MATANZA,"100,0","99,6",481,468
200405,PIURA,MORROPÓN,MORROPON,"100,0","98,3",475,473
200406,PIURA,MORROPÓN,SALITRAL,"100,0","98,2",484,494
200407,PIURA,MORROPÓN,SAN JUAN DE BIGOTE,"100,0","100,0",485,482
200408,PIURA,MORROPÓN,SANTA CATALINA DE MOSSA,"100,0","98,4",489,496
200409,PIURA,MORROPÓN,SANTO DOMINGO,"100,0","100,0",453,427
200410,PIURA,MORROPÓN,YAMANGO,"100,0","98,1",450,443
200501,PIURA,PAITA,PAITA,"100,0","96,7",497,477
200502,PIURA,PAITA,AMOTAPE,"100,0","100,0",487,479
200503,PIURA,PAITA,ARENAL,"100,0","100,0",396,396
200504,PIURA,PAITA,COLAN,"100,0","97,4",505,481
200505,PIURA,PAITA,LA HUACA,"100,0","96,3",471,476
200506,PIURA,PAITA,TAMARINDO,"100,0","100,0",466,456
200507,PIURA,PAITA,VICHAYAL,"100,0","100,0",433,446
200601,PIURA,SULLANA,SULLANA,"100,0","98,4",500,480
200602,PIURA,SULLANA,BELLAVISTA,"100,0","96,0",478,462
200603,PIURA,SULLANA,IGNACIO ESCUDERO,"100,0","99,3",473,466
200604,PIURA,SULLANA,LANCONES,"100,0","98,5",455,445
200605,PIURA,SULLANA,MARCAVELICA,"100,0","98,9",495,497
200606,PIURA,SULLANA,MIGUEL CHECA,"100,0","100,0",484,486
200607,PIURA,SULLANA,QUERECOTILLO,"100,0","98,4",484,477
200608,PIURA,SULLANA,SALITRAL,"100,0","99,2",504,487
200701,PIURA,TALARA,PARIÑAS,"100,0","96,7",478,465
200702,PIURA,TALARA,EL ALTO,"100,0","96,8",482,465
200703,PIURA,TALARA,LA BREA,"100,0","97,4",493,475
200704,PIURA,TALARA,LOBITOS,"100,0","100,0",485,450
200705,PIURA,TALARA,LOS ORGANOS,"100,0","95,1",464,446
200706,PIURA,TALARA,MANCORA,"100,0","97,2",446,418
200801,PIURA,SECHURA,SECHURA,"100,0","97,6",490,489
200802,PIURA,SECHURA,BELLAVISTA DE LA UNION,"100,0","98,7",517,523
200803,PIURA,SECHURA,BERNAL,"100,0","97,9",473,467
200804,PIURA,SECHURA,CRISTO NOS VALGA,"100,0","99,0",447,450
200805,PIURA,SECHURA,VICE,"100,0","98,3",460,474
200806,PIURA,SECHURA,RINCONADA LLICUAR,"100,0","98,1",517,522
210101,PUNO,PUNO,PUNO,"100,0","98,8",512,515
210102,PUNO,PUNO,ACORA,"100,0","100,0",416,428
210103,PUNO,PUNO,AMANTANI,"100,0","98,0",390,392
210104,PUNO,PUNO,ATUNCOLLA,"100,0","100,0",406,432
210105,PUNO,PUNO,CAPACHICA,"100,0","98,8",425,434
210106,PUNO,PUNO,CHUCUITO,"100,0","100,0",412,438
210107,PUNO,PUNO,COATA,"100,0","98,9",439,471
210108,PUNO,PUNO,HUATA,"100,0","98,1",452,473
210109,PUNO,PUNO,MAÑAZO,"100,0","96,7",451,460
210110,PUNO,PUNO,PAUCARCOLLA,"100,0","100,0",441,453
210111,PUNO,PUNO,PICHACANI,"100,0","98,2",415,416
210112,PUNO,PUNO,PLATERIA,"100,0","97,1",430,416
210114,PUNO,PUNO,TIQUILLACA,"100,0","100,0",424,409
210115,PUNO,PUNO,VILQUE,"100,0","100,0",519,521
210201,PUNO,AZÁNGARO,AZANGARO,"100,0","98,8",465,469
210202,PUNO,AZÁNGARO,ACHAYA,"100,0","100,0",466,511
210203,PUNO,AZÁNGARO,ARAPA,"100,0","96,3",430,432
210204,PUNO,AZÁNGARO,ASILLO,"100,0","99,1",433,441
210205,PUNO,AZÁNGARO,CAMINACA,"100,0","100,0",414,431
210206,PUNO,AZÁNGARO,CHUPA,"100,0","100,0",437,432
210207,PUNO,AZÁNGARO,JOSE DOMINGO CHOQUEHUANCA,"100,0","97,1",440,441
210208,PUNO,AZÁNGARO,MUÑANI,"80,0","82,2",-,-
210209,PUNO,AZÁNGARO,POTONI,"100,0","100,0",430,434
210210,PUNO,AZÁNGARO,SAMAN,"100,0","98,9",407,423
210211,PUNO,AZÁNGARO,SAN ANTON,"100,0","98,2",435,421
210212,PUNO,AZÁNGARO,SAN JOSE,"100,0","100,0",434,432
210213,PUNO,AZÁNGARO,SAN JUAN DE SALINAS,"100,0","100,0",420,435
210214,PUNO,AZÁNGARO,SANTIAGO DE PUPUJA,"100,0","100,0",472,430
210215,PUNO,AZÁNGARO,TIRAPATA,"100,0","100,0",395,391
210301,PUNO,CARABAYA,MACUSANI,"100,0","99,4",474,489
210302,PUNO,CARABAYA,AJOYANI,"100,0","96,4",473,488
210303,PUNO,CARABAYA,AYAPATA,"100,0","100,0",438,454
210304,PUNO,CARABAYA,COASA,"100,0","100,0",445,441
210305,PUNO,CARABAYA,CORANI,"100,0","100,0",463,501
210306,PUNO,CARABAYA,CRUCERO,"100,0","97,7",434,434
210307,PUNO,CARABAYA,ITUATA,"100,0","98,6",455,466
210308,PUNO,CARABAYA,OLLACHEA,"100,0","100,0",423,440
210309,PUNO,CARABAYA,SAN GABAN,"100,0","100,0",475,496
210310,PUNO,CARABAYA,USICAYOS,"100,0","100,0",443,445
210401,PUNO,CHUCUITO,JULI,"100,0","100,0",461,469
210402,PUNO,CHUCUITO,DESAGUADERO,"100,0","98,8",444,450
210404,PUNO,CHUCUITO,KELLUYO,"100,0","100,0",393,375
210405,PUNO,CHUCUITO,PISACOMA,"100,0","100,0",415,420
210406,PUNO,CHUCUITO,POMATA,"100,0","99,0",405,409
210407,PUNO,CHUCUITO,ZEPITA,"100,0","99,6",440,466
210501,PUNO,EL COLLAO,ILAVE,"100,0","99,2",463,482
210503,PUNO,EL COLLAO,PILCUYO,"100,0","97,7",446,456
210504,PUNO,EL COLLAO,SANTA ROSA,"100,0","100,0",437,441
210505,PUNO,EL COLLAO,CONDURIRI,"100,0","100,0",420,451
210601,PUNO,HUANCANÉ,HUANCANE,"100,0","99,5",461,478
210603,PUNO,HUANCANÉ,HUATASANI,"100,0","100,0",482,501
210604,PUNO,HUANCANÉ,INCHUPALLA,"100,0","100,0",452,465
210605,PUNO,HUANCANÉ,PUSI,"100,0","100,0",404,393
210606,PUNO,HUANCANÉ,ROSASPATA,"100,0","94,7",397,410
210607,PUNO,HUANCANÉ,TARACO,"100,0","99,4",447,452
210608,PUNO,HUANCANÉ,VILQUE CHICO,"100,0","100,0",419,440
210701,PUNO,LAMPA,LAMPA,"100,0","99,0",456,454
210702,PUNO,LAMPA,CABANILLA,"100,0","100,0",434,431
210703,PUNO,LAMPA,CALAPUJA,"100,0","100,0",413,380
210704,PUNO,LAMPA,NICASIO,"100,0","100,0",478,466
210705,PUNO,LAMPA,OCUVIRI,"100,0","100,0",414,405
210706,PUNO,LAMPA,PALCA,"100,0","100,0",431,441
210708,PUNO,LAMPA,PUCARA,"100,0","98,2",480,483
210709,PUNO,LAMPA,SANTA LUCIA,"100,0","100,0",446,442
210710,PUNO,LAMPA,VILAVILA,"100,0","90,9",382,400
210801,PUNO,MELGAR,AYAVIRI,"100,0","97,8",480,488
210802,PUNO,MELGAR,ANTAUTA,"100,0","98,7",449,454
210803,PUNO,MELGAR,CUPI,"100,0","100,0",405,382
210804,PUNO,MELGAR,LLALLI,"100,0","98,2",445,479
210805,PUNO,MELGAR,MACARI,"100,0","98,9",429,423
210806,PUNO,MELGAR,NUÑOA,"100,0","99,2",433,441
210807,PUNO,MELGAR,ORURILLO,"100,0","97,5",396,410
210808,PUNO,MELGAR,SANTA ROSA,"100,0","98,2",420,423
210809,PUNO,MELGAR,UMACHIRI,"100,0","98,1",428,417
210901,PUNO,MOHO,MOHO,"100,0","97,4",439,465
210902,PUNO,MOHO,CONIMA,"100,0","100,0",469,490
210903,PUNO,MOHO,HUAYRAPATA,"100,0","100,0",377,380
210904,PUNO,MOHO,TILALI,"100,0","87,5",396,405
211001,PUNO,SAN ANTONIO DE PUTINA,PUTINA,"100,0","99,1",448,455
211002,PUNO,SAN ANTONIO DE PUTINA,ANANEA,"100,0","99,5",456,464
211003,PUNO,SAN ANTONIO DE PUTINA,PEDRO VILCA APAZA,"100,0","100,0",566,529
211004,PUNO,SAN ANTONIO DE PUTINA,QUILCAPUNCU,"100,0","97,6",419,441
211005,PUNO,SAN ANTONIO DE PUTINA,SINA,"100,0","100,0",412,431
211101,PUNO,SAN ROMÁN,JULIACA,"100,0","98,1",489,492
211102,PUNO,SAN ROMÁN,CABANA,"100,0","100,0",545,502
211103,PUNO,SAN ROMÁN,CABANILLAS,"100,0","100,0",470,468
211104,PUNO,SAN ROMÁN,CARACOTO,"100,0","100,0",465,440
211201,PUNO,SANDIA,SANDIA,"100,0","99,1",437,446
211202,PUNO,SANDIA,CUYOCUYO,"100,0","100,0",458,497
211203,PUNO,SANDIA,LIMBANI,"100,0","100,0",477,467
211204,PUNO,SANDIA,PATAMBUCO,"100,0","100,0",483,469
211205,PUNO,SANDIA,PHARA,"100,0","100,0",495,501
211206,PUNO,SANDIA,QUIACA,"100,0","96,2",393,396
211209,PUNO,SANDIA,ALTO INAMBARI,"100,0","97,4",468,490
211210,PUNO,SANDIA,SAN PEDRO DE PUTINA PUNCO,"100,0","98,6",405,424
211301,PUNO,YUNGUYO,YUNGUYO,"100,0","99,0",461,476
211303,PUNO,YUNGUYO,COPANI,"100,0","100,0",438,441
211304,PUNO,YUNGUYO,CUTURAPI,"100,0","83,3",448,402
211305,PUNO,YUNGUYO,OLLARAYA,"100,0","100,0",408,441
220101,SAN MARTÍN,MOYOBAMBA,MOYOBAMBA,"100,0","97,1",479,459
220102,SAN MARTÍN,MOYOBAMBA,CALZADA,"100,0","97,0",479,456
220103,SAN MARTÍN,MOYOBAMBA,HABANA,"100,0","89,4",453,418
220104,SAN MARTÍN,MOYOBAMBA,JEPELACIO,"100,0","97,4",462,459
220105,SAN MARTÍN,MOYOBAMBA,SORITOR,"100,0","96,0",471,451
220106,SAN MARTÍN,MOYOBAMBA,YANTALO,"100,0","96,2",423,406
220201,SAN MARTÍN,BELLAVISTA,BELLAVISTA,"100,0","98,1",468,455
220202,SAN MARTÍN,BELLAVISTA,ALTO BIAVO,"100,0","91,4",406,392
220203,SAN MARTÍN,BELLAVISTA,BAJO BIAVO,"100,0","96,2",412,395
220204,SAN MARTÍN,BELLAVISTA,HUALLAGA,"100,0","97,6",432,397
220205,SAN MARTÍN,BELLAVISTA,SAN PABLO,"100,0","96,1",423,407
220206,SAN MARTÍN,BELLAVISTA,SAN RAFAEL,"100,0","97,9",467,449
220301,SAN MARTÍN,EL DORADO,SAN JOSE DE SISA,"100,0","98,1",395,374
220302,SAN MARTÍN,EL DORADO,AGUA BLANCA,"100,0","97,7",421,439
220303,SAN MARTÍN,EL DORADO,SAN MARTIN,"100,0","97,8",371,357
220304,SAN MARTÍN,EL DORADO,SANTA ROSA,"100,0","97,9",407,382
220305,SAN MARTÍN,EL DORADO,SHATOJA,"100,0","97,8",413,379
220401,SAN MARTÍN,HUALLAGA,SAPOSOA,"100,0","96,5",472,468
220402,SAN MARTÍN,HUALLAGA,ALTO SAPOSOA,"100,0","95,8",413,409
220403,SAN MARTÍN,HUALLAGA,EL ESLABON,"100,0","96,4",449,397
220404,SAN MARTÍN,HUALLAGA,PISCOYACU,"100,0","97,9",432,411
220405,SAN MARTÍN,HUALLAGA,SACANCHE,"100,0","100,0",433,406
220501,SAN MARTÍN,LAMAS,LAMAS,"100,0","98,5",447,437
220502,SAN MARTÍN,LAMAS,ALONSO DE ALVARADO,"100,0","97,5",452,436
220503,SAN MARTÍN,LAMAS,BARRANQUITA,"100,0","97,6",426,413
220504,SAN MARTÍN,LAMAS,CAYNARACHI,"100,0","94,3",427,417
220505,SAN MARTÍN,LAMAS,CUÑUMBUQUI,"100,0","100,0",386,354
220506,SAN MARTÍN,LAMAS,PINTO RECODO,"100,0","97,5",425,423
220507,SAN MARTÍN,LAMAS,RUMISAPA,"100,0","96,5",411,372
220508,SAN MARTÍN,LAMAS,SAN ROQUE DE CUMBAZA,"100,0","100,0",358,335
220509,SAN MARTÍN,LAMAS,SHANAO,"100,0","100,0",404,397
220510,SAN MARTÍN,LAMAS,TABALOSOS,"100,0","98,7",448,430
220511,SAN MARTÍN,LAMAS,ZAPATERO,"100,0","96,6",408,404
220601,SAN MARTÍN,MARISCAL CÁCERES,JUANJUI,"100,0","97,2",476,467
220602,SAN MARTÍN,MARISCAL CÁCERES,CAMPANILLA,"100,0","96,7",416,399
220603,SAN MARTÍN,MARISCAL CÁCERES,HUICUNGO,"100,0","93,6",432,417
220604,SAN MARTÍN,MARISCAL CÁCERES,PACHIZA,"100,0","95,5",402,390
220605,SAN MARTÍN,MARISCAL CÁCERES,PAJARILLO,"100,0","98,6",428,411
220701,SAN MARTÍN,PICOTA,PICOTA,"100,0","98,3",453,425
220702,SAN MARTÍN,PICOTA,BUENOS AIRES,"100,0","96,7",389,358
220703,SAN MARTÍN,PICOTA,CASPISAPA,"100,0","100,0",429,378
220704,SAN MARTÍN,PICOTA,PILLUANA,"100,0","100,0",454,413
220705,SAN MARTÍN,PICOTA,PUCACACA,"100,0","100,0",442,390
220706,SAN MARTÍN,PICOTA,SAN CRISTOBAL,"100,0","100,0",424,395
220707,SAN MARTÍN,PICOTA,SAN HILARION,"100,0","98,8",440,426
220708,SAN MARTÍN,PICOTA,SHAMBOYACU,"100,0","98,3",404,398
220709,SAN MARTÍN,PICOTA,TINGO DE PONASA,"100,0","94,1",424,400
220710,SAN MARTÍN,PICOTA,TRES UNIDOS,"100,0","97,6",414,409
220801,SAN MARTÍN,RIOJA,RIOJA,"100,0","96,8",489,469
220802,SAN MARTÍN,RIOJA,AWAJUN,"100,0","94,4",445,416
220803,SAN MARTÍN,RIOJA,ELIAS SOPLIN VARGAS,"100,0","98,0",471,474
220804,SAN MARTÍN,RIOJA,NUEVA CAJAMARCA,"100,0","97,7",484,481
220805,SAN MARTÍN,RIOJA,PARDO MIGUEL,"100,0","95,0",468,463
220806,SAN MARTÍN,RIOJA,POSIC,"100,0","97,6",440,434
220807,SAN MARTÍN,RIOJA,SAN FERNANDO,"100,0","94,4",446,450
220808,SAN MARTÍN,RIOJA,YORONGOS,"100,0","95,7",494,487
220809,SAN MARTÍN,RIOJA,YURACYACU,"100,0","95,2",495,496
220901,SAN MARTÍN,SAN MARTÍN,TARAPOTO,"100,0","97,7",493,454
220902,SAN MARTÍN,SAN MARTÍN,ALBERTO LEVEAU,"100,0","100,0",422,381
220903,SAN MARTÍN,SAN MARTÍN,CACATACHI,"100,0","97,5",431,403
220904,SAN MARTÍN,SAN MARTÍN,CHAZUTA,"100,0","96,7",381,367
220905,SAN MARTÍN,SAN MARTÍN,CHIPURANA,"100,0","97,6",408,396
220906,SAN MARTÍN,SAN MARTÍN,EL PORVENIR,"100,0","94,3",403,375
220907,SAN MARTÍN,SAN MARTÍN,HUIMBAYOC,"100,0","94,3",362,333
220908,SAN MARTÍN,SAN MARTÍN,JUAN GUERRA,"100,0","100,0",449,439
220909,SAN MARTÍN,SAN MARTÍN,LA BANDA DE SHILCAYO,"100,0","96,9",477,443
220910,SAN MARTÍN,SAN MARTÍN,MORALES,"100,0","95,9",454,417
220911,SAN MARTÍN,SAN MARTÍN,PAPAPLAYA,"100,0","97,0",386,347
220912,SAN MARTÍN,SAN MARTÍN,SAN ANTONIO,"100,0","96,3",454,386
220913,SAN MARTÍN,SAN MARTÍN,SAUCE,"100,0","92,0",447,439
220914,SAN MARTÍN,SAN MARTÍN,SHAPAJA,"100,0","100,0",433,407
221001,SAN MARTÍN,TOCACHE,TOCACHE,"100,0","95,6",461,447
221002,SAN MARTÍN,TOCACHE,NUEVO PROGRESO,"100,0","96,9",429,419
221003,SAN MARTÍN,TOCACHE,POLVORA,"100,0","98,1",464,461
221004,SAN MARTÍN,TOCACHE,SHUNTE,"100,0","95,6",399,402
221005,SAN MARTÍN,TOCACHE,UCHIZA,"100,0","95,9",468,472
230101,TACNA,TACNA,TACNA,"100,0","99,3",549,544
230102,TACNA,TACNA,ALTO DE LA ALIANZA,"100,0","98,9",515,522
230103,TACNA,TACNA,CALANA,"100,0","96,2",496,472
230104,TACNA,TACNA,CIUDAD NUEVA,"100,0","99,1",499,515
230105,TACNA,TACNA,INCLAN,"100,0","100,0",529,557
230106,TACNA,TACNA,PACHIA,"100,0","100,0",532,540
230108,TACNA,TACNA,POCOLLAY,"100,0","99,3",530,532
230109,TACNA,TACNA,SAMA,"100,0","96,0",520,537
230110,TACNA,TACNA,CORONEL GREGORIO ALBARRACIN LANCHIPA,"100,0","99,2",521,536
230111,TACNA,TACNA,LA YARADA LOS PALOS,"100,0","100,0",465,483
230201,TACNA,CANDARAVE,CANDARAVE,"100,0","100,0",531,510
230202,TACNA,CANDARAVE,CAIRANI,"100,0","100,0",522,555
230205,TACNA,CANDARAVE,HUANUARA,"100,0","100,0",593,633
230206,TACNA,CANDARAVE,QUILAHUANI,"100,0","85,7",567,578
230301,TACNA,JORGE BASADRE,LOCUMBA,"100,0","96,6",552,592
230302,TACNA,JORGE BASADRE,ILABAYA,"100,0","100,0",528,515
230303,TACNA,JORGE BASADRE,ITE,"100,0","100,0",525,545
230401,TACNA,TARATA,TARATA,"100,0","94,2",535,548
230406,TACNA,TARATA,SUSAPAYA,"100,0","100,0",457,519
230408,TACNA,TARATA,TICACO,"100,0","100,0",515,440
240101,TUMBES,TUMBES,TUMBES,"100,0","94,4",468,442
240102,TUMBES,TUMBES,CORRALES,"100,0","98,1",458,433
240103,TUMBES,TUMBES,LA CRUZ,"100,0","96,7",465,452
240104,TUMBES,TUMBES,PAMPAS DE HOSPITAL,"100,0","97,6",456,446
240105,TUMBES,TUMBES,SAN JACINTO,"90,0","85,6",463,458
240106,TUMBES,TUMBES,SAN JUAN DE LA VIRGEN,"100,0","100,0",444,441
240201,TUMBES,CONTRALMIRANTE VILLAR,ZORRITOS,"100,0","95,5",447,421
240202,TUMBES,CONTRALMIRANTE VILLAR,CASITAS,"100,0","100,0",450,429
240203,TUMBES,CONTRALMIRANTE VILLAR,CANOAS DE PUNTA SAL,"100,0","94,9",441,423
240301,TUMBES,ZARUMILLA,ZARUMILLA,"100,0","96,1",465,453
240302,TUMBES,ZARUMILLA,AGUAS VERDES,"100,0","94,6",459,435
240303,TUMBES,ZARUMILLA,MATAPALO,"100,0","92,0",443,415
240304,TUMBES,ZARUMILLA,PAPAYAL,"100,0","98,4",430,421
250101,UCAYALI,CORONEL PORTILLO,CALLERIA,"100,0","95,2",454,420
250102,UCAYALI,CORONEL PORTILLO,CAMPOVERDE,"100,0","90,8",427,387
250103,UCAYALI,CORONEL PORTILLO,IPARIA,"100,0","89,3",355,329
250104,UCAYALI,CORONEL PORTILLO,MASISEA,"100,0","78,6",-,-
250105,UCAYALI,CORONEL PORTILLO,YARINACOCHA,"100,0","93,7",419,381
250106,UCAYALI,CORONEL PORTILLO,NUEVA REQUENA,"100,0","92,7",377,359
250107,UCAYALI,CORONEL PORTILLO,MANANTAY,"100,0","91,7",429,394
250201,UCAYALI,ATALAYA,RAYMONDI,"100,0","92,3",404,376
250202,UCAYALI,ATALAYA,SEPAHUA,"100,0","91,3",390,365
250203,UCAYALI,ATALAYA,TAHUANIA,"100,0","85,1",377,344
250204,UCAYALI,ATALAYA,YURUA,"100,0","69,6",-,-
250301,UCAYALI,PADRE ABAD,PADRE ABAD,"100,0","93,9",439,415
250302,UCAYALI,PADRE ABAD,IRAZOLA,"100,0","87,6",432,408
250303,UCAYALI,PADRE ABAD,CURIMANA,"90,9","85,4",429,390
250304,UCAYALI,PADRE ABAD,NESHUYA,"100,0","94,3",434,411
250305,UCAYALI,PADRE ABAD,ALEXANDER VON HUMBOLDT,"100,0","92,4",419,408
250401,UCAYALI,PURÚS,PURUS,"100,0","96,6",378,329
,,,,,,,
Fuente: Minedu - UMC. Evaluación Censal de Estudiantes (ECE) 2016. Cuarto Grado de primaria.,,,,,,,