REGION,PROVINCIA,LECT_EN INICIO_2016,LECT_EN PROCESO_2016,LECT_PREVIO AL INICIO_2016,LECT_SATISFACTORIO_2016,MAT_EN INICIO_2016,MAT_EN PROCESO_2016,MAT_PREVIO AL INICIO_2016,MAT_SATISFACTORIO_2016,MEDIDA PROMEDIO COMPRENSION LECTORA_2016,MEDIDA PROMEDIO MATEMATICA_2016,LECT_EN INICIO_2018,LECT_EN PROCESO_2018,LECT_PREVIO AL INICIO_2018,LECT_SATISFACTORIO_2018,MAT_EN INICIO_2018,MAT_EN PROCESO_2018,MAT_PREVIO AL INICIO_2018,MAT_SATISFACTORIO_2018,MEDIDA PROMEDIO COMPRENSION LECTORA_2018,MEDIDA PROMEDIO MATEMATICA_2018,VAB_Administración_Pública_y_Defensa_2016,VAB_Administración_Pública_y_Defensa_2018,VAB_Electricidad_Gas_y_Agua_2016,VAB_Electricidad_Gas_y_Agua_2018,VAB_Telecom_y_Otros_Serv_de_Información_2016,VAB_Telecom_y_Otros_Serv_de_Información_2018,CUARTIL_2024
AMAZONAS,BAGUA,32.1,30.4,17.8,19.7,20.2,38.0,18.1,23.7,445.0,453.0,29.1,31.6,16.1,23.2,28.3,38.8,14.4,18.4,452.0,450.0,280083.0,302870.0,32680.0,36549.0,54385.0,63345.0,Q3
AMAZONAS,BAGUA,29.1,36.2,8.1,26.6,25.9,40.1,11.3,22.7,473.0,459.0,25.5,35.8,12.1,26.6,24.9,43.7,10.9,20.5,468.0,459.0,280083.0,302870.0,32680.0,36549.0,54385.0,63345.0,Q2
AMAZONAS,BAGUA,29.5,31.1,9.8,29.5,18.0,50.8,13.1,18.0,463.0,457.0,42.6,34.0,8.5,14.9,31.9,42.5,10.7,14.9,449.0,452.0,280083.0,302870.0,32680.0,36549.0,54385.0,63345.0,Q3
AMAZONAS,BAGUA,87.5,0.0,12.5,0.0,62.5,12.5,25.0,0.0,386.0,389.0,40.0,10.0,10.0,40.0,30.0,60.0,0.0,10.0,454.0,458.0,280083.0,302870.0,32680.0,36549.0,54385.0,63345.0,Q4
AMAZONAS,BAGUA,40.4,15.6,38.6,5.4,29.7,19.1,48.1,3.1,387.0,370.0,,,,,,,,,,,280083.0,302870.0,32680.0,36549.0,54385.0,63345.0,Q4
AMAZONAS,BAGUA,33.0,35.6,7.1,24.2,7.3,31.4,8.6,52.6,465.0,510.0,28.7,38.0,12.9,20.4,24.7,41.3,13.1,20.9,454.0,454.0,280083.0,302870.0,32680.0,36549.0,54385.0,63345.0,Q3
AMAZONAS,BONGARÁ,,,,,,,,,,,0.0,75.0,0.0,25.0,50.0,25.0,0.0,25.0,496.0,453.0,280083.0,302870.0,32680.0,36549.0,54385.0,63345.0,Q1
AMAZONAS,BONGARÁ,52.9,29.4,11.8,5.9,41.2,11.8,47.1,0.0,420.0,360.0,0.0,20.0,80.0,0.0,40.0,20.0,40.0,0.0,351.0,375.0,280083.0,302870.0,32680.0,36549.0,54385.0,63345.0,Q1
AMAZONAS,BONGARÁ,35.7,21.4,28.6,14.3,21.4,35.7,42.9,0.0,406.0,399.0,29.5,29.5,20.5,20.5,47.3,20.5,11.6,20.5,448.0,425.0,280083.0,302870.0,32680.0,36549.0,54385.0,63345.0,Q4
AMAZONAS,BONGARÁ,35.9,35.0,4.7,24.3,29.1,43.0,11.6,16.3,470.0,455.0,23.5,39.0,7.4,30.1,22.1,41.9,2.9,33.1,481.0,495.0,280083.0,302870.0,32680.0,36549.0,54385.0,63345.0,Q1
AMAZONAS,BONGARÁ,21.2,36.6,2.5,39.7,22.1,45.8,0.0,32.1,502.0,492.0,27.7,28.4,2.3,41.6,12.0,48.5,2.2,37.2,499.0,499.0,280083.0,302870.0,32680.0,36549.0,54385.0,63345.0,Q1
AMAZONAS,BONGARÁ,36.0,16.0,12.0,36.0,32.0,32.0,12.0,24.0,473.0,442.0,19.2,19.2,7.7,53.8,7.7,38.5,7.7,46.2,512.0,504.0,280083.0,302870.0,32680.0,36549.0,54385.0,63345.0,Q1
AMAZONAS,BONGARÁ,46.2,34.6,7.7,11.5,30.8,46.2,15.4,7.7,437.0,430.0,5.6,16.7,0.0,77.8,0.0,22.2,0.0,77.8,542.0,571.0,280083.0,302870.0,32680.0,36549.0,54385.0,63345.0,Q1
AMAZONAS,BONGARÁ,50.0,50.0,0.0,0.0,25.0,75.0,0.0,0.0,459.0,440.0,,,,,,,,,,,280083.0,302870.0,32680.0,36549.0,54385.0,63345.0,
AMAZONAS,BONGARÁ,36.2,36.7,12.6,14.5,26.6,43.3,9.7,20.4,445.0,451.0,29.3,25.6,10.3,34.8,12.8,35.3,10.4,41.6,481.0,496.0,280083.0,302870.0,32680.0,36549.0,54385.0,63345.0,Q1
AMAZONAS,CHACHAPOYAS,,,,,,,,,,,9.1,13.6,4.6,72.7,9.0,36.0,5.0,50.0,537.0,527.0,280083.0,302870.0,32680.0,36549.0,54385.0,63345.0,Q3
AMAZONAS,CHACHAPOYAS,14.0,34.0,0.8,51.2,9.5,42.6,1.8,46.0,532.0,524.0,13.4,28.0,3.7,54.9,10.0,38.1,2.1,49.9,528.0,526.0,280083.0,302870.0,32680.0,36549.0,54385.0,63345.0,Q1
AMAZONAS,CHACHAPOYAS,0.0,55.6,0.0,44.4,0.0,55.6,0.0,44.4,533.0,525.0,12.5,37.5,0.0,50.0,0.0,50.0,0.0,50.0,537.0,528.0,280083.0,302870.0,32680.0,36549.0,54385.0,63345.0,Q1
AMAZONAS,CHACHAPOYAS,43.8,31.8,6.4,17.9,27.1,55.0,6.6,11.3,458.0,449.0,27.0,46.1,15.4,11.5,30.8,57.7,3.9,7.7,437.0,445.0,280083.0,302870.0,32680.0,36549.0,54385.0,63345.0,Q2
AMAZONAS,CHACHAPOYAS,0.0,27.3,0.0,72.7,0.0,45.5,0.0,54.5,553.0,520.0,27.3,27.3,0.0,45.5,18.2,36.4,0.0,45.5,528.0,523.0,280083.0,302870.0,32680.0,36549.0,54385.0,63345.0,
AMAZONAS,CHACHAPOYAS,45.7,18.5,15.7,20.1,33.4,41.9,9.4,15.4,443.0,450.0,40.9,26.5,13.7,18.9,28.9,43.9,6.9,20.3,443.0,455.0,280083.0,302870.0,32680.0,36549.0,54385.0,63345.0,Q3
AMAZONAS,CHACHAPOYAS,15.9,34.9,1.6,47.6,9.5,33.3,4.8,52.4,507.0,528.0,18.8,29.9,13.5,37.8,15.0,39.2,9.4,36.4,478.0,481.0,280083.0,302870.0,32680.0,36549.0,54385.0,63345.0,Q2
AMAZONAS,CHACHAPOYAS,18.8,43.8,0.0,37.5,6.3,62.5,0.0,31.3,507.0,513.0,0.0,30.8,0.0,69.2,0.0,15.4,0.0,84.6,564.0,586.0,280083.0,302870.0,32680.0,36549.0,54385.0,63345.0,Q1
AMAZONAS,CHACHAPOYAS,42.9,42.9,0.0,14.3,23.8,52.4,4.8,19.0,453.0,465.0,25.0,31.3,12.5,31.3,18.8,43.8,12.5,25.0,467.0,463.0,280083.0,302870.0,32680.0,36549.0,54385.0,63345.0,Q1
AMAZONAS,CHACHAPOYAS,33.5,45.0,21.5,0.0,18.8,53.8,21.5,5.9,428.0,429.0,40.0,40.0,0.0,20.0,20.0,80.0,0.0,0.0,462.0,458.0,280083.0,302870.0,32680.0,36549.0,54385.0,63345.0,
AMAZONAS,CHACHAPOYAS,27.0,41.3,2.2,29.5,31.4,50.8,4.4,13.3,486.0,458.0,11.1,44.4,2.8,41.7,16.7,50.0,0.0,33.3,517.0,504.0,280083.0,302870.0,32680.0,36549.0,54385.0,63345.0,Q1
AMAZONAS,CHACHAPOYAS,20.0,30.0,20.0,30.0,30.0,40.0,20.0,10.0,467.0,448.0,28.6,28.6,14.3,28.6,14.3,28.6,14.3,42.9,438.0,458.0,280083.0,302870.0,32680.0,36549.0,54385.0,63345.0,Q1
AMAZONAS,CHACHAPOYAS,80.0,0.0,0.0,20.0,20.0,20.0,60.0,0.0,421.0,358.0,40.0,40.0,0.0,20.0,20.0,80.0,0.0,0.0,484.0,459.0,280083.0,302870.0,32680.0,36549.0,54385.0,63345.0,
AMAZONAS,CHACHAPOYAS,44.4,44.4,0.0,11.1,44.4,55.6,0.0,0.0,450.0,437.0,12.5,75.0,12.5,0.0,50.0,50.0,0.0,0.0,454.0,432.0,280083.0,302870.0,32680.0,36549.0,54385.0,63345.0,Q2
AMAZONAS,CHACHAPOYAS,31.3,31.3,31.3,6.3,18.8,43.8,31.3,6.3,406.0,398.0,83.3,16.7,0.0,0.0,16.7,66.7,0.0,16.7,426.0,477.0,280083.0,302870.0,32680.0,36549.0,54385.0,63345.0,Q1
AMAZONAS,CONDORCANQUI,,,,,,,,,,,0.0,0.0,100.0,0.0,0.0,0.0,100.0,0.0,301.0,284.0,280083.0,302870.0,32680.0,36549.0,54385.0,63345.0,Q4
AMAZONAS,CONDORCANQUI,40.7,23.5,24.6,11.2,24.1,39.5,30.2,6.1,417.0,407.0,,,,,,,,,,,280083.0,302870.0,32680.0,36549.0,54385.0,63345.0,Q4
AMAZONAS,CONDORCANQUI,27.6,0.0,66.0,6.4,20.6,13.7,65.7,0.0,349.0,335.0,11.1,7.4,77.7,3.7,7.4,7.4,85.1,0.0,327.0,299.0,280083.0,302870.0,32680.0,36549.0,54385.0,63345.0,Q4
AMAZONAS,LUYA,33.2,34.3,10.8,21.8,24.9,45.1,12.4,17.6,458.0,453.0,40.4,27.1,10.8,21.7,26.0,50.9,8.3,14.8,453.0,458.0,280083.0,302870.0,32680.0,36549.0,54385.0,63345.0,Q2
AMAZONAS,LUYA,42.9,28.6,22.9,5.7,30.2,37.4,21.0,11.4,418.0,428.0,53.0,29.8,5.7,11.5,29.5,53.0,5.7,11.7,444.0,458.0,280083.0,302870.0,32680.0,36549.0,54385.0,63345.0,Q2
AMAZONAS,LUYA,13.0,43.5,0.0,43.5,4.3,8.7,0.0,87.0,521.0,564.0,31.9,13.6,9.1,45.4,4.6,50.0,13.7,31.8,486.0,497.0,280083.0,302870.0,32680.0,36549.0,54385.0,63345.0,Q1
AMAZONAS,LUYA,18.2,54.5,4.5,22.7,18.2,36.4,13.6,31.8,489.0,466.0,37.5,31.3,15.6,15.6,34.4,43.7,12.5,9.4,441.0,437.0,280083.0,302870.0,32680.0,36549.0,54385.0,63345.0,Q3
AMAZONAS,LUYA,,,,,,,,,,,33.3,16.7,33.3,16.7,33.3,0.0,50.0,16.7,398.0,369.0,280083.0,302870.0,32680.0,36549.0,54385.0,63345.0,
AMAZONAS,LUYA,26.7,50.0,6.7,16.7,16.7,63.3,3.3,16.7,478.0,468.0,17.5,42.5,0.0,40.0,2.5,52.5,2.5,42.5,517.0,530.0,280083.0,302870.0,32680.0,36549.0,54385.0,63345.0,Q1
AMAZONAS,LUYA,13.6,19.3,0.0,67.0,4.5,56.8,0.0,38.6,537.0,517.0,24.2,11.5,12.1,52.1,12.1,18.2,6.1,63.6,486.0,514.0,280083.0,302870.0,32680.0,36549.0,54385.0,63345.0,Q1
AMAZONAS,LUYA,46.7,20.0,20.0,13.3,46.7,33.3,6.7,13.3,437.0,448.0,6.5,39.7,13.5,40.3,26.5,26.8,6.8,40.0,484.0,481.0,280083.0,302870.0,32680.0,36549.0,54385.0,63345.0,Q1
AMAZONAS,LUYA,42.4,36.6,3.3,17.6,22.2,52.5,4.4,21.0,467.0,470.0,21.5,41.8,7.6,29.1,12.7,49.4,3.8,34.2,484.0,488.0,280083.0,302870.0,32680.0,36549.0,54385.0,63345.0,Q1
AMAZONAS,LUYA,0.0,60.0,0.0,40.0,0.0,40.0,0.0,60.0,527.0,558.0,40.0,40.0,0.0,20.0,40.0,20.0,0.0,40.0,457.0,490.0,280083.0,302870.0,32680.0,36549.0,54385.0,63345.0,Q4
AMAZONAS,LUYA,28.6,35.7,0.0,35.7,21.4,57.1,0.0,21.4,498.0,468.0,0.0,33.3,0.0,66.7,0.0,50.0,0.0,50.0,563.0,555.0,280083.0,302870.0,32680.0,36549.0,54385.0,63345.0,Q1
AMAZONAS,LUYA,30.4,45.1,8.4,16.1,36.3,45.1,7.1,11.4,452.0,441.0,25.3,34.7,8.1,31.9,17.4,46.7,1.4,34.5,481.0,495.0,280083.0,302870.0,32680.0,36549.0,54385.0,63345.0,Q3
AMAZONAS,LUYA,27.3,33.4,22.3,16.9,31.0,25.1,20.4,23.4,441.0,440.0,27.7,22.8,22.6,27.0,20.8,43.7,11.5,24.0,452.0,462.0,280083.0,302870.0,32680.0,36549.0,54385.0,63345.0,Q2
AMAZONAS,LUYA,39.7,35.1,1.8,23.4,23.5,44.2,7.1,25.1,471.0,470.0,25.0,37.3,11.8,25.9,16.9,43.9,8.9,30.3,470.0,477.0,280083.0,302870.0,32680.0,36549.0,54385.0,63345.0,Q2
AMAZONAS,LUYA,18.8,33.5,17.6,30.0,20.6,36.5,14.7,28.2,471.0,455.0,26.9,36.5,18.2,18.4,32.0,31.8,18.2,18.0,446.0,432.0,280083.0,302870.0,32680.0,36549.0,54385.0,63345.0,Q2
AMAZONAS,LUYA,10.0,50.0,0.0,40.0,10.0,40.0,0.0,50.0,532.0,554.0,33.3,55.6,0.0,11.1,22.2,77.8,0.0,0.0,476.0,466.0,280083.0,302870.0,32680.0,36549.0,54385.0,63345.0,Q2
AMAZONAS,LUYA,22.2,66.7,0.0,11.1,44.4,44.4,0.0,11.1,483.0,444.0,12.5,50.0,0.0,37.5,50.0,12.5,0.0,37.5,484.0,465.0,280083.0,302870.0,32680.0,36549.0,54385.0,63345.0,
AMAZONAS,LUYA,40.0,40.0,0.0,20.0,20.0,60.0,0.0,20.0,476.0,479.0,16.7,50.0,16.7,16.7,16.7,33.3,0.0,50.0,473.0,549.0,280083.0,302870.0,32680.0,36549.0,54385.0,63345.0,Q4
AMAZONAS,LUYA,39.1,30.4,21.7,8.7,26.1,41.3,26.1,6.5,421.0,418.0,36.1,43.2,11.0,9.7,16.7,61.0,11.0,11.2,442.0,443.0,280083.0,302870.0,32680.0,36549.0,54385.0,63345.0,Q1
AMAZONAS,LUYA,25.3,30.7,21.8,22.3,21.9,43.1,14.3,20.6,446.0,452.0,27.0,44.4,6.4,22.2,27.0,42.8,0.0,30.2,473.0,495.0,280083.0,302870.0,32680.0,36549.0,54385.0,63345.0,Q2
AMAZONAS,LUYA,9.1,45.5,0.0,45.5,0.0,54.5,0.0,45.5,534.0,517.0,12.5,50.0,4.2,33.3,12.5,50.0,0.0,37.5,511.0,506.0,280083.0,302870.0,32680.0,36549.0,54385.0,63345.0,Q1
AMAZONAS,LUYA,39.3,35.7,10.7,14.3,14.3,64.3,14.3,7.1,439.0,445.0,28.2,35.5,5.8,30.5,21.5,48.0,8.3,22.3,473.0,462.0,280083.0,302870.0,32680.0,36549.0,54385.0,63345.0,Q3
AMAZONAS,RODRÍGUEZ DE MENDOZA,33.3,33.3,13.9,19.4,33.3,38.9,16.7,11.1,451.0,431.0,28.7,30.0,4.3,36.9,23.1,48.1,1.9,26.9,480.0,474.0,280083.0,302870.0,32680.0,36549.0,54385.0,63345.0,Q3
AMAZONAS,RODRÍGUEZ DE MENDOZA,28.6,35.7,0.0,35.7,0.0,28.6,0.0,71.4,492.0,536.0,0.0,14.3,0.0,85.7,0.0,28.6,0.0,71.4,561.0,573.0,280083.0,302870.0,32680.0,36549.0,54385.0,63345.0,Q1
AMAZONAS,RODRÍGUEZ DE MENDOZA,31.3,31.3,0.0,37.5,18.8,50.0,6.3,25.0,502.0,479.0,18.5,44.4,7.4,29.6,14.8,37.0,7.4,40.7,492.0,489.0,280083.0,302870.0,32680.0,36549.0,54385.0,63345.0,Q2
AMAZONAS,RODRÍGUEZ DE MENDOZA,38.9,55.6,0.0,5.6,44.4,44.4,5.6,5.6,448.0,438.0,0.0,27.3,9.1,63.6,0.0,45.0,0.0,55.0,549.0,558.0,280083.0,302870.0,32680.0,36549.0,54385.0,63345.0,Q2
AMAZONAS,RODRÍGUEZ DE MENDOZA,12.5,42.1,0.0,45.3,12.8,62.9,0.0,24.3,514.0,483.0,19.0,19.1,14.2,47.7,9.5,38.1,23.7,28.7,474.0,480.0,280083.0,302870.0,32680.0,36549.0,54385.0,63345.0,Q1
AMAZONAS,RODRÍGUEZ DE MENDOZA,,,,,,,,,,,0.0,10.0,0.0,90.0,0.0,10.0,0.0,90.0,592.0,599.0,280083.0,302870.0,32680.0,36549.0,54385.0,63345.0,Q1
AMAZONAS,RODRÍGUEZ DE MENDOZA,,,,,,,,,,,25.0,25.0,25.0,25.0,0.0,75.0,25.0,0.0,411.0,425.0,280083.0,302870.0,32680.0,36549.0,54385.0,63345.0,
AMAZONAS,RODRÍGUEZ DE MENDOZA,35.3,32.5,13.7,18.4,27.2,39.4,14.9,18.5,451.0,449.0,24.4,33.2,12.4,30.1,18.9,39.0,9.3,32.8,476.0,478.0,280083.0,302870.0,32680.0,36549.0,54385.0,63345.0,Q2
AMAZONAS,RODRÍGUEZ DE MENDOZA,12.7,21.8,2.5,63.0,13.4,33.7,4.3,48.6,546.0,522.0,19.0,26.4,9.1,45.5,15.7,38.9,9.9,35.5,497.0,488.0,280083.0,302870.0,32680.0,36549.0,54385.0,63345.0,Q2
AMAZONAS,RODRÍGUEZ DE MENDOZA,40.0,40.0,0.0,20.0,20.0,20.0,0.0,60.0,481.0,540.0,,,,,,,,,,,280083.0,302870.0,32680.0,36549.0,54385.0,63345.0,
AMAZONAS,RODRÍGUEZ DE MENDOZA,42.4,27.3,15.2,15.2,30.3,42.4,18.2,9.1,432.0,430.0,38.1,31.0,12.0,18.8,28.8,40.5,7.2,23.5,441.0,461.0,280083.0,302870.0,32680.0,36549.0,54385.0,63345.0,Q2
AMAZONAS,UTCUBAMBA,28.4,39.2,8.6,23.8,20.4,44.1,8.2,27.3,469.0,474.0,32.2,32.4,10.6,24.9,23.3,45.3,8.6,22.8,462.0,465.0,280083.0,302870.0,32680.0,36549.0,54385.0,63345.0,Q2
AMAZONAS,UTCUBAMBA,32.3,35.5,10.6,21.7,24.0,40.6,12.0,23.4,459.0,461.0,35.2,31.3,12.9,20.5,27.4,44.8,11.3,16.5,450.0,450.0,280083.0,302870.0,32680.0,36549.0,54385.0,63345.0,Q3
AMAZONAS,UTCUBAMBA,28.0,36.6,12.0,23.4,23.9,41.7,10.7,23.7,457.0,463.0,30.7,28.5,16.3,24.5,23.8,37.5,11.9,26.8,449.0,463.0,280083.0,302870.0,32680.0,36549.0,54385.0,63345.0,Q3
AMAZONAS,UTCUBAMBA,35.1,30.3,29.9,4.7,32.5,35.7,29.3,2.5,410.0,401.0,42.2,28.7,19.2,9.9,34.8,29.7,22.0,13.5,420.0,421.0,280083.0,302870.0,32680.0,36549.0,54385.0,63345.0,Q3
AMAZONAS,UTCUBAMBA,43.1,35.1,11.1,10.8,34.8,38.7,18.3,8.2,446.0,427.0,23.1,25.6,8.4,42.8,18.5,33.6,9.0,38.8,505.0,493.0,280083.0,302870.0,32680.0,36549.0,54385.0,63345.0,Q3
AMAZONAS,UTCUBAMBA,25.4,34.7,6.0,33.9,15.8,35.2,11.7,37.4,486.0,486.0,30.1,34.7,8.0,27.3,22.8,40.5,9.3,27.4,468.0,476.0,280083.0,302870.0,32680.0,36549.0,54385.0,63345.0,Q3
AMAZONAS,UTCUBAMBA,26.6,29.9,14.8,28.8,24.8,40.6,16.4,18.2,461.0,451.0,31.7,30.0,17.3,21.0,27.1,46.8,10.2,15.9,446.0,448.0,280083.0,302870.0,32680.0,36549.0,54385.0,63345.0,Q3
ANCASH,AIJA,16.7,25.0,30.5,27.8,22.2,33.3,25.0,19.5,446.0,446.0,31.3,40.5,12.6,15.6,21.9,34.3,15.7,28.1,446.0,461.0,851789.0,942826.0,426444.0,427851.0,474820.0,579076.0,Q1
ANCASH,AIJA,39.7,10.7,46.3,3.3,32.8,14.0,49.8,3.3,371.0,354.0,41.6,25.0,29.3,4.1,20.7,25.0,54.3,0.0,389.0,359.0,851789.0,942826.0,426444.0,427851.0,474820.0,579076.0,Q1
ANCASH,AIJA,28.6,57.1,0.0,14.3,28.6,42.9,14.3,14.3,468.0,436.0,50.0,50.0,0.0,0.0,50.0,50.0,0.0,0.0,458.0,426.0,851789.0,942826.0,426444.0,427851.0,474820.0,579076.0,
ANCASH,AIJA,53.9,17.7,14.2,14.2,32.3,28.0,32.8,6.9,429.0,405.0,29.5,17.6,35.4,17.6,17.7,41.1,35.4,5.8,403.0,412.0,851789.0,942826.0,426444.0,427851.0,474820.0,579076.0,Q3
ANCASH,AIJA,25.0,50.0,12.5,12.5,12.5,50.0,0.0,37.5,468.0,508.0,20.0,60.0,0.0,20.0,20.0,40.0,0.0,40.0,478.0,492.0,851789.0,942826.0,426444.0,427851.0,474820.0,579076.0,Q4
ANCASH,ANTONIO RAIMONDI,33.3,36.4,12.1,18.2,33.3,42.4,21.2,3.0,451.0,416.0,22.6,19.3,29.0,29.0,35.5,38.7,22.6,3.2,435.0,412.0,851789.0,942826.0,426444.0,427851.0,474820.0,579076.0,Q4
ANCASH,ANTONIO RAIMONDI,48.5,22.0,24.7,4.9,43.6,17.1,36.9,2.4,408.0,383.0,34.6,30.8,11.5,23.1,23.1,34.6,19.2,23.1,452.0,442.0,851789.0,942826.0,426444.0,427851.0,474820.0,579076.0,
ANCASH,ANTONIO RAIMONDI,5.4,43.3,8.1,43.3,10.8,40.6,8.1,40.6,514.0,495.0,37.5,20.4,19.6,22.5,35.8,38.9,13.0,12.2,445.0,429.0,851789.0,942826.0,426444.0,427851.0,474820.0,579076.0,Q3
ANCASH,ANTONIO RAIMONDI,36.2,39.1,21.5,3.2,31.3,37.4,21.5,9.8,420.0,418.0,52.3,21.0,18.3,8.4,41.7,35.3,12.5,10.5,417.0,421.0,851789.0,942826.0,426444.0,427851.0,474820.0,579076.0,Q4
ANCASH,ANTONIO RAIMONDI,60.9,4.4,34.8,0.0,29.0,30.5,30.4,10.1,368.0,399.0,32.2,10.2,55.9,1.7,32.2,13.5,54.3,0.0,360.0,354.0,851789.0,942826.0,426444.0,427851.0,474820.0,579076.0,
ANCASH,ANTONIO RAIMONDI,28.1,3.1,65.6,3.1,25.0,9.4,65.6,0.0,340.0,336.0,31.1,26.3,35.4,7.1,38.3,43.1,18.6,0.0,401.0,396.0,851789.0,942826.0,426444.0,427851.0,474820.0,579076.0,
ANCASH,ASUNCIÓN,40.4,26.3,26.3,7.0,35.1,33.3,22.8,8.8,416.0,415.0,39.1,37.3,11.8,11.8,17.7,45.0,5.9,31.4,443.0,483.0,851789.0,942826.0,426444.0,427851.0,474820.0,579076.0,Q3
ANCASH,ASUNCIÓN,27.1,40.7,10.2,22.0,19.3,47.8,11.6,21.2,465.0,457.0,21.6,27.6,9.1,41.7,21.6,44.5,1.5,32.4,503.0,493.0,851789.0,942826.0,426444.0,427851.0,474820.0,579076.0,Q2
ANCASH,BOLOGNESI,,,,,,,,,,,30.4,38.4,23.2,8.0,37.6,54.4,0.0,8.0,423.0,453.0,851789.0,942826.0,426444.0,427851.0,474820.0,579076.0,Q1
ANCASH,BOLOGNESI,27.6,48.3,6.9,17.2,31.0,48.3,6.9,13.8,472.0,440.0,33.5,28.9,18.6,19.0,33.1,47.9,14.5,4.5,440.0,423.0,851789.0,942826.0,426444.0,427851.0,474820.0,579076.0,Q4
ANCASH,BOLOGNESI,44.0,28.0,8.0,20.0,20.0,60.0,8.0,12.0,453.0,462.0,9.1,63.7,0.0,27.2,0.0,54.6,0.0,45.4,493.0,508.0,851789.0,942826.0,426444.0,427851.0,474820.0,579076.0,Q1
ANCASH,BOLOGNESI,16.5,44.5,2.5,36.4,15.3,44.4,5.1,35.2,512.0,508.0,25.1,26.5,5.7,42.7,21.1,41.7,2.7,34.4,499.0,496.0,851789.0,942826.0,426444.0,427851.0,474820.0,579076.0,Q1
ANCASH,BOLOGNESI,24.6,33.4,7.0,35.1,28.4,35.8,0.0,35.8,487.0,492.0,12.1,15.2,6.1,66.7,3.0,33.3,6.1,57.6,565.0,544.0,851789.0,942826.0,426444.0,427851.0,474820.0,579076.0,Q1
ANCASH,BOLOGNESI,35.4,27.3,16.7,20.5,21.8,28.0,29.8,20.5,441.0,428.0,33.0,35.5,13.6,18.0,23.3,39.4,13.8,23.5,448.0,459.0,851789.0,942826.0,426444.0,427851.0,474820.0,579076.0,Q3
ANCASH,BOLOGNESI,34.8,39.1,4.3,21.7,17.4,39.1,8.7,34.8,454.0,480.0,17.6,35.4,11.7,35.3,35.3,35.2,11.7,17.7,470.0,438.0,851789.0,942826.0,426444.0,427851.0,474820.0,579076.0,
ANCASH,BOLOGNESI,,,,,,,,,,,14.2,21.5,21.3,43.1,14.2,28.5,14.2,43.1,493.0,493.0,851789.0,942826.0,426444.0,427851.0,474820.0,579076.0,Q1
ANCASH,BOLOGNESI,20.0,20.0,60.0,0.0,40.0,0.0,60.0,0.0,362.0,328.0,37.5,12.5,37.5,12.5,50.0,12.5,37.5,0.0,402.0,357.0,851789.0,942826.0,426444.0,427851.0,474820.0,579076.0,
ANCASH,BOLOGNESI,,,,,,,,,,,28.6,14.3,0.0,57.1,14.3,42.9,0.0,42.9,529.0,509.0,851789.0,942826.0,426444.0,427851.0,474820.0,579076.0,
ANCASH,BOLOGNESI,21.4,42.9,28.6,7.1,35.7,50.0,14.3,0.0,432.0,417.0,46.1,30.8,0.0,23.1,15.4,38.4,0.0,46.2,478.0,510.0,851789.0,942826.0,426444.0,427851.0,474820.0,579076.0,Q4
ANCASH,BOLOGNESI,40.0,0.0,20.0,40.0,40.0,40.0,20.0,0.0,417.0,388.0,16.7,33.3,0.0,50.0,16.7,50.0,0.0,33.3,502.0,543.0,851789.0,942826.0,426444.0,427851.0,474820.0,579076.0,
ANCASH,BOLOGNESI,15.4,46.2,7.7,30.8,23.1,53.8,0.0,23.1,483.0,481.0,20.0,60.0,0.0,20.0,0.0,100.0,0.0,0.0,473.0,474.0,851789.0,942826.0,426444.0,427851.0,474820.0,579076.0,Q1
ANCASH,CARHUAZ,66.7,13.9,13.9,5.6,25.0,55.6,13.9,5.6,408.0,434.0,17.2,55.2,0.0,27.6,6.9,65.5,0.0,27.6,495.0,503.0,851789.0,942826.0,426444.0,427851.0,474820.0,579076.0,Q4
ANCASH,CARHUAZ,40.0,31.7,28.3,0.0,45.0,6.7,48.3,0.0,399.0,350.0,66.7,11.1,22.2,0.0,33.3,55.6,0.0,11.1,404.0,454.0,851789.0,942826.0,426444.0,427851.0,474820.0,579076.0,Q1
ANCASH,CARHUAZ,34.5,44.8,13.8,6.9,31.0,37.9,20.7,10.3,435.0,414.0,20.8,20.8,12.5,45.8,12.5,45.8,8.3,33.3,501.0,498.0,851789.0,942826.0,426444.0,427851.0,474820.0,579076.0,Q3
ANCASH,CARHUAZ,17.9,7.1,75.0,0.0,14.3,0.0,82.1,3.6,336.0,312.0,25.8,7.7,62.8,3.7,26.5,18.4,55.1,0.0,345.0,346.0,851789.0,942826.0,426444.0,427851.0,474820.0,579076.0,
ANCASH,CARHUAZ,33.8,26.4,13.5,26.4,28.4,31.1,18.6,22.0,461.0,447.0,30.3,26.3,19.0,24.5,23.0,41.3,12.7,22.9,446.0,458.0,851789.0,942826.0,426444.0,427851.0,474820.0,579076.0,Q2
ANCASH,CARHUAZ,42.5,20.8,29.3,7.4,29.7,23.9,41.1,5.3,401.0,382.0,36.3,23.5,32.4,7.9,32.4,35.3,27.1,5.2,401.0,406.0,851789.0,942826.0,426444.0,427851.0,474820.0,579076.0,Q3
ANCASH,CARHUAZ,24.0,44.0,8.0,24.0,24.0,44.0,20.0,12.0,469.0,435.0,33.3,33.3,6.7,26.7,13.3,73.3,0.0,13.3,470.0,483.0,851789.0,942826.0,426444.0,427851.0,474820.0,579076.0,Q2
ANCASH,CARHUAZ,41.7,25.0,25.0,8.3,58.3,25.0,8.3,8.3,412.0,423.0,35.9,30.8,12.8,20.5,30.8,41.0,2.6,25.6,454.0,470.0,851789.0,942826.0,426444.0,427851.0,474820.0,579076.0,Q4
ANCASH,CARHUAZ,37.5,12.5,42.5,7.5,42.5,32.5,17.5,7.5,384.0,420.0,30.4,30.4,26.1,13.0,47.8,34.8,8.7,8.7,418.0,429.0,851789.0,942826.0,426444.0,427851.0,474820.0,579076.0,Q3
ANCASH,CARHUAZ,35.5,38.7,12.9,12.9,35.5,38.7,19.4,6.5,437.0,415.0,37.8,21.1,41.1,0.0,38.9,23.7,35.1,2.3,383.0,386.0,851789.0,942826.0,426444.0,427851.0,474820.0,579076.0,Q4
ANCASH,CARHUAZ,40.8,40.3,15.8,3.1,28.2,46.6,12.8,12.4,421.0,445.0,31.9,17.1,12.3,38.7,24.6,51.1,2.4,21.9,473.0,480.0,851789.0,942826.0,426444.0,427851.0,474820.0,579076.0,Q2
ANCASH,CARLOS FERMÍN FITZCARRAL,38.3,27.8,16.5,17.4,32.6,30.1,16.2,21.2,439.0,445.0,35.4,31.6,17.7,15.3,21.1,47.9,13.9,17.2,434.0,450.0,851789.0,942826.0,426444.0,427851.0,474820.0,579076.0,Q2
ANCASH,CARLOS FERMÍN FITZCARRAL,55.2,13.2,29.0,2.6,18.4,42.1,34.2,5.3,392.0,399.0,46.1,19.2,23.1,11.6,40.4,36.5,19.2,3.8,416.0,410.0,851789.0,942826.0,426444.0,427851.0,474820.0,579076.0,Q2
ANCASH,CARLOS FERMÍN FITZCARRAL,24.9,16.5,53.9,4.7,24.8,14.1,54.0,7.1,366.0,366.0,22.7,21.3,46.0,10.0,13.9,25.0,47.3,13.8,386.0,391.0,851789.0,942826.0,426444.0,427851.0,474820.0,579076.0,
ANCASH,CASMA,29.0,32.5,27.7,10.8,21.1,36.2,29.7,12.9,414.0,417.0,29.7,24.4,19.8,26.1,27.3,42.5,12.6,17.6,448.0,451.0,851789.0,942826.0,426444.0,427851.0,474820.0,579076.0,Q3
ANCASH,CASMA,29.8,36.3,8.1,25.9,22.6,43.9,9.7,23.7,470.0,463.0,30.4,33.4,9.4,26.8,24.9,42.8,6.3,26.0,472.0,474.0,851789.0,942826.0,426444.0,427851.0,474820.0,579076.0,Q2
ANCASH,CASMA,47.4,26.3,5.3,21.1,36.9,21.1,31.6,10.5,460.0,402.0,54.8,24.8,11.8,8.7,22.6,55.7,13.1,8.7,428.0,444.0,851789.0,942826.0,426444.0,427851.0,474820.0,579076.0,Q3
ANCASH,CASMA,39.4,32.1,12.7,15.8,25.2,44.4,14.1,16.3,445.0,450.0,31.5,28.9,20.6,19.1,20.3,43.7,16.3,19.7,438.0,451.0,851789.0,942826.0,426444.0,427851.0,474820.0,579076.0,Q2
ANCASH,CORONGO,20.0,20.0,60.0,0.0,20.0,20.0,60.0,0.0,379.0,345.0,25.0,0.0,25.0,50.0,25.0,0.0,25.0,50.0,498.0,446.0,851789.0,942826.0,426444.0,427851.0,474820.0,579076.0,Q4
ANCASH,CORONGO,,,,,,,,,,,22.2,33.3,33.3,11.1,11.1,33.3,44.4,11.1,410.0,396.0,851789.0,942826.0,426444.0,427851.0,474820.0,579076.0,
ANCASH,CORONGO,16.7,41.7,0.0,41.7,12.5,41.7,4.2,41.7,516.0,492.0,26.7,30.0,0.0,43.3,26.7,43.3,3.3,26.7,499.0,472.0,851789.0,942826.0,426444.0,427851.0,474820.0,579076.0,Q1
ANCASH,CORONGO,54.5,20.5,13.6,11.4,34.1,38.6,11.4,15.9,419.0,441.0,22.8,26.3,19.2,31.6,15.8,35.1,15.8,33.4,466.0,473.0,851789.0,942826.0,426444.0,427851.0,474820.0,579076.0,Q3
ANCASH,CORONGO,50.0,27.3,18.2,4.5,40.9,27.3,22.7,9.1,421.0,408.0,46.7,6.7,33.3,13.3,13.3,26.7,46.7,13.3,410.0,406.0,851789.0,942826.0,426444.0,427851.0,474820.0,579076.0,Q3
ANCASH,CORONGO,,,,,,,,,,,20.0,40.0,20.0,20.0,20.0,40.0,40.0,0.0,439.0,386.0,851789.0,942826.0,426444.0,427851.0,474820.0,579076.0,
ANCASH,CORONGO,0.0,20.0,80.0,0.0,40.0,0.0,60.0,0.0,344.0,329.0,37.5,12.5,12.5,37.5,25.0,37.5,37.5,0.0,482.0,410.0,851789.0,942826.0,426444.0,427851.0,474820.0,579076.0,Q4
ANCASH,HUARAZ,12.6,36.4,38.8,12.1,16.6,23.9,38.6,21.0,411.0,399.0,19.0,19.0,62.0,0.0,14.2,9.5,71.6,4.7,354.0,339.0,851789.0,942826.0,426444.0,427851.0,474820.0,579076.0,Q4
ANCASH,HUARAZ,27.0,22.6,27.0,23.4,29.3,35.7,20.6,14.4,431.0,429.0,15.4,23.1,15.4,46.2,15.4,23.1,23.1,38.5,478.0,453.0,851789.0,942826.0,426444.0,427851.0,474820.0,579076.0,Q4
ANCASH,HUARAZ,23.5,34.0,5.1,37.4,20.0,41.0,5.3,33.7,495.0,490.0,23.2,27.6,9.1,40.1,19.4,38.6,7.7,34.3,493.0,487.0,851789.0,942826.0,426444.0,427851.0,474820.0,579076.0,Q2
ANCASH,HUARAZ,22.2,38.0,3.9,35.9,18.2,46.4,5.0,30.4,499.0,487.0,21.7,31.7,4.3,42.4,16.9,44.9,4.4,33.8,503.0,494.0,851789.0,942826.0,426444.0,427851.0,474820.0,579076.0,Q2
ANCASH,HUARAZ,34.8,22.1,32.0,11.2,35.4,24.2,40.4,0.0,411.0,379.0,39.3,19.6,35.8,5.3,39.3,26.8,28.6,5.3,398.0,398.0,851789.0,942826.0,426444.0,427851.0,474820.0,579076.0,Q2
ANCASH,HUARAZ,61.1,16.7,11.1,11.1,44.4,22.2,27.8,5.6,423.0,391.0,24.1,13.8,45.0,17.2,31.1,13.7,38.0,17.2,386.0,395.0,851789.0,942826.0,426444.0,427851.0,474820.0,579076.0,Q4
ANCASH,HUARAZ,38.5,19.2,42.3,0.0,42.3,15.4,38.5,3.8,374.0,376.0,25.0,39.2,21.5,14.3,17.8,42.9,32.2,7.1,436.0,420.0,851789.0,942826.0,426444.0,427851.0,474820.0,579076.0,Q3
ANCASH,HUARAZ,50.0,20.0,20.0,10.0,40.0,10.0,40.0,10.0,407.0,386.0,50.0,41.7,0.0,8.3,58.3,33.3,8.3,0.0,439.0,422.0,851789.0,942826.0,426444.0,427851.0,474820.0,579076.0,Q4
ANCASH,HUARAZ,31.4,19.1,41.9,7.6,25.7,27.6,42.8,3.8,390.0,387.0,32.1,16.8,33.2,17.9,24.1,33.8,28.7,13.4,411.0,418.0,851789.0,942826.0,426444.0,427851.0,474820.0,579076.0,Q3
ANCASH,HUARAZ,33.0,7.4,58.2,1.5,24.1,8.9,65.6,1.5,354.0,341.0,40.0,16.7,39.9,3.4,36.7,16.7,43.3,3.4,388.0,378.0,851789.0,942826.0,426444.0,427851.0,474820.0,579076.0,Q4
ANCASH,HUARAZ,37.8,23.5,17.4,21.4,28.6,44.9,13.3,13.3,443.0,439.0,35.1,26.3,22.3,16.3,31.3,37.6,18.6,12.5,430.0,427.0,851789.0,942826.0,426444.0,427851.0,474820.0,579076.0,Q3
ANCASH,HUARI,25.0,27.3,40.9,6.8,22.7,29.6,40.9,6.8,391.0,383.0,44.1,16.9,39.0,0.0,38.8,11.2,44.3,5.8,374.0,369.0,851789.0,942826.0,426444.0,427851.0,474820.0,579076.0,Q4
ANCASH,HUARI,44.6,17.7,37.6,0.0,44.6,10.2,45.1,0.0,392.0,359.0,33.3,12.5,37.6,16.6,29.1,25.0,41.8,4.2,400.0,389.0,851789.0,942826.0,426444.0,427851.0,474820.0,579076.0,
ANCASH,HUARI,38.5,29.3,25.1,7.1,34.3,28.3,33.3,4.1,418.0,391.0,20.7,27.7,8.9,42.7,7.9,28.7,7.9,55.6,498.0,534.0,851789.0,942826.0,426444.0,427851.0,474820.0,579076.0,Q2
ANCASH,HUARI,52.4,28.6,14.3,4.8,19.1,42.9,28.5,9.5,416.0,418.0,42.9,3.6,13.9,39.6,6.9,39.6,13.9,39.6,467.0,475.0,851789.0,942826.0,426444.0,427851.0,474820.0,579076.0,
ANCASH,HUARI,48.3,32.1,7.7,12.0,7.9,32.3,15.4,44.5,434.0,489.0,40.0,20.0,34.3,5.7,37.1,28.6,20.0,14.3,388.0,422.0,851789.0,942826.0,426444.0,427851.0,474820.0,579076.0,Q4
ANCASH,HUARI,28.4,34.3,13.4,23.9,20.9,25.4,28.4,25.4,458.0,450.0,,,,,,,,,,,851789.0,942826.0,426444.0,427851.0,474820.0,579076.0,Q4
ANCASH,HUARI,63.3,10.0,23.3,3.3,40.0,23.3,30.0,6.7,394.0,396.0,46.1,30.8,15.5,7.7,51.3,25.6,12.9,10.2,425.0,418.0,851789.0,942826.0,426444.0,427851.0,474820.0,579076.0,
ANCASH,HUARI,33.6,27.4,11.1,27.9,28.0,33.5,13.9,24.6,465.0,456.0,,,,,,,,,,,851789.0,942826.0,426444.0,427851.0,474820.0,579076.0,Q2
ANCASH,HUARI,0.0,72.2,0.0,27.8,5.6,66.7,0.0,27.8,504.0,495.0,25.2,30.6,16.1,28.1,35.1,42.7,17.7,4.5,464.0,425.0,851789.0,942826.0,426444.0,427851.0,474820.0,579076.0,Q3
ANCASH,HUARI,41.0,2.8,50.7,5.6,27.5,13.8,53.1,5.6,367.0,369.0,18.9,10.8,64.9,5.4,24.3,16.2,59.5,0.0,362.0,356.0,851789.0,942826.0,426444.0,427851.0,474820.0,579076.0,Q4
ANCASH,HUARI,36.4,45.5,18.2,0.0,18.2,54.5,9.1,18.2,422.0,470.0,50.0,33.3,8.3,8.3,58.3,33.3,0.0,8.3,444.0,423.0,851789.0,942826.0,426444.0,427851.0,474820.0,579076.0,Q3
ANCASH,HUARI,6.3,62.5,0.0,31.3,6.3,75.0,0.0,18.8,509.0,501.0,20.0,40.0,0.0,40.0,10.0,45.0,0.0,45.0,526.0,525.0,851789.0,942826.0,426444.0,427851.0,474820.0,579076.0,Q2
ANCASH,HUARI,50.0,21.1,26.3,2.6,36.9,31.6,15.8,15.8,403.0,436.0,29.1,38.7,12.9,19.4,3.3,54.9,16.1,25.8,463.0,465.0,851789.0,942826.0,426444.0,427851.0,474820.0,579076.0,Q1
ANCASH,HUARI,33.8,31.3,18.1,16.7,27.6,42.2,20.8,9.4,438.0,423.0,28.4,39.4,17.7,14.6,28.8,44.8,15.0,11.4,439.0,432.0,851789.0,942826.0,426444.0,427851.0,474820.0,579076.0,Q4
ANCASH,HUARI,39.1,23.4,35.2,2.3,33.9,9.8,38.2,18.2,387.0,393.0,39.6,18.1,32.4,10.0,46.7,18.3,27.0,8.0,406.0,395.0,851789.0,942826.0,426444.0,427851.0,474820.0,579076.0,Q4
ANCASH,HUARI,40.0,40.0,20.0,0.0,60.0,0.0,20.0,20.0,421.0,416.0,42.1,36.9,5.2,15.7,0.0,52.6,5.2,42.1,458.0,520.0,851789.0,942826.0,426444.0,427851.0,474820.0,579076.0,Q4
ANCASH,HUARMEY,50.0,12.5,37.5,0.0,25.0,12.5,62.5,0.0,371.0,346.0,,,,,,,,,,,851789.0,942826.0,426444.0,427851.0,474820.0,579076.0,Q4
ANCASH,HUARMEY,41.2,51.5,3.7,3.7,53.1,29.2,10.6,7.1,448.0,415.0,25.0,35.0,15.1,25.0,33.4,39.9,11.7,15.0,464.0,439.0,851789.0,942826.0,426444.0,427851.0,474820.0,579076.0,Q2
ANCASH,HUARMEY,23.9,37.0,4.4,34.6,20.8,47.6,7.1,24.5,492.0,477.0,26.0,33.4,9.2,31.4,22.4,42.2,7.9,27.5,476.0,473.0,851789.0,942826.0,426444.0,427851.0,474820.0,579076.0,Q3
ANCASH,HUARMEY,33.3,28.6,14.3,23.8,38.1,23.8,23.8,14.3,459.0,422.0,43.8,37.5,12.5,6.3,25.0,43.8,12.5,18.8,432.0,450.0,851789.0,942826.0,426444.0,427851.0,474820.0,579076.0,Q2
ANCASH,HUARMEY,,,,,,,,,,,16.7,50.0,0.0,33.3,0.0,50.0,0.0,50.0,498.0,557.0,851789.0,942826.0,426444.0,427851.0,474820.0,579076.0,
ANCASH,HUAYLAS,34.0,28.5,17.8,19.7,29.0,36.9,20.3,13.8,445.0,432.0,32.6,24.4,23.4,19.7,30.7,37.0,21.2,11.1,433.0,424.0,851789.0,942826.0,426444.0,427851.0,474820.0,579076.0,Q3
ANCASH,HUAYLAS,55.6,11.1,11.1,22.2,55.6,22.2,11.1,11.1,435.0,425.0,60.0,0.0,40.0,0.0,70.0,10.0,20.0,0.0,375.0,374.0,851789.0,942826.0,426444.0,427851.0,474820.0,579076.0,Q3
ANCASH,HUAYLAS,13.3,0.0,86.7,0.0,23.3,0.0,76.7,0.0,325.0,315.0,54.3,20.0,22.5,3.1,17.5,60.0,22.5,0.0,404.0,430.0,851789.0,942826.0,426444.0,427851.0,474820.0,579076.0,Q4
ANCASH,HUAYLAS,50.0,20.0,25.0,5.0,45.0,30.0,15.0,10.0,413.0,422.0,33.3,16.7,16.7,33.3,41.7,16.7,8.3,33.3,457.0,454.0,851789.0,942826.0,426444.0,427851.0,474820.0,579076.0,Q4
ANCASH,HUAYLAS,45.8,20.8,20.8,12.5,25.0,33.3,37.5,4.2,422.0,395.0,44.4,18.5,33.3,3.7,33.3,18.5,48.1,0.0,392.0,368.0,851789.0,942826.0,426444.0,427851.0,474820.0,579076.0,Q4
ANCASH,HUAYLAS,47.5,12.6,34.3,5.6,27.2,28.8,31.4,12.7,393.0,408.0,25.6,17.1,49.4,7.9,26.8,26.4,41.5,5.3,375.0,383.0,851789.0,942826.0,426444.0,427851.0,474820.0,579076.0,Q4
ANCASH,HUAYLAS,51.4,28.2,16.5,3.9,32.2,32.1,25.5,10.2,412.0,410.0,25.3,18.4,44.9,11.5,35.7,35.6,19.5,9.2,399.0,417.0,851789.0,942826.0,426444.0,427851.0,474820.0,579076.0,Q4
ANCASH,HUAYLAS,36.5,9.7,51.7,2.1,27.4,24.7,45.8,2.1,370.0,376.0,39.7,12.3,44.0,4.0,40.8,18.9,38.0,2.4,371.0,374.0,851789.0,942826.0,426444.0,427851.0,474820.0,579076.0,Q4
ANCASH,HUAYLAS,36.8,18.2,31.2,13.8,13.4,41.5,30.8,14.2,413.0,410.0,20.0,40.0,20.0,20.0,30.0,30.0,20.0,20.0,461.0,436.0,851789.0,942826.0,426444.0,427851.0,474820.0,579076.0,Q4
ANCASH,HUAYLAS,40.5,25.7,33.8,0.0,37.9,41.5,20.5,0.0,390.0,400.0,26.7,19.9,40.1,13.3,26.7,26.5,36.8,9.9,400.0,392.0,851789.0,942826.0,426444.0,427851.0,474820.0,579076.0,Q4
ANCASH,MARISCAL LUZURIAGA,45.2,3.2,51.6,0.0,22.6,35.5,41.9,0.0,347.0,385.0,18.4,2.0,79.5,0.0,30.6,4.1,65.3,0.0,334.0,335.0,851789.0,942826.0,426444.0,427851.0,474820.0,579076.0,Q4
ANCASH,MARISCAL LUZURIAGA,13.2,0.0,86.8,0.0,13.2,0.0,86.8,0.0,314.0,302.0,18.2,21.2,60.6,0.0,24.2,15.2,57.6,3.0,362.0,345.0,851789.0,942826.0,426444.0,427851.0,474820.0,579076.0,
ANCASH,MARISCAL LUZURIAGA,20.7,3.4,75.9,0.0,20.7,0.0,79.3,0.0,323.0,316.0,34.7,13.0,48.0,4.3,13.0,17.3,52.2,17.4,368.0,380.0,851789.0,942826.0,426444.0,427851.0,474820.0,579076.0,
ANCASH,MARISCAL LUZURIAGA,60.0,20.0,20.0,0.0,80.0,20.0,0.0,0.0,408.0,408.0,38.9,22.2,39.0,0.0,55.6,33.2,11.2,0.0,378.0,392.0,851789.0,942826.0,426444.0,427851.0,474820.0,579076.0,Q4
ANCASH,MARISCAL LUZURIAGA,45.2,22.6,32.3,0.0,35.5,29.0,32.3,3.2,394.0,386.0,58.3,11.5,20.2,10.0,43.3,27.9,20.0,8.8,409.0,411.0,851789.0,942826.0,426444.0,427851.0,474820.0,579076.0,
ANCASH,MARISCAL LUZURIAGA,,,,,,,,,,,33.3,0.0,50.0,16.7,16.7,33.3,50.0,0.0,379.0,376.0,851789.0,942826.0,426444.0,427851.0,474820.0,579076.0,
ANCASH,OCROS,42.9,14.3,42.9,0.0,28.6,28.6,42.9,0.0,380.0,382.0,,,,,,,,,,,851789.0,942826.0,426444.0,427851.0,474820.0,579076.0,
ANCASH,OCROS,37.8,31.1,25.6,5.6,38.9,37.8,12.2,11.1,417.0,425.0,25.0,0.0,25.0,50.0,0.0,50.0,25.0,25.0,466.0,453.0,851789.0,942826.0,426444.0,427851.0,474820.0,579076.0,Q2
ANCASH,OCROS,25.0,41.7,0.0,33.3,25.0,50.0,0.0,25.0,477.0,464.0,40.0,13.4,33.3,13.4,20.0,26.7,46.6,6.7,406.0,380.0,851789.0,942826.0,426444.0,427851.0,474820.0,579076.0,Q4
ANCASH,OCROS,,,,,,,,,,,40.0,40.0,20.0,0.0,20.0,60.0,20.0,0.0,428.0,431.0,851789.0,942826.0,426444.0,427851.0,474820.0,579076.0,
ANCASH,OCROS,23.1,38.5,7.7,30.8,23.1,69.2,0.0,7.7,479.0,466.0,30.8,61.5,0.0,7.7,0.0,76.9,0.0,23.1,457.0,482.0,851789.0,942826.0,426444.0,427851.0,474820.0,579076.0,Q2
ANCASH,OCROS,,,,,,,,,,,40.0,60.0,0.0,0.0,40.0,60.0,0.0,0.0,449.0,440.0,851789.0,942826.0,426444.0,427851.0,474820.0,579076.0,Q4
ANCASH,OCROS,33.3,66.7,0.0,0.0,83.3,16.7,0.0,0.0,457.0,414.0,33.3,33.3,11.1,22.2,22.2,44.4,22.2,11.1,446.0,444.0,851789.0,942826.0,426444.0,427851.0,474820.0,579076.0,Q4
ANCASH,OCROS,53.3,6.7,26.7,13.3,26.7,33.3,33.3,6.7,411.0,397.0,,,,,,,,,,,851789.0,942826.0,426444.0,427851.0,474820.0,579076.0,Q4
ANCASH,PALLASCA,20.0,45.0,30.0,5.0,20.0,35.0,45.0,0.0,423.0,389.0,35.7,21.4,28.6,14.3,21.3,50.0,21.5,7.2,423.0,433.0,851789.0,942826.0,426444.0,427851.0,474820.0,579076.0,Q4
ANCASH,PALLASCA,8.5,26.1,4.2,61.2,0.0,15.2,8.3,76.5,526.0,572.0,24.0,26.0,10.0,40.0,28.0,48.0,6.0,18.0,486.0,455.0,851789.0,942826.0,426444.0,427851.0,474820.0,579076.0,Q4
ANCASH,PALLASCA,29.7,34.0,19.7,16.6,24.9,38.3,21.0,15.9,437.0,438.0,37.8,28.7,18.1,15.3,33.6,41.6,12.6,12.1,435.0,439.0,851789.0,942826.0,426444.0,427851.0,474820.0,579076.0,Q4
ANCASH,PALLASCA,41.4,35.4,17.2,6.1,29.3,29.8,28.8,12.1,431.0,409.0,41.7,0.0,41.6,16.8,17.0,58.0,17.0,8.0,401.0,428.0,851789.0,942826.0,426444.0,427851.0,474820.0,579076.0,Q3
ANCASH,PALLASCA,18.8,12.5,0.0,68.8,0.0,31.3,0.0,68.8,551.0,562.0,41.7,16.7,0.0,41.7,18.2,45.5,0.0,36.4,490.0,510.0,851789.0,942826.0,426444.0,427851.0,474820.0,579076.0,Q4
ANCASH,PALLASCA,40.0,40.0,0.0,20.0,0.0,50.0,0.0,50.0,475.0,542.0,60.0,0.0,40.0,0.0,40.0,20.0,40.0,0.0,335.0,355.0,851789.0,942826.0,426444.0,427851.0,474820.0,579076.0,Q4
ANCASH,PALLASCA,7.7,53.8,0.0,38.5,23.1,53.8,0.0,23.1,526.0,475.0,11.1,66.7,0.0,22.2,11.1,33.3,0.0,55.6,495.0,520.0,851789.0,942826.0,426444.0,427851.0,474820.0,579076.0,Q3
ANCASH,PALLASCA,29.2,38.0,13.1,19.6,26.9,50.9,17.0,5.3,455.0,425.0,22.0,31.9,28.1,18.0,11.0,44.5,28.1,16.3,437.0,428.0,851789.0,942826.0,426444.0,427851.0,474820.0,579076.0,Q3
ANCASH,PALLASCA,30.8,32.6,13.8,22.8,33.3,35.9,8.0,22.8,461.0,464.0,37.9,34.1,13.5,14.6,27.0,50.0,8.4,14.6,439.0,454.0,851789.0,942826.0,426444.0,427851.0,474820.0,579076.0,Q3
ANCASH,PALLASCA,22.2,47.2,0.0,30.6,13.9,47.2,0.0,38.9,479.0,521.0,47.5,20.0,12.5,20.0,22.5,35.0,0.0,42.5,448.0,494.0,851789.0,942826.0,426444.0,427851.0,474820.0,579076.0,Q3
ANCASH,PALLASCA,33.3,42.2,6.7,17.8,28.9,53.3,13.3,4.4,453.0,430.0,19.7,45.0,9.9,25.4,25.5,39.2,4.0,31.3,475.0,480.0,851789.0,942826.0,426444.0,427851.0,474820.0,579076.0,Q3
ANCASH,POMABAMBA,,,,,,,,,,,29.6,30.1,35.0,5.3,29.6,35.0,30.1,5.3,401.0,398.0,851789.0,942826.0,426444.0,427851.0,474820.0,579076.0,Q4
ANCASH,POMABAMBA,,,,,,,,,,,64.5,12.9,22.6,0.0,58.1,25.8,16.1,0.0,385.0,397.0,851789.0,942826.0,426444.0,427851.0,474820.0,579076.0,
ANCASH,POMABAMBA,,,,,,,,,,,32.1,29.5,15.3,23.0,31.4,39.5,14.2,14.9,446.0,440.0,851789.0,942826.0,426444.0,427851.0,474820.0,579076.0,Q3
ANCASH,POMABAMBA,0.0,16.7,83.3,0.0,16.7,16.7,66.7,0.0,340.0,368.0,0.0,0.0,100.0,0.0,0.0,0.0,100.0,0.0,257.0,295.0,851789.0,942826.0,426444.0,427851.0,474820.0,579076.0,
ANCASH,RECUAY,49.2,20.3,13.6,16.8,34.0,37.3,13.6,15.1,435.0,441.0,16.9,46.8,1.3,35.1,13.0,52.0,2.6,32.5,497.0,499.0,851789.0,942826.0,426444.0,427851.0,474820.0,579076.0,Q1
ANCASH,RECUAY,40.0,0.0,0.0,60.0,40.0,20.0,0.0,40.0,489.0,464.0,16.7,33.3,16.7,33.3,41.7,33.3,16.7,8.3,469.0,429.0,851789.0,942826.0,426444.0,427851.0,474820.0,579076.0,Q4
ANCASH,RECUAY,50.0,33.3,16.7,0.0,50.0,50.0,0.0,0.0,420.0,420.0,,,,,,,,,,,851789.0,942826.0,426444.0,427851.0,474820.0,579076.0,
ANCASH,RECUAY,40.0,46.7,6.7,6.7,13.3,73.3,6.7,6.7,455.0,443.0,50.0,41.7,8.3,0.0,50.0,33.3,16.7,0.0,436.0,408.0,851789.0,942826.0,426444.0,427851.0,474820.0,579076.0,
ANCASH,RECUAY,37.5,37.5,12.5,12.5,0.0,62.5,25.0,12.5,447.0,471.0,40.0,10.0,30.0,20.0,30.0,10.0,40.0,20.0,421.0,404.0,851789.0,942826.0,426444.0,427851.0,474820.0,579076.0,
ANCASH,RECUAY,,,,,,,,,,,33.3,50.0,0.0,16.7,16.7,66.7,0.0,16.7,470.0,477.0,851789.0,942826.0,426444.0,427851.0,474820.0,579076.0,Q1
ANCASH,RECUAY,21.4,35.7,35.7,7.1,42.9,28.6,14.3,14.3,409.0,433.0,16.7,66.7,0.0,16.7,16.7,66.7,0.0,16.7,480.0,495.0,851789.0,942826.0,426444.0,427851.0,474820.0,579076.0,Q3
ANCASH,RECUAY,34.3,29.4,8.3,28.0,31.9,41.2,9.3,17.7,471.0,452.0,21.1,32.4,12.7,33.8,9.9,54.9,11.3,23.9,478.0,473.0,851789.0,942826.0,426444.0,427851.0,474820.0,579076.0,Q2
ANCASH,RECUAY,57.1,0.0,42.9,0.0,28.6,14.3,57.1,0.0,371.0,359.0,0.0,25.0,75.0,0.0,75.0,0.0,25.0,0.0,358.0,368.0,851789.0,942826.0,426444.0,427851.0,474820.0,579076.0,
ANCASH,RECUAY,8.8,38.2,5.9,47.1,8.8,29.4,2.9,58.8,512.0,564.0,14.3,35.7,7.1,42.9,9.5,38.1,4.8,47.6,511.0,528.0,851789.0,942826.0,426444.0,427851.0,474820.0,579076.0,Q1
ANCASH,SANTA,36.1,24.1,32.9,6.9,39.3,29.8,23.7,7.2,408.0,409.0,27.0,27.0,20.9,25.0,31.3,27.0,29.2,12.5,441.0,411.0,851789.0,942826.0,426444.0,427851.0,474820.0,579076.0,Q4
ANCASH,SANTA,24.4,38.0,4.5,33.1,21.2,49.0,5.8,24.0,490.0,474.0,25.7,33.7,6.8,33.8,20.2,45.0,6.1,28.7,485.0,480.0,851789.0,942826.0,426444.0,427851.0,474820.0,579076.0,Q2
ANCASH,SANTA,23.5,45.5,5.2,25.7,26.1,44.5,6.1,23.3,474.0,464.0,35.7,32.0,11.9,20.4,30.6,38.0,9.5,21.9,456.0,458.0,851789.0,942826.0,426444.0,427851.0,474820.0,579076.0,Q2
ANCASH,SANTA,30.4,21.7,47.8,0.0,26.1,21.7,47.8,4.3,378.0,375.0,29.7,22.2,33.3,14.8,33.3,33.3,33.3,0.0,404.0,387.0,851789.0,942826.0,426444.0,427851.0,474820.0,579076.0,Q4
ANCASH,SANTA,33.9,37.9,11.1,17.1,37.8,46.3,12.4,3.6,446.0,424.0,38.0,37.0,10.0,15.0,24.0,50.0,16.0,10.0,446.0,435.0,851789.0,942826.0,426444.0,427851.0,474820.0,579076.0,Q3
ANCASH,SANTA,27.8,36.9,8.3,27.1,22.8,42.0,8.7,26.5,472.0,479.0,28.0,35.3,10.3,26.4,17.6,44.0,6.8,31.6,469.0,483.0,851789.0,942826.0,426444.0,427851.0,474820.0,579076.0,Q3
ANCASH,SANTA,19.1,38.1,2.8,39.9,18.6,48.4,4.8,28.3,507.0,483.0,22.5,33.6,5.3,38.6,18.2,44.6,5.2,32.1,497.0,488.0,851789.0,942826.0,426444.0,427851.0,474820.0,579076.0,Q2
ANCASH,SANTA,20.5,39.8,3.5,36.2,19.1,58.7,3.4,18.8,498.0,476.0,39.2,21.7,7.2,31.9,26.1,39.1,5.8,29.0,475.0,476.0,851789.0,942826.0,426444.0,427851.0,474820.0,579076.0,Q1
ANCASH,SANTA,30.2,35.6,7.6,26.7,20.9,48.5,8.3,22.3,473.0,469.0,31.8,36.9,8.8,22.5,23.0,46.9,8.3,21.8,463.0,465.0,851789.0,942826.0,426444.0,427851.0,474820.0,579076.0,Q2
ANCASH,SIHUAS,40.9,15.9,40.9,2.3,34.1,18.2,43.2,4.5,383.0,374.0,40.5,15.2,33.9,10.4,33.9,28.3,31.5,6.2,401.0,399.0,851789.0,942826.0,426444.0,427851.0,474820.0,579076.0,Q1
ANCASH,SIHUAS,66.7,33.3,0.0,0.0,50.0,33.3,16.7,0.0,429.0,392.0,16.7,16.7,16.7,50.0,0.0,66.7,16.7,16.7,515.0,463.0,851789.0,942826.0,426444.0,427851.0,474820.0,579076.0,
ANCASH,SIHUAS,43.2,12.9,43.9,0.0,48.9,20.3,30.8,0.0,377.0,373.0,29.7,48.1,18.5,3.7,29.6,51.9,7.4,11.2,432.0,446.0,851789.0,942826.0,426444.0,427851.0,474820.0,579076.0,Q3
ANCASH,SIHUAS,47.5,32.5,7.5,12.5,27.5,43.8,22.5,6.3,445.0,420.0,39.9,20.0,40.0,0.0,33.5,19.9,46.6,0.0,375.0,368.0,851789.0,942826.0,426444.0,427851.0,474820.0,579076.0,Q2
ANCASH,SIHUAS,45.2,6.5,45.2,3.2,41.9,6.5,48.4,3.2,367.0,360.0,33.3,13.3,36.8,16.6,40.0,13.3,30.0,16.6,405.0,402.0,851789.0,942826.0,426444.0,427851.0,474820.0,579076.0,Q4
ANCASH,SIHUAS,51.2,18.6,30.2,0.0,41.9,27.9,30.2,0.0,391.0,388.0,29.8,17.5,37.1,15.6,19.2,34.0,37.1,9.6,411.0,401.0,851789.0,942826.0,426444.0,427851.0,474820.0,579076.0,Q4
ANCASH,SIHUAS,44.9,18.7,36.4,0.0,36.0,25.1,36.2,2.7,381.0,384.0,48.4,22.6,25.7,3.2,45.2,35.6,19.3,0.0,404.0,402.0,851789.0,942826.0,426444.0,427851.0,474820.0,579076.0,Q4
ANCASH,SIHUAS,33.8,12.2,52.7,1.4,32.4,5.4,60.8,1.4,361.0,344.0,43.1,10.4,38.5,8.0,46.9,16.5,36.6,0.0,387.0,373.0,851789.0,942826.0,426444.0,427851.0,474820.0,579076.0,
ANCASH,SIHUAS,40.6,29.0,9.7,20.6,35.4,42.9,6.1,15.6,456.0,459.0,31.3,31.3,4.6,32.8,19.4,46.0,4.4,30.2,481.0,490.0,851789.0,942826.0,426444.0,427851.0,474820.0,579076.0,Q3
ANCASH,YUNGAY,26.4,12.1,61.6,0.0,21.8,14.5,63.8,0.0,353.0,343.0,13.3,10.0,76.7,0.0,30.0,16.6,50.0,3.3,336.0,373.0,851789.0,942826.0,426444.0,427851.0,474820.0,579076.0,
ANCASH,YUNGAY,53.0,18.7,24.2,4.2,44.9,29.8,22.1,3.1,400.0,399.0,38.2,18.2,28.2,15.4,28.1,28.1,20.4,23.4,414.0,438.0,851789.0,942826.0,426444.0,427851.0,474820.0,579076.0,Q4
ANCASH,YUNGAY,42.9,42.9,0.0,14.3,33.3,42.9,9.5,14.3,456.0,448.0,15.8,47.4,5.3,31.6,15.8,52.6,5.3,26.3,501.0,498.0,851789.0,942826.0,426444.0,427851.0,474820.0,579076.0,
ANCASH,YUNGAY,36.8,16.8,40.6,5.7,35.0,12.2,36.3,16.5,388.0,406.0,34.0,8.8,51.6,5.6,38.4,18.9,40.2,2.5,366.0,373.0,851789.0,942826.0,426444.0,427851.0,474820.0,579076.0,Q4
ANCASH,YUNGAY,34.4,38.2,13.5,13.9,13.6,41.8,37.6,7.0,438.0,408.0,27.3,39.4,24.2,9.1,30.3,36.4,18.2,15.2,426.0,436.0,851789.0,942826.0,426444.0,427851.0,474820.0,579076.0,Q4
ANCASH,YUNGAY,14.3,14.3,71.4,0.0,17.9,14.3,67.9,0.0,346.0,341.0,18.2,0.0,81.8,0.0,22.7,13.6,63.8,0.0,318.0,337.0,851789.0,942826.0,426444.0,427851.0,474820.0,579076.0,
ANCASH,YUNGAY,31.7,20.5,37.4,10.4,35.1,17.2,35.3,12.4,404.0,398.0,33.0,20.2,32.3,14.5,36.6,30.9,19.4,13.1,421.0,424.0,851789.0,942826.0,426444.0,427851.0,474820.0,579076.0,Q2
ANCASH,YUNGAY,36.3,31.6,15.3,16.7,31.3,33.7,14.6,20.4,444.0,444.0,33.7,26.5,14.1,25.6,26.8,41.3,9.3,22.6,456.0,459.0,851789.0,942826.0,426444.0,427851.0,474820.0,579076.0,Q3
APURIMAC,ABANCAY,18.9,33.8,5.4,41.9,15.8,40.8,6.6,36.7,507.0,500.0,17.2,27.8,4.9,50.1,12.0,36.0,3.4,48.6,518.0,523.0,289305.0,315450.0,40299.0,46425.0,51781.0,56069.0,Q1
APURIMAC,ABANCAY,30.8,38.5,19.2,11.5,26.9,50.0,11.5,11.5,433.0,445.0,42.3,23.1,19.2,15.4,38.5,46.2,0.0,15.4,435.0,454.0,289305.0,315450.0,40299.0,46425.0,51781.0,56069.0,Q3
APURIMAC,ABANCAY,63.6,27.3,9.1,0.0,36.4,27.3,36.4,0.0,407.0,389.0,40.9,36.4,9.1,13.6,18.2,50.0,13.6,18.2,447.0,463.0,289305.0,315450.0,40299.0,46425.0,51781.0,56069.0,Q1
APURIMAC,ABANCAY,34.5,17.1,35.8,12.7,28.6,23.6,39.6,8.2,408.0,391.0,35.0,21.6,26.4,17.0,31.7,35.9,19.5,13.0,425.0,427.0,289305.0,315450.0,40299.0,46425.0,51781.0,56069.0,Q2
APURIMAC,ABANCAY,50.0,36.7,3.3,10.0,30.0,36.7,26.7,6.7,449.0,417.0,26.7,23.3,3.3,46.7,10.0,26.7,3.3,60.0,496.0,542.0,289305.0,315450.0,40299.0,46425.0,51781.0,56069.0,Q1
APURIMAC,ABANCAY,26.7,20.0,53.3,0.0,26.7,26.7,46.7,0.0,356.0,383.0,41.2,17.6,35.3,5.9,35.3,35.3,23.5,5.9,403.0,415.0,289305.0,315450.0,40299.0,46425.0,51781.0,56069.0,
APURIMAC,ABANCAY,,,,,,,,,,,40.0,40.0,20.0,0.0,20.0,40.0,40.0,0.0,407.0,394.0,289305.0,315450.0,40299.0,46425.0,51781.0,56069.0,
APURIMAC,ABANCAY,37.1,27.1,28.3,7.5,33.0,34.4,25.3,7.4,411.0,405.0,38.7,18.3,29.8,13.2,25.6,34.9,26.3,13.2,414.0,419.0,289305.0,315450.0,40299.0,46425.0,51781.0,56069.0,Q2
APURIMAC,ABANCAY,24.0,33.0,16.4,26.7,21.0,31.4,11.6,36.0,465.0,470.0,30.0,33.0,5.0,32.0,10.0,58.0,3.0,29.0,482.0,501.0,289305.0,315450.0,40299.0,46425.0,51781.0,56069.0,Q1
APURIMAC,ANDAHUAYLAS,25.2,34.0,12.6,28.3,21.7,38.6,11.0,28.7,470.0,471.0,21.4,30.6,9.3,38.6,15.0,42.0,6.4,36.7,490.0,500.0,289305.0,315450.0,40299.0,46425.0,51781.0,56069.0,Q1
APURIMAC,ANDAHUAYLAS,45.1,6.8,43.6,4.5,22.7,31.4,43.6,2.2,374.0,384.0,22.2,41.7,27.8,8.3,27.8,33.3,19.4,19.4,419.0,431.0,289305.0,315450.0,40299.0,46425.0,51781.0,56069.0,
APURIMAC,ANDAHUAYLAS,54.5,9.1,36.4,0.0,45.5,9.1,45.5,0.0,376.0,353.0,28.6,0.0,71.4,0.0,71.4,0.0,28.6,0.0,333.0,385.0,289305.0,315450.0,40299.0,46425.0,51781.0,56069.0,
APURIMAC,ANDAHUAYLAS,35.0,25.0,25.0,15.0,35.0,35.0,5.0,25.0,427.0,473.0,36.7,18.6,22.3,22.5,18.4,42.3,11.2,28.1,441.0,476.0,289305.0,315450.0,40299.0,46425.0,51781.0,56069.0,Q1
APURIMAC,ANDAHUAYLAS,30.3,16.0,44.5,9.3,37.0,20.5,34.7,7.8,390.0,387.0,28.4,29.7,27.0,14.9,14.9,47.3,24.3,13.5,423.0,431.0,289305.0,315450.0,40299.0,46425.0,51781.0,56069.0,
APURIMAC,ANDAHUAYLAS,20.0,30.0,50.0,0.0,30.0,20.0,40.0,10.0,386.0,398.0,0.0,12.5,87.5,0.0,12.5,0.0,75.0,12.5,327.0,350.0,289305.0,315450.0,40299.0,46425.0,51781.0,56069.0,
APURIMAC,ANDAHUAYLAS,50.8,11.5,37.7,0.0,38.1,29.3,27.5,5.1,376.0,395.0,42.7,31.1,21.4,4.9,20.4,41.7,15.5,22.3,415.0,452.0,289305.0,315450.0,40299.0,46425.0,51781.0,56069.0,Q4
APURIMAC,ANDAHUAYLAS,20.0,30.0,50.0,0.0,30.0,10.0,60.0,0.0,367.0,341.0,33.3,33.3,25.0,8.3,8.3,50.0,16.7,25.0,429.0,461.0,289305.0,315450.0,40299.0,46425.0,51781.0,56069.0,
APURIMAC,ANDAHUAYLAS,38.0,13.6,41.7,6.6,26.6,19.6,50.0,3.8,385.0,368.0,36.8,16.2,39.7,7.4,36.8,22.1,36.8,4.4,393.0,383.0,289305.0,315450.0,40299.0,46425.0,51781.0,56069.0,Q4
APURIMAC,ANDAHUAYLAS,20.0,20.0,60.0,0.0,20.0,20.0,60.0,0.0,344.0,364.0,66.7,33.3,0.0,0.0,33.3,16.7,50.0,0.0,434.0,375.0,289305.0,315450.0,40299.0,46425.0,51781.0,56069.0,Q1
APURIMAC,ANDAHUAYLAS,34.1,34.1,17.6,14.1,21.2,49.4,15.3,14.1,438.0,444.0,33.4,39.3,5.9,21.5,22.6,39.4,8.4,29.6,465.0,473.0,289305.0,315450.0,40299.0,46425.0,51781.0,56069.0,Q3
APURIMAC,ANDAHUAYLAS,58.5,7.3,31.7,2.4,53.7,24.4,19.5,2.4,383.0,395.0,50.0,6.7,43.3,0.0,46.7,26.7,26.7,0.0,377.0,384.0,289305.0,315450.0,40299.0,46425.0,51781.0,56069.0,Q1
APURIMAC,ANDAHUAYLAS,29.2,20.8,45.8,4.2,29.2,12.5,58.3,0.0,386.0,350.0,21.4,42.9,28.6,7.1,28.6,50.0,21.4,0.0,419.0,424.0,289305.0,315450.0,40299.0,46425.0,51781.0,56069.0,Q1
APURIMAC,ANDAHUAYLAS,,,,,,,,,,,20.0,0.0,60.0,20.0,20.0,20.0,60.0,0.0,386.0,353.0,289305.0,315450.0,40299.0,46425.0,51781.0,56069.0,
APURIMAC,ANDAHUAYLAS,35.2,25.0,23.3,16.4,29.4,35.7,21.3,13.6,434.0,432.0,21.3,30.3,13.4,34.9,13.8,36.6,10.8,38.8,475.0,494.0,289305.0,315450.0,40299.0,46425.0,51781.0,56069.0,Q1
APURIMAC,ANDAHUAYLAS,42.9,38.1,19.0,0.0,42.9,42.9,14.3,0.0,411.0,407.0,47.6,14.3,28.6,9.5,33.3,23.8,38.1,4.8,405.0,388.0,289305.0,315450.0,40299.0,46425.0,51781.0,56069.0,Q4
APURIMAC,ANDAHUAYLAS,53.2,15.0,28.2,3.6,28.2,23.3,42.2,6.3,392.0,384.0,36.7,27.2,27.5,8.6,32.0,33.6,23.2,11.2,412.0,422.0,289305.0,315450.0,40299.0,46425.0,51781.0,56069.0,Q4
APURIMAC,ANDAHUAYLAS,40.1,26.4,13.4,20.0,30.5,37.9,17.0,14.6,449.0,439.0,25.2,28.7,13.5,32.5,16.1,37.5,12.6,33.9,471.0,483.0,289305.0,315450.0,40299.0,46425.0,51781.0,56069.0,Q2
APURIMAC,ANDAHUAYLAS,56.0,4.0,32.0,8.0,24.0,52.0,24.0,0.0,386.0,408.0,28.0,14.3,40.3,17.3,25.1,28.3,28.3,18.2,398.0,412.0,289305.0,315450.0,40299.0,46425.0,51781.0,56069.0,
APURIMAC,ANTABAMBA,36.8,23.6,7.3,32.3,22.1,41.4,11.4,25.0,476.0,461.0,30.2,34.1,8.1,27.6,20.7,42.4,13.5,23.4,474.0,466.0,289305.0,315450.0,40299.0,46425.0,51781.0,56069.0,Q3
APURIMAC,ANTABAMBA,40.0,20.0,0.0,40.0,20.0,50.0,0.0,30.0,481.0,492.0,22.2,77.8,0.0,0.0,0.0,55.6,0.0,44.4,464.0,537.0,289305.0,315450.0,40299.0,46425.0,51781.0,56069.0,Q2
APURIMAC,ANTABAMBA,13.3,51.1,27.4,8.1,15.2,50.3,31.8,2.7,425.0,410.0,46.3,34.8,11.4,7.5,27.3,59.0,6.2,7.5,431.0,440.0,289305.0,315450.0,40299.0,46425.0,51781.0,56069.0,Q4
APURIMAC,ANTABAMBA,29.4,17.4,4.4,48.7,0.0,64.6,0.0,35.4,508.0,520.0,29.4,35.3,2.9,32.4,23.5,47.1,2.9,26.5,483.0,471.0,289305.0,315450.0,40299.0,46425.0,51781.0,56069.0,Q2
APURIMAC,ANTABAMBA,46.9,20.4,26.5,6.1,46.9,16.3,34.7,2.0,401.0,375.0,32.5,15.0,45.0,7.5,32.5,15.0,42.5,10.0,382.0,384.0,289305.0,315450.0,40299.0,46425.0,51781.0,56069.0,Q4
APURIMAC,ANTABAMBA,47.8,18.8,18.1,15.2,58.7,32.6,8.7,0.0,426.0,408.0,52.9,29.4,5.9,11.8,11.8,64.7,0.0,23.5,443.0,499.0,289305.0,315450.0,40299.0,46425.0,51781.0,56069.0,Q1
APURIMAC,ANTABAMBA,36.0,40.0,4.0,20.0,36.0,56.0,4.0,4.0,466.0,444.0,52.6,21.1,0.0,26.3,5.3,73.7,0.0,21.1,455.0,491.0,289305.0,315450.0,40299.0,46425.0,51781.0,56069.0,Q2
APURIMAC,AYMARAES,25.0,25.0,37.5,12.5,12.5,50.0,37.5,0.0,400.0,398.0,,,,,,,,,,,289305.0,315450.0,40299.0,46425.0,51781.0,56069.0,
APURIMAC,AYMARAES,47.6,14.3,30.4,7.7,51.2,14.9,30.4,3.6,399.0,376.0,6.7,33.3,26.7,33.3,13.3,33.3,20.0,33.3,473.0,462.0,289305.0,315450.0,40299.0,46425.0,51781.0,56069.0,Q2
APURIMAC,AYMARAES,25.3,19.8,12.9,42.0,21.4,12.7,19.0,46.9,492.0,511.0,14.4,26.0,2.9,56.7,7.7,38.5,2.9,51.0,530.0,531.0,289305.0,315450.0,40299.0,46425.0,51781.0,56069.0,Q1
APURIMAC,AYMARAES,45.6,20.0,31.1,3.3,34.4,23.9,41.7,0.0,392.0,374.0,35.5,25.8,35.5,3.2,41.9,45.2,9.7,3.2,403.0,422.0,289305.0,315450.0,40299.0,46425.0,51781.0,56069.0,Q3
APURIMAC,AYMARAES,45.5,18.2,36.4,0.0,54.5,18.2,27.3,0.0,374.0,373.0,40.0,33.3,20.0,6.7,60.0,20.0,13.3,6.7,412.0,399.0,289305.0,315450.0,40299.0,46425.0,51781.0,56069.0,Q4
APURIMAC,AYMARAES,23.8,45.2,21.4,9.5,28.6,47.6,14.3,9.5,434.0,439.0,44.1,20.6,11.8,23.5,32.4,41.2,5.9,20.6,441.0,452.0,289305.0,315450.0,40299.0,46425.0,51781.0,56069.0,Q2
APURIMAC,AYMARAES,0.0,40.0,0.0,60.0,20.0,60.0,0.0,20.0,507.0,473.0,,,,,,,,,,,289305.0,315450.0,40299.0,46425.0,51781.0,56069.0,
APURIMAC,AYMARAES,16.7,16.7,33.3,33.3,16.7,33.3,33.3,16.7,453.0,423.0,35.7,21.4,35.7,7.1,28.6,28.6,28.6,14.3,396.0,413.0,289305.0,315450.0,40299.0,46425.0,51781.0,56069.0,
APURIMAC,AYMARAES,46.2,26.9,11.5,15.4,38.5,26.9,23.1,11.5,438.0,416.0,28.6,14.3,57.1,0.0,50.0,35.7,14.3,0.0,358.0,405.0,289305.0,315450.0,40299.0,46425.0,51781.0,56069.0,
APURIMAC,AYMARAES,,,,,,,,,,,50.0,10.0,20.0,20.0,30.0,30.0,20.0,20.0,422.0,414.0,289305.0,315450.0,40299.0,46425.0,51781.0,56069.0,
APURIMAC,AYMARAES,5.9,41.2,5.9,47.1,5.9,29.4,0.0,64.7,502.0,559.0,37.5,37.5,0.0,25.0,0.0,37.5,0.0,62.5,477.0,547.0,289305.0,315450.0,40299.0,46425.0,51781.0,56069.0,Q2
APURIMAC,AYMARAES,37.5,12.5,31.3,18.8,31.3,56.3,12.5,0.0,416.0,415.0,66.7,16.7,16.7,0.0,50.0,33.3,16.7,0.0,383.0,395.0,289305.0,315450.0,40299.0,46425.0,51781.0,56069.0,Q4
APURIMAC,AYMARAES,33.3,33.3,0.0,33.3,33.3,33.3,16.7,16.7,478.0,424.0,31.6,26.3,10.5,31.6,21.1,47.4,21.1,10.5,469.0,437.0,289305.0,315450.0,40299.0,46425.0,51781.0,56069.0,Q3
APURIMAC,AYMARAES,53.6,22.6,8.3,15.5,47.6,14.3,29.8,8.3,436.0,398.0,13.3,46.7,13.3,26.7,20.0,53.3,6.7,20.0,474.0,480.0,289305.0,315450.0,40299.0,46425.0,51781.0,56069.0,Q4
APURIMAC,AYMARAES,48.4,29.1,22.5,0.0,15.6,50.9,29.8,3.6,403.0,410.0,32.4,24.3,24.3,18.9,35.1,43.2,2.7,18.9,435.0,463.0,289305.0,315450.0,40299.0,46425.0,51781.0,56069.0,Q1
APURIMAC,AYMARAES,33.8,13.8,25.0,27.5,0.0,61.3,31.2,7.5,441.0,427.0,20.0,40.0,13.3,26.7,20.0,66.7,6.7,6.7,460.0,466.0,289305.0,315450.0,40299.0,46425.0,51781.0,56069.0,Q2
APURIMAC,AYMARAES,12.5,75.0,0.0,12.5,0.0,87.5,0.0,12.5,492.0,472.0,33.3,33.3,0.0,33.3,33.3,66.7,0.0,0.0,486.0,440.0,289305.0,315450.0,40299.0,46425.0,51781.0,56069.0,Q1
APURIMAC,CHINCHEROS,30.4,35.6,8.5,25.5,23.1,37.5,7.7,31.7,472.0,483.0,39.8,28.5,13.3,18.4,31.1,40.9,9.2,18.8,445.0,454.0,289305.0,315450.0,40299.0,46425.0,51781.0,56069.0,Q3
APURIMAC,CHINCHEROS,37.2,23.4,18.7,20.7,21.0,31.7,29.0,18.3,441.0,430.0,29.6,23.0,15.3,32.1,23.1,33.2,13.0,30.7,464.0,467.0,289305.0,315450.0,40299.0,46425.0,51781.0,56069.0,Q3
APURIMAC,CHINCHEROS,43.8,6.3,50.0,0.0,37.5,25.0,37.5,0.0,358.0,379.0,21.9,40.6,6.2,31.3,15.6,59.4,6.2,18.8,485.0,463.0,289305.0,315450.0,40299.0,46425.0,51781.0,56069.0,Q4
APURIMAC,CHINCHEROS,32.5,31.3,19.8,16.5,17.7,37.0,18.7,26.6,434.0,453.0,36.4,27.3,17.2,19.2,16.2,41.4,13.1,29.3,442.0,474.0,289305.0,315450.0,40299.0,46425.0,51781.0,56069.0,Q3
APURIMAC,CHINCHEROS,42.8,14.6,28.8,13.8,36.1,18.5,36.5,9.0,412.0,390.0,39.2,19.0,20.5,21.4,34.0,36.2,14.4,15.4,433.0,436.0,289305.0,315450.0,40299.0,46425.0,51781.0,56069.0,Q2
APURIMAC,CHINCHEROS,46.2,23.1,23.1,7.7,38.5,30.8,23.1,7.7,412.0,406.0,35.3,23.5,17.6,23.5,29.4,35.3,11.8,23.5,441.0,452.0,289305.0,315450.0,40299.0,46425.0,51781.0,56069.0,Q4
APURIMAC,CHINCHEROS,37.5,9.4,43.8,9.4,31.3,6.3,53.1,9.4,384.0,365.0,48.8,4.9,36.6,9.8,29.3,31.7,36.6,2.4,388.0,382.0,289305.0,315450.0,40299.0,46425.0,51781.0,56069.0,Q2
APURIMAC,CHINCHEROS,,,,,,,,,,,54.5,36.4,0.0,9.1,27.3,72.7,0.0,0.0,438.0,433.0,289305.0,315450.0,40299.0,46425.0,51781.0,56069.0,
APURIMAC,CHINCHEROS,38.9,12.2,41.1,7.8,31.1,23.3,38.9,6.7,388.0,382.0,45.6,19.3,22.8,12.3,30.0,36.2,21.1,12.8,418.0,427.0,289305.0,315450.0,40299.0,46425.0,51781.0,56069.0,Q4
APURIMAC,COTABAMBAS,48.7,29.0,9.4,13.0,24.1,45.6,16.6,13.7,444.0,445.0,28.2,29.3,16.3,26.3,29.3,36.7,13.4,20.6,459.0,448.0,289305.0,315450.0,40299.0,46425.0,51781.0,56069.0,Q1
APURIMAC,COTABAMBAS,55.3,13.2,31.6,0.0,34.2,18.4,47.4,0.0,379.0,361.0,18.8,31.2,15.4,34.6,15.0,42.5,7.7,34.7,476.0,486.0,289305.0,315450.0,40299.0,46425.0,51781.0,56069.0,Q2
APURIMAC,COTABAMBAS,38.3,35.6,16.4,9.8,35.5,35.6,20.1,8.7,430.0,420.0,44.0,20.9,23.1,12.1,34.1,36.3,14.3,15.4,421.0,433.0,289305.0,315450.0,40299.0,46425.0,51781.0,56069.0,Q3
APURIMAC,COTABAMBAS,33.8,33.2,21.6,11.4,20.9,35.6,21.6,21.9,425.0,446.0,42.2,22.1,18.4,17.3,28.3,45.8,12.1,13.9,432.0,446.0,289305.0,315450.0,40299.0,46425.0,51781.0,56069.0,Q2
APURIMAC,COTABAMBAS,72.7,18.2,9.1,0.0,36.4,63.6,0.0,0.0,403.0,439.0,33.1,12.5,44.1,10.3,31.8,20.7,37.2,10.3,386.0,395.0,289305.0,315450.0,40299.0,46425.0,51781.0,56069.0,Q1
APURIMAC,COTABAMBAS,33.9,29.8,30.2,6.1,25.4,36.5,31.4,6.7,404.0,405.0,32.4,14.2,32.5,20.9,21.9,41.1,21.3,15.7,421.0,438.0,289305.0,315450.0,40299.0,46425.0,51781.0,56069.0,Q2
APURIMAC,GRAU,25.5,32.1,9.4,33.0,28.4,41.6,9.4,20.6,476.0,454.0,11.6,20.9,10.5,57.0,16.3,30.2,4.7,48.8,518.0,518.0,289305.0,315450.0,40299.0,46425.0,51781.0,56069.0,Q2
APURIMAC,GRAU,41.5,12.3,46.2,0.0,40.8,16.2,43.1,0.0,371.0,362.0,36.7,36.7,20.0,6.7,20.0,36.7,33.3,10.0,424.0,406.0,289305.0,315450.0,40299.0,46425.0,51781.0,56069.0,
APURIMAC,GRAU,29.2,17.6,47.7,5.6,31.9,11.6,50.5,6.0,380.0,365.0,18.9,17.4,57.6,6.1,31.8,22.7,45.5,0.0,375.0,368.0,289305.0,315450.0,40299.0,46425.0,51781.0,56069.0,
APURIMAC,GRAU,33.3,20.0,6.7,40.0,33.3,40.0,0.0,26.7,474.0,468.0,14.3,57.1,14.3,14.3,42.9,14.3,0.0,42.9,440.0,470.0,289305.0,315450.0,40299.0,46425.0,51781.0,56069.0,
APURIMAC,GRAU,60.0,40.0,0.0,0.0,40.0,60.0,0.0,0.0,420.0,444.0,23.1,53.8,7.7,15.4,30.8,53.8,7.7,7.7,455.0,449.0,289305.0,315450.0,40299.0,46425.0,51781.0,56069.0,
APURIMAC,GRAU,72.7,9.1,9.1,9.1,45.5,36.4,9.1,9.1,414.0,434.0,45.2,29.4,20.6,4.8,15.1,39.7,15.9,29.4,419.0,475.0,289305.0,315450.0,40299.0,46425.0,51781.0,56069.0,
APURIMAC,GRAU,30.6,23.3,29.9,16.3,7.0,49.2,27.6,16.3,422.0,436.0,35.3,21.6,23.5,19.6,27.5,25.5,21.6,25.5,435.0,452.0,289305.0,315450.0,40299.0,46425.0,51781.0,56069.0,Q3
APURIMAC,GRAU,45.5,18.2,36.4,0.0,54.5,36.4,9.1,0.0,392.0,410.0,20.0,20.0,60.0,0.0,40.0,40.0,20.0,0.0,368.0,395.0,289305.0,315450.0,40299.0,46425.0,51781.0,56069.0,Q3
APURIMAC,GRAU,60.0,20.0,0.0,20.0,40.0,60.0,0.0,0.0,461.0,418.0,40.0,0.0,60.0,0.0,60.0,20.0,20.0,0.0,361.0,389.0,289305.0,315450.0,40299.0,46425.0,51781.0,56069.0,Q2
APURIMAC,GRAU,66.7,25.0,8.3,0.0,75.0,25.0,0.0,0.0,416.0,403.0,33.3,55.6,0.0,11.1,44.4,55.6,0.0,0.0,457.0,421.0,289305.0,315450.0,40299.0,46425.0,51781.0,56069.0,
APURIMAC,GRAU,36.0,20.0,12.0,32.0,24.0,40.0,12.0,24.0,455.0,454.0,22.2,40.7,3.7,33.3,3.7,44.4,0.0,51.9,489.0,533.0,289305.0,315450.0,40299.0,46425.0,51781.0,56069.0,Q3
APURIMAC,GRAU,40.0,53.3,0.0,6.7,0.0,80.0,0.0,20.0,467.0,493.0,30.0,40.0,20.0,10.0,30.0,50.0,10.0,10.0,433.0,443.0,289305.0,315450.0,40299.0,46425.0,51781.0,56069.0,Q2
AREQUIPA,AREQUIPA,19.5,35.8,1.7,43.1,16.9,45.2,4.3,33.6,515.0,495.0,18.4,30.0,3.6,48.0,13.2,39.9,4.7,42.2,514.0,510.0,862133.0,949813.0,289112.0,302127.0,967344.0,1112326.0,Q1
AREQUIPA,AREQUIPA,10.8,29.2,1.8,58.2,11.1,43.8,2.0,43.1,544.0,519.0,10.2,27.4,2.3,60.0,8.3,37.6,2.4,51.7,545.0,532.0,862133.0,949813.0,289112.0,302127.0,967344.0,1112326.0,Q1
AREQUIPA,AREQUIPA,17.7,29.8,2.1,50.4,15.4,43.8,2.7,38.1,524.0,505.0,16.3,30.7,2.8,50.2,12.8,38.4,2.9,45.8,521.0,518.0,862133.0,949813.0,289112.0,302127.0,967344.0,1112326.0,Q1
AREQUIPA,AREQUIPA,16.8,35.0,3.0,45.2,15.9,46.6,3.5,34.1,515.0,497.0,17.5,31.3,3.1,48.2,12.1,42.6,3.1,42.2,517.0,511.0,862133.0,949813.0,289112.0,302127.0,967344.0,1112326.0,Q1
AREQUIPA,AREQUIPA,4.9,37.7,4.9,52.5,9.8,47.5,1.6,41.0,524.0,519.0,28.2,29.5,7.6,34.7,17.8,38.6,5.1,38.5,477.0,500.0,862133.0,949813.0,289112.0,302127.0,967344.0,1112326.0,Q1
AREQUIPA,AREQUIPA,18.2,43.6,13.3,25.0,26.9,47.7,8.7,16.7,467.0,455.0,33.4,32.9,7.6,26.1,11.0,48.4,11.0,29.5,465.0,485.0,862133.0,949813.0,289112.0,302127.0,967344.0,1112326.0,Q3
AREQUIPA,AREQUIPA,17.3,34.8,3.0,44.8,17.1,44.6,5.1,33.2,513.0,489.0,18.3,30.8,5.3,45.5,13.4,44.2,4.3,38.1,508.0,503.0,862133.0,949813.0,289112.0,302127.0,967344.0,1112326.0,Q1
AREQUIPA,AREQUIPA,14.2,32.3,1.4,52.1,13.3,44.7,2.8,39.2,535.0,508.0,14.0,28.9,2.4,54.7,9.7,41.1,2.5,46.6,528.0,524.0,862133.0,949813.0,289112.0,302127.0,967344.0,1112326.0,Q1
AREQUIPA,AREQUIPA,29.1,33.0,7.1,30.8,22.9,43.0,7.1,27.1,479.0,476.0,26.3,32.5,5.6,35.7,18.0,43.2,5.7,33.1,490.0,489.0,862133.0,949813.0,289112.0,302127.0,967344.0,1112326.0,Q2
AREQUIPA,AREQUIPA,17.8,35.2,2.9,44.1,16.2,47.6,4.7,31.5,512.0,491.0,15.9,33.2,5.0,45.9,13.7,42.5,4.0,39.8,513.0,506.0,862133.0,949813.0,289112.0,302127.0,967344.0,1112326.0,Q1
AREQUIPA,AREQUIPA,12.8,31.8,2.7,52.7,14.0,43.7,2.3,40.1,531.0,513.0,12.3,31.6,3.2,53.0,11.2,38.0,3.1,47.7,526.0,520.0,862133.0,949813.0,289112.0,302127.0,967344.0,1112326.0,Q1
AREQUIPA,AREQUIPA,50.0,40.0,10.0,0.0,20.0,70.0,10.0,0.0,424.0,436.0,,,,,,,,,,,862133.0,949813.0,289112.0,302127.0,967344.0,1112326.0,Q3
AREQUIPA,AREQUIPA,16.6,35.9,2.6,45.0,15.3,46.9,4.2,33.7,517.0,498.0,15.6,30.4,3.0,51.0,11.0,38.1,2.6,48.4,521.0,526.0,862133.0,949813.0,289112.0,302127.0,967344.0,1112326.0,Q1
AREQUIPA,AREQUIPA,0.0,33.3,0.0,66.7,16.7,66.7,0.0,16.7,533.0,522.0,0.0,0.0,0.0,100.0,25.0,25.0,0.0,50.0,598.0,561.0,862133.0,949813.0,289112.0,302127.0,967344.0,1112326.0,Q3
AREQUIPA,AREQUIPA,18.2,9.1,45.5,27.3,27.3,45.5,27.3,0.0,414.0,399.0,,,,,,,,,,,862133.0,949813.0,289112.0,302127.0,967344.0,1112326.0,Q2
AREQUIPA,AREQUIPA,16.7,50.0,4.2,29.2,25.0,41.7,4.2,29.2,491.0,473.0,21.4,25.0,1.8,51.8,5.4,55.4,0.0,39.3,512.0,520.0,862133.0,949813.0,289112.0,302127.0,967344.0,1112326.0,Q3
AREQUIPA,AREQUIPA,12.4,32.8,3.1,51.7,15.5,47.1,3.2,34.3,529.0,497.0,19.0,29.9,2.1,49.0,16.7,44.1,1.7,37.5,520.0,506.0,862133.0,949813.0,289112.0,302127.0,967344.0,1112326.0,Q1
AREQUIPA,AREQUIPA,14.3,50.0,7.1,28.6,7.1,35.7,14.3,42.9,491.0,485.0,11.1,33.3,0.0,55.6,11.1,33.3,0.0,55.6,517.0,523.0,862133.0,949813.0,289112.0,302127.0,967344.0,1112326.0,Q3
AREQUIPA,AREQUIPA,20.0,60.0,0.0,20.0,20.0,60.0,0.0,20.0,504.0,482.0,28.6,57.1,0.0,14.3,57.1,42.9,0.0,0.0,468.0,417.0,862133.0,949813.0,289112.0,302127.0,967344.0,1112326.0,Q2
AREQUIPA,AREQUIPA,,,,,,,,,,,20.0,40.0,20.0,20.0,20.0,60.0,20.0,0.0,453.0,436.0,862133.0,949813.0,289112.0,302127.0,967344.0,1112326.0,Q3
AREQUIPA,AREQUIPA,17.0,36.6,3.2,43.1,11.4,41.4,5.7,41.5,514.0,505.0,13.9,29.2,2.4,54.5,10.6,29.3,3.2,56.9,519.0,532.0,862133.0,949813.0,289112.0,302127.0,967344.0,1112326.0,Q1
AREQUIPA,AREQUIPA,19.9,35.8,2.6,41.7,15.5,46.9,3.3,34.3,512.0,499.0,16.4,30.7,3.2,49.7,11.3,40.9,3.5,44.3,518.0,516.0,862133.0,949813.0,289112.0,302127.0,967344.0,1112326.0,Q1
AREQUIPA,AREQUIPA,14.9,33.7,1.2,50.2,7.6,48.4,2.0,42.0,526.0,515.0,14.8,38.1,2.3,44.8,10.3,41.5,1.9,46.3,513.0,517.0,862133.0,949813.0,289112.0,302127.0,967344.0,1112326.0,Q1
AREQUIPA,AREQUIPA,17.3,36.6,6.2,39.9,18.1,48.6,8.7,24.5,503.0,470.0,19.4,34.6,4.3,41.7,16.2,43.8,8.1,31.9,502.0,486.0,862133.0,949813.0,289112.0,302127.0,967344.0,1112326.0,Q1
AREQUIPA,AREQUIPA,33.6,35.1,9.7,21.6,29.4,37.3,11.7,21.6,459.0,458.0,13.5,45.9,8.1,32.4,8.1,54.1,0.0,37.8,490.0,505.0,862133.0,949813.0,289112.0,302127.0,967344.0,1112326.0,Q2
AREQUIPA,AREQUIPA,8.1,25.6,2.2,64.1,11.4,46.0,2.2,40.4,553.0,511.0,12.6,24.9,2.1,60.4,11.3,43.0,2.4,43.3,535.0,515.0,862133.0,949813.0,289112.0,302127.0,967344.0,1112326.0,Q1
AREQUIPA,AREQUIPA,31.0,38.9,3.6,26.6,19.0,50.4,7.5,23.0,482.0,470.0,10.5,26.3,0.0,63.2,10.5,42.1,0.0,47.4,528.0,522.0,862133.0,949813.0,289112.0,302127.0,967344.0,1112326.0,Q1
AREQUIPA,AREQUIPA,18.3,34.9,1.8,45.1,16.3,47.4,2.5,33.9,513.0,495.0,21.7,32.0,7.7,38.6,17.4,45.7,5.4,31.5,495.0,489.0,862133.0,949813.0,289112.0,302127.0,967344.0,1112326.0,Q1
AREQUIPA,CAMANÁ,21.5,38.9,2.8,36.7,15.6,49.8,2.6,32.1,499.0,494.0,23.3,35.3,5.0,36.4,13.2,42.6,5.0,39.2,493.0,506.0,862133.0,949813.0,289112.0,302127.0,967344.0,1112326.0,Q1
AREQUIPA,CAMANÁ,10.7,44.5,0.0,44.8,7.1,63.1,3.6,26.2,513.0,497.0,18.4,48.6,8.3,24.7,20.8,51.4,0.0,27.8,478.0,482.0,862133.0,949813.0,289112.0,302127.0,967344.0,1112326.0,Q1
AREQUIPA,CAMANÁ,21.4,42.7,1.3,34.6,16.7,42.7,3.0,37.6,502.0,496.0,21.3,34.6,8.8,35.3,16.4,42.9,9.5,31.2,489.0,486.0,862133.0,949813.0,289112.0,302127.0,967344.0,1112326.0,Q2
AREQUIPA,CAMANÁ,27.3,25.5,0.0,47.3,14.5,49.1,0.0,36.4,502.0,512.0,17.2,46.3,1.9,34.6,7.6,53.9,0.0,38.5,495.0,513.0,862133.0,949813.0,289112.0,302127.0,967344.0,1112326.0,Q2
AREQUIPA,CAMANÁ,18.9,36.5,7.6,37.0,15.0,42.1,3.4,39.5,492.0,498.0,24.5,27.4,8.0,40.1,15.8,41.0,5.3,38.0,494.0,490.0,862133.0,949813.0,289112.0,302127.0,967344.0,1112326.0,Q2
AREQUIPA,CAMANÁ,20.2,34.9,12.9,32.0,25.4,32.7,12.7,29.3,471.0,470.0,19.5,43.6,15.6,21.4,15.5,50.9,15.6,18.0,457.0,445.0,862133.0,949813.0,289112.0,302127.0,967344.0,1112326.0,Q1
AREQUIPA,CAMANÁ,28.6,50.0,0.0,21.4,28.6,50.0,7.1,14.3,484.0,470.0,53.8,15.4,7.7,23.1,38.5,38.5,7.7,15.4,453.0,441.0,862133.0,949813.0,289112.0,302127.0,967344.0,1112326.0,Q1
AREQUIPA,CAMANÁ,19.1,33.0,4.5,43.4,19.3,40.9,3.7,36.1,505.0,489.0,19.8,33.4,4.4,42.4,12.0,47.6,2.2,38.1,507.0,508.0,862133.0,949813.0,289112.0,302127.0,967344.0,1112326.0,Q1
AREQUIPA,CARAVELÍ,34.3,28.2,9.7,27.8,29.4,45.6,9.9,15.2,464.0,447.0,18.0,39.0,7.0,36.0,17.0,43.0,5.0,35.0,495.0,501.0,862133.0,949813.0,289112.0,302127.0,967344.0,1112326.0,Q1
AREQUIPA,CARAVELÍ,11.9,37.9,2.7,47.5,14.6,40.2,7.1,38.1,516.0,497.0,14.0,40.4,2.6,43.0,5.2,35.1,0.9,58.8,510.0,538.0,862133.0,949813.0,289112.0,302127.0,967344.0,1112326.0,Q2
AREQUIPA,CARAVELÍ,,,,,,,,,,,22.3,39.3,7.1,31.3,14.3,31.3,7.1,47.3,471.0,495.0,862133.0,949813.0,289112.0,302127.0,967344.0,1112326.0,Q4
AREQUIPA,CARAVELÍ,39.7,28.4,25.0,6.9,17.9,49.8,32.2,0.0,418.0,402.0,27.9,48.8,2.3,20.9,25.6,46.5,2.3,25.6,478.0,484.0,862133.0,949813.0,289112.0,302127.0,967344.0,1112326.0,Q3
AREQUIPA,CARAVELÍ,,,,,,,,,,,25.0,50.0,0.0,25.0,25.0,50.0,0.0,25.0,492.0,462.0,862133.0,949813.0,289112.0,302127.0,967344.0,1112326.0,Q4
AREQUIPA,CARAVELÍ,15.0,32.3,0.0,52.8,2.3,43.8,0.0,53.9,522.0,536.0,1.3,26.2,1.3,71.2,2.7,23.5,0.0,73.8,570.0,586.0,862133.0,949813.0,289112.0,302127.0,967344.0,1112326.0,Q3
AREQUIPA,CARAVELÍ,25.7,41.6,5.1,27.6,22.6,45.3,3.2,28.9,487.0,480.0,21.8,34.7,5.9,37.7,14.7,45.8,4.9,34.6,492.0,494.0,862133.0,949813.0,289112.0,302127.0,967344.0,1112326.0,Q2
AREQUIPA,CARAVELÍ,14.3,30.1,5.1,50.5,14.5,48.5,5.1,32.0,519.0,504.0,20.6,38.3,0.0,41.2,11.8,42.6,1.5,44.2,507.0,516.0,862133.0,949813.0,289112.0,302127.0,967344.0,1112326.0,Q1
AREQUIPA,CARAVELÍ,15.6,37.5,3.1,43.8,18.8,56.3,3.1,21.9,496.0,461.0,15.7,33.3,3.9,47.1,11.8,52.9,2.0,33.3,508.0,502.0,862133.0,949813.0,289112.0,302127.0,967344.0,1112326.0,Q2
AREQUIPA,CARAVELÍ,42.9,22.9,14.3,20.0,40.0,37.1,20.0,2.9,435.0,413.0,19.4,29.0,12.9,38.7,16.1,54.8,16.1,12.9,486.0,442.0,862133.0,949813.0,289112.0,302127.0,967344.0,1112326.0,Q1
AREQUIPA,CARAVELÍ,33.3,33.3,5.6,27.8,33.3,38.9,11.1,16.7,467.0,450.0,31.6,42.1,10.5,15.8,36.8,36.8,5.3,21.1,466.0,447.0,862133.0,949813.0,289112.0,302127.0,967344.0,1112326.0,Q1
AREQUIPA,CARAVELÍ,27.8,50.0,0.0,22.2,22.2,38.9,0.0,38.9,487.0,506.0,14.7,35.3,5.9,44.1,11.8,44.1,2.9,41.2,507.0,503.0,862133.0,949813.0,289112.0,302127.0,967344.0,1112326.0,Q1
AREQUIPA,CARAVELÍ,30.0,36.7,6.7,26.7,16.7,46.7,6.7,30.0,468.0,478.0,21.6,37.8,2.7,37.8,8.1,48.6,0.0,43.2,494.0,538.0,862133.0,949813.0,289112.0,302127.0,967344.0,1112326.0,Q1
AREQUIPA,CASTILLA,54.5,9.1,18.2,18.2,27.3,36.4,27.3,9.1,422.0,416.0,66.7,16.7,0.0,16.7,33.3,16.7,33.3,16.7,434.0,414.0,862133.0,949813.0,289112.0,302127.0,967344.0,1112326.0,Q3
AREQUIPA,CASTILLA,14.6,36.3,2.0,47.1,11.0,50.3,1.3,37.5,522.0,514.0,19.5,29.3,1.7,49.5,9.7,47.6,2.9,39.8,520.0,516.0,862133.0,949813.0,289112.0,302127.0,967344.0,1112326.0,Q1
AREQUIPA,CASTILLA,34.3,22.9,31.4,11.4,31.4,25.7,28.6,14.3,416.0,408.0,27.8,33.3,16.7,22.2,19.4,41.7,16.7,22.2,452.0,456.0,862133.0,949813.0,289112.0,302127.0,967344.0,1112326.0,Q2
AREQUIPA,CASTILLA,25.8,35.5,6.5,32.3,19.4,58.1,6.5,16.1,494.0,469.0,31.6,31.6,0.0,36.8,5.3,36.8,5.3,52.6,498.0,531.0,862133.0,949813.0,289112.0,302127.0,967344.0,1112326.0,Q2
AREQUIPA,CASTILLA,0.0,0.0,0.0,100.0,0.0,0.0,0.0,100.0,644.0,666.0,25.0,33.3,0.0,41.7,25.0,33.3,0.0,41.7,512.0,509.0,862133.0,949813.0,289112.0,302127.0,967344.0,1112326.0,Q4
AREQUIPA,CASTILLA,0.0,42.9,0.0,57.1,14.3,71.4,0.0,14.3,533.0,470.0,37.5,25.0,0.0,37.5,25.0,37.5,12.5,25.0,486.0,441.0,862133.0,949813.0,289112.0,302127.0,967344.0,1112326.0,
AREQUIPA,CASTILLA,14.1,40.5,1.7,43.7,12.2,49.7,1.2,36.9,517.0,505.0,11.5,33.8,2.5,52.3,7.0,34.6,3.0,55.4,529.0,537.0,862133.0,949813.0,289112.0,302127.0,967344.0,1112326.0,Q1
AREQUIPA,CASTILLA,10.5,34.2,7.9,47.4,7.9,55.3,5.3,31.6,515.0,505.0,24.7,32.8,0.0,42.5,9.1,39.5,0.0,51.4,519.0,528.0,862133.0,949813.0,289112.0,302127.0,967344.0,1112326.0,Q2
AREQUIPA,CASTILLA,18.4,37.1,0.0,44.5,12.5,31.9,1.0,54.6,523.0,532.0,9.7,40.7,3.5,46.0,5.3,48.7,0.9,45.1,517.0,520.0,862133.0,949813.0,289112.0,302127.0,967344.0,1112326.0,Q2
AREQUIPA,CASTILLA,38.5,38.5,0.0,23.1,15.4,61.5,7.7,15.4,490.0,476.0,43.8,31.3,18.8,6.3,25.0,43.8,31.3,0.0,426.0,403.0,862133.0,949813.0,289112.0,302127.0,967344.0,1112326.0,Q1
AREQUIPA,CAYLLOMA,36.4,18.2,0.0,45.5,27.3,36.4,0.0,36.4,508.0,496.0,22.2,22.2,11.1,44.4,11.1,66.7,0.0,22.2,511.0,505.0,862133.0,949813.0,289112.0,302127.0,967344.0,1112326.0,Q1
AREQUIPA,CAYLLOMA,24.2,36.4,0.0,39.4,21.2,42.4,0.0,36.4,504.0,531.0,15.7,40.2,0.0,44.1,3.8,31.8,7.7,56.6,510.0,525.0,862133.0,949813.0,289112.0,302127.0,967344.0,1112326.0,Q1
AREQUIPA,CAYLLOMA,22.2,38.9,5.6,33.3,16.7,44.4,0.0,38.9,488.0,515.0,27.8,27.8,11.1,33.3,22.2,38.9,11.1,27.8,483.0,473.0,862133.0,949813.0,289112.0,302127.0,967344.0,1112326.0,Q2
AREQUIPA,CAYLLOMA,21.1,40.8,5.6,32.4,16.9,43.7,5.6,33.8,494.0,480.0,30.0,36.1,3.3,30.6,15.0,45.0,3.3,36.7,483.0,495.0,862133.0,949813.0,289112.0,302127.0,967344.0,1112326.0,Q2
AREQUIPA,CAYLLOMA,10.5,33.9,2.4,53.2,5.6,37.1,1.6,55.6,525.0,537.0,16.7,28.0,5.0,50.3,9.5,38.9,5.7,45.9,518.0,518.0,862133.0,949813.0,289112.0,302127.0,967344.0,1112326.0,Q1
AREQUIPA,CAYLLOMA,13.3,53.3,0.0,33.3,0.0,53.3,0.0,46.7,502.0,513.0,15.0,65.0,10.0,10.0,30.0,50.0,0.0,20.0,459.0,459.0,862133.0,949813.0,289112.0,302127.0,967344.0,1112326.0,Q2
AREQUIPA,CAYLLOMA,25.0,37.5,0.0,37.5,0.0,62.5,0.0,37.5,514.0,523.0,20.0,0.0,0.0,80.0,0.0,60.0,0.0,40.0,559.0,500.0,862133.0,949813.0,289112.0,302127.0,967344.0,1112326.0,Q1
AREQUIPA,CAYLLOMA,66.7,0.0,33.3,0.0,22.2,33.3,44.4,0.0,374.0,379.0,7.1,50.0,0.0,42.9,0.0,50.0,0.0,50.0,534.0,545.0,862133.0,949813.0,289112.0,302127.0,967344.0,1112326.0,Q3
AREQUIPA,CAYLLOMA,,,,,,,,,,,50.0,25.0,0.0,25.0,25.0,50.0,0.0,25.0,462.0,465.0,862133.0,949813.0,289112.0,302127.0,967344.0,1112326.0,
AREQUIPA,CAYLLOMA,27.8,38.9,5.6,27.8,22.2,44.4,16.7,16.7,490.0,462.0,36.4,36.4,0.0,27.3,22.7,40.9,0.0,36.4,498.0,498.0,862133.0,949813.0,289112.0,302127.0,967344.0,1112326.0,Q1
AREQUIPA,CAYLLOMA,0.0,60.0,0.0,40.0,20.0,40.0,0.0,40.0,521.0,497.0,14.3,14.3,14.3,57.1,14.3,28.6,14.3,42.9,499.0,504.0,862133.0,949813.0,289112.0,302127.0,967344.0,1112326.0,Q1
AREQUIPA,CAYLLOMA,60.0,20.0,0.0,20.0,20.0,60.0,0.0,20.0,468.0,481.0,0.0,20.0,0.0,80.0,20.0,0.0,0.0,80.0,579.0,545.0,862133.0,949813.0,289112.0,302127.0,967344.0,1112326.0,Q1
AREQUIPA,CAYLLOMA,10.0,10.0,0.0,80.0,0.0,20.0,0.0,80.0,595.0,620.0,44.4,22.2,11.1,22.2,44.4,33.3,0.0,22.2,432.0,442.0,862133.0,949813.0,289112.0,302127.0,967344.0,1112326.0,
AREQUIPA,CAYLLOMA,26.3,37.8,4.5,31.4,20.0,44.7,6.7,28.6,488.0,483.0,22.7,34.8,4.8,37.7,15.5,41.3,4.5,38.7,494.0,500.0,862133.0,949813.0,289112.0,302127.0,967344.0,1112326.0,Q2
AREQUIPA,CAYLLOMA,34.6,27.5,17.3,20.6,34.6,51.7,0.0,13.8,448.0,467.0,50.0,20.0,20.0,10.0,20.0,80.0,0.0,0.0,431.0,467.0,862133.0,949813.0,289112.0,302127.0,967344.0,1112326.0,Q1
AREQUIPA,CAYLLOMA,27.3,9.1,0.0,63.6,9.1,54.5,0.0,36.4,520.0,504.0,21.4,28.6,0.0,50.0,7.1,57.1,0.0,35.7,503.0,500.0,862133.0,949813.0,289112.0,302127.0,967344.0,1112326.0,Q1
AREQUIPA,CAYLLOMA,27.8,22.2,27.8,22.2,16.7,61.1,5.6,16.7,435.0,472.0,37.5,25.0,6.3,31.3,18.8,37.5,0.0,43.8,487.0,497.0,862133.0,949813.0,289112.0,302127.0,967344.0,1112326.0,Q1
AREQUIPA,CAYLLOMA,22.2,44.4,0.0,33.3,0.0,44.4,11.1,44.4,484.0,506.0,0.0,50.0,33.3,16.7,0.0,16.7,0.0,83.3,446.0,586.0,862133.0,949813.0,289112.0,302127.0,967344.0,1112326.0,Q1
AREQUIPA,CAYLLOMA,16.0,31.8,7.9,44.2,11.8,44.2,3.8,40.2,512.0,519.0,27.3,39.4,0.0,33.3,3.0,36.4,0.0,60.6,492.0,542.0,862133.0,949813.0,289112.0,302127.0,967344.0,1112326.0,Q1
AREQUIPA,CONDESUYOS,,,,,,,,,,,30.0,10.0,20.0,40.0,20.0,30.0,10.0,40.0,472.0,483.0,862133.0,949813.0,289112.0,302127.0,967344.0,1112326.0,
AREQUIPA,CONDESUYOS,52.5,18.0,26.9,2.5,48.7,23.1,24.4,3.8,397.0,400.0,35.5,34.2,18.4,11.8,27.6,51.3,6.6,14.5,434.0,454.0,862133.0,949813.0,289112.0,302127.0,967344.0,1112326.0,Q4
AREQUIPA,CONDESUYOS,,,,,,,,,,,14.3,57.1,0.0,28.6,14.3,57.1,0.0,28.6,498.0,523.0,862133.0,949813.0,289112.0,302127.0,967344.0,1112326.0,
AREQUIPA,CONDESUYOS,20.0,31.4,1.4,47.1,18.6,51.4,0.0,30.0,516.0,501.0,25.0,23.3,0.0,51.7,8.3,40.0,0.0,51.7,515.0,548.0,862133.0,949813.0,289112.0,302127.0,967344.0,1112326.0,Q1
AREQUIPA,CONDESUYOS,5.4,38.0,1.8,54.8,5.3,43.5,1.8,49.5,541.0,528.0,11.6,36.2,1.1,51.1,4.6,24.5,0.0,70.9,524.0,574.0,862133.0,949813.0,289112.0,302127.0,967344.0,1112326.0,Q1
AREQUIPA,CONDESUYOS,28.6,42.9,14.3,14.3,28.6,57.1,14.3,0.0,447.0,418.0,,,,,,,,,,,862133.0,949813.0,289112.0,302127.0,967344.0,1112326.0,
AREQUIPA,CONDESUYOS,15.4,35.9,3.1,45.6,22.1,38.8,1.5,37.6,515.0,499.0,14.9,34.9,0.0,50.2,6.3,27.9,0.0,65.8,527.0,545.0,862133.0,949813.0,289112.0,302127.0,967344.0,1112326.0,Q1
AREQUIPA,ISLAY,18.2,33.1,2.5,46.3,15.7,47.1,1.7,35.5,516.0,511.0,13.3,39.2,2.5,45.0,10.0,37.5,1.7,50.8,514.0,530.0,862133.0,949813.0,289112.0,302127.0,967344.0,1112326.0,Q2
AREQUIPA,ISLAY,17.4,37.4,2.3,42.8,12.8,49.1,3.5,34.7,516.0,506.0,20.8,32.5,3.9,42.9,7.8,31.2,2.6,58.4,511.0,548.0,862133.0,949813.0,289112.0,302127.0,967344.0,1112326.0,Q2
AREQUIPA,ISLAY,14.9,34.1,1.7,49.3,9.0,35.6,3.2,52.2,531.0,534.0,21.7,30.8,2.5,45.0,12.9,39.0,5.1,43.0,513.0,509.0,862133.0,949813.0,289112.0,302127.0,967344.0,1112326.0,Q1
AREQUIPA,ISLAY,35.7,21.4,0.0,42.9,28.6,21.4,0.0,50.0,501.0,506.0,3.3,40.0,0.0,56.7,0.0,30.0,0.0,70.0,528.0,559.0,862133.0,949813.0,289112.0,302127.0,967344.0,1112326.0,Q1
AREQUIPA,ISLAY,18.6,31.7,1.1,48.6,14.7,39.1,2.2,44.0,522.0,516.0,19.7,34.9,3.0,42.4,15.0,39.5,2.3,43.3,512.0,518.0,862133.0,949813.0,289112.0,302127.0,967344.0,1112326.0,Q1
AREQUIPA,ISLAY,17.4,36.9,0.0,45.6,5.4,39.1,1.1,54.5,520.0,538.0,23.4,36.6,4.5,35.5,17.9,51.0,1.2,29.9,491.0,495.0,862133.0,949813.0,289112.0,302127.0,967344.0,1112326.0,Q2
AREQUIPA,LA UNIÓN,34.4,42.0,4.4,19.2,39.1,39.7,6.8,14.4,459.0,446.0,53.5,26.8,14.3,5.5,22.1,45.2,14.0,18.6,428.0,455.0,862133.0,949813.0,289112.0,302127.0,967344.0,1112326.0,Q1
AREQUIPA,LA UNIÓN,12.5,37.5,37.5,12.5,25.0,25.0,25.0,25.0,422.0,441.0,7.1,64.3,0.0,28.6,21.4,78.6,0.0,0.0,492.0,472.0,862133.0,949813.0,289112.0,302127.0,967344.0,1112326.0,Q4
AREQUIPA,LA UNIÓN,22.0,48.8,2.4,26.8,12.2,46.3,0.0,41.5,485.0,507.0,30.9,30.9,7.3,30.9,14.5,40.0,12.7,32.7,474.0,473.0,862133.0,949813.0,289112.0,302127.0,967344.0,1112326.0,Q2
AREQUIPA,LA UNIÓN,27.9,37.6,12.1,22.4,19.4,40.6,21.2,18.8,457.0,451.0,20.4,17.6,26.7,35.3,23.5,21.0,20.2,35.3,460.0,473.0,862133.0,949813.0,289112.0,302127.0,967344.0,1112326.0,Q3
AREQUIPA,LA UNIÓN,66.7,0.0,33.3,0.0,33.3,8.3,58.3,0.0,364.0,353.0,10.0,0.0,90.0,0.0,40.0,0.0,60.0,0.0,303.0,342.0,862133.0,949813.0,289112.0,302127.0,967344.0,1112326.0,
AREQUIPA,LA UNIÓN,39.1,39.1,8.7,13.0,30.4,43.5,8.7,17.4,449.0,453.0,40.0,40.0,13.3,6.7,36.7,30.0,10.0,23.3,437.0,449.0,862133.0,949813.0,289112.0,302127.0,967344.0,1112326.0,
AREQUIPA,LA UNIÓN,50.0,12.5,37.5,0.0,25.0,12.5,62.5,0.0,370.0,343.0,20.0,40.0,0.0,40.0,40.0,40.0,20.0,0.0,474.0,406.0,862133.0,949813.0,289112.0,302127.0,967344.0,1112326.0,
AREQUIPA,LA UNIÓN,12.5,62.5,0.0,25.0,0.0,25.0,0.0,75.0,510.0,541.0,,,,,,,,,,,862133.0,949813.0,289112.0,302127.0,967344.0,1112326.0,
AREQUIPA,LA UNIÓN,7.1,42.9,35.7,14.3,21.4,71.4,0.0,7.1,433.0,467.0,10.0,40.0,10.0,40.0,0.0,50.0,0.0,50.0,516.0,529.0,862133.0,949813.0,289112.0,302127.0,967344.0,1112326.0,
AYACUCHO,CANGALLO,41.9,27.4,12.9,17.7,27.4,35.5,19.4,17.7,439.0,434.0,18.5,40.2,14.1,27.2,23.9,38.0,7.6,30.4,476.0,477.0,442378.0,492931.0,35597.0,39679.0,174710.0,215619.0,Q1
AYACUCHO,CANGALLO,20.0,0.0,80.0,0.0,30.0,10.0,60.0,0.0,334.0,338.0,38.5,7.7,53.8,0.0,46.2,46.2,7.7,0.0,366.0,423.0,442378.0,492931.0,35597.0,39679.0,174710.0,215619.0,Q1
AYACUCHO,CANGALLO,47.3,27.6,16.7,8.4,38.5,35.9,15.9,9.8,425.0,421.0,37.9,26.4,20.0,15.7,30.7,44.3,5.0,20.0,434.0,463.0,442378.0,492931.0,35597.0,39679.0,174710.0,215619.0,Q3
AYACUCHO,CANGALLO,25.0,0.0,75.0,0.0,33.3,0.0,66.7,0.0,338.0,334.0,37.5,25.0,31.3,6.3,31.3,31.3,12.5,25.0,387.0,450.0,442378.0,492931.0,35597.0,39679.0,174710.0,215619.0,
AYACUCHO,CANGALLO,57.8,8.8,33.5,0.0,49.5,10.7,38.0,1.8,374.0,368.0,39.3,15.6,39.9,5.2,35.5,37.5,24.3,2.6,382.0,408.0,442378.0,492931.0,35597.0,39679.0,174710.0,215619.0,Q4
AYACUCHO,CANGALLO,34.5,17.2,41.4,6.9,29.3,27.6,36.2,6.9,383.0,389.0,34.3,22.5,29.6,13.6,24.7,29.6,32.1,13.6,417.0,411.0,442378.0,492931.0,35597.0,39679.0,174710.0,215619.0,Q4
AYACUCHO,HUAMANGA,62.8,6.8,30.3,0.0,59.3,8.3,32.3,0.0,382.0,372.0,41.7,25.0,25.0,8.3,33.3,35.0,25.0,6.7,411.0,401.0,442378.0,492931.0,35597.0,39679.0,174710.0,215619.0,Q4
AYACUCHO,HUAMANGA,35.5,23.7,32.0,8.7,31.2,29.2,29.8,9.8,407.0,407.0,50.0,24.4,12.2,13.3,27.8,51.1,10.0,11.1,431.0,446.0,442378.0,492931.0,35597.0,39679.0,174710.0,215619.0,Q4
AYACUCHO,HUAMANGA,,,,,,,,,,,13.6,38.3,1.9,46.2,13.0,50.7,0.9,35.4,516.0,504.0,442378.0,492931.0,35597.0,39679.0,174710.0,215619.0,
AYACUCHO,HUAMANGA,11.1,55.6,11.1,22.2,44.4,55.6,0.0,0.0,492.0,449.0,,,,,,,,,,,442378.0,492931.0,35597.0,39679.0,174710.0,215619.0,
AYACUCHO,HUAMANGA,19.2,35.4,3.8,41.6,17.0,44.1,4.8,34.1,508.0,494.0,13.0,27.3,2.3,57.4,9.9,40.1,1.9,48.1,539.0,526.0,442378.0,492931.0,35597.0,39679.0,174710.0,215619.0,Q1
AYACUCHO,HUAMANGA,34.0,32.8,11.9,21.3,29.5,39.7,13.3,17.4,455.0,448.0,17.4,34.4,3.2,45.0,13.4,48.3,2.8,35.4,511.0,498.0,442378.0,492931.0,35597.0,39679.0,174710.0,215619.0,Q2
AYACUCHO,HUAMANGA,49.1,22.6,24.7,3.7,42.7,23.1,28.9,5.3,406.0,395.0,37.1,27.7,20.7,14.6,19.3,50.0,16.2,14.6,434.0,447.0,442378.0,492931.0,35597.0,39679.0,174710.0,215619.0,Q3
AYACUCHO,HUAMANGA,26.0,35.4,9.9,28.6,20.8,35.9,16.7,26.6,474.0,458.0,14.3,30.5,5.8,49.5,12.5,34.6,3.1,49.9,516.0,521.0,442378.0,492931.0,35597.0,39679.0,174710.0,215619.0,Q1
AYACUCHO,HUAMANGA,41.1,31.5,8.2,19.2,21.9,41.1,16.4,20.5,455.0,446.0,32.3,33.9,16.1,17.7,35.5,29.0,12.9,22.6,445.0,450.0,442378.0,492931.0,35597.0,39679.0,174710.0,215619.0,Q4
AYACUCHO,HUAMANGA,28.1,46.9,6.6,18.4,21.4,40.8,13.3,24.5,457.0,463.0,22.6,37.7,12.4,27.4,15.0,50.2,9.9,24.9,467.0,484.0,442378.0,492931.0,35597.0,39679.0,174710.0,215619.0,Q2
AYACUCHO,HUAMANGA,38.7,29.7,18.0,13.6,36.0,41.9,13.9,8.2,431.0,430.0,25.4,32.4,11.3,31.0,29.6,29.6,12.7,28.2,468.0,456.0,442378.0,492931.0,35597.0,39679.0,174710.0,215619.0,Q2
AYACUCHO,HUAMANGA,41.2,11.8,47.1,0.0,58.8,29.4,5.9,5.9,375.0,411.0,24.0,28.0,24.0,24.0,16.0,40.0,24.0,20.0,443.0,444.0,442378.0,492931.0,35597.0,39679.0,174710.0,215619.0,Q4
AYACUCHO,HUAMANGA,24.0,40.7,2.7,32.6,21.7,41.8,4.2,32.3,492.0,487.0,19.7,31.0,3.9,45.5,14.0,39.9,3.4,42.7,511.0,511.0,442378.0,492931.0,35597.0,39679.0,174710.0,215619.0,Q1
AYACUCHO,HUAMANGA,0.0,42.9,28.6,28.6,14.3,42.9,14.3,28.6,459.0,465.0,30.0,10.0,40.0,20.0,50.0,10.0,20.0,20.0,401.0,422.0,442378.0,492931.0,35597.0,39679.0,174710.0,215619.0,Q1
AYACUCHO,HUAMANGA,49.1,15.2,31.4,4.3,51.6,26.1,18.1,4.3,399.0,397.0,45.4,22.9,26.8,4.9,37.8,27.6,24.4,10.2,401.0,414.0,442378.0,492931.0,35597.0,39679.0,174710.0,215619.0,Q3
AYACUCHO,HUAMANGA,32.0,24.0,38.0,6.0,34.0,18.0,36.0,12.0,402.0,397.0,50.8,17.5,20.6,11.1,34.9,41.3,15.9,7.9,414.0,423.0,442378.0,492931.0,35597.0,39679.0,174710.0,215619.0,Q3
AYACUCHO,HUAMANGA,51.7,19.5,24.2,4.6,39.3,33.9,22.4,4.5,402.0,403.0,39.2,32.0,9.3,19.6,34.0,43.3,7.2,15.5,453.0,449.0,442378.0,492931.0,35597.0,39679.0,174710.0,215619.0,
AYACUCHO,HUANCA SANCOS,53.2,15.7,18.6,12.5,42.5,32.9,12.1,12.5,426.0,427.0,51.8,30.6,0.0,17.6,34.1,47.9,0.0,17.9,459.0,460.0,442378.0,492931.0,35597.0,39679.0,174710.0,215619.0,
AYACUCHO,HUANCA SANCOS,50.0,25.0,8.3,16.7,41.7,33.3,25.0,0.0,437.0,396.0,52.8,18.8,23.3,5.1,29.5,47.2,23.3,0.0,412.0,404.0,442378.0,492931.0,35597.0,39679.0,174710.0,215619.0,Q3
AYACUCHO,HUANCA SANCOS,17.1,36.9,8.5,37.5,8.5,40.4,24.0,27.0,497.0,477.0,10.4,34.6,1.7,53.3,8.7,31.4,1.7,58.2,522.0,538.0,442378.0,492931.0,35597.0,39679.0,174710.0,215619.0,Q3
AYACUCHO,HUANCA SANCOS,36.8,28.9,26.5,7.9,37.4,20.5,31.8,10.3,414.0,412.0,12.2,32.5,16.1,39.2,16.4,31.8,12.2,39.5,488.0,495.0,442378.0,492931.0,35597.0,39679.0,174710.0,215619.0,
AYACUCHO,HUANTA,50.0,30.0,20.0,0.0,70.0,10.0,0.0,20.0,406.0,429.0,36.4,27.3,36.4,0.0,45.5,27.3,18.2,9.1,390.0,414.0,442378.0,492931.0,35597.0,39679.0,174710.0,215619.0,Q4
AYACUCHO,HUANTA,41.3,46.2,9.3,3.2,25.2,40.5,7.4,26.9,436.0,471.0,36.8,30.9,21.0,11.3,29.7,43.7,17.2,9.4,423.0,427.0,442378.0,492931.0,35597.0,39679.0,174710.0,215619.0,Q2
AYACUCHO,HUANTA,41.2,2.9,55.9,0.0,52.9,26.5,17.6,2.9,361.0,403.0,27.8,16.7,44.4,11.1,11.1,27.8,33.3,27.8,372.0,429.0,442378.0,492931.0,35597.0,39679.0,174710.0,215619.0,
AYACUCHO,HUANTA,42.5,31.6,17.7,8.2,32.8,37.2,24.5,5.5,425.0,407.0,31.8,36.4,9.1,22.7,24.2,50.0,6.1,19.7,461.0,468.0,442378.0,492931.0,35597.0,39679.0,174710.0,215619.0,Q2
AYACUCHO,HUANTA,31.1,35.6,7.8,25.5,21.7,43.2,8.4,26.7,469.0,475.0,21.7,32.7,6.9,38.7,14.2,38.8,4.6,42.4,490.0,508.0,442378.0,492931.0,35597.0,39679.0,174710.0,215619.0,Q2
AYACUCHO,HUANTA,51.3,16.7,23.1,9.0,26.3,45.5,25.6,2.6,411.0,402.0,35.3,26.5,29.4,8.8,23.5,47.1,23.5,5.9,404.0,422.0,442378.0,492931.0,35597.0,39679.0,174710.0,215619.0,Q3
AYACUCHO,HUANTA,39.1,44.4,2.0,14.5,29.9,49.5,3.1,17.6,457.0,460.0,37.7,24.5,21.0,16.8,28.1,31.0,19.6,21.3,428.0,450.0,442378.0,492931.0,35597.0,39679.0,174710.0,215619.0,Q3
AYACUCHO,HUANTA,52.3,17.5,23.6,6.6,35.4,31.8,27.9,5.0,409.0,404.0,38.4,30.3,15.2,16.2,29.3,40.4,13.1,17.2,440.0,444.0,442378.0,492931.0,35597.0,39679.0,174710.0,215619.0,Q2
AYACUCHO,HUANTA,26.0,2.9,68.1,2.9,22.9,8.8,68.3,0.0,346.0,337.0,32.3,5.6,62.1,0.0,18.5,25.1,56.4,0.0,343.0,357.0,442378.0,492931.0,35597.0,39679.0,174710.0,215619.0,
AYACUCHO,HUANTA,40.7,22.3,33.3,3.7,29.5,26.1,36.9,7.5,394.0,391.0,38.4,29.1,19.3,13.2,30.0,41.7,10.7,17.6,429.0,445.0,442378.0,492931.0,35597.0,39679.0,174710.0,215619.0,Q3
AYACUCHO,HUANTA,48.9,26.1,18.8,6.3,32.4,47.0,16.0,4.6,416.0,426.0,33.0,27.7,20.9,18.4,25.5,33.7,19.5,21.3,434.0,450.0,442378.0,492931.0,35597.0,39679.0,174710.0,215619.0,Q3
AYACUCHO,HUANTA,29.9,3.8,45.6,20.8,13.8,19.8,43.7,22.6,394.0,391.0,16.7,11.9,61.9,9.5,19.0,26.2,45.2,9.5,358.0,387.0,442378.0,492931.0,35597.0,39679.0,174710.0,215619.0,
AYACUCHO,LA MAR,44.6,22.4,29.3,3.7,43.7,26.8,23.2,6.3,398.0,401.0,39.4,23.9,21.1,15.5,28.2,28.2,21.1,22.5,420.0,439.0,442378.0,492931.0,35597.0,39679.0,174710.0,215619.0,
AYACUCHO,LA MAR,36.3,35.4,11.6,16.6,28.9,42.3,11.0,17.9,451.0,452.0,48.4,25.9,15.8,9.9,31.6,38.2,12.6,17.6,424.0,442.0,442378.0,492931.0,35597.0,39679.0,174710.0,215619.0,Q1
AYACUCHO,LA MAR,42.0,35.0,6.6,16.4,21.0,47.8,19.1,12.1,450.0,432.0,32.3,30.0,12.2,25.6,22.3,52.3,8.4,17.0,464.0,457.0,442378.0,492931.0,35597.0,39679.0,174710.0,215619.0,Q2
AYACUCHO,LA MAR,35.0,37.4,5.8,21.8,16.2,58.3,3.6,21.9,462.0,480.0,27.4,29.1,16.3,27.1,28.0,35.4,16.0,20.6,448.0,443.0,442378.0,492931.0,35597.0,39679.0,174710.0,215619.0,
AYACUCHO,LA MAR,26.3,26.3,26.3,21.1,21.1,31.6,15.8,31.6,432.0,491.0,54.5,27.3,0.0,18.2,18.2,63.6,0.0,18.2,442.0,483.0,442378.0,492931.0,35597.0,39679.0,174710.0,215619.0,Q4
AYACUCHO,LA MAR,,,,,,,,,,,71.4,14.3,14.3,0.0,14.3,0.0,85.7,0.0,395.0,325.0,442378.0,492931.0,35597.0,39679.0,174710.0,215619.0,
AYACUCHO,LA MAR,27.3,19.8,33.0,19.8,16.8,57.5,16.2,9.5,422.0,447.0,17.2,21.1,9.7,52.0,12.5,30.5,7.3,49.7,507.0,523.0,442378.0,492931.0,35597.0,39679.0,174710.0,215619.0,Q3
AYACUCHO,LA MAR,28.6,40.1,15.9,15.4,18.1,43.4,15.4,23.1,446.0,456.0,13.8,38.1,3.1,45.0,6.9,40.0,1.3,51.9,507.0,535.0,442378.0,492931.0,35597.0,39679.0,174710.0,215619.0,Q2
AYACUCHO,LA MAR,44.0,26.9,16.3,12.9,40.7,26.2,18.0,15.2,433.0,429.0,38.6,27.2,16.0,18.2,27.3,39.4,16.4,16.9,436.0,441.0,442378.0,492931.0,35597.0,39679.0,174710.0,215619.0,Q3
AYACUCHO,LA MAR,38.2,30.7,21.1,10.1,27.6,29.7,25.2,17.5,424.0,426.0,29.0,24.8,16.2,30.0,24.0,32.2,13.9,29.9,467.0,469.0,442378.0,492931.0,35597.0,39679.0,174710.0,215619.0,Q3
AYACUCHO,LUCANAS,0.0,50.0,0.0,50.0,0.0,50.0,0.0,50.0,509.0,527.0,17.1,28.6,8.6,45.7,5.7,45.7,5.7,42.9,501.0,512.0,442378.0,492931.0,35597.0,39679.0,174710.0,215619.0,Q1
AYACUCHO,LUCANAS,33.3,53.3,0.0,13.3,20.0,33.3,13.3,33.3,471.0,482.0,27.3,18.2,4.5,50.0,13.6,45.5,0.0,40.9,514.0,520.0,442378.0,492931.0,35597.0,39679.0,174710.0,215619.0,Q2
AYACUCHO,LUCANAS,15.8,52.6,0.0,31.6,21.1,52.6,0.0,26.3,501.0,493.0,27.3,9.1,9.1,54.5,18.2,54.5,0.0,27.3,501.0,485.0,442378.0,492931.0,35597.0,39679.0,174710.0,215619.0,Q1
AYACUCHO,LUCANAS,22.2,22.2,11.1,44.4,22.2,44.4,11.1,22.2,498.0,476.0,19.4,38.5,22.7,19.4,22.7,32.1,10.0,35.2,454.0,487.0,442378.0,492931.0,35597.0,39679.0,174710.0,215619.0,Q1
AYACUCHO,LUCANAS,25.0,27.3,10.3,37.5,20.8,25.3,14.4,39.5,488.0,484.0,39.4,24.2,12.1,24.2,27.3,42.4,3.0,27.3,454.0,487.0,442378.0,492931.0,35597.0,39679.0,174710.0,215619.0,Q4
AYACUCHO,LUCANAS,40.0,60.0,0.0,0.0,20.0,40.0,0.0,40.0,467.0,489.0,25.0,25.0,0.0,50.0,0.0,50.0,0.0,50.0,504.0,523.0,442378.0,492931.0,35597.0,39679.0,174710.0,215619.0,
AYACUCHO,LUCANAS,35.3,41.2,5.9,17.6,17.6,58.8,11.8,11.8,455.0,438.0,22.2,38.9,5.6,33.3,16.7,33.3,5.6,44.4,483.0,505.0,442378.0,492931.0,35597.0,39679.0,174710.0,215619.0,Q4
AYACUCHO,LUCANAS,20.0,60.0,0.0,20.0,0.0,100.0,0.0,0.0,485.0,494.0,12.5,37.5,25.0,25.0,25.0,25.0,12.5,37.5,451.0,455.0,442378.0,492931.0,35597.0,39679.0,174710.0,215619.0,Q1
AYACUCHO,LUCANAS,,,,,,,,,,,40.0,20.0,20.0,20.0,20.0,20.0,40.0,20.0,425.0,394.0,442378.0,492931.0,35597.0,39679.0,174710.0,215619.0,
AYACUCHO,LUCANAS,40.0,23.3,23.3,13.3,36.7,30.0,20.0,13.3,426.0,417.0,24.2,24.2,6.1,45.5,12.1,45.5,9.1,33.3,500.0,498.0,442378.0,492931.0,35597.0,39679.0,174710.0,215619.0,Q1
AYACUCHO,LUCANAS,30.8,46.2,7.7,15.4,38.5,30.8,23.1,7.7,447.0,418.0,28.6,28.6,14.3,28.6,23.8,42.9,9.5,23.8,451.0,465.0,442378.0,492931.0,35597.0,39679.0,174710.0,215619.0,Q4
AYACUCHO,LUCANAS,38.5,53.8,0.0,7.7,7.7,53.8,0.0,38.5,474.0,529.0,11.1,22.2,0.0,66.7,11.1,11.1,0.0,77.8,536.0,570.0,442378.0,492931.0,35597.0,39679.0,174710.0,215619.0,Q1
AYACUCHO,LUCANAS,31.7,33.3,10.0,25.0,24.1,43.8,8.4,23.7,466.0,466.0,20.5,28.9,7.5,43.0,13.3,40.0,4.3,42.3,499.0,506.0,442378.0,492931.0,35597.0,39679.0,174710.0,215619.0,Q1
AYACUCHO,LUCANAS,0.0,0.0,0.0,100.0,0.0,100.0,0.0,0.0,568.0,509.0,,,,,,,,,,,442378.0,492931.0,35597.0,39679.0,174710.0,215619.0,Q1
AYACUCHO,LUCANAS,70.0,30.0,0.0,0.0,20.0,50.0,10.0,20.0,420.0,456.0,29.4,26.5,17.6,26.5,17.6,55.9,14.7,11.8,455.0,457.0,442378.0,492931.0,35597.0,39679.0,174710.0,215619.0,Q2
AYACUCHO,LUCANAS,28.6,0.0,28.6,42.9,28.6,28.6,28.6,14.3,421.0,420.0,33.3,33.3,16.7,16.7,0.0,83.3,16.7,0.0,454.0,420.0,442378.0,492931.0,35597.0,39679.0,174710.0,215619.0,
AYACUCHO,LUCANAS,35.5,9.7,48.4,6.5,48.4,12.9,29.0,9.7,373.0,397.0,37.2,11.6,32.6,18.6,30.2,39.5,18.6,11.6,411.0,428.0,442378.0,492931.0,35597.0,39679.0,174710.0,215619.0,Q3
AYACUCHO,LUCANAS,,,,,,,,,,,17.6,41.2,17.6,23.5,5.9,58.8,11.8,23.5,460.0,481.0,442378.0,492931.0,35597.0,39679.0,174710.0,215619.0,
AYACUCHO,LUCANAS,25.9,31.1,13.0,30.0,20.1,38.5,15.8,25.6,469.0,459.0,12.5,43.8,8.7,35.0,15.0,31.3,3.8,50.0,489.0,516.0,442378.0,492931.0,35597.0,39679.0,174710.0,215619.0,Q1
AYACUCHO,LUCANAS,,,,,,,,,,,0.0,50.0,0.0,50.0,0.0,66.7,0.0,33.3,524.0,495.0,442378.0,492931.0,35597.0,39679.0,174710.0,215619.0,Q2
AYACUCHO,LUCANAS,33.3,40.0,6.7,20.0,46.7,26.7,6.7,20.0,455.0,446.0,13.6,36.4,9.1,40.9,9.1,36.4,4.5,50.0,504.0,516.0,442378.0,492931.0,35597.0,39679.0,174710.0,215619.0,Q1
AYACUCHO,PARINACOCHAS,46.2,38.5,11.5,3.8,19.2,34.6,11.5,34.6,436.0,466.0,40.7,29.6,14.8,14.8,29.6,51.9,11.1,7.4,440.0,435.0,442378.0,492931.0,35597.0,39679.0,174710.0,215619.0,Q4
AYACUCHO,PARINACOCHAS,21.9,38.4,7.1,32.6,23.5,43.8,3.1,29.6,484.0,484.0,19.8,36.9,9.9,33.4,14.4,47.6,9.9,28.0,488.0,478.0,442378.0,492931.0,35597.0,39679.0,174710.0,215619.0,Q1
AYACUCHO,PARINACOCHAS,62.5,6.3,31.3,0.0,62.5,18.8,18.8,0.0,393.0,391.0,40.0,40.0,0.0,20.0,0.0,60.0,0.0,40.0,475.0,520.0,442378.0,492931.0,35597.0,39679.0,174710.0,215619.0,
AYACUCHO,PARINACOCHAS,40.0,20.0,0.0,40.0,10.0,50.0,0.0,40.0,497.0,521.0,16.7,33.3,16.7,33.3,0.0,33.3,16.7,50.0,482.0,503.0,442378.0,492931.0,35597.0,39679.0,174710.0,215619.0,Q1
AYACUCHO,PARINACOCHAS,22.3,40.8,7.6,29.2,20.3,45.7,5.8,28.2,484.0,483.0,26.1,33.7,7.3,33.0,18.3,43.7,5.0,33.0,485.0,488.0,442378.0,492931.0,35597.0,39679.0,174710.0,215619.0,Q1
AYACUCHO,PARINACOCHAS,33.3,45.8,4.2,16.7,30.6,52.8,4.2,12.5,467.0,445.0,3.3,41.5,0.0,55.1,3.5,51.7,0.0,44.9,524.0,522.0,442378.0,492931.0,35597.0,39679.0,174710.0,215619.0,Q3
AYACUCHO,PARINACOCHAS,66.7,16.7,0.0,16.7,33.3,50.0,16.7,0.0,467.0,407.0,42.9,28.6,14.3,14.3,42.9,28.6,0.0,28.6,450.0,461.0,442378.0,492931.0,35597.0,39679.0,174710.0,215619.0,
AYACUCHO,PARINACOCHAS,,,,,,,,,,,40.0,40.0,0.0,20.0,60.0,40.0,0.0,0.0,465.0,410.0,442378.0,492931.0,35597.0,39679.0,174710.0,215619.0,Q4
AYACUCHO,PÁUCAR DEL SARA SARA,57.1,14.3,28.6,0.0,42.9,14.3,42.9,0.0,396.0,373.0,,,,,,,,,,,442378.0,492931.0,35597.0,39679.0,174710.0,215619.0,
AYACUCHO,PÁUCAR DEL SARA SARA,50.0,0.0,16.7,33.3,83.3,0.0,0.0,16.7,458.0,433.0,14.3,42.9,0.0,42.9,14.3,71.4,0.0,14.3,516.0,472.0,442378.0,492931.0,35597.0,39679.0,174710.0,215619.0,Q2
AYACUCHO,PÁUCAR DEL SARA SARA,21.2,54.5,6.1,18.2,18.2,63.6,3.0,15.2,468.0,465.0,5.0,35.0,0.0,60.0,15.0,40.0,0.0,45.0,550.0,519.0,442378.0,492931.0,35597.0,39679.0,174710.0,215619.0,Q1
AYACUCHO,PÁUCAR DEL SARA SARA,28.6,42.9,0.0,28.6,0.0,71.4,0.0,28.6,482.0,480.0,33.3,33.3,0.0,33.3,0.0,66.7,0.0,33.3,487.0,528.0,442378.0,492931.0,35597.0,39679.0,174710.0,215619.0,Q1
AYACUCHO,PÁUCAR DEL SARA SARA,42.9,14.3,35.7,7.1,39.3,32.1,28.6,0.0,393.0,391.0,30.7,24.3,28.3,16.7,25.1,46.6,17.2,11.1,426.0,433.0,442378.0,492931.0,35597.0,39679.0,174710.0,215619.0,Q3
AYACUCHO,PÁUCAR DEL SARA SARA,19.5,41.2,4.5,34.9,26.3,54.3,2.1,17.2,497.0,463.0,13.4,37.3,4.5,44.8,13.4,46.3,9.0,31.3,504.0,481.0,442378.0,492931.0,35597.0,39679.0,174710.0,215619.0,Q1
AYACUCHO,PÁUCAR DEL SARA SARA,40.0,40.0,0.0,20.0,60.0,40.0,0.0,0.0,474.0,426.0,20.0,20.0,20.0,40.0,40.0,40.0,0.0,20.0,478.0,468.0,442378.0,492931.0,35597.0,39679.0,174710.0,215619.0,
AYACUCHO,PÁUCAR DEL SARA SARA,,,,,,,,,,,42.9,14.3,0.0,42.9,14.3,57.1,14.3,14.3,502.0,453.0,442378.0,492931.0,35597.0,39679.0,174710.0,215619.0,
AYACUCHO,SUCRE,66.7,33.3,0.0,0.0,83.3,0.0,16.7,0.0,419.0,382.0,,,,,,,,,,,442378.0,492931.0,35597.0,39679.0,174710.0,215619.0,
AYACUCHO,SUCRE,60.0,40.0,0.0,0.0,60.0,20.0,20.0,0.0,416.0,370.0,60.0,20.0,0.0,20.0,60.0,40.0,0.0,0.0,449.0,434.0,442378.0,492931.0,35597.0,39679.0,174710.0,215619.0,Q3
AYACUCHO,SUCRE,40.0,0.0,20.0,40.0,40.0,40.0,0.0,20.0,444.0,460.0,0.0,37.5,0.0,62.5,12.5,50.0,0.0,37.5,531.0,528.0,442378.0,492931.0,35597.0,39679.0,174710.0,215619.0,
AYACUCHO,SUCRE,0.0,0.0,40.0,60.0,40.0,20.0,0.0,40.0,472.0,474.0,,,,,,,,,,,442378.0,492931.0,35597.0,39679.0,174710.0,215619.0,Q1
AYACUCHO,SUCRE,,,,,,,,,,,27.3,13.6,27.3,31.8,22.7,27.3,31.8,18.2,443.0,421.0,442378.0,492931.0,35597.0,39679.0,174710.0,215619.0,Q4
AYACUCHO,SUCRE,50.0,16.7,33.3,0.0,33.3,16.7,50.0,0.0,380.0,347.0,57.1,28.6,7.1,7.1,21.4,64.3,7.1,7.1,445.0,454.0,442378.0,492931.0,35597.0,39679.0,174710.0,215619.0,Q4
AYACUCHO,SUCRE,12.5,42.5,5.0,40.0,10.0,42.5,7.5,40.0,510.0,514.0,32.0,30.0,2.0,36.0,20.0,44.0,8.0,28.0,483.0,479.0,442378.0,492931.0,35597.0,39679.0,174710.0,215619.0,Q1
AYACUCHO,SUCRE,,,,,,,,,,,47.7,24.4,13.6,14.2,23.9,58.0,13.6,4.5,443.0,448.0,442378.0,492931.0,35597.0,39679.0,174710.0,215619.0,Q1
AYACUCHO,SUCRE,45.5,18.2,36.4,0.0,36.4,27.3,36.4,0.0,386.0,377.0,66.7,16.7,16.7,0.0,33.3,66.7,0.0,0.0,405.0,430.0,442378.0,492931.0,35597.0,39679.0,174710.0,215619.0,
AYACUCHO,SUCRE,,,,,,,,,,,27.8,22.2,0.0,50.0,16.7,61.1,0.0,22.2,501.0,490.0,442378.0,492931.0,35597.0,39679.0,174710.0,215619.0,Q3
AYACUCHO,VILCASHUAMÁN,,,,,,,,,,,60.0,20.0,20.0,0.0,20.0,20.0,40.0,20.0,403.0,408.0,442378.0,492931.0,35597.0,39679.0,174710.0,215619.0,Q3
AYACUCHO,VILCASHUAMÁN,33.3,11.1,33.3,22.2,33.3,33.3,22.2,11.1,423.0,418.0,30.8,23.1,7.7,38.5,46.2,46.2,0.0,7.7,470.0,452.0,442378.0,492931.0,35597.0,39679.0,174710.0,215619.0,Q1
AYACUCHO,VILCASHUAMÁN,41.3,41.3,11.9,5.6,21.4,59.5,11.9,7.1,433.0,444.0,32.7,39.5,3.6,24.2,12.9,43.5,0.0,43.5,462.0,500.0,442378.0,492931.0,35597.0,39679.0,174710.0,215619.0,
AYACUCHO,VILCASHUAMÁN,36.8,39.6,23.6,0.0,43.1,45.8,11.1,0.0,407.0,418.0,24.1,28.4,36.4,11.1,36.4,34.6,17.9,11.1,406.0,429.0,442378.0,492931.0,35597.0,39679.0,174710.0,215619.0,Q2
AYACUCHO,VILCASHUAMÁN,,,,,,,,,,,30.0,50.0,0.0,20.0,10.0,80.0,0.0,10.0,467.0,466.0,442378.0,492931.0,35597.0,39679.0,174710.0,215619.0,
AYACUCHO,VILCASHUAMÁN,12.5,25.0,62.5,0.0,50.0,12.5,37.5,0.0,369.0,365.0,57.5,10.0,32.5,0.0,30.0,12.5,57.5,0.0,383.0,362.0,442378.0,492931.0,35597.0,39679.0,174710.0,215619.0,
AYACUCHO,VILCASHUAMÁN,61.2,30.6,8.2,0.0,15.3,44.9,39.8,0.0,420.0,388.0,26.4,27.5,21.9,24.2,27.5,39.0,14.5,19.0,447.0,457.0,442378.0,492931.0,35597.0,39679.0,174710.0,215619.0,Q3
AYACUCHO,VILCASHUAMÁN,30.4,48.1,3.0,18.5,14.4,59.0,6.3,20.3,475.0,470.0,31.6,26.2,12.3,29.9,18.8,46.6,10.5,24.1,469.0,466.0,442378.0,492931.0,35597.0,39679.0,174710.0,215619.0,Q3
AYACUCHO,VÍCTOR FAJARDO,,,,,,,,,,,66.7,16.7,16.7,0.0,50.0,50.0,0.0,0.0,388.0,413.0,442378.0,492931.0,35597.0,39679.0,174710.0,215619.0,Q3
AYACUCHO,VÍCTOR FAJARDO,28.6,28.6,14.3,28.6,28.6,42.9,0.0,28.6,459.0,468.0,33.3,50.0,16.7,0.0,16.7,33.3,33.3,16.7,427.0,425.0,442378.0,492931.0,35597.0,39679.0,174710.0,215619.0,Q1
AYACUCHO,VÍCTOR FAJARDO,31.4,43.9,2.5,22.1,19.5,56.2,2.3,22.0,475.0,474.0,31.0,49.3,4.9,14.9,35.6,34.6,7.3,22.4,463.0,450.0,442378.0,492931.0,35597.0,39679.0,174710.0,215619.0,Q1
AYACUCHO,VÍCTOR FAJARDO,,,,,,,,,,,23.1,46.2,23.1,7.7,15.4,61.5,15.4,7.7,432.0,428.0,442378.0,492931.0,35597.0,39679.0,174710.0,215619.0,Q1
AYACUCHO,VÍCTOR FAJARDO,0.0,28.6,0.0,71.4,0.0,42.9,0.0,57.1,561.0,556.0,11.1,33.3,0.0,55.6,0.0,38.9,0.0,61.1,517.0,544.0,442378.0,492931.0,35597.0,39679.0,174710.0,215619.0,Q3
AYACUCHO,VÍCTOR FAJARDO,,,,,,,,,,,35.7,28.6,0.0,35.7,14.3,50.0,14.3,21.4,480.0,475.0,442378.0,492931.0,35597.0,39679.0,174710.0,215619.0,Q3
AYACUCHO,VÍCTOR FAJARDO,33.3,44.4,0.0,22.2,0.0,33.3,33.3,33.3,481.0,464.0,17.2,48.3,0.0,34.5,0.0,37.9,0.0,62.1,502.0,545.0,442378.0,492931.0,35597.0,39679.0,174710.0,215619.0,Q1
AYACUCHO,VÍCTOR FAJARDO,39.3,27.9,24.5,8.3,36.6,31.4,24.1,7.9,417.0,408.0,52.2,26.1,0.0,21.7,13.0,56.5,0.0,30.4,454.0,501.0,442378.0,492931.0,35597.0,39679.0,174710.0,215619.0,Q1
AYACUCHO,VÍCTOR FAJARDO,46.2,30.7,5.1,18.0,33.4,48.6,5.2,12.8,450.0,450.0,21.0,38.7,11.3,29.0,11.3,45.2,16.1,27.4,470.0,475.0,442378.0,492931.0,35597.0,39679.0,174710.0,215619.0,Q3
AYACUCHO,VÍCTOR FAJARDO,53.3,0.0,46.7,0.0,50.0,13.3,36.7,0.0,348.0,367.0,49.6,4.0,41.6,4.8,28.8,32.8,25.6,12.8,374.0,415.0,442378.0,492931.0,35597.0,39679.0,174710.0,215619.0,
AYACUCHO,VÍCTOR FAJARDO,35.7,7.1,57.1,0.0,7.7,7.7,84.6,0.0,352.0,323.0,40.9,4.5,50.0,4.5,13.6,13.6,72.7,0.0,366.0,337.0,442378.0,492931.0,35597.0,39679.0,174710.0,215619.0,Q3
CAJAMARCA,CAJABAMBA,38.6,21.4,24.8,15.2,24.9,34.3,24.6,16.2,422.0,430.0,32.9,22.1,34.5,10.4,29.8,31.4,27.2,11.5,403.0,414.0,876369.0,973558.0,145362.0,175882.0,339939.0,392996.0,Q4
CAJAMARCA,CAJABAMBA,31.6,28.9,11.8,27.6,22.7,43.1,12.4,21.8,466.0,462.0,24.5,29.0,9.2,37.4,19.2,36.7,6.5,37.6,490.0,495.0,876369.0,973558.0,145362.0,175882.0,339939.0,392996.0,Q2
CAJAMARCA,CAJABAMBA,30.8,33.4,26.0,9.9,25.0,38.1,28.7,8.2,418.0,410.0,30.8,25.4,26.1,17.7,26.9,33.5,22.3,17.4,429.0,432.0,876369.0,973558.0,145362.0,175882.0,339939.0,392996.0,Q4
CAJAMARCA,CAJABAMBA,39.4,22.2,29.1,9.3,38.0,29.4,24.9,7.7,411.0,408.0,44.2,12.7,37.9,5.2,39.4,29.8,25.2,5.6,383.0,403.0,876369.0,973558.0,145362.0,175882.0,339939.0,392996.0,Q4
CAJAMARCA,CAJAMARCA,37.9,34.3,11.0,16.8,27.5,39.4,9.8,23.2,453.0,463.0,36.4,33.5,18.6,11.4,28.6,42.9,12.9,15.5,432.0,444.0,876369.0,973558.0,145362.0,175882.0,339939.0,392996.0,Q3
CAJAMARCA,CAJAMARCA,22.4,36.6,4.0,37.0,19.9,47.3,3.8,29.0,499.0,485.0,22.0,32.8,5.7,39.5,15.5,45.7,4.1,34.7,497.0,496.0,876369.0,973558.0,145362.0,175882.0,339939.0,392996.0,Q2
CAJAMARCA,CAJAMARCA,45.2,16.2,26.1,12.5,31.3,28.7,26.4,13.6,409.0,415.0,39.2,16.5,39.0,5.2,44.1,26.3,19.9,9.7,385.0,410.0,876369.0,973558.0,145362.0,175882.0,339939.0,392996.0,Q4
CAJAMARCA,CAJAMARCA,36.8,20.6,37.5,5.1,30.0,30.1,35.3,4.6,389.0,397.0,43.0,18.2,34.8,4.0,47.8,28.7,18.8,4.8,390.0,405.0,876369.0,973558.0,145362.0,175882.0,339939.0,392996.0,Q4
CAJAMARCA,CAJAMARCA,44.9,23.0,26.5,5.7,36.6,29.5,23.0,10.9,404.0,419.0,39.3,24.0,26.7,10.0,37.7,34.7,14.9,12.7,413.0,429.0,876369.0,973558.0,145362.0,175882.0,339939.0,392996.0,Q4
CAJAMARCA,CAJAMARCA,40.2,26.0,21.5,12.2,24.9,33.8,28.9,12.5,421.0,414.0,31.0,23.7,29.9,15.4,26.0,39.0,21.4,13.6,419.0,429.0,876369.0,973558.0,145362.0,175882.0,339939.0,392996.0,Q4
CAJAMARCA,CAJAMARCA,29.4,38.7,16.0,16.0,18.7,53.4,14.6,13.3,443.0,446.0,30.4,28.3,18.4,22.9,23.9,44.6,9.8,21.8,452.0,465.0,876369.0,973558.0,145362.0,175882.0,339939.0,392996.0,Q3
CAJAMARCA,CAJAMARCA,35.6,37.7,8.1,18.6,22.3,48.5,8.6,20.6,458.0,461.0,34.5,31.7,15.0,18.9,26.3,45.8,9.2,18.6,448.0,457.0,876369.0,973558.0,145362.0,175882.0,339939.0,392996.0,Q3
CAJAMARCA,CAJAMARCA,28.9,32.3,20.3,18.5,18.6,40.3,18.0,23.2,439.0,455.0,37.1,27.4,22.0,13.4,28.6,43.2,19.2,8.9,425.0,425.0,876369.0,973558.0,145362.0,175882.0,339939.0,392996.0,Q3
CAJAMARCA,CAJAMARCA,32.8,26.3,16.4,24.6,26.2,37.7,19.7,16.4,454.0,435.0,38.3,23.3,10.0,28.4,23.3,36.7,11.6,28.4,462.0,475.0,876369.0,973558.0,145362.0,175882.0,339939.0,392996.0,Q4
CAJAMARCA,CAJAMARCA,42.1,25.3,24.4,8.2,29.1,36.9,18.6,15.4,414.0,435.0,34.8,17.5,35.3,12.4,24.1,30.1,29.2,16.6,399.0,420.0,876369.0,973558.0,145362.0,175882.0,339939.0,392996.0,Q4
CAJAMARCA,CAJAMARCA,36.4,17.4,36.9,9.2,35.7,21.4,28.3,14.6,401.0,412.0,35.5,11.6,41.4,11.6,27.1,27.6,37.5,7.7,391.0,400.0,876369.0,973558.0,145362.0,175882.0,339939.0,392996.0,Q4
CAJAMARCA,CELENDÍN,26.8,29.6,10.4,33.2,20.1,41.1,8.2,30.7,480.0,480.0,21.5,28.9,9.4,40.2,14.0,41.9,6.3,37.9,498.0,506.0,876369.0,973558.0,145362.0,175882.0,339939.0,392996.0,Q1
CAJAMARCA,CELENDÍN,31.9,15.0,50.2,2.9,27.8,29.2,38.6,4.3,365.0,391.0,28.3,26.5,27.5,17.7,19.8,36.6,20.6,22.9,423.0,449.0,876369.0,973558.0,145362.0,175882.0,339939.0,392996.0,Q4
CAJAMARCA,CELENDÍN,33.4,24.8,35.2,6.5,24.2,37.9,23.5,14.4,400.0,426.0,32.9,22.4,37.7,7.0,29.2,35.9,29.5,5.4,390.0,400.0,876369.0,973558.0,145362.0,175882.0,339939.0,392996.0,Q3
CAJAMARCA,CELENDÍN,42.7,23.2,27.0,7.2,28.7,40.1,20.2,11.0,410.0,424.0,35.7,20.0,37.5,6.9,33.8,29.4,28.8,8.1,389.0,405.0,876369.0,973558.0,145362.0,175882.0,339939.0,392996.0,Q4
CAJAMARCA,CELENDÍN,42.9,28.6,14.3,14.3,14.3,85.7,0.0,0.0,439.0,472.0,,,,,,,,,,,876369.0,973558.0,145362.0,175882.0,339939.0,392996.0,
CAJAMARCA,CELENDÍN,32.8,32.6,0.0,34.6,17.6,18.2,0.0,64.2,492.0,531.0,29.1,29.4,2.3,39.1,11.6,46.1,0.0,42.3,489.0,516.0,876369.0,973558.0,145362.0,175882.0,339939.0,392996.0,Q3
CAJAMARCA,CELENDÍN,36.7,31.0,20.6,11.6,32.9,41.0,13.7,12.3,425.0,438.0,34.8,24.5,31.1,9.6,29.2,40.9,18.3,11.6,411.0,428.0,876369.0,973558.0,145362.0,175882.0,339939.0,392996.0,Q4
CAJAMARCA,CELENDÍN,45.8,17.7,33.3,3.1,34.0,38.5,17.1,10.4,392.0,427.0,37.0,19.2,37.0,6.8,32.9,41.1,20.5,5.5,396.0,411.0,876369.0,973558.0,145362.0,175882.0,339939.0,392996.0,Q4
CAJAMARCA,CELENDÍN,35.7,15.3,47.2,1.8,35.0,20.9,41.3,2.7,369.0,374.0,25.3,30.7,30.9,13.0,21.7,40.0,20.7,17.6,415.0,441.0,876369.0,973558.0,145362.0,175882.0,339939.0,392996.0,Q4
CAJAMARCA,CELENDÍN,26.4,37.4,25.2,11.0,24.7,26.3,25.2,23.8,429.0,441.0,37.9,27.3,18.7,16.1,29.6,42.8,8.4,19.2,435.0,457.0,876369.0,973558.0,145362.0,175882.0,339939.0,392996.0,Q4
CAJAMARCA,CELENDÍN,36.1,21.9,24.5,17.5,29.7,33.0,22.0,15.3,429.0,427.0,33.8,32.0,14.4,19.8,26.9,44.8,11.5,16.8,452.0,453.0,876369.0,973558.0,145362.0,175882.0,339939.0,392996.0,Q3
CAJAMARCA,CELENDÍN,44.4,22.2,33.3,0.0,33.3,11.1,55.6,0.0,386.0,362.0,55.6,22.2,22.2,0.0,33.3,22.2,44.4,0.0,399.0,376.0,876369.0,973558.0,145362.0,175882.0,339939.0,392996.0,Q1
CAJAMARCA,CHOTA,29.2,45.5,10.4,14.9,22.0,35.5,12.3,30.1,448.0,472.0,42.6,26.9,22.0,8.5,37.2,37.3,11.2,14.2,419.0,443.0,876369.0,973558.0,145362.0,175882.0,339939.0,392996.0,Q4
CAJAMARCA,CHOTA,48.4,30.6,14.5,6.5,35.5,48.4,11.3,4.8,417.0,432.0,28.2,24.0,28.7,19.1,21.4,38.0,21.6,19.0,429.0,438.0,876369.0,973558.0,145362.0,175882.0,339939.0,392996.0,Q1
CAJAMARCA,CHOTA,37.1,31.4,7.2,24.4,22.2,26.0,6.7,45.2,462.0,497.0,27.8,31.6,13.7,26.9,22.9,39.7,4.0,33.4,460.0,482.0,876369.0,973558.0,145362.0,175882.0,339939.0,392996.0,Q3
CAJAMARCA,CHOTA,29.7,27.6,12.2,30.5,12.2,45.0,11.2,31.6,465.0,475.0,28.4,37.6,14.0,20.0,14.3,57.3,1.7,26.7,456.0,499.0,876369.0,973558.0,145362.0,175882.0,339939.0,392996.0,Q3
CAJAMARCA,CHOTA,33.6,42.9,16.4,7.1,23.7,56.0,8.2,12.1,434.0,454.0,21.5,33.3,19.7,25.5,13.9,41.4,19.4,25.3,443.0,446.0,876369.0,973558.0,145362.0,175882.0,339939.0,392996.0,Q4
CAJAMARCA,CHOTA,11.7,52.3,0.0,36.0,6.3,36.0,3.1,54.5,516.0,537.0,34.7,21.7,8.7,34.9,21.7,47.8,4.3,26.2,464.0,475.0,876369.0,973558.0,145362.0,175882.0,339939.0,392996.0,Q2
CAJAMARCA,CHOTA,20.5,43.4,7.8,28.3,13.2,41.4,4.9,40.4,483.0,506.0,30.4,31.7,10.0,27.9,20.0,44.7,6.1,29.1,466.0,483.0,876369.0,973558.0,145362.0,175882.0,339939.0,392996.0,Q2
CAJAMARCA,CHOTA,31.9,41.1,9.1,17.8,27.3,33.1,4.5,35.1,458.0,485.0,37.6,22.9,10.7,28.8,23.6,41.0,9.8,25.7,459.0,474.0,876369.0,973558.0,145362.0,175882.0,339939.0,392996.0,Q1
CAJAMARCA,CHOTA,36.8,36.0,18.4,8.8,29.7,39.9,9.6,20.8,430.0,460.0,36.9,36.9,11.5,14.6,16.9,50.8,12.3,20.0,449.0,465.0,876369.0,973558.0,145362.0,175882.0,339939.0,392996.0,Q3
CAJAMARCA,CHOTA,24.1,38.7,12.0,25.3,10.9,39.5,13.8,35.9,465.0,481.0,31.5,24.0,21.9,22.5,21.6,37.9,18.7,21.7,438.0,447.0,876369.0,973558.0,145362.0,175882.0,339939.0,392996.0,Q2
CAJAMARCA,CHOTA,32.3,40.8,5.6,21.3,23.5,38.2,3.6,34.7,468.0,491.0,30.4,38.1,12.5,18.9,12.9,48.3,8.2,30.6,454.0,484.0,876369.0,973558.0,145362.0,175882.0,339939.0,392996.0,Q3
CAJAMARCA,CHOTA,16.8,31.0,10.9,41.3,23.5,33.4,5.7,37.4,507.0,509.0,24.2,40.0,6.4,29.4,19.2,49.4,3.7,27.7,488.0,486.0,876369.0,973558.0,145362.0,175882.0,339939.0,392996.0,Q3
CAJAMARCA,CHOTA,34.5,20.7,44.8,0.0,24.1,10.3,51.7,13.8,372.0,372.0,25.0,21.9,46.9,6.2,28.1,21.9,31.3,18.7,379.0,414.0,876369.0,973558.0,145362.0,175882.0,339939.0,392996.0,Q4
CAJAMARCA,CHOTA,31.5,35.3,6.0,27.2,17.0,46.1,4.8,32.1,470.0,490.0,32.2,37.8,11.9,18.2,22.8,43.0,3.5,30.7,453.0,485.0,876369.0,973558.0,145362.0,175882.0,339939.0,392996.0,Q2
CAJAMARCA,CHOTA,53.3,13.3,33.3,0.0,40.0,26.7,33.3,0.0,387.0,391.0,67.3,25.0,7.7,0.0,67.3,32.7,0.0,0.0,407.0,420.0,876369.0,973558.0,145362.0,175882.0,339939.0,392996.0,
CAJAMARCA,CHOTA,34.8,25.6,24.1,15.5,26.9,34.9,22.6,15.5,426.0,430.0,41.1,33.0,17.3,8.6,33.6,40.5,10.3,15.6,428.0,445.0,876369.0,973558.0,145362.0,175882.0,339939.0,392996.0,Q3
CAJAMARCA,CHOTA,100.0,0.0,0.0,0.0,0.0,50.0,50.0,0.0,401.0,411.0,,,,,,,,,,,876369.0,973558.0,145362.0,175882.0,339939.0,392996.0,Q4
CAJAMARCA,CHOTA,41.1,29.6,12.4,16.9,25.4,45.9,8.0,20.7,446.0,463.0,,,,,,,,,,,876369.0,973558.0,145362.0,175882.0,339939.0,392996.0,Q3
CAJAMARCA,CHOTA,42.9,0.0,57.1,0.0,42.9,42.9,14.3,0.0,338.0,403.0,28.6,28.6,28.6,14.3,57.1,14.3,28.6,0.0,417.0,382.0,876369.0,973558.0,145362.0,175882.0,339939.0,392996.0,
CAJAMARCA,CONTUMAZÁ,29.3,41.2,1.9,27.7,17.7,44.9,2.0,35.5,480.0,489.0,16.7,47.9,10.4,25.0,10.4,58.3,2.1,29.2,479.0,495.0,876369.0,973558.0,145362.0,175882.0,339939.0,392996.0,Q4
CAJAMARCA,CONTUMAZÁ,21.2,33.0,21.9,23.9,19.2,40.7,15.3,24.8,451.0,460.0,16.4,41.4,12.4,29.8,15.3,47.2,7.7,29.8,472.0,490.0,876369.0,973558.0,145362.0,175882.0,339939.0,392996.0,Q3
CAJAMARCA,CONTUMAZÁ,25.0,75.0,0.0,0.0,62.5,37.5,0.0,0.0,473.0,409.0,60.0,0.0,40.0,0.0,40.0,40.0,20.0,0.0,373.0,421.0,876369.0,973558.0,145362.0,175882.0,339939.0,392996.0,Q3
CAJAMARCA,CONTUMAZÁ,31.9,31.9,19.2,17.0,36.2,31.9,0.0,31.9,441.0,475.0,45.2,16.1,29.0,9.7,38.7,48.4,9.7,3.2,395.0,433.0,876369.0,973558.0,145362.0,175882.0,339939.0,392996.0,Q4
CAJAMARCA,CONTUMAZÁ,22.4,37.6,8.9,31.0,18.7,43.7,4.1,33.5,488.0,495.0,44.5,28.7,11.9,15.0,28.2,48.4,11.7,11.7,441.0,440.0,876369.0,973558.0,145362.0,175882.0,339939.0,392996.0,Q4
CAJAMARCA,CONTUMAZÁ,53.8,7.7,7.7,30.8,7.7,61.5,0.0,30.8,461.0,504.0,,,,,,,,,,,876369.0,973558.0,145362.0,175882.0,339939.0,392996.0,
CAJAMARCA,CONTUMAZÁ,,,,,,,,,,,,,,,,,,,,,876369.0,973558.0,145362.0,175882.0,339939.0,392996.0,
CAJAMARCA,CONTUMAZÁ,13.9,60.3,5.6,20.2,11.6,49.9,0.0,38.5,485.0,522.0,21.9,46.3,7.3,24.4,7.3,68.2,10.0,14.5,476.0,457.0,876369.0,973558.0,145362.0,175882.0,339939.0,392996.0,Q3
CAJAMARCA,CONTUMAZÁ,10.6,26.4,0.0,63.0,5.4,17.1,1.0,76.5,536.0,607.0,37.4,30.3,2.9,29.4,15.7,57.9,2.9,23.4,472.0,483.0,876369.0,973558.0,145362.0,175882.0,339939.0,392996.0,Q2
CAJAMARCA,CUTERVO,32.6,22.8,27.0,17.6,28.3,32.3,19.8,19.5,426.0,438.0,42.1,21.1,21.4,15.4,32.3,45.6,10.3,11.8,425.0,439.0,876369.0,973558.0,145362.0,175882.0,339939.0,392996.0,Q4
CAJAMARCA,CUTERVO,23.1,39.3,24.7,12.9,14.0,43.0,26.9,16.1,425.0,432.0,27.3,21.2,15.2,36.4,21.2,42.4,6.1,30.3,476.0,496.0,876369.0,973558.0,145362.0,175882.0,339939.0,392996.0,Q3
CAJAMARCA,CUTERVO,37.3,15.7,31.4,15.7,51.0,15.7,13.7,19.6,407.0,438.0,15.2,41.3,13.0,30.4,21.7,34.8,6.5,37.0,479.0,491.0,876369.0,973558.0,145362.0,175882.0,339939.0,392996.0,Q3
CAJAMARCA,CUTERVO,27.0,30.6,11.3,31.1,19.6,38.0,9.3,33.2,475.0,484.0,30.1,34.9,11.4,23.6,20.9,46.1,7.6,25.4,461.0,474.0,876369.0,973558.0,145362.0,175882.0,339939.0,392996.0,Q2
CAJAMARCA,CUTERVO,28.7,22.3,15.6,33.4,17.0,37.2,18.7,27.1,461.0,462.0,40.0,34.9,9.1,16.1,35.1,33.6,6.5,24.7,450.0,455.0,876369.0,973558.0,145362.0,175882.0,339939.0,392996.0,Q3
CAJAMARCA,CUTERVO,50.0,25.7,18.9,5.4,36.3,35.7,16.1,12.0,415.0,430.0,12.2,25.1,6.6,56.1,9.1,35.0,7.7,48.2,516.0,511.0,876369.0,973558.0,145362.0,175882.0,339939.0,392996.0,Q3
CAJAMARCA,CUTERVO,32.4,24.3,26.5,16.8,23.9,35.1,21.3,19.7,423.0,443.0,32.2,22.9,29.5,15.4,27.4,34.7,21.9,16.1,414.0,427.0,876369.0,973558.0,145362.0,175882.0,339939.0,392996.0,Q4
CAJAMARCA,CUTERVO,41.8,37.4,5.7,15.1,25.9,50.9,5.9,17.3,451.0,461.0,40.1,21.1,12.6,26.2,14.7,35.5,16.0,33.8,468.0,479.0,876369.0,973558.0,145362.0,175882.0,339939.0,392996.0,Q3
CAJAMARCA,CUTERVO,25.9,33.3,17.2,23.6,17.0,50.3,10.6,22.0,452.0,463.0,43.2,18.2,13.6,25.0,18.2,47.7,9.1,25.0,448.0,477.0,876369.0,973558.0,145362.0,175882.0,339939.0,392996.0,Q4
CAJAMARCA,CUTERVO,34.5,36.2,13.8,15.5,12.1,36.2,13.8,37.9,449.0,477.0,32.0,30.0,8.0,30.0,16.1,36.0,10.0,37.9,470.0,488.0,876369.0,973558.0,145362.0,175882.0,339939.0,392996.0,Q2
CAJAMARCA,CUTERVO,56.0,21.0,23.0,0.0,34.9,21.1,41.8,2.2,396.0,383.0,26.7,44.0,20.2,9.0,32.4,47.1,17.5,3.0,440.0,421.0,876369.0,973558.0,145362.0,175882.0,339939.0,392996.0,Q4
CAJAMARCA,CUTERVO,25.6,29.3,19.9,25.2,29.2,27.5,13.7,29.7,445.0,464.0,31.8,30.7,19.8,17.7,19.2,46.7,9.8,24.3,437.0,468.0,876369.0,973558.0,145362.0,175882.0,339939.0,392996.0,Q3
CAJAMARCA,CUTERVO,38.6,28.6,12.8,20.1,21.3,41.6,10.5,26.6,449.0,471.0,30.9,27.6,14.0,27.5,21.0,38.3,6.4,34.3,459.0,493.0,876369.0,973558.0,145362.0,175882.0,339939.0,392996.0,Q3
CAJAMARCA,CUTERVO,32.7,34.0,15.1,18.3,20.9,42.4,10.0,26.7,444.0,468.0,24.1,19.3,16.6,40.1,16.9,36.3,10.7,36.1,465.0,478.0,876369.0,973558.0,145362.0,175882.0,339939.0,392996.0,Q3
CAJAMARCA,CUTERVO,34.4,34.4,25.0,6.2,53.1,12.5,28.1,6.2,409.0,383.0,,,,,,,,,,,876369.0,973558.0,145362.0,175882.0,339939.0,392996.0,Q3
CAJAMARCA,HUALGAYOC,27.0,36.1,10.7,26.2,19.4,39.8,8.0,32.8,473.0,488.0,25.5,29.0,13.1,32.5,18.9,35.1,7.3,38.7,473.0,493.0,876369.0,973558.0,145362.0,175882.0,339939.0,392996.0,Q2
CAJAMARCA,HUALGAYOC,20.7,24.5,11.3,43.5,18.8,33.9,9.4,37.8,506.0,513.0,19.1,45.9,11.8,23.1,19.5,44.2,6.4,29.9,472.0,484.0,876369.0,973558.0,145362.0,175882.0,339939.0,392996.0,Q4
CAJAMARCA,HUALGAYOC,41.2,26.3,16.0,16.6,24.0,42.8,12.3,20.8,440.0,458.0,38.3,35.9,9.3,16.4,22.7,39.6,6.3,31.4,449.0,481.0,876369.0,973558.0,145362.0,175882.0,339939.0,392996.0,Q3
CAJAMARCA,JAÉN,41.2,25.0,18.4,15.4,26.7,28.4,24.1,20.8,432.0,439.0,25.9,34.8,12.1,27.2,28.9,42.4,9.5,19.3,466.0,455.0,876369.0,973558.0,145362.0,175882.0,339939.0,392996.0,Q3
CAJAMARCA,JAÉN,35.7,40.7,6.9,16.7,19.6,51.5,8.1,20.8,457.0,467.0,41.5,26.8,11.8,20.0,28.2,50.0,11.0,10.8,447.0,446.0,876369.0,973558.0,145362.0,175882.0,339939.0,392996.0,Q3
CAJAMARCA,JAÉN,25.3,24.6,12.9,37.3,22.0,35.1,11.4,31.5,477.0,483.0,36.9,27.7,18.6,16.8,25.2,44.3,18.6,11.9,439.0,435.0,876369.0,973558.0,145362.0,175882.0,339939.0,392996.0,Q3
CAJAMARCA,JAÉN,41.7,27.6,23.7,7.0,32.5,39.3,18.3,10.0,415.0,422.0,34.6,21.2,16.7,27.6,21.8,39.1,17.3,21.8,449.0,446.0,876369.0,973558.0,145362.0,175882.0,339939.0,392996.0,Q4
CAJAMARCA,JAÉN,21.7,32.0,7.1,39.2,16.2,39.9,8.2,35.7,497.0,493.0,19.4,32.3,7.6,40.7,17.3,42.0,7.2,33.5,500.0,492.0,876369.0,973558.0,145362.0,175882.0,339939.0,392996.0,Q2
CAJAMARCA,JAÉN,44.6,39.1,8.5,7.8,36.2,39.5,13.3,10.9,439.0,445.0,32.4,41.2,13.0,13.4,26.3,51.8,10.2,11.7,439.0,441.0,876369.0,973558.0,145362.0,175882.0,339939.0,392996.0,Q4
CAJAMARCA,JAÉN,33.0,29.7,23.6,13.6,31.2,36.2,21.5,11.1,430.0,421.0,34.6,21.2,28.9,15.3,25.2,38.2,26.6,9.9,418.0,416.0,876369.0,973558.0,145362.0,175882.0,339939.0,392996.0,Q4
CAJAMARCA,JAÉN,33.5,22.1,24.4,19.9,24.4,33.3,25.6,16.7,429.0,435.0,45.7,25.5,19.1,9.7,25.1,45.6,22.7,6.7,422.0,418.0,876369.0,973558.0,145362.0,175882.0,339939.0,392996.0,Q3
CAJAMARCA,JAÉN,35.3,23.1,23.9,17.7,18.7,37.1,22.0,22.2,435.0,445.0,24.5,18.4,35.5,21.6,20.4,30.5,29.5,19.6,420.0,425.0,876369.0,973558.0,145362.0,175882.0,339939.0,392996.0,Q4
CAJAMARCA,JAÉN,36.2,31.3,17.5,15.1,36.8,30.7,21.3,11.2,435.0,420.0,28.5,35.0,19.7,16.8,23.8,42.9,11.6,21.7,436.0,451.0,876369.0,973558.0,145362.0,175882.0,339939.0,392996.0,Q4
CAJAMARCA,JAÉN,31.7,33.7,8.3,26.3,19.6,42.6,9.1,28.8,467.0,474.0,34.7,26.1,20.1,19.0,38.1,34.7,15.9,11.3,434.0,426.0,876369.0,973558.0,145362.0,175882.0,339939.0,392996.0,Q4
CAJAMARCA,JAÉN,18.4,25.7,15.8,40.1,14.2,30.3,15.5,40.0,489.0,489.0,31.9,36.7,15.5,15.9,29.5,42.4,12.0,16.0,445.0,443.0,876369.0,973558.0,145362.0,175882.0,339939.0,392996.0,Q3
CAJAMARCA,SAN IGNACIO,24.2,31.4,10.4,34.0,18.4,33.0,11.4,37.2,481.0,488.0,16.0,36.0,8.4,39.6,16.6,32.2,3.7,47.5,497.0,516.0,876369.0,973558.0,145362.0,175882.0,339939.0,392996.0,Q3
CAJAMARCA,SAN IGNACIO,29.2,27.9,10.6,32.4,17.7,33.8,12.9,35.6,475.0,483.0,30.2,28.9,15.7,25.2,19.8,46.0,13.6,20.7,456.0,458.0,876369.0,973558.0,145362.0,175882.0,339939.0,392996.0,Q3
CAJAMARCA,SAN IGNACIO,33.2,30.7,14.3,21.8,27.7,36.9,14.2,21.2,453.0,448.0,30.9,28.8,9.3,31.1,23.2,44.8,10.4,21.6,469.0,458.0,876369.0,973558.0,145362.0,175882.0,339939.0,392996.0,Q4
CAJAMARCA,SAN IGNACIO,35.8,30.2,13.5,20.6,24.4,42.8,15.0,17.8,453.0,453.0,34.3,25.1,20.3,20.4,28.5,41.8,17.3,12.4,441.0,434.0,876369.0,973558.0,145362.0,175882.0,339939.0,392996.0,Q4
CAJAMARCA,SAN IGNACIO,21.2,37.1,5.8,35.8,16.1,45.5,6.1,32.3,492.0,490.0,24.0,37.2,7.3,31.5,21.0,47.7,7.9,23.4,479.0,468.0,876369.0,973558.0,145362.0,175882.0,339939.0,392996.0,Q3
CAJAMARCA,SAN IGNACIO,30.6,29.6,11.8,28.0,24.9,39.4,11.2,24.5,467.0,469.0,31.8,34.3,10.8,23.0,22.8,46.8,6.1,24.4,457.0,474.0,876369.0,973558.0,145362.0,175882.0,339939.0,392996.0,Q3
CAJAMARCA,SAN IGNACIO,24.7,36.5,8.8,30.0,16.2,45.1,9.7,29.0,478.0,483.0,35.2,28.9,15.8,20.0,27.1,44.0,10.5,18.5,448.0,451.0,876369.0,973558.0,145362.0,175882.0,339939.0,392996.0,Q4
CAJAMARCA,SAN MARCOS,38.8,26.0,28.7,6.5,24.2,32.4,38.5,4.9,412.0,393.0,27.1,35.8,12.9,24.2,27.3,51.3,5.7,15.6,463.0,456.0,876369.0,973558.0,145362.0,175882.0,339939.0,392996.0,Q3
CAJAMARCA,SAN MARCOS,36.3,29.2,23.7,10.8,30.9,23.2,33.2,12.7,424.0,402.0,37.5,22.0,28.1,12.4,32.0,30.3,28.2,9.6,412.0,408.0,876369.0,973558.0,145362.0,175882.0,339939.0,392996.0,Q3
CAJAMARCA,SAN MARCOS,43.1,22.6,23.6,10.7,34.4,30.9,18.1,16.6,414.0,426.0,39.2,23.7,24.8,12.3,32.3,44.3,11.0,12.4,418.0,441.0,876369.0,973558.0,145362.0,175882.0,339939.0,392996.0,Q4
CAJAMARCA,SAN MARCOS,40.9,36.4,9.1,13.7,9.1,50.0,4.5,36.4,451.0,488.0,26.4,36.9,10.5,26.3,21.1,47.4,7.9,23.7,469.0,469.0,876369.0,973558.0,145362.0,175882.0,339939.0,392996.0,Q2
CAJAMARCA,SAN MARCOS,32.9,27.9,7.6,31.6,25.4,40.5,1.3,32.8,486.0,482.0,41.4,34.2,3.6,20.7,19.5,48.8,3.6,28.1,460.0,482.0,876369.0,973558.0,145362.0,175882.0,339939.0,392996.0,Q3
CAJAMARCA,SAN MARCOS,25.8,21.1,45.1,8.0,24.4,28.8,33.8,13.0,389.0,406.0,34.9,14.5,44.5,6.2,32.8,29.4,31.4,6.4,380.0,393.0,876369.0,973558.0,145362.0,175882.0,339939.0,392996.0,Q4
CAJAMARCA,SAN MARCOS,23.6,29.2,13.4,33.8,18.3,34.8,14.6,32.3,473.0,477.0,32.3,28.9,11.2,27.6,23.1,44.6,9.0,23.3,462.0,468.0,876369.0,973558.0,145362.0,175882.0,339939.0,392996.0,Q3
CAJAMARCA,SAN MIGUEL,12.5,68.8,6.3,12.5,6.3,50.0,0.0,43.7,482.0,515.0,40.2,24.1,6.0,29.7,52.8,23.6,11.6,12.1,463.0,433.0,876369.0,973558.0,145362.0,175882.0,339939.0,392996.0,Q2
CAJAMARCA,SAN MIGUEL,36.9,32.5,5.6,25.0,0.0,63.7,6.3,30.0,465.0,503.0,62.5,18.9,18.6,0.0,41.8,50.9,4.6,2.7,402.0,434.0,876369.0,973558.0,145362.0,175882.0,339939.0,392996.0,Q4
CAJAMARCA,SAN MIGUEL,12.2,14.3,0.0,73.5,4.1,22.4,0.0,73.5,560.0,589.0,27.2,12.1,0.0,60.7,6.0,21.1,0.0,72.8,534.0,565.0,876369.0,973558.0,145362.0,175882.0,339939.0,392996.0,Q3
CAJAMARCA,SAN MIGUEL,18.6,34.9,4.7,41.8,7.0,44.2,4.7,44.2,534.0,534.0,16.3,33.7,15.0,34.9,19.9,51.0,2.6,26.4,473.0,483.0,876369.0,973558.0,145362.0,175882.0,339939.0,392996.0,Q2
CAJAMARCA,SAN MIGUEL,3.6,35.1,4.1,57.3,8.8,39.7,0.0,51.5,557.0,572.0,38.4,20.2,32.7,8.6,32.7,31.6,27.0,8.6,411.0,411.0,876369.0,973558.0,145362.0,175882.0,339939.0,392996.0,Q4
CAJAMARCA,SAN MIGUEL,14.0,16.1,2.9,67.0,4.3,20.5,0.0,75.2,534.0,611.0,18.5,44.4,1.7,35.5,8.3,30.7,1.7,59.3,494.0,533.0,876369.0,973558.0,145362.0,175882.0,339939.0,392996.0,Q2
CAJAMARCA,SAN MIGUEL,35.0,40.0,15.0,10.0,25.0,30.0,30.0,15.0,435.0,425.0,58.7,28.7,0.0,12.5,31.3,56.2,0.0,12.5,448.0,477.0,876369.0,973558.0,145362.0,175882.0,339939.0,392996.0,Q2
CAJAMARCA,SAN MIGUEL,32.8,61.7,3.6,2.0,13.4,69.9,3.9,12.8,448.0,467.0,19.3,44.7,12.5,23.5,12.5,46.7,6.2,34.5,464.0,496.0,876369.0,973558.0,145362.0,175882.0,339939.0,392996.0,Q2
CAJAMARCA,SAN MIGUEL,7.1,42.9,0.0,49.9,7.2,35.7,0.0,57.1,516.0,544.0,21.4,7.1,0.0,71.4,0.0,28.6,0.0,71.4,549.0,568.0,876369.0,973558.0,145362.0,175882.0,339939.0,392996.0,Q2
CAJAMARCA,SAN MIGUEL,23.4,43.1,8.7,24.7,20.8,48.7,5.4,25.0,471.0,473.0,26.8,36.7,11.7,24.7,22.2,47.0,4.9,25.8,464.0,477.0,876369.0,973558.0,145362.0,175882.0,339939.0,392996.0,Q3
CAJAMARCA,SAN MIGUEL,21.1,51.8,2.0,25.1,0.0,49.9,0.0,50.1,482.0,531.0,31.6,21.7,21.6,25.0,18.3,50.0,10.0,21.7,438.0,465.0,876369.0,973558.0,145362.0,175882.0,339939.0,392996.0,Q3
CAJAMARCA,SAN MIGUEL,0.0,55.5,0.0,44.5,3.7,51.9,0.0,44.4,527.0,513.0,34.5,40.4,6.4,18.6,22.3,52.8,0.0,24.9,465.0,486.0,876369.0,973558.0,145362.0,175882.0,339939.0,392996.0,Q2
CAJAMARCA,SAN MIGUEL,9.2,44.5,1.8,44.5,5.5,24.0,0.0,70.4,523.0,561.0,27.6,51.7,10.3,10.4,13.8,38.0,6.9,41.3,456.0,489.0,876369.0,973558.0,145362.0,175882.0,339939.0,392996.0,Q4
CAJAMARCA,SAN PABLO,38.1,12.2,44.9,4.9,27.6,41.5,26.0,4.9,375.0,405.0,34.0,6.6,50.9,8.5,47.2,21.7,24.5,6.6,377.0,400.0,876369.0,973558.0,145362.0,175882.0,339939.0,392996.0,Q4
CAJAMARCA,SAN PABLO,29.7,45.9,13.5,10.8,32.4,37.8,10.8,18.9,447.0,451.0,32.4,29.0,28.3,10.3,29.0,42.8,21.4,6.9,415.0,422.0,876369.0,973558.0,145362.0,175882.0,339939.0,392996.0,Q4
CAJAMARCA,SAN PABLO,29.1,30.4,26.2,14.4,22.2,39.8,13.7,24.3,428.0,460.0,29.7,22.6,25.1,22.7,22.4,42.2,10.2,25.3,435.0,468.0,876369.0,973558.0,145362.0,175882.0,339939.0,392996.0,Q3
CAJAMARCA,SAN PABLO,43.4,35.8,15.1,5.7,26.4,41.5,15.1,17.0,421.0,450.0,46.4,20.5,26.9,6.2,26.8,48.4,12.5,12.3,400.0,440.0,876369.0,973558.0,145362.0,175882.0,339939.0,392996.0,Q3
CAJAMARCA,SANTA CRUZ,24.9,0.0,8.3,66.8,8.3,24.9,0.0,66.8,508.0,562.0,42.3,34.7,19.2,3.9,38.4,38.6,15.3,7.7,424.0,433.0,876369.0,973558.0,145362.0,175882.0,339939.0,392996.0,Q3
CAJAMARCA,SANTA CRUZ,26.3,36.7,15.5,21.5,19.1,44.1,17.9,18.9,457.0,456.0,31.2,37.9,12.3,18.6,26.7,38.3,12.2,22.9,450.0,457.0,876369.0,973558.0,145362.0,175882.0,339939.0,392996.0,Q3
CAJAMARCA,SANTA CRUZ,20.0,35.0,13.3,31.7,21.6,38.3,6.7,33.4,468.0,483.0,20.0,48.9,8.9,22.2,8.9,57.8,2.2,31.1,471.0,510.0,876369.0,973558.0,145362.0,175882.0,339939.0,392996.0,Q3
CAJAMARCA,SANTA CRUZ,36.5,26.9,29.9,6.7,15.5,50.1,27.7,6.7,410.0,413.0,32.7,29.1,30.4,7.8,20.3,49.8,16.6,13.4,412.0,452.0,876369.0,973558.0,145362.0,175882.0,339939.0,392996.0,Q4
CAJAMARCA,SANTA CRUZ,2.8,53.5,0.0,43.7,0.0,21.8,0.0,78.2,521.0,581.0,10.4,41.7,2.1,45.9,12.5,12.5,2.1,73.0,514.0,546.0,876369.0,973558.0,145362.0,175882.0,339939.0,392996.0,Q1
CAJAMARCA,SANTA CRUZ,38.3,42.1,11.5,8.1,26.5,33.8,13.1,26.6,435.0,456.0,27.9,19.7,24.6,27.8,29.5,31.1,14.8,24.6,443.0,453.0,876369.0,973558.0,145362.0,175882.0,339939.0,392996.0,Q4
CAJAMARCA,SANTA CRUZ,36.1,38.2,12.8,12.9,33.7,42.5,10.1,13.7,446.0,441.0,33.1,41.5,12.1,13.4,27.8,45.6,15.1,11.5,448.0,437.0,876369.0,973558.0,145362.0,175882.0,339939.0,392996.0,Q3
CAJAMARCA,SANTA CRUZ,25.8,48.4,12.9,12.9,22.6,42.0,3.2,32.3,457.0,486.0,26.9,26.9,0.0,46.3,0.0,46.1,0.0,53.9,503.0,547.0,876369.0,973558.0,145362.0,175882.0,339939.0,392996.0,Q3
CAJAMARCA,SANTA CRUZ,,,,,,,,,,,0.0,66.7,0.0,33.3,0.0,16.7,0.0,83.3,525.0,543.0,876369.0,973558.0,145362.0,175882.0,339939.0,392996.0,
CAJAMARCA,SANTA CRUZ,0.0,35.7,0.0,64.3,0.0,50.1,0.0,49.9,542.0,536.0,32.0,49.9,4.6,13.6,13.6,77.3,0.0,9.1,460.0,466.0,876369.0,973558.0,145362.0,175882.0,339939.0,392996.0,Q4
CAJAMARCA,SANTA CRUZ,44.3,36.2,6.1,13.5,15.2,54.5,0.0,30.4,452.0,486.0,44.0,20.5,7.3,28.2,7.3,64.2,2.4,26.0,461.0,497.0,876369.0,973558.0,145362.0,175882.0,339939.0,392996.0,Q2
CALLAO,CALLAO,18.0,32.2,2.7,47.2,18.0,45.2,3.6,33.3,522.0,493.0,18.9,30.8,2.9,47.4,14.4,42.2,3.7,39.7,515.0,505.0,,,,,,,Q1
CALLAO,CALLAO,20.8,35.8,3.6,39.8,18.8,45.4,4.4,31.3,507.0,491.0,21.6,32.6,5.4,40.4,16.7,41.7,5.4,36.3,499.0,496.0,,,,,,,Q2
CALLAO,CALLAO,18.9,32.2,2.9,46.0,16.5,43.7,4.0,35.9,518.0,499.0,20.0,33.5,4.6,41.9,17.5,40.0,5.9,36.6,504.0,495.0,,,,,,,Q1
CALLAO,CALLAO,18.8,33.9,4.1,43.2,23.9,41.5,6.2,28.4,512.0,479.0,18.7,29.5,6.0,45.8,17.1,39.9,4.5,38.5,507.0,496.0,,,,,,,Q2
CALLAO,CALLAO,16.7,25.0,4.9,53.5,10.0,51.4,1.6,36.9,526.0,504.0,22.0,31.3,0.0,46.7,15.6,48.1,0.0,36.3,519.0,503.0,,,,,,,Q2
CALLAO,CALLAO,,,,,,,,,,,16.8,35.1,3.8,44.3,14.9,43.4,4.0,37.6,509.0,499.0,,,,,,,Q2
CALLAO,CALLAO,22.5,36.9,4.2,36.4,18.0,45.1,4.6,32.3,498.0,491.0,,,,,,,,,,,,,,,,,
CALLAO,CALLAO,20.1,35.6,3.6,40.7,17.0,42.9,4.2,35.9,508.0,499.0,16.8,31.3,4.3,47.6,14.5,40.0,4.3,41.2,514.0,507.0,,,,,,,Q2
CUSCO,ACOMAYO,28.9,34.6,14.4,22.2,28.5,35.2,11.4,24.9,459.0,458.0,13.0,34.8,0.0,52.2,2.9,53.6,0.0,43.5,533.0,523.0,799568.0,898876.0,253924.0,275531.0,484937.0,511898.0,Q1
CUSCO,ACOMAYO,50.9,27.3,10.9,10.9,38.2,45.5,9.1,7.3,437.0,432.0,45.2,33.3,11.9,9.5,16.7,54.8,11.9,16.7,435.0,453.0,799568.0,898876.0,253924.0,275531.0,484937.0,511898.0,Q1
CUSCO,ACOMAYO,46.6,7.3,42.7,3.4,39.7,18.6,41.8,0.0,378.0,375.0,62.0,6.9,20.8,10.3,31.0,41.3,17.4,10.3,403.0,430.0,799568.0,898876.0,253924.0,275531.0,484937.0,511898.0,Q1
CUSCO,ACOMAYO,55.6,22.2,11.1,11.1,33.3,44.4,22.2,0.0,427.0,411.0,25.0,62.5,0.0,12.5,0.0,87.5,0.0,12.5,476.0,505.0,799568.0,898876.0,253924.0,275531.0,484937.0,511898.0,
CUSCO,ACOMAYO,44.9,31.3,11.6,12.1,26.3,43.5,15.9,14.2,435.0,441.0,26.2,47.2,12.1,14.4,18.7,45.2,5.6,30.5,456.0,486.0,799568.0,898876.0,253924.0,275531.0,484937.0,511898.0,Q2
CUSCO,ACOMAYO,20.0,40.0,40.0,0.0,20.0,60.0,20.0,0.0,401.0,432.0,50.0,25.0,12.5,12.5,25.0,50.0,12.5,12.5,454.0,440.0,799568.0,898876.0,253924.0,275531.0,484937.0,511898.0,
CUSCO,ACOMAYO,33.3,31.7,15.9,19.0,27.0,34.9,19.0,19.0,444.0,436.0,29.3,26.0,32.5,12.2,37.0,39.9,12.4,10.7,414.0,440.0,799568.0,898876.0,253924.0,275531.0,484937.0,511898.0,Q1
CUSCO,ANTA,35.0,24.0,26.5,14.6,23.6,39.6,26.4,10.4,422.0,424.0,25.3,36.4,13.1,25.2,26.2,45.5,11.1,17.2,461.0,448.0,799568.0,898876.0,253924.0,275531.0,484937.0,511898.0,Q2
CUSCO,ANTA,32.2,37.2,8.7,21.9,16.4,53.5,7.7,22.4,467.0,474.0,22.9,33.2,6.3,37.7,17.9,41.6,2.7,37.9,490.0,505.0,799568.0,898876.0,253924.0,275531.0,484937.0,511898.0,Q1
CUSCO,ANTA,56.5,8.7,21.7,13.0,39.1,26.1,30.4,4.3,408.0,385.0,21.1,26.3,2.6,50.0,13.2,47.4,2.6,36.8,519.0,505.0,799568.0,898876.0,253924.0,275531.0,484937.0,511898.0,Q1
CUSCO,ANTA,57.1,19.0,23.8,0.0,47.6,23.8,19.0,9.5,393.0,414.0,23.5,29.4,35.4,11.7,17.6,29.4,29.5,23.5,398.0,416.0,799568.0,898876.0,253924.0,275531.0,484937.0,511898.0,
CUSCO,ANTA,42.2,20.6,30.8,6.3,40.2,32.1,19.5,8.3,402.0,419.0,45.8,23.7,22.0,8.5,23.8,55.9,6.8,13.5,422.0,459.0,799568.0,898876.0,253924.0,275531.0,484937.0,511898.0,Q4
CUSCO,ANTA,34.0,25.4,20.7,19.8,30.5,28.5,19.3,21.7,437.0,444.0,25.8,25.0,15.9,33.4,15.0,34.1,16.7,34.2,473.0,476.0,799568.0,898876.0,253924.0,275531.0,484937.0,511898.0,Q1
CUSCO,ANTA,37.5,30.0,22.5,10.0,35.0,32.5,17.5,15.0,423.0,423.0,35.0,22.5,5.0,37.5,25.0,37.5,10.0,27.5,483.0,477.0,799568.0,898876.0,253924.0,275531.0,484937.0,511898.0,Q1
CUSCO,ANTA,43.2,36.0,13.8,6.9,41.5,32.7,15.5,10.2,429.0,425.0,34.2,26.4,1.8,37.5,23.5,42.7,1.8,32.0,488.0,493.0,799568.0,898876.0,253924.0,275531.0,484937.0,511898.0,Q3
CUSCO,ANTA,55.7,20.7,20.8,2.9,35.3,32.7,26.2,5.8,400.0,402.0,27.5,27.6,24.2,20.7,20.7,44.8,17.3,17.2,430.0,440.0,799568.0,898876.0,253924.0,275531.0,484937.0,511898.0,Q2
CUSCO,CALCA,23.6,33.5,10.6,32.4,16.2,42.3,10.3,31.2,481.0,481.0,21.6,31.2,4.9,42.2,10.8,43.4,2.9,42.9,502.0,515.0,799568.0,898876.0,253924.0,275531.0,484937.0,511898.0,Q1
CUSCO,CALCA,31.5,19.8,38.9,9.9,38.0,23.2,27.3,11.5,405.0,410.0,15.4,19.2,23.3,42.2,15.4,30.7,11.7,42.2,477.0,494.0,799568.0,898876.0,253924.0,275531.0,484937.0,511898.0,Q1
CUSCO,CALCA,38.2,32.3,14.5,15.1,29.2,38.5,5.7,26.7,444.0,469.0,33.7,24.9,16.2,25.1,11.2,46.1,5.0,37.6,451.0,500.0,799568.0,898876.0,253924.0,275531.0,484937.0,511898.0,Q1
CUSCO,CALCA,50.0,36.6,11.0,2.4,36.7,34.0,12.3,16.9,425.0,439.0,38.1,22.0,35.4,4.4,44.2,33.7,16.2,5.9,397.0,415.0,799568.0,898876.0,253924.0,275531.0,484937.0,511898.0,
CUSCO,CALCA,26.5,23.9,26.9,22.7,25.8,31.8,22.8,19.6,435.0,436.0,36.1,29.9,12.2,21.9,24.2,39.9,12.7,23.1,454.0,463.0,799568.0,898876.0,253924.0,275531.0,484937.0,511898.0,Q1
CUSCO,CALCA,35.8,35.5,17.0,11.8,31.7,36.9,22.2,9.3,435.0,418.0,20.6,41.2,14.3,23.8,27.0,50.8,8.0,14.3,468.0,452.0,799568.0,898876.0,253924.0,275531.0,484937.0,511898.0,Q1
CUSCO,CALCA,58.2,29.5,12.4,0.0,28.0,63.7,4.0,4.4,410.0,444.0,31.5,37.6,15.2,15.7,27.7,56.9,6.1,9.4,448.0,454.0,799568.0,898876.0,253924.0,275531.0,484937.0,511898.0,Q1
CUSCO,CALCA,40.4,30.1,13.4,16.2,32.0,36.0,19.7,12.3,439.0,427.0,28.8,34.2,12.8,24.2,21.3,49.7,9.2,19.9,457.0,462.0,799568.0,898876.0,253924.0,275531.0,484937.0,511898.0,Q3
CUSCO,CANAS,43.6,11.7,42.5,2.1,31.9,22.4,45.7,0.0,366.0,363.0,30.4,1.7,66.2,1.7,34.5,18.6,47.0,0.0,339.0,352.0,799568.0,898876.0,253924.0,275531.0,484937.0,511898.0,Q4
CUSCO,CANAS,48.2,16.1,25.1,10.7,25.0,37.5,23.3,14.3,416.0,429.0,28.0,17.7,27.8,26.5,20.6,25.0,27.8,26.6,441.0,443.0,799568.0,898876.0,253924.0,275531.0,484937.0,511898.0,
CUSCO,CANAS,48.2,24.1,27.6,0.0,44.8,37.9,10.4,6.9,392.0,417.0,50.2,18.1,18.1,13.6,22.9,36.2,22.8,18.1,410.0,433.0,799568.0,898876.0,253924.0,275531.0,484937.0,511898.0,
CUSCO,CANAS,39.5,21.5,28.2,10.8,26.8,36.2,21.4,15.6,416.0,430.0,42.1,18.0,27.8,12.0,33.7,26.5,26.5,13.2,409.0,415.0,799568.0,898876.0,253924.0,275531.0,484937.0,511898.0,Q1
CUSCO,CANAS,29.1,36.5,9.5,24.9,24.4,30.7,23.8,21.1,462.0,433.0,33.3,41.7,8.3,16.7,16.7,58.3,0.0,25.0,451.0,489.0,799568.0,898876.0,253924.0,275531.0,484937.0,511898.0,Q3
CUSCO,CANAS,61.5,19.2,15.4,3.8,26.9,57.7,11.5,3.8,412.0,434.0,54.2,20.8,16.7,8.3,33.3,58.3,0.0,8.3,425.0,454.0,799568.0,898876.0,253924.0,275531.0,484937.0,511898.0,Q1
CUSCO,CANAS,60.7,10.7,21.4,7.1,39.3,42.9,10.7,7.1,406.0,430.0,63.2,15.8,10.5,10.5,32.0,32.0,26.0,11.0,422.0,419.0,799568.0,898876.0,253924.0,275531.0,484937.0,511898.0,
CUSCO,CANAS,39.5,35.5,14.5,10.5,31.5,40.3,19.3,8.9,435.0,426.0,26.8,27.0,10.1,36.1,20.4,34.7,1.8,43.1,482.0,512.0,799568.0,898876.0,253924.0,275531.0,484937.0,511898.0,Q1
CUSCO,CANCHIS,21.8,39.3,26.6,12.4,30.7,32.0,25.0,12.3,424.0,411.0,21.9,40.6,3.1,34.4,3.1,59.4,3.1,34.4,498.0,511.0,799568.0,898876.0,253924.0,275531.0,484937.0,511898.0,Q1
CUSCO,CANCHIS,27.4,42.5,11.0,19.2,15.1,43.8,8.3,32.8,457.0,489.0,47.2,16.7,4.2,31.9,20.8,43.0,2.8,33.3,463.0,489.0,799568.0,898876.0,253924.0,275531.0,484937.0,511898.0,Q1
CUSCO,CANCHIS,46.4,28.2,13.0,12.5,31.0,38.4,18.8,11.8,433.0,433.0,30.3,28.7,12.3,28.7,17.2,50.0,10.6,22.1,455.0,465.0,799568.0,898876.0,253924.0,275531.0,484937.0,511898.0,Q3
CUSCO,CANCHIS,36.4,26.3,31.3,6.1,39.4,23.2,32.3,5.0,398.0,390.0,30.3,19.1,31.6,19.1,33.7,35.9,14.7,15.7,417.0,437.0,799568.0,898876.0,253924.0,275531.0,484937.0,511898.0,Q2
CUSCO,CANCHIS,51.0,23.8,25.1,0.0,47.0,29.6,15.5,7.9,403.0,413.0,33.3,23.1,28.2,15.4,23.1,33.3,30.8,12.8,417.0,419.0,799568.0,898876.0,253924.0,275531.0,484937.0,511898.0,Q3
CUSCO,CANCHIS,20.0,30.0,30.0,20.0,40.0,40.0,5.0,15.0,438.0,440.0,8.3,58.3,0.0,33.3,8.3,58.3,0.0,33.3,493.0,526.0,799568.0,898876.0,253924.0,275531.0,484937.0,511898.0,Q2
CUSCO,CANCHIS,24.1,31.1,6.7,38.0,16.5,32.4,7.6,43.6,496.0,504.0,19.5,30.7,3.7,46.1,11.3,38.4,2.4,47.8,511.0,528.0,799568.0,898876.0,253924.0,275531.0,484937.0,511898.0,Q1
CUSCO,CANCHIS,31.0,37.9,10.3,20.7,29.3,36.2,8.6,25.9,457.0,471.0,17.1,36.6,9.8,36.6,22.0,31.7,2.4,43.9,492.0,510.0,799568.0,898876.0,253924.0,275531.0,484937.0,511898.0,Q1
CUSCO,CHUMBIVILCAS,53.5,21.7,21.1,3.6,46.2,32.6,17.6,3.6,403.0,408.0,40.6,19.0,24.1,16.4,31.6,41.8,12.7,13.9,423.0,444.0,799568.0,898876.0,253924.0,275531.0,484937.0,511898.0,
CUSCO,CHUMBIVILCAS,27.1,47.4,8.5,16.9,22.1,54.2,10.2,13.5,467.0,458.0,24.2,40.6,16.6,18.6,17.7,54.8,6.6,20.9,453.0,464.0,799568.0,898876.0,253924.0,275531.0,484937.0,511898.0,Q1
CUSCO,CHUMBIVILCAS,52.1,19.8,17.1,11.0,29.1,29.6,21.5,19.7,420.0,436.0,32.6,24.7,29.2,13.5,25.8,35.9,24.8,13.5,422.0,428.0,799568.0,898876.0,253924.0,275531.0,484937.0,511898.0,Q2
CUSCO,CHUMBIVILCAS,41.0,15.0,40.4,3.5,33.1,27.2,37.5,2.1,382.0,387.0,43.5,13.1,36.8,6.6,32.0,32.8,30.3,4.9,392.0,400.0,799568.0,898876.0,253924.0,275531.0,484937.0,511898.0,Q1
CUSCO,CHUMBIVILCAS,42.1,17.5,25.5,14.9,21.4,37.1,22.5,19.0,416.0,433.0,31.4,31.3,23.6,13.7,33.4,31.4,7.8,27.4,432.0,460.0,799568.0,898876.0,253924.0,275531.0,484937.0,511898.0,
CUSCO,CHUMBIVILCAS,46.9,11.8,35.4,5.9,24.0,36.7,31.0,8.2,389.0,409.0,24.4,29.7,20.4,25.6,31.2,17.5,24.4,26.9,448.0,439.0,799568.0,898876.0,253924.0,275531.0,484937.0,511898.0,Q1
CUSCO,CHUMBIVILCAS,34.5,36.9,12.8,15.8,25.4,41.5,16.4,16.7,445.0,443.0,27.0,29.0,13.8,30.2,19.7,39.4,12.6,28.3,472.0,472.0,799568.0,898876.0,253924.0,275531.0,484937.0,511898.0,Q1
CUSCO,CHUMBIVILCAS,28.9,43.3,5.6,22.2,24.5,51.1,4.4,20.0,466.0,469.0,26.8,33.0,17.6,22.7,19.8,32.1,17.8,30.2,451.0,462.0,799568.0,898876.0,253924.0,275531.0,484937.0,511898.0,Q2
CUSCO,CUSCO,15.2,32.6,3.1,49.2,13.8,45.8,3.6,36.7,525.0,503.0,15.4,29.7,2.8,52.1,10.8,39.1,2.3,47.8,526.0,524.0,799568.0,898876.0,253924.0,275531.0,484937.0,511898.0,Q1
CUSCO,CUSCO,34.1,33.8,8.1,24.0,27.4,40.3,11.4,20.8,462.0,461.0,38.2,36.4,7.3,18.2,34.5,50.9,5.5,9.1,452.0,453.0,799568.0,898876.0,253924.0,275531.0,484937.0,511898.0,Q3
CUSCO,CUSCO,21.1,33.4,5.2,40.3,14.8,41.9,7.2,36.1,501.0,495.0,19.5,34.3,4.2,42.0,14.4,44.9,3.5,37.3,508.0,501.0,799568.0,898876.0,253924.0,275531.0,484937.0,511898.0,Q1
CUSCO,CUSCO,26.1,35.6,3.6,34.7,20.9,46.3,5.6,27.2,492.0,481.0,17.7,32.2,3.0,47.1,12.8,41.7,2.6,42.9,515.0,515.0,799568.0,898876.0,253924.0,275531.0,484937.0,511898.0,Q1
CUSCO,CUSCO,20.7,31.7,5.0,42.5,17.4,40.2,6.8,35.7,509.0,496.0,17.0,27.9,4.9,50.3,13.8,38.6,4.7,43.0,516.0,513.0,799568.0,898876.0,253924.0,275531.0,484937.0,511898.0,Q1
CUSCO,CUSCO,43.8,23.3,24.4,8.6,39.7,30.4,22.8,7.1,414.0,409.0,40.6,29.0,11.7,18.7,24.7,42.4,14.2,18.7,449.0,455.0,799568.0,898876.0,253924.0,275531.0,484937.0,511898.0,Q1
CUSCO,CUSCO,14.3,30.2,2.5,53.0,13.2,43.9,2.6,40.3,531.0,510.0,14.8,28.5,2.5,54.3,8.9,44.9,1.8,44.4,529.0,522.0,799568.0,898876.0,253924.0,275531.0,484937.0,511898.0,Q1
CUSCO,ESPINAR,50.0,0.0,50.0,0.0,66.7,0.0,33.3,0.0,362.0,348.0,50.0,42.9,0.0,7.1,21.4,57.1,0.0,21.4,449.0,471.0,799568.0,898876.0,253924.0,275531.0,484937.0,511898.0,Q1
CUSCO,ESPINAR,18.2,45.5,0.0,36.4,9.1,63.6,0.0,27.3,502.0,500.0,0.0,66.7,0.0,33.3,0.0,66.7,0.0,33.3,512.0,497.0,799568.0,898876.0,253924.0,275531.0,484937.0,511898.0,
CUSCO,ESPINAR,56.0,30.4,9.3,4.3,60.3,13.7,17.4,8.7,421.0,400.0,30.9,46.0,11.6,11.5,15.5,53.8,11.6,19.1,445.0,449.0,799568.0,898876.0,253924.0,275531.0,484937.0,511898.0,Q1
CUSCO,ESPINAR,25.4,36.5,4.5,33.6,16.3,41.9,5.5,36.3,492.0,499.0,21.0,33.3,4.3,41.4,12.9,39.0,3.3,44.8,502.0,515.0,799568.0,898876.0,253924.0,275531.0,484937.0,511898.0,Q1
CUSCO,ESPINAR,28.6,21.4,50.0,0.0,35.6,21.5,42.9,0.0,382.0,373.0,57.1,14.3,14.3,14.3,42.9,14.3,28.6,14.3,424.0,408.0,799568.0,898876.0,253924.0,275531.0,484937.0,511898.0,Q2
CUSCO,ESPINAR,36.8,40.2,6.9,16.1,20.7,51.7,5.7,21.8,455.0,474.0,35.0,25.0,13.3,26.7,23.3,45.0,6.7,25.0,465.0,480.0,799568.0,898876.0,253924.0,275531.0,484937.0,511898.0,Q1
CUSCO,ESPINAR,37.5,31.3,12.5,18.8,18.8,43.8,6.3,31.3,439.0,486.0,44.4,44.4,0.0,11.1,11.1,55.6,0.0,33.3,443.0,500.0,799568.0,898876.0,253924.0,275531.0,484937.0,511898.0,Q3
CUSCO,ESPINAR,,,,,,,,,,,25.1,30.0,5.1,39.9,30.0,60.0,0.0,10.0,484.0,479.0,799568.0,898876.0,253924.0,275531.0,484937.0,511898.0,Q3
CUSCO,LA CONVENCIÓN,36.3,32.0,15.9,15.9,32.0,40.0,16.5,11.4,440.0,430.0,33.2,34.1,10.4,22.3,27.0,45.1,8.5,19.4,458.0,459.0,799568.0,898876.0,253924.0,275531.0,484937.0,511898.0,Q2
CUSCO,LA CONVENCIÓN,11.1,42.8,4.7,41.5,12.5,39.8,4.7,43.0,506.0,507.0,30.8,23.1,10.3,35.9,30.8,25.6,10.3,33.3,476.0,480.0,799568.0,898876.0,253924.0,275531.0,484937.0,511898.0,Q2
CUSCO,LA CONVENCIÓN,40.3,35.7,14.2,9.8,30.8,29.2,23.1,16.9,436.0,425.0,42.8,17.5,23.8,15.9,30.1,39.7,17.5,12.7,419.0,429.0,799568.0,898876.0,253924.0,275531.0,484937.0,511898.0,Q3
CUSCO,LA CONVENCIÓN,42.4,26.9,22.8,7.9,27.8,34.4,27.4,10.3,416.0,417.0,30.5,34.8,17.1,17.5,26.2,45.6,12.7,15.5,444.0,444.0,799568.0,898876.0,253924.0,275531.0,484937.0,511898.0,Q3
CUSCO,LA CONVENCIÓN,39.4,38.1,2.8,19.7,31.9,49.5,6.0,12.6,467.0,450.0,13.8,21.4,3.0,61.8,8.0,40.0,5.0,48.0,544.0,528.0,799568.0,898876.0,253924.0,275531.0,484937.0,511898.0,Q2
CUSCO,LA CONVENCIÓN,,,,,,,,,,,,,,,,,,,,,799568.0,898876.0,253924.0,275531.0,484937.0,511898.0,
CUSCO,LA CONVENCIÓN,27.4,43.5,11.3,17.7,17.8,46.8,8.1,27.4,463.0,478.0,32.8,37.5,15.6,14.1,20.3,48.4,12.5,18.8,441.0,461.0,799568.0,898876.0,253924.0,275531.0,484937.0,511898.0,Q2
CUSCO,LA CONVENCIÓN,49.8,24.9,16.0,9.3,39.2,32.9,18.7,9.2,423.0,420.0,32.9,31.0,17.4,18.6,20.8,42.3,15.9,21.0,441.0,452.0,799568.0,898876.0,253924.0,275531.0,484937.0,511898.0,Q3
CUSCO,LA CONVENCIÓN,51.4,26.1,11.4,11.1,38.8,36.3,15.0,9.9,428.0,429.0,37.9,29.5,12.3,20.3,28.0,33.3,13.3,25.4,448.0,456.0,799568.0,898876.0,253924.0,275531.0,484937.0,511898.0,Q3
CUSCO,LA CONVENCIÓN,24.0,34.5,5.5,36.0,22.1,40.9,6.2,30.9,491.0,481.0,23.2,30.7,7.3,38.8,18.4,38.7,5.2,37.7,497.0,498.0,799568.0,898876.0,253924.0,275531.0,484937.0,511898.0,Q1
CUSCO,LA CONVENCIÓN,36.6,31.7,10.5,21.2,30.0,39.5,9.3,21.2,458.0,457.0,15.6,27.7,13.1,43.7,11.9,35.0,11.9,41.2,497.0,490.0,799568.0,898876.0,253924.0,275531.0,484937.0,511898.0,Q1
CUSCO,LA CONVENCIÓN,41.9,29.5,17.7,10.9,31.7,36.5,23.6,8.3,429.0,415.0,29.4,26.1,26.2,18.2,25.6,35.9,22.8,15.7,431.0,432.0,799568.0,898876.0,253924.0,275531.0,484937.0,511898.0,Q3
CUSCO,LA CONVENCIÓN,,,,,,,,,,,,,,,,,,,,,799568.0,898876.0,253924.0,275531.0,484937.0,511898.0,Q4
CUSCO,LA CONVENCIÓN,34.2,29.3,26.8,9.7,29.3,29.2,34.1,7.3,414.0,396.0,51.2,24.4,19.5,4.9,36.6,36.6,19.5,7.3,408.0,424.0,799568.0,898876.0,253924.0,275531.0,484937.0,511898.0,Q3
CUSCO,PARURO,46.9,24.5,20.4,8.2,32.7,36.7,22.4,8.2,415.0,418.0,2.6,33.3,10.3,53.8,20.5,41.0,5.1,33.3,513.0,492.0,799568.0,898876.0,253924.0,275531.0,484937.0,511898.0,Q1
CUSCO,PARURO,44.0,17.5,29.7,8.8,32.3,17.3,47.4,3.0,398.0,376.0,27.3,29.9,16.0,26.8,30.0,37.3,13.7,19.1,457.0,439.0,799568.0,898876.0,253924.0,275531.0,484937.0,511898.0,
CUSCO,PARURO,30.0,48.3,13.4,8.3,6.7,48.3,28.3,16.7,444.0,433.0,,,,,,,,,,,799568.0,898876.0,253924.0,275531.0,484937.0,511898.0,
CUSCO,PARURO,37.0,25.2,21.7,16.1,25.1,39.2,28.8,6.9,430.0,416.0,9.1,45.5,9.2,36.2,13.8,45.4,6.9,34.0,484.0,484.0,799568.0,898876.0,253924.0,275531.0,484937.0,511898.0,
CUSCO,PARURO,38.9,4.3,56.8,0.0,14.6,12.8,71.2,1.4,351.0,340.0,27.1,18.6,44.3,10.0,37.8,23.2,33.2,5.7,391.0,390.0,799568.0,898876.0,253924.0,275531.0,484937.0,511898.0,
CUSCO,PARURO,34.7,11.1,48.6,5.5,27.7,11.1,55.7,5.5,367.0,364.0,16.7,50.0,0.0,33.3,0.0,66.7,16.7,16.7,541.0,507.0,799568.0,898876.0,253924.0,275531.0,484937.0,511898.0,
CUSCO,PARURO,45.3,35.7,11.9,7.1,42.9,38.1,16.7,2.4,433.0,416.0,23.4,30.5,8.3,37.8,28.9,25.0,5.4,40.7,493.0,504.0,799568.0,898876.0,253924.0,275531.0,484937.0,511898.0,Q1
CUSCO,PARURO,50.0,33.3,0.0,16.7,83.3,16.7,0.0,0.0,432.0,401.0,44.4,22.2,22.2,11.1,22.2,11.1,44.4,22.2,437.0,400.0,799568.0,898876.0,253924.0,275531.0,484937.0,511898.0,
CUSCO,PARURO,50.0,25.0,21.9,3.1,31.3,43.8,25.0,0.0,414.0,403.0,35.5,29.0,6.5,29.0,19.4,51.5,3.2,25.8,474.0,478.0,799568.0,898876.0,253924.0,275531.0,484937.0,511898.0,Q2
CUSCO,PAUCARTAMBO,41.7,29.1,25.0,4.2,54.2,20.8,16.7,8.3,403.0,418.0,52.0,23.8,16.1,8.1,32.1,35.9,12.0,19.9,419.0,443.0,799568.0,898876.0,253924.0,275531.0,484937.0,511898.0,Q1
CUSCO,PAUCARTAMBO,31.0,28.5,29.5,10.9,25.7,37.8,20.5,15.9,416.0,434.0,20.6,43.5,20.3,15.6,14.9,34.8,11.7,38.6,445.0,485.0,799568.0,898876.0,253924.0,275531.0,484937.0,511898.0,Q2
CUSCO,PAUCARTAMBO,53.2,15.0,23.2,8.5,40.1,26.9,18.9,14.1,403.0,432.0,24.6,21.3,42.9,11.2,22.4,33.6,29.4,14.5,397.0,417.0,799568.0,898876.0,253924.0,275531.0,484937.0,511898.0,
CUSCO,PAUCARTAMBO,43.5,24.9,15.7,15.8,39.3,35.1,20.3,5.3,435.0,410.0,48.4,26.3,18.9,6.4,31.9,41.6,9.8,16.7,418.0,443.0,799568.0,898876.0,253924.0,275531.0,484937.0,511898.0,
CUSCO,PAUCARTAMBO,,,,,,,,,,,35.8,36.8,12.7,14.7,30.4,41.1,11.7,16.8,443.0,442.0,799568.0,898876.0,253924.0,275531.0,484937.0,511898.0,Q2
CUSCO,PAUCARTAMBO,41.8,29.6,16.9,11.7,21.8,45.5,12.1,20.7,429.0,450.0,,,,,,,,,,,799568.0,898876.0,253924.0,275531.0,484937.0,511898.0,Q1
CUSCO,QUISPICANCHI,29.6,34.6,7.5,28.2,18.5,44.3,7.5,29.7,475.0,480.0,27.1,30.3,3.2,39.3,12.9,52.9,3.2,31.0,498.0,495.0,799568.0,898876.0,253924.0,275531.0,484937.0,511898.0,Q1
CUSCO,QUISPICANCHI,43.6,33.3,10.3,12.8,30.8,48.7,15.4,5.1,439.0,428.0,43.6,15.4,12.8,28.2,33.3,41.1,17.9,7.7,445.0,429.0,799568.0,898876.0,253924.0,275531.0,484937.0,511898.0,Q2
CUSCO,QUISPICANCHI,47.6,38.1,0.0,14.3,28.6,57.1,0.0,14.3,454.0,449.0,40.7,22.2,33.3,3.7,51.9,18.5,25.9,3.7,398.0,387.0,799568.0,898876.0,253924.0,275531.0,484937.0,511898.0,
CUSCO,QUISPICANCHI,51.0,17.7,28.1,3.1,37.5,37.5,19.8,5.2,402.0,409.0,44.1,21.3,24.3,10.3,27.2,39.0,22.1,11.8,417.0,424.0,799568.0,898876.0,253924.0,275531.0,484937.0,511898.0,Q3
CUSCO,QUISPICANCHI,31.6,44.7,6.4,17.3,28.4,47.4,3.1,21.1,472.0,472.0,20.4,40.8,12.1,26.7,16.2,57.2,4.0,22.6,475.0,490.0,799568.0,898876.0,253924.0,275531.0,484937.0,511898.0,Q1
CUSCO,QUISPICANCHI,34.4,40.6,21.9,3.1,40.6,28.1,31.3,0.0,421.0,393.0,44.1,26.5,17.6,11.8,29.4,41.2,20.6,8.8,428.0,417.0,799568.0,898876.0,253924.0,275531.0,484937.0,511898.0,Q3
CUSCO,QUISPICANCHI,25.0,41.7,20.0,13.3,16.7,48.3,18.3,16.7,443.0,443.0,27.6,38.2,6.6,27.6,17.1,47.4,6.6,28.9,475.0,476.0,799568.0,898876.0,253924.0,275531.0,484937.0,511898.0,Q2
CUSCO,QUISPICANCHI,34.9,31.8,19.7,13.6,31.8,50.0,7.6,10.6,429.0,450.0,42.4,21.2,28.9,7.6,31.8,31.8,24.3,12.1,405.0,419.0,799568.0,898876.0,253924.0,275531.0,484937.0,511898.0,Q3
CUSCO,QUISPICANCHI,42.1,33.1,12.5,12.3,27.1,44.4,5.8,22.6,446.0,461.0,26.9,31.8,14.0,27.3,15.5,38.3,14.5,31.6,461.0,480.0,799568.0,898876.0,253924.0,275531.0,484937.0,511898.0,Q2
CUSCO,QUISPICANCHI,38.0,32.5,12.0,17.5,34.8,36.3,17.3,11.6,445.0,431.0,27.4,30.9,19.0,22.7,25.9,35.1,16.2,22.8,449.0,452.0,799568.0,898876.0,253924.0,275531.0,484937.0,511898.0,Q2
CUSCO,QUISPICANCHI,48.0,22.6,19.6,9.9,31.3,29.4,18.6,20.7,422.0,447.0,30.3,33.9,20.2,15.6,32.1,33.9,15.6,18.3,437.0,444.0,799568.0,898876.0,253924.0,275531.0,484937.0,511898.0,Q3
CUSCO,QUISPICANCHI,18.7,43.4,2.4,35.5,16.3,44.6,2.4,36.7,501.0,496.0,24.5,27.6,6.8,41.1,20.9,38.5,4.2,36.4,494.0,495.0,799568.0,898876.0,253924.0,275531.0,484937.0,511898.0,Q1
CUSCO,URUBAMBA,33.0,35.4,11.0,20.7,26.2,36.6,7.3,29.9,455.0,472.0,22.0,33.3,9.3,35.5,11.0,45.0,6.9,37.1,482.0,498.0,799568.0,898876.0,253924.0,275531.0,484937.0,511898.0,Q1
CUSCO,URUBAMBA,39.2,24.3,12.0,24.5,21.0,45.7,6.1,27.3,462.0,480.0,18.1,43.3,9.0,29.5,6.2,52.9,3.3,37.6,482.0,513.0,799568.0,898876.0,253924.0,275531.0,484937.0,511898.0,Q2
CUSCO,URUBAMBA,32.3,46.2,0.0,21.5,15.4,61.5,7.7,15.4,482.0,469.0,26.8,46.4,3.7,23.2,15.9,54.9,4.9,24.4,484.0,474.0,799568.0,898876.0,253924.0,275531.0,484937.0,511898.0,Q1
CUSCO,URUBAMBA,30.2,27.0,28.2,14.6,21.3,22.4,33.8,22.4,420.0,424.0,32.9,22.0,8.5,36.6,25.6,28.0,6.1,40.2,475.0,489.0,799568.0,898876.0,253924.0,275531.0,484937.0,511898.0,Q2
CUSCO,URUBAMBA,38.5,25.9,18.5,17.0,31.9,41.5,11.8,14.8,440.0,443.0,28.1,34.8,18.9,18.1,27.1,38.5,11.7,22.7,446.0,458.0,799568.0,898876.0,253924.0,275531.0,484937.0,511898.0,Q2
CUSCO,URUBAMBA,26.5,30.0,8.2,35.2,19.4,40.7,11.8,28.1,488.0,474.0,24.5,33.5,7.3,34.6,21.7,42.7,6.1,29.4,489.0,483.0,799568.0,898876.0,253924.0,275531.0,484937.0,511898.0,Q1
CUSCO,URUBAMBA,35.5,24.2,4.8,35.5,35.5,41.9,3.2,19.4,478.0,463.0,24.4,35.7,2.0,37.8,13.0,58.3,4.0,24.7,494.0,482.0,799568.0,898876.0,253924.0,275531.0,484937.0,511898.0,Q2
HUANCAVELICA,ACOBAMBA,35.2,37.9,2.6,24.3,24.8,45.0,4.6,25.5,473.0,479.0,15.8,33.3,3.0,47.9,9.7,37.6,3.0,49.7,516.0,525.0,323074.0,360197.0,851077.0,1129287.0,27572.0,31263.0,Q2
HUANCAVELICA,ACOBAMBA,13.2,39.4,32.2,15.2,38.8,36.4,6.6,18.2,432.0,448.0,45.5,29.5,0.0,25.0,25.0,50.0,0.0,25.0,467.0,492.0,323074.0,360197.0,851077.0,1129287.0,27572.0,31263.0,Q3
HUANCAVELICA,ACOBAMBA,68.0,4.0,26.0,2.0,34.0,56.0,8.0,2.0,386.0,423.0,56.7,16.7,21.2,5.5,43.8,40.8,5.9,9.4,404.0,434.0,323074.0,360197.0,851077.0,1129287.0,27572.0,31263.0,Q2
HUANCAVELICA,ACOBAMBA,20.0,40.0,0.0,40.0,6.7,66.7,0.0,26.7,500.0,486.0,25.0,62.5,0.0,12.5,0.0,62.5,0.0,37.5,476.0,513.0,323074.0,360197.0,851077.0,1129287.0,27572.0,31263.0,Q2
HUANCAVELICA,ACOBAMBA,41.7,33.3,25.0,0.0,58.3,8.3,33.3,0.0,404.0,370.0,25.0,33.3,0.0,41.7,0.0,58.3,0.0,41.7,499.0,526.0,323074.0,360197.0,851077.0,1129287.0,27572.0,31263.0,
HUANCAVELICA,ACOBAMBA,22.2,28.9,13.3,35.6,14.4,27.8,7.8,50.0,487.0,518.0,26.8,43.9,8.1,21.1,22.8,55.3,1.6,20.3,466.0,478.0,323074.0,360197.0,851077.0,1129287.0,27572.0,31263.0,Q2
HUANCAVELICA,ACOBAMBA,14.3,28.6,0.0,57.1,14.3,50.0,0.0,35.7,514.0,511.0,5.9,82.4,5.9,5.9,17.6,82.4,0.0,0.0,464.0,448.0,323074.0,360197.0,851077.0,1129287.0,27572.0,31263.0,Q1
HUANCAVELICA,ACOBAMBA,31.7,19.8,30.7,17.9,29.4,26.0,16.1,28.6,420.0,456.0,37.7,21.6,26.7,14.0,15.4,45.8,20.7,18.1,421.0,438.0,323074.0,360197.0,851077.0,1129287.0,27572.0,31263.0,
HUANCAVELICA,ANGARAES,39.1,37.5,15.6,7.8,26.6,40.6,14.1,18.8,435.0,448.0,41.5,15.4,36.9,6.2,32.3,29.2,26.1,12.3,389.0,413.0,323074.0,360197.0,851077.0,1129287.0,27572.0,31263.0,Q2
HUANCAVELICA,ANGARAES,27.3,45.5,0.0,27.3,0.0,9.1,0.0,90.9,495.0,600.0,10.0,50.0,0.0,40.0,10.0,80.0,0.0,10.0,498.0,483.0,323074.0,360197.0,851077.0,1129287.0,27572.0,31263.0,
HUANCAVELICA,ANGARAES,14.3,55.7,5.7,24.3,7.1,44.3,0.0,48.6,481.0,515.0,40.3,32.8,7.5,19.4,14.9,56.7,4.5,23.9,458.0,491.0,323074.0,360197.0,851077.0,1129287.0,27572.0,31263.0,Q3
HUANCAVELICA,ANGARAES,0.0,66.7,0.0,33.3,0.0,16.7,0.0,83.3,498.0,579.0,,,,,,,,,,,323074.0,360197.0,851077.0,1129287.0,27572.0,31263.0,Q1
HUANCAVELICA,ANGARAES,27.0,40.5,0.0,32.4,8.1,56.8,0.0,35.1,487.0,528.0,34.8,30.3,11.6,23.3,23.2,46.6,9.3,21.0,450.0,462.0,323074.0,360197.0,851077.0,1129287.0,27572.0,31263.0,Q1
HUANCAVELICA,ANGARAES,50.0,45.0,0.0,5.0,2.5,65.0,0.0,32.5,449.0,509.0,45.8,25.0,25.0,4.2,25.0,41.7,20.8,12.5,403.0,429.0,323074.0,360197.0,851077.0,1129287.0,27572.0,31263.0,
HUANCAVELICA,ANGARAES,80.0,0.0,20.0,0.0,46.7,26.7,6.7,20.0,390.0,436.0,56.5,21.7,13.0,8.7,17.4,52.2,0.0,30.4,428.0,496.0,323074.0,360197.0,851077.0,1129287.0,27572.0,31263.0,
HUANCAVELICA,ANGARAES,37.5,37.5,0.0,25.0,0.0,87.5,0.0,12.5,475.0,499.0,33.3,16.7,33.3,16.7,33.3,33.3,16.7,16.7,459.0,434.0,323074.0,360197.0,851077.0,1129287.0,27572.0,31263.0,Q2
HUANCAVELICA,ANGARAES,17.3,30.7,9.0,43.0,15.6,21.7,4.5,58.2,495.0,530.0,18.4,39.3,8.4,34.0,9.6,36.4,3.8,50.2,484.0,523.0,323074.0,360197.0,851077.0,1129287.0,27572.0,31263.0,Q2
HUANCAVELICA,ANGARAES,15.4,46.2,23.1,15.4,30.8,23.1,23.1,23.1,445.0,449.0,,,,,,,,,,,323074.0,360197.0,851077.0,1129287.0,27572.0,31263.0,Q1
HUANCAVELICA,ANGARAES,33.3,28.6,28.6,9.5,19.0,28.6,28.6,23.8,414.0,430.0,50.0,18.7,25.0,6.3,0.0,75.0,18.8,6.2,391.0,446.0,323074.0,360197.0,851077.0,1129287.0,27572.0,31263.0,
HUANCAVELICA,ANGARAES,37.5,13.5,49.0,0.0,33.3,26.0,40.6,0.0,361.0,377.0,,,,,,,,,,,323074.0,360197.0,851077.0,1129287.0,27572.0,31263.0,Q4
HUANCAVELICA,CASTROVIRREYNA,,,,,,,,,,,0.0,0.0,0.0,100.0,0.0,0.0,0.0,100.0,559.0,600.0,323074.0,360197.0,851077.0,1129287.0,27572.0,31263.0,
HUANCAVELICA,CASTROVIRREYNA,26.7,60.0,6.7,6.7,6.7,60.0,0.0,33.3,457.0,509.0,25.8,32.2,25.8,16.1,25.8,51.6,16.1,6.4,423.0,431.0,323074.0,360197.0,851077.0,1129287.0,27572.0,31263.0,Q3
HUANCAVELICA,CASTROVIRREYNA,72.9,20.8,0.0,6.3,53.1,33.3,7.3,6.3,423.0,427.0,37.5,37.5,0.0,25.0,37.5,12.5,0.0,50.0,461.0,487.0,323074.0,360197.0,851077.0,1129287.0,27572.0,31263.0,Q1
HUANCAVELICA,CASTROVIRREYNA,29.5,31.1,23.0,16.4,29.5,31.1,32.8,6.6,437.0,405.0,22.8,40.9,2.3,34.1,15.9,54.5,2.3,27.3,496.0,486.0,323074.0,360197.0,851077.0,1129287.0,27572.0,31263.0,Q2
HUANCAVELICA,CASTROVIRREYNA,75.0,0.0,0.0,25.0,50.0,25.0,0.0,25.0,452.0,460.0,,,,,,,,,,,323074.0,360197.0,851077.0,1129287.0,27572.0,31263.0,Q3
HUANCAVELICA,CASTROVIRREYNA,23.8,35.7,19.0,21.4,35.7,57.1,0.0,7.1,463.0,447.0,50.0,33.3,0.0,16.7,33.3,50.0,16.7,0.0,462.0,425.0,323074.0,360197.0,851077.0,1129287.0,27572.0,31263.0,Q3
HUANCAVELICA,CASTROVIRREYNA,66.7,33.3,0.0,0.0,0.0,83.3,16.7,0.0,431.0,464.0,50.0,16.7,33.3,0.0,50.0,50.0,0.0,0.0,356.0,424.0,323074.0,360197.0,851077.0,1129287.0,27572.0,31263.0,
HUANCAVELICA,CASTROVIRREYNA,57.1,42.9,0.0,0.0,42.9,42.9,0.0,14.3,434.0,434.0,20.0,20.0,20.0,40.0,20.0,40.0,0.0,40.0,459.0,481.0,323074.0,360197.0,851077.0,1129287.0,27572.0,31263.0,
HUANCAVELICA,CASTROVIRREYNA,63.9,19.4,16.7,0.0,80.6,9.7,9.7,0.0,410.0,394.0,22.2,55.6,11.1,11.1,22.2,55.6,0.0,22.2,455.0,477.0,323074.0,360197.0,851077.0,1129287.0,27572.0,31263.0,
HUANCAVELICA,CASTROVIRREYNA,60.0,40.0,0.0,0.0,20.0,80.0,0.0,0.0,443.0,452.0,,,,,,,,,,,323074.0,360197.0,851077.0,1129287.0,27572.0,31263.0,
HUANCAVELICA,CASTROVIRREYNA,,,,,,,,,,,50.0,10.0,0.0,40.0,10.0,80.0,0.0,10.0,465.0,474.0,323074.0,360197.0,851077.0,1129287.0,27572.0,31263.0,Q3
HUANCAVELICA,CASTROVIRREYNA,17.6,52.9,0.0,29.4,17.6,64.7,0.0,17.6,487.0,467.0,43.4,26.2,12.8,17.6,35.0,39.0,9.0,18.0,441.0,437.0,323074.0,360197.0,851077.0,1129287.0,27572.0,31263.0,Q3
HUANCAVELICA,CHURCAMPA,46.3,21.0,26.8,6.0,37.6,38.0,16.4,8.0,408.0,426.0,38.9,20.4,32.4,8.3,35.2,36.1,20.4,8.3,400.0,420.0,323074.0,360197.0,851077.0,1129287.0,27572.0,31263.0,Q1
HUANCAVELICA,CHURCAMPA,54.0,11.4,32.7,1.9,49.9,20.9,25.5,3.8,383.0,385.0,39.4,18.2,12.1,30.3,9.1,54.5,6.1,30.3,456.0,486.0,323074.0,360197.0,851077.0,1129287.0,27572.0,31263.0,Q1
HUANCAVELICA,CHURCAMPA,29.4,36.3,4.9,29.3,20.8,48.8,2.5,28.0,485.0,483.0,31.0,29.1,12.0,27.9,18.9,36.9,4.9,39.3,468.0,496.0,323074.0,360197.0,851077.0,1129287.0,27572.0,31263.0,Q1
HUANCAVELICA,CHURCAMPA,39.8,28.9,20.4,10.9,31.5,40.0,8.9,19.6,428.0,453.0,29.3,27.7,3.1,40.0,9.2,67.7,0.0,23.1,489.0,491.0,323074.0,360197.0,851077.0,1129287.0,27572.0,31263.0,Q3
HUANCAVELICA,CHURCAMPA,50.0,18.4,28.9,2.6,47.4,15.8,36.8,0.0,396.0,379.0,43.2,24.3,24.3,8.1,21.7,43.2,24.3,10.8,415.0,427.0,323074.0,360197.0,851077.0,1129287.0,27572.0,31263.0,Q3
HUANCAVELICA,CHURCAMPA,38.5,15.4,38.5,7.7,53.8,7.7,38.5,0.0,399.0,369.0,45.0,22.5,30.0,2.5,40.0,27.5,30.0,2.5,390.0,386.0,323074.0,360197.0,851077.0,1129287.0,27572.0,31263.0,Q4
HUANCAVELICA,CHURCAMPA,38.0,51.0,0.0,11.0,28.0,46.0,0.0,26.0,462.0,484.0,17.9,39.3,10.7,32.1,7.2,64.3,0.0,28.6,474.0,499.0,323074.0,360197.0,851077.0,1129287.0,27572.0,31263.0,Q3
HUANCAVELICA,CHURCAMPA,31.0,37.9,13.8,17.2,39.7,36.2,6.9,17.2,451.0,451.0,18.9,25.0,13.3,42.8,16.9,21.5,5.5,56.1,494.0,528.0,323074.0,360197.0,851077.0,1129287.0,27572.0,31263.0,Q1
HUANCAVELICA,CHURCAMPA,7.1,52.4,0.0,40.5,7.1,45.2,0.0,47.6,515.0,529.0,5.9,47.0,5.9,41.2,23.5,53.0,5.9,17.6,491.0,454.0,323074.0,360197.0,851077.0,1129287.0,27572.0,31263.0,Q2
HUANCAVELICA,CHURCAMPA,9.0,33.3,12.0,45.7,21.3,36.6,6.0,36.1,500.0,488.0,36.8,29.5,2.6,31.1,16.3,52.4,0.0,31.3,480.0,489.0,323074.0,360197.0,851077.0,1129287.0,27572.0,31263.0,Q3
HUANCAVELICA,HUANCAVELICA,28.6,0.0,71.4,0.0,28.6,14.3,57.1,0.0,336.0,337.0,46.8,26.6,17.4,9.2,27.5,54.6,4.4,13.5,420.0,456.0,323074.0,360197.0,851077.0,1129287.0,27572.0,31263.0,Q3
HUANCAVELICA,HUANCAVELICA,36.5,28.9,21.1,13.4,28.7,35.7,21.4,14.2,428.0,432.0,36.0,27.6,21.9,14.5,25.8,37.7,14.8,21.8,431.0,448.0,323074.0,360197.0,851077.0,1129287.0,27572.0,31263.0,Q2
HUANCAVELICA,HUANCAVELICA,31.3,30.4,4.6,33.7,11.0,47.9,8.3,32.8,484.0,494.0,32.1,33.0,6.5,28.4,14.8,50.4,2.7,32.1,478.0,500.0,323074.0,360197.0,851077.0,1129287.0,27572.0,31263.0,Q1
HUANCAVELICA,HUANCAVELICA,58.3,25.0,16.7,0.0,50.0,33.3,8.3,8.3,416.0,410.0,20.0,40.0,0.0,40.0,0.0,80.0,0.0,20.0,514.0,490.0,323074.0,360197.0,851077.0,1129287.0,27572.0,31263.0,
HUANCAVELICA,HUANCAVELICA,30.6,36.0,20.4,12.9,16.7,33.9,10.8,38.7,446.0,480.0,48.1,16.5,27.2,8.1,44.1,32.0,11.8,12.2,409.0,439.0,323074.0,360197.0,851077.0,1129287.0,27572.0,31263.0,Q3
HUANCAVELICA,HUANCAVELICA,40.6,25.0,6.3,28.1,34.4,25.0,9.4,31.2,465.0,487.0,42.9,18.4,32.7,6.1,28.6,51.0,16.4,4.1,389.0,422.0,323074.0,360197.0,851077.0,1129287.0,27572.0,31263.0,Q4
HUANCAVELICA,HUANCAVELICA,22.4,33.5,3.6,40.5,15.5,45.0,5.4,34.2,503.0,497.0,16.8,31.8,4.2,47.2,11.1,40.8,2.9,45.2,511.0,516.0,323074.0,360197.0,851077.0,1129287.0,27572.0,31263.0,Q1
HUANCAVELICA,HUANCAVELICA,41.7,23.5,25.7,9.1,40.5,31.5,18.0,10.0,413.0,421.0,36.7,19.7,29.7,13.9,29.9,36.4,17.1,16.7,422.0,431.0,323074.0,360197.0,851077.0,1129287.0,27572.0,31263.0,Q3
HUANCAVELICA,HUANCAVELICA,55.6,33.3,0.0,11.1,55.6,22.2,11.1,11.1,459.0,408.0,87.5,0.0,12.5,0.0,12.5,75.0,0.0,12.5,407.0,484.0,323074.0,360197.0,851077.0,1129287.0,27572.0,31263.0,
HUANCAVELICA,HUANCAVELICA,0.0,57.9,0.0,42.1,0.0,47.4,0.0,52.6,516.0,539.0,10.5,42.1,0.0,47.4,0.0,52.6,0.0,47.4,506.0,531.0,323074.0,360197.0,851077.0,1129287.0,27572.0,31263.0,Q2
HUANCAVELICA,HUANCAVELICA,16.7,66.7,0.0,16.7,50.0,50.0,0.0,0.0,481.0,430.0,0.0,20.0,0.0,80.0,20.0,20.0,0.0,60.0,540.0,525.0,323074.0,360197.0,851077.0,1129287.0,27572.0,31263.0,
HUANCAVELICA,HUANCAVELICA,51.4,27.1,21.4,0.0,44.3,7.1,48.6,0.0,389.0,351.0,33.3,33.3,33.3,0.0,33.3,50.0,16.7,0.0,383.0,427.0,323074.0,360197.0,851077.0,1129287.0,27572.0,31263.0,Q2
HUANCAVELICA,HUANCAVELICA,31.3,43.8,6.3,18.8,18.8,56.3,0.0,25.0,469.0,494.0,26.9,34.6,23.1,15.4,30.8,26.9,15.4,26.9,429.0,450.0,323074.0,360197.0,851077.0,1129287.0,27572.0,31263.0,Q1
HUANCAVELICA,HUANCAVELICA,16.7,33.3,0.0,50.0,16.7,50.0,0.0,33.3,516.0,490.0,0.0,16.7,0.0,83.3,16.7,16.7,0.0,66.7,539.0,594.0,323074.0,360197.0,851077.0,1129287.0,27572.0,31263.0,Q2
HUANCAVELICA,HUANCAVELICA,32.4,51.7,2.6,13.4,12.8,37.8,2.6,46.8,461.0,517.0,31.5,42.8,5.7,20.0,11.4,51.4,2.9,34.3,466.0,495.0,323074.0,360197.0,851077.0,1129287.0,27572.0,31263.0,Q3
HUANCAVELICA,HUANCAVELICA,25.7,54.3,0.0,20.0,14.3,65.7,8.6,11.4,479.0,460.0,40.5,16.2,24.4,18.9,37.9,40.5,10.8,10.8,420.0,433.0,323074.0,360197.0,851077.0,1129287.0,27572.0,31263.0,Q2
HUANCAVELICA,HUANCAVELICA,42.9,14.3,28.6,14.3,14.3,14.3,42.9,28.6,423.0,452.0,20.0,60.0,0.0,20.0,40.0,40.0,20.0,0.0,476.0,429.0,323074.0,360197.0,851077.0,1129287.0,27572.0,31263.0,Q4
HUANCAVELICA,HUANCAVELICA,33.3,27.8,33.3,5.6,33.3,27.8,16.7,22.2,409.0,441.0,45.2,19.4,32.3,3.2,32.3,51.6,9.7,6.5,388.0,427.0,323074.0,360197.0,851077.0,1129287.0,27572.0,31263.0,Q3
HUANCAVELICA,HUANCAVELICA,46.3,18.1,32.5,3.0,40.0,31.8,21.5,6.8,393.0,408.0,44.7,18.3,29.3,7.7,29.0,48.0,13.0,9.0,400.0,435.0,323074.0,360197.0,851077.0,1129287.0,27572.0,31263.0,Q1
HUANCAVELICA,HUAYTARÁ,25.0,25.0,50.0,0.0,75.0,25.0,0.0,0.0,387.0,403.0,44.4,11.1,22.2,22.3,22.2,44.4,11.1,22.3,434.0,450.0,323074.0,360197.0,851077.0,1129287.0,27572.0,31263.0,Q3
HUANCAVELICA,HUAYTARÁ,22.2,38.9,5.6,33.3,22.2,55.6,8.3,13.9,489.0,453.0,11.4,28.6,0.0,60.0,5.7,48.6,0.0,45.7,541.0,526.0,323074.0,360197.0,851077.0,1129287.0,27572.0,31263.0,Q2
HUANCAVELICA,HUAYTARÁ,42.9,42.9,0.0,14.3,0.0,71.4,14.3,14.3,461.0,459.0,60.0,20.0,20.0,0.0,60.0,20.0,20.0,0.0,379.0,397.0,323074.0,360197.0,851077.0,1129287.0,27572.0,31263.0,Q4
HUANCAVELICA,HUAYTARÁ,55.6,44.4,0.0,0.0,33.3,44.4,0.0,22.2,442.0,456.0,33.3,0.0,16.7,50.0,33.3,50.0,0.0,16.7,452.0,455.0,323074.0,360197.0,851077.0,1129287.0,27572.0,31263.0,Q3
HUANCAVELICA,HUAYTARÁ,25.9,23.5,22.2,28.4,45.7,28.4,14.8,11.1,447.0,413.0,47.0,12.0,25.0,16.0,21.0,36.0,31.0,12.0,416.0,420.0,323074.0,360197.0,851077.0,1129287.0,27572.0,31263.0,Q3
HUANCAVELICA,HUAYTARÁ,11.1,66.7,0.0,22.2,0.0,88.9,0.0,11.1,491.0,475.0,0.0,42.9,0.0,57.1,0.0,57.1,0.0,42.9,519.0,535.0,323074.0,360197.0,851077.0,1129287.0,27572.0,31263.0,Q3
HUANCAVELICA,HUAYTARÁ,18.8,31.3,0.0,50.0,9.4,56.3,3.1,31.3,512.0,509.0,46.2,23.1,11.5,19.2,23.1,19.2,19.2,38.4,443.0,464.0,323074.0,360197.0,851077.0,1129287.0,27572.0,31263.0,Q2
HUANCAVELICA,HUAYTARÁ,16.7,66.7,0.0,16.7,66.7,33.3,0.0,0.0,496.0,420.0,58.3,16.7,25.0,0.0,50.0,25.0,25.0,0.0,388.0,387.0,323074.0,360197.0,851077.0,1129287.0,27572.0,31263.0,Q4
HUANCAVELICA,HUAYTARÁ,0.0,50.0,0.0,50.0,0.0,50.0,0.0,50.0,551.0,560.0,20.0,60.0,20.0,0.0,0.0,100.0,0.0,0.0,457.0,466.0,323074.0,360197.0,851077.0,1129287.0,27572.0,31263.0,
HUANCAVELICA,HUAYTARÁ,25.0,46.1,5.6,23.3,26.4,23.6,0.0,50.0,485.0,496.0,60.0,20.0,20.0,0.0,60.0,20.0,20.0,0.0,390.0,390.0,323074.0,360197.0,851077.0,1129287.0,27572.0,31263.0,Q3
HUANCAVELICA,HUAYTARÁ,,,,,,,,,,,,,,,,,,,,,323074.0,360197.0,851077.0,1129287.0,27572.0,31263.0,
HUANCAVELICA,HUAYTARÁ,,,,,,,,,,,42.9,28.6,14.3,14.3,42.9,42.9,0.0,14.3,449.0,455.0,323074.0,360197.0,851077.0,1129287.0,27572.0,31263.0,Q2
HUANCAVELICA,TAYACAJA,36.7,33.3,19.7,10.3,35.5,41.9,19.2,3.4,432.0,411.0,8.4,36.1,0.0,55.5,0.0,33.4,0.0,66.6,537.0,572.0,323074.0,360197.0,851077.0,1129287.0,27572.0,31263.0,Q2
HUANCAVELICA,TAYACAJA,56.5,17.1,23.1,3.2,43.1,37.5,16.7,2.8,399.0,410.0,11.1,66.7,0.0,22.2,0.0,38.9,0.0,61.1,494.0,561.0,323074.0,360197.0,851077.0,1129287.0,27572.0,31263.0,Q2
HUANCAVELICA,TAYACAJA,29.7,45.3,11.3,13.7,33.6,50.7,7.7,8.0,454.0,446.0,39.5,27.9,20.9,11.6,18.6,46.5,11.6,23.3,424.0,458.0,323074.0,360197.0,851077.0,1129287.0,27572.0,31263.0,Q1
HUANCAVELICA,TAYACAJA,36.3,17.3,42.3,4.0,29.7,21.3,47.7,1.3,381.0,372.0,38.4,16.6,34.7,10.3,44.7,28.3,20.6,6.4,398.0,404.0,323074.0,360197.0,851077.0,1129287.0,27572.0,31263.0,Q2
HUANCAVELICA,TAYACAJA,48.1,29.8,14.6,7.5,29.6,42.9,14.9,12.6,426.0,434.0,38.7,24.7,19.5,17.1,24.5,40.9,13.8,20.8,432.0,452.0,323074.0,360197.0,851077.0,1129287.0,27572.0,31263.0,Q3
HUANCAVELICA,TAYACAJA,46.2,25.7,21.4,6.7,35.8,35.1,18.9,10.2,415.0,428.0,30.2,28.8,4.6,36.5,15.4,40.2,2.9,41.5,482.0,510.0,323074.0,360197.0,851077.0,1129287.0,27572.0,31263.0,Q2
HUANCAVELICA,TAYACAJA,22.4,44.9,12.2,20.4,22.4,40.8,14.3,22.4,460.0,455.0,37.9,30.2,22.1,9.8,29.8,39.7,14.3,16.2,420.0,439.0,323074.0,360197.0,851077.0,1129287.0,27572.0,31263.0,Q1
HUANCAVELICA,TAYACAJA,45.7,28.3,20.7,5.3,32.3,43.7,16.3,7.7,414.0,426.0,47.1,23.5,17.7,11.8,19.6,56.9,11.8,11.7,418.0,456.0,323074.0,360197.0,851077.0,1129287.0,27572.0,31263.0,Q3
HUANCAVELICA,TAYACAJA,20.7,33.6,6.3,39.3,14.2,35.3,6.1,44.4,499.0,511.0,17.7,24.6,4.7,52.9,8.4,36.9,3.0,51.8,520.0,538.0,323074.0,360197.0,851077.0,1129287.0,27572.0,31263.0,Q1
HUANCAVELICA,TAYACAJA,44.2,29.3,20.7,5.8,33.2,37.0,19.5,10.3,411.0,427.0,32.6,31.8,5.3,30.3,23.5,35.4,6.3,34.8,465.0,491.0,323074.0,360197.0,851077.0,1129287.0,27572.0,31263.0,Q3
HUANCAVELICA,TAYACAJA,,,,,,,,,,,50.0,21.4,26.2,2.4,40.5,28.5,23.9,7.1,397.0,408.0,323074.0,360197.0,851077.0,1129287.0,27572.0,31263.0,Q3
HUANCAVELICA,TAYACAJA,49.7,23.0,19.3,8.0,27.7,41.1,15.9,15.3,420.0,444.0,40.3,19.2,23.4,17.1,35.0,34.8,13.8,16.3,427.0,436.0,323074.0,360197.0,851077.0,1129287.0,27572.0,31263.0,Q3
HUANCAVELICA,TAYACAJA,5.9,70.6,0.0,23.5,0.0,52.9,0.0,47.1,504.0,531.0,44.4,27.8,5.6,22.2,16.7,50.0,11.1,22.2,456.0,471.0,323074.0,360197.0,851077.0,1129287.0,27572.0,31263.0,
HUANCAVELICA,TAYACAJA,29.8,41.2,8.2,20.8,9.7,53.3,16.2,20.8,460.0,458.0,29.2,26.3,12.2,32.3,14.5,51.1,8.0,26.3,465.0,486.0,323074.0,360197.0,851077.0,1129287.0,27572.0,31263.0,Q3
HUANCAVELICA,TAYACAJA,50.0,29.5,9.1,11.4,38.6,36.4,15.9,9.1,434.0,419.0,23.1,7.7,15.4,53.7,15.4,46.2,0.0,38.4,492.0,516.0,323074.0,360197.0,851077.0,1129287.0,27572.0,31263.0,Q1
HUANCAVELICA,TAYACAJA,50.0,32.5,2.5,15.0,27.5,32.5,12.5,27.5,455.0,468.0,42.9,23.8,7.1,26.2,26.2,45.2,4.8,23.8,463.0,480.0,323074.0,360197.0,851077.0,1129287.0,27572.0,31263.0,Q1
HUANCAVELICA,TAYACAJA,,,,,,,,,,,26.0,33.3,22.3,18.5,33.4,40.7,11.1,14.8,437.0,441.0,323074.0,360197.0,851077.0,1129287.0,27572.0,31263.0,Q4
HUANCAVELICA,TAYACAJA,53.2,22.7,16.4,7.7,42.2,44.7,7.3,5.8,416.0,428.0,42.1,17.5,33.4,7.0,33.3,43.8,12.3,10.5,392.0,442.0,323074.0,360197.0,851077.0,1129287.0,27572.0,31263.0,Q1
HUANCAVELICA,TAYACAJA,57.6,27.3,6.1,9.1,18.2,69.7,3.0,9.1,434.0,463.0,36.2,25.0,23.5,15.3,36.4,32.5,15.8,15.3,426.0,436.0,323074.0,360197.0,851077.0,1129287.0,27572.0,31263.0,Q2
HUANCAVELICA,TAYACAJA,17.4,64.1,13.0,5.4,21.7,59.8,13.0,5.4,450.0,439.0,14.2,44.1,0.0,41.7,11.3,27.9,0.0,60.8,508.0,545.0,323074.0,360197.0,851077.0,1129287.0,27572.0,31263.0,Q1
HUANUCO,AMBO,32.6,31.2,16.6,19.6,25.2,41.6,17.4,15.7,445.0,439.0,26.1,34.1,12.4,27.4,15.9,42.7,12.1,29.4,464.0,474.0,536964.0,600651.0,111524.0,364012.0,202087.0,220337.0,Q3
HUANUCO,AMBO,30.6,32.6,6.1,30.6,12.2,40.8,4.1,42.8,478.0,499.0,34.5,24.2,27.6,13.8,31.0,27.6,41.4,0.0,408.0,375.0,536964.0,600651.0,111524.0,364012.0,202087.0,220337.0,Q4
HUANUCO,AMBO,41.9,32.3,22.6,3.2,19.4,32.3,32.3,16.1,410.0,418.0,39.1,18.8,42.2,0.0,21.9,51.6,7.8,18.8,389.0,466.0,536964.0,600651.0,111524.0,364012.0,202087.0,220337.0,Q4
HUANUCO,AMBO,32.1,27.9,24.8,15.1,43.6,47.3,6.1,3.0,421.0,440.0,29.8,31.9,23.4,14.9,26.2,58.7,10.9,4.3,432.0,444.0,536964.0,600651.0,111524.0,364012.0,202087.0,220337.0,Q4
HUANUCO,AMBO,37.1,25.3,22.9,14.7,27.6,22.1,27.2,23.2,435.0,435.0,30.6,35.6,8.2,25.6,29.4,31.1,10.6,28.9,467.0,475.0,536964.0,600651.0,111524.0,364012.0,202087.0,220337.0,Q3
HUANUCO,AMBO,32.3,32.3,19.4,16.1,16.1,45.2,19.4,19.3,438.0,447.0,46.7,33.4,20.0,0.0,53.4,20.0,26.7,0.0,417.0,390.0,536964.0,600651.0,111524.0,364012.0,202087.0,220337.0,Q4
HUANUCO,AMBO,44.7,23.3,25.1,6.9,27.7,40.2,24.9,7.2,409.0,417.0,36.7,20.9,27.4,15.1,25.5,24.9,27.3,22.3,420.0,432.0,536964.0,600651.0,111524.0,364012.0,202087.0,220337.0,Q4
HUANUCO,AMBO,32.5,33.5,10.1,23.8,28.4,39.5,11.3,20.8,460.0,452.0,24.6,34.7,5.1,35.7,11.6,52.4,6.3,29.6,483.0,477.0,536964.0,600651.0,111524.0,364012.0,202087.0,220337.0,Q2
HUANUCO,DOS DE MAYO,41.1,12.6,44.2,2.1,35.9,22.1,37.8,4.2,375.0,382.0,26.8,10.2,62.1,0.9,33.7,17.9,43.7,4.7,345.0,371.0,536964.0,600651.0,111524.0,364012.0,202087.0,220337.0,Q3
HUANUCO,DOS DE MAYO,29.9,37.8,15.7,16.6,22.2,37.7,21.2,18.9,447.0,436.0,29.2,28.5,21.1,21.3,25.8,42.4,16.7,15.1,441.0,439.0,536964.0,600651.0,111524.0,364012.0,202087.0,220337.0,Q3
HUANUCO,DOS DE MAYO,39.4,8.5,51.5,0.6,32.4,16.9,48.3,2.4,364.0,362.0,33.2,15.2,45.0,6.6,32.8,27.2,32.7,7.3,382.0,392.0,536964.0,600651.0,111524.0,364012.0,202087.0,220337.0,Q4
HUANUCO,DOS DE MAYO,38.5,24.2,22.7,14.6,32.1,38.9,13.6,15.5,429.0,440.0,40.7,27.2,18.9,13.2,43.0,39.4,13.4,4.1,425.0,416.0,536964.0,600651.0,111524.0,364012.0,202087.0,220337.0,Q2
HUANUCO,DOS DE MAYO,18.8,56.3,0.0,25.0,31.3,56.3,0.0,12.5,488.0,452.0,50.0,18.8,31.3,0.0,50.0,25.0,18.7,6.2,383.0,408.0,536964.0,600651.0,111524.0,364012.0,202087.0,220337.0,Q2
HUANUCO,DOS DE MAYO,29.4,34.9,14.1,21.5,22.4,35.6,11.2,30.8,449.0,468.0,43.0,27.7,28.0,1.3,30.9,26.6,34.7,7.8,393.0,403.0,536964.0,600651.0,111524.0,364012.0,202087.0,220337.0,Q3
HUANUCO,DOS DE MAYO,43.7,20.8,20.8,14.6,31.2,31.3,12.5,25.0,426.0,454.0,44.8,11.4,38.1,5.7,38.4,20.6,32.4,8.6,376.0,389.0,536964.0,600651.0,111524.0,364012.0,202087.0,220337.0,Q3
HUANUCO,DOS DE MAYO,42.0,31.7,12.2,14.2,19.3,38.5,24.5,17.7,434.0,431.0,35.3,17.6,17.6,29.4,41.2,35.3,0.0,23.5,452.0,466.0,536964.0,600651.0,111524.0,364012.0,202087.0,220337.0,Q1
HUANUCO,DOS DE MAYO,33.9,22.3,37.9,5.9,32.3,35.5,29.2,2.9,399.0,398.0,50.6,17.1,32.2,0.0,29.8,38.0,32.2,0.0,387.0,389.0,536964.0,600651.0,111524.0,364012.0,202087.0,220337.0,Q4
HUANUCO,HUACAYBAMBA,47.1,16.4,36.4,0.0,42.4,9.2,48.4,0.0,380.0,358.0,38.2,14.8,43.2,3.7,29.1,24.0,45.0,1.9,377.0,377.0,536964.0,600651.0,111524.0,364012.0,202087.0,220337.0,
HUANUCO,HUACAYBAMBA,25.8,12.7,61.5,0.0,21.1,8.7,65.8,4.4,354.0,343.0,50.0,3.6,39.3,7.1,35.7,17.8,46.5,0.0,374.0,371.0,536964.0,600651.0,111524.0,364012.0,202087.0,220337.0,Q4
HUANUCO,HUACAYBAMBA,35.2,17.1,39.4,8.3,24.6,18.2,52.3,4.9,387.0,368.0,31.9,35.4,16.0,16.7,25.0,43.7,17.4,13.9,443.0,436.0,536964.0,600651.0,111524.0,364012.0,202087.0,220337.0,
HUANUCO,HUACAYBAMBA,34.2,25.6,34.1,6.1,27.2,23.1,40.4,9.3,399.0,393.0,25.0,18.7,37.8,18.4,24.1,31.9,34.9,9.1,406.0,402.0,536964.0,600651.0,111524.0,364012.0,202087.0,220337.0,
HUANUCO,HUAMALÍES,47.1,20.6,29.4,2.9,38.2,35.3,26.5,0.0,397.0,394.0,50.0,25.0,25.0,0.0,43.8,25.0,12.5,18.8,403.0,424.0,536964.0,600651.0,111524.0,364012.0,202087.0,220337.0,Q3
HUANUCO,HUAMALÍES,45.5,19.6,28.4,6.5,32.4,17.0,44.1,6.5,400.0,378.0,45.9,32.5,12.1,9.5,49.8,21.8,18.8,9.6,430.0,409.0,536964.0,600651.0,111524.0,364012.0,202087.0,220337.0,Q3
HUANUCO,HUAMALÍES,33.8,20.7,35.9,9.5,37.3,23.3,36.8,2.6,407.0,386.0,37.4,26.1,29.0,7.6,29.9,32.6,20.7,16.9,408.0,432.0,536964.0,600651.0,111524.0,364012.0,202087.0,220337.0,Q3
HUANUCO,HUAMALÍES,40.0,6.7,46.7,6.7,33.3,20.0,40.0,6.7,367.0,382.0,34.6,38.5,15.4,11.5,30.8,53.8,11.5,3.8,439.0,420.0,536964.0,600651.0,111524.0,364012.0,202087.0,220337.0,Q4
HUANUCO,HUAMALÍES,35.1,20.8,31.2,13.0,30.6,23.5,36.1,9.7,410.0,397.0,32.3,24.0,27.6,16.1,30.8,31.2,20.9,17.1,424.0,429.0,536964.0,600651.0,111524.0,364012.0,202087.0,220337.0,Q2
HUANUCO,HUAMALÍES,50.9,17.2,29.1,2.9,29.2,25.9,42.0,2.9,396.0,380.0,36.9,20.0,40.0,3.1,40.0,29.2,23.1,7.7,384.0,402.0,536964.0,600651.0,111524.0,364012.0,202087.0,220337.0,Q4
HUANUCO,HUAMALÍES,36.8,29.2,19.1,14.9,34.7,32.3,17.8,15.1,433.0,431.0,32.3,31.0,10.5,26.2,25.6,37.5,5.1,31.9,464.0,482.0,536964.0,600651.0,111524.0,364012.0,202087.0,220337.0,Q2
HUANUCO,HUAMALÍES,46.6,15.5,32.8,5.2,44.8,25.9,27.6,1.7,399.0,389.0,34.1,22.0,34.1,9.8,39.0,41.5,9.8,9.8,409.0,429.0,536964.0,600651.0,111524.0,364012.0,202087.0,220337.0,Q3
HUANUCO,HUAMALÍES,37.2,7.2,49.9,5.6,40.3,9.9,47.1,2.8,372.0,362.0,29.9,13.4,52.2,4.5,38.8,17.9,40.3,3.0,371.0,377.0,536964.0,600651.0,111524.0,364012.0,202087.0,220337.0,Q3
HUANUCO,HUAMALÍES,41.1,16.3,36.2,6.5,32.9,26.0,36.2,4.9,389.0,382.0,41.6,25.2,28.7,4.5,44.4,32.0,21.3,2.3,407.0,399.0,536964.0,600651.0,111524.0,364012.0,202087.0,220337.0,
HUANUCO,HUAMALÍES,48.8,18.8,24.3,8.1,51.5,26.8,21.7,0.0,405.0,400.0,60.9,26.1,8.7,4.3,52.2,34.8,4.3,8.7,421.0,429.0,536964.0,600651.0,111524.0,364012.0,202087.0,220337.0,
HUANUCO,HUÁNUCO,26.4,34.3,9.0,30.3,23.0,44.4,10.0,22.6,477.0,464.0,24.9,32.1,10.4,32.6,21.1,41.4,10.0,27.4,479.0,472.0,536964.0,600651.0,111524.0,364012.0,202087.0,220337.0,Q2
HUANUCO,HUÁNUCO,46.7,24.4,20.3,8.6,37.0,36.4,20.3,6.3,416.0,413.0,37.3,35.3,16.8,10.5,26.9,45.1,16.5,11.5,434.0,437.0,536964.0,600651.0,111524.0,364012.0,202087.0,220337.0,Q3
HUANUCO,HUÁNUCO,37.0,10.9,50.0,2.0,30.1,19.2,49.3,1.4,365.0,365.0,39.0,11.3,48.6,1.1,32.7,22.6,41.8,2.9,359.0,377.0,536964.0,600651.0,111524.0,364012.0,202087.0,220337.0,Q4
HUANUCO,HUÁNUCO,24.2,37.2,5.0,33.6,23.5,45.8,6.2,24.5,491.0,474.0,23.9,33.0,6.6,36.4,19.2,44.5,7.3,29.1,490.0,480.0,536964.0,600651.0,111524.0,364012.0,202087.0,220337.0,Q2
HUANUCO,HUÁNUCO,51.3,11.7,37.0,0.0,28.3,16.0,54.0,1.7,370.0,356.0,38.1,7.9,50.0,4.0,39.4,22.4,34.2,3.9,366.0,375.0,536964.0,600651.0,111524.0,364012.0,202087.0,220337.0,Q4
HUANUCO,HUÁNUCO,26.7,43.0,3.7,26.6,18.9,58.8,3.7,18.6,480.0,475.0,26.6,35.4,6.8,31.2,22.0,46.5,7.0,24.4,478.0,472.0,536964.0,600651.0,111524.0,364012.0,202087.0,220337.0,Q2
HUANUCO,HUÁNUCO,33.7,20.9,44.1,1.3,32.0,26.6,34.4,7.0,380.0,397.0,33.3,13.0,50.7,2.9,42.0,17.4,37.7,2.9,366.0,373.0,536964.0,600651.0,111524.0,364012.0,202087.0,220337.0,Q4
HUANUCO,HUÁNUCO,30.7,40.5,15.2,13.5,23.6,38.3,13.3,24.8,440.0,456.0,26.2,35.0,4.0,34.9,13.9,43.3,6.8,36.1,487.0,493.0,536964.0,600651.0,111524.0,364012.0,202087.0,220337.0,Q3
HUANUCO,HUÁNUCO,47.6,20.0,23.9,8.5,36.5,30.0,30.9,2.7,408.0,395.0,34.4,22.0,34.3,9.3,28.6,31.2,29.6,10.6,402.0,409.0,536964.0,600651.0,111524.0,364012.0,202087.0,220337.0,Q4
HUANUCO,HUÁNUCO,37.3,22.3,32.5,7.9,20.9,32.6,35.2,11.3,409.0,410.0,39.2,23.6,37.1,0.0,30.5,31.9,33.4,4.3,384.0,396.0,536964.0,600651.0,111524.0,364012.0,202087.0,220337.0,Q4
HUANUCO,HUÁNUCO,40.4,12.7,42.7,4.2,30.6,28.0,38.3,3.1,378.0,385.0,39.8,19.7,31.5,9.0,30.9,32.2,26.0,10.9,402.0,417.0,536964.0,600651.0,111524.0,364012.0,202087.0,220337.0,Q3
HUANUCO,HUÁNUCO,52.2,13.7,34.1,0.0,24.9,30.2,41.6,3.3,375.0,372.0,26.6,20.0,46.7,6.7,33.3,26.6,26.7,13.3,380.0,400.0,536964.0,600651.0,111524.0,364012.0,202087.0,220337.0,Q3
HUANUCO,HUÁNUCO,22.0,5.5,72.5,0.0,16.5,5.5,78.0,0.0,330.0,324.0,48.6,13.8,31.0,6.7,20.5,31.4,37.7,10.5,400.0,405.0,536964.0,600651.0,111524.0,364012.0,202087.0,220337.0,Q4
HUANUCO,LAURICOCHA,50.6,17.1,20.4,11.9,38.7,21.9,27.5,11.9,416.0,397.0,37.5,25.0,20.8,16.7,25.0,33.3,25.0,16.7,433.0,422.0,536964.0,600651.0,111524.0,364012.0,202087.0,220337.0,Q3
HUANUCO,LAURICOCHA,37.3,25.4,19.2,18.1,39.7,27.8,20.4,12.1,435.0,420.0,38.1,28.1,22.4,11.3,34.1,30.8,19.7,15.5,423.0,426.0,536964.0,600651.0,111524.0,364012.0,202087.0,220337.0,Q2
HUANUCO,LAURICOCHA,37.5,37.5,25.0,0.0,27.8,29.1,33.4,9.7,404.0,396.0,20.0,40.0,0.0,40.0,20.0,40.0,0.0,40.0,517.0,494.0,536964.0,600651.0,111524.0,364012.0,202087.0,220337.0,Q1
HUANUCO,LAURICOCHA,0.0,0.0,0.0,100.0,0.0,0.0,0.0,100.0,700.0,673.0,30.0,30.0,10.0,30.0,20.0,40.1,0.0,39.9,476.0,508.0,536964.0,600651.0,111524.0,364012.0,202087.0,220337.0,Q3
HUANUCO,LAURICOCHA,44.9,19.1,33.5,2.5,28.9,24.0,42.2,4.9,395.0,380.0,35.2,25.6,23.3,15.9,16.7,27.2,27.5,28.5,428.0,448.0,536964.0,600651.0,111524.0,364012.0,202087.0,220337.0,Q3
HUANUCO,LAURICOCHA,51.6,36.1,12.3,0.0,43.9,11.5,40.8,3.8,411.0,384.0,0.0,100.0,0.0,0.0,0.0,50.0,0.0,50.0,476.0,552.0,536964.0,600651.0,111524.0,364012.0,202087.0,220337.0,Q4
HUANUCO,LAURICOCHA,40.3,16.9,33.5,9.3,34.7,23.4,30.8,11.1,401.0,407.0,36.8,21.2,26.7,15.3,21.1,38.5,17.1,23.3,425.0,454.0,536964.0,600651.0,111524.0,364012.0,202087.0,220337.0,Q1
HUANUCO,LEONCIO PRADO,32.9,40.1,6.1,20.8,21.2,57.1,12.2,9.6,468.0,440.0,25.4,36.2,9.2,29.1,14.7,47.0,13.1,25.3,466.0,469.0,536964.0,600651.0,111524.0,364012.0,202087.0,220337.0,Q3
HUANUCO,LEONCIO PRADO,44.8,30.4,12.6,12.2,39.9,29.4,18.4,12.3,438.0,422.0,37.6,23.1,28.9,10.5,23.6,41.3,22.8,12.3,415.0,429.0,536964.0,600651.0,111524.0,364012.0,202087.0,220337.0,Q3
HUANUCO,LEONCIO PRADO,35.8,42.4,11.5,10.3,25.8,50.5,15.0,8.7,448.0,434.0,36.0,32.0,10.0,22.0,22.0,38.0,6.0,34.0,453.0,484.0,536964.0,600651.0,111524.0,364012.0,202087.0,220337.0,Q3
HUANUCO,LEONCIO PRADO,37.4,36.0,12.4,14.2,33.5,37.8,16.7,12.0,443.0,428.0,32.0,37.4,11.0,19.6,29.5,44.9,10.6,15.1,454.0,445.0,536964.0,600651.0,111524.0,364012.0,202087.0,220337.0,Q3
HUANUCO,LEONCIO PRADO,32.7,34.1,17.6,15.6,36.6,35.7,16.8,10.8,443.0,426.0,37.2,33.8,12.3,16.7,33.4,43.0,8.8,14.8,448.0,445.0,536964.0,600651.0,111524.0,364012.0,202087.0,220337.0,Q3
HUANUCO,LEONCIO PRADO,38.1,36.1,15.8,10.1,30.8,37.9,14.4,16.9,434.0,440.0,28.0,31.5,25.5,15.0,31.1,38.9,18.4,11.5,427.0,428.0,536964.0,600651.0,111524.0,364012.0,202087.0,220337.0,Q4
HUANUCO,LEONCIO PRADO,46.6,28.3,20.1,5.0,39.6,33.0,19.6,7.7,417.0,411.0,27.2,29.4,19.7,23.7,31.9,33.0,11.9,23.2,446.0,449.0,536964.0,600651.0,111524.0,364012.0,202087.0,220337.0,Q3
HUANUCO,LEONCIO PRADO,,,,,,,,,,,28.8,34.7,16.9,19.6,16.3,54.4,9.7,19.6,452.0,470.0,536964.0,600651.0,111524.0,364012.0,202087.0,220337.0,Q3
HUANUCO,LEONCIO PRADO,28.4,36.4,8.1,27.0,27.1,40.0,11.1,21.8,474.0,460.0,27.1,31.4,9.5,32.0,20.0,46.4,6.3,27.3,477.0,480.0,536964.0,600651.0,111524.0,364012.0,202087.0,220337.0,Q2
HUANUCO,LEONCIO PRADO,,,,,,,,,,,38.2,26.5,17.7,17.6,29.4,47.0,14.7,8.8,433.0,428.0,536964.0,600651.0,111524.0,364012.0,202087.0,220337.0,Q2
HUANUCO,MARAÑÓN,40.3,27.8,28.1,3.8,34.4,46.2,15.8,3.6,406.0,421.0,39.6,21.3,28.3,10.9,33.5,25.2,30.5,10.9,410.0,403.0,536964.0,600651.0,111524.0,364012.0,202087.0,220337.0,Q4
HUANUCO,MARAÑÓN,39.0,17.7,33.6,9.7,32.6,20.8,31.6,15.0,402.0,409.0,36.7,17.5,36.1,9.7,32.8,24.9,33.6,8.7,397.0,397.0,536964.0,600651.0,111524.0,364012.0,202087.0,220337.0,Q3
HUANUCO,MARAÑÓN,28.4,41.6,10.3,19.7,37.3,51.3,1.8,9.7,458.0,453.0,35.6,31.0,15.9,17.5,35.1,45.5,7.9,11.5,440.0,441.0,536964.0,600651.0,111524.0,364012.0,202087.0,220337.0,Q3
HUANUCO,MARAÑÓN,32.8,10.7,54.9,1.5,29.6,18.6,51.8,0.0,352.0,352.0,32.4,5.4,62.2,0.0,36.5,8.1,51.4,4.1,343.0,353.0,536964.0,600651.0,111524.0,364012.0,202087.0,220337.0,
HUANUCO,MARAÑÓN,41.3,40.7,13.3,4.7,32.1,44.6,13.9,9.4,430.0,428.0,27.0,35.9,31.1,6.0,38.3,32.8,21.4,7.5,410.0,412.0,536964.0,600651.0,111524.0,364012.0,202087.0,220337.0,Q1
HUANUCO,PACHITEA,40.3,28.0,18.8,12.9,34.4,41.4,13.0,11.2,430.0,435.0,35.8,36.4,12.5,15.2,18.4,53.8,5.2,22.6,443.0,475.0,536964.0,600651.0,111524.0,364012.0,202087.0,220337.0,Q3
HUANUCO,PACHITEA,30.7,33.3,15.3,20.7,25.3,35.3,13.8,25.6,452.0,458.0,40.4,19.8,27.2,12.6,33.8,33.1,16.4,16.7,410.0,438.0,536964.0,600651.0,111524.0,364012.0,202087.0,220337.0,Q3
HUANUCO,PACHITEA,37.1,18.5,38.3,6.0,33.4,29.8,29.9,6.9,392.0,400.0,36.8,27.0,23.2,13.0,26.0,40.8,17.9,15.4,422.0,438.0,536964.0,600651.0,111524.0,364012.0,202087.0,220337.0,Q3
HUANUCO,PACHITEA,49.3,18.9,27.5,4.4,28.1,43.3,20.7,7.8,397.0,421.0,37.8,19.0,34.1,9.1,29.6,30.8,27.8,11.9,398.0,414.0,536964.0,600651.0,111524.0,364012.0,202087.0,220337.0,Q4
HUANUCO,PUERTO INCA,31.3,32.3,22.0,14.5,35.1,37.0,14.7,13.1,436.0,432.0,,,,,,,,,,,536964.0,600651.0,111524.0,364012.0,202087.0,220337.0,Q2
HUANUCO,PUERTO INCA,39.7,26.0,23.8,10.5,33.0,23.7,36.8,6.5,415.0,390.0,40.9,17.2,36.3,5.6,33.3,25.9,36.8,4.1,388.0,381.0,536964.0,600651.0,111524.0,364012.0,202087.0,220337.0,Q4
HUANUCO,PUERTO INCA,33.7,29.3,18.8,18.3,28.1,29.8,26.5,15.6,436.0,423.0,33.1,29.0,25.2,12.7,34.6,34.3,21.2,9.8,418.0,414.0,536964.0,600651.0,111524.0,364012.0,202087.0,220337.0,Q4
HUANUCO,PUERTO INCA,42.9,23.8,25.7,7.7,31.0,29.4,35.1,4.5,406.0,394.0,41.3,27.9,22.1,8.7,35.4,31.6,23.7,9.3,422.0,415.0,536964.0,600651.0,111524.0,364012.0,202087.0,220337.0,Q4
HUANUCO,PUERTO INCA,32.2,35.5,15.1,17.1,36.4,37.1,10.6,16.0,448.0,446.0,41.3,26.1,20.3,12.3,41.8,36.8,15.2,6.1,424.0,415.0,536964.0,600651.0,111524.0,364012.0,202087.0,220337.0,Q4
HUANUCO,YAROWILCA,55.3,22.7,20.6,1.5,37.4,31.0,22.0,9.5,403.0,412.0,49.1,28.3,17.0,5.6,35.3,48.9,10.4,5.4,416.0,432.0,536964.0,600651.0,111524.0,364012.0,202087.0,220337.0,Q4
HUANUCO,YAROWILCA,19.7,35.5,9.5,35.2,14.6,45.7,9.5,30.2,487.0,484.0,25.0,50.0,16.7,8.3,33.3,41.7,16.7,8.3,434.0,419.0,536964.0,600651.0,111524.0,364012.0,202087.0,220337.0,Q1
HUANUCO,YAROWILCA,50.0,16.7,25.0,8.3,50.0,16.7,33.3,0.0,396.0,377.0,16.7,50.0,16.7,16.7,16.7,33.3,16.7,33.3,467.0,456.0,536964.0,600651.0,111524.0,364012.0,202087.0,220337.0,Q3
HUANUCO,YAROWILCA,35.3,23.3,34.0,7.4,29.9,25.0,36.4,8.8,401.0,393.0,42.9,20.2,29.2,7.7,35.7,35.6,20.0,8.7,404.0,420.0,536964.0,600651.0,111524.0,364012.0,202087.0,220337.0,Q3
HUANUCO,YAROWILCA,32.4,34.6,26.8,6.1,37.6,32.3,23.6,6.5,415.0,408.0,43.7,5.7,47.7,2.9,23.4,38.0,38.6,0.0,360.0,386.0,536964.0,600651.0,111524.0,364012.0,202087.0,220337.0,Q4
HUANUCO,YAROWILCA,16.7,16.7,66.7,0.0,33.3,0.0,66.7,0.0,353.0,347.0,45.4,18.2,36.4,0.0,27.3,27.3,45.4,0.0,388.0,374.0,536964.0,600651.0,111524.0,364012.0,202087.0,220337.0,
HUANUCO,YAROWILCA,48.5,17.2,33.2,1.1,41.1,20.3,38.6,0.0,389.0,372.0,28.0,36.7,25.0,10.3,20.6,47.0,20.6,11.8,422.0,430.0,536964.0,600651.0,111524.0,364012.0,202087.0,220337.0,Q3
HUANUCO,YAROWILCA,39.4,21.1,39.5,0.0,30.3,27.2,27.4,15.1,383.0,413.0,16.0,24.0,32.0,28.0,12.0,32.0,16.0,40.0,416.0,476.0,536964.0,600651.0,111524.0,364012.0,202087.0,220337.0,Q4
ICA,CHINCHA,22.8,21.6,11.8,43.7,34.7,29.9,10.1,25.2,501.0,460.0,30.8,26.1,12.2,31.0,25.1,37.5,10.9,26.5,470.0,467.0,506654.0,543283.0,238705.0,276336.0,420872.0,529318.0,Q2
ICA,CHINCHA,21.2,37.8,6.0,35.0,20.4,46.3,5.8,27.5,493.0,481.0,24.9,34.8,6.5,33.8,18.2,46.0,5.9,29.8,484.0,484.0,506654.0,543283.0,238705.0,276336.0,420872.0,529318.0,Q2
ICA,CHINCHA,30.6,34.7,10.8,23.9,22.5,49.8,12.3,15.4,463.0,455.0,26.9,32.0,16.6,24.4,20.5,37.3,16.6,25.7,453.0,460.0,506654.0,543283.0,238705.0,276336.0,420872.0,529318.0,Q3
ICA,CHINCHA,36.8,39.7,9.3,14.1,23.4,44.0,14.9,17.8,452.0,444.0,33.1,27.4,21.7,17.8,29.4,34.3,20.3,16.0,434.0,429.0,506654.0,543283.0,238705.0,276336.0,420872.0,529318.0,Q3
ICA,CHINCHA,38.2,36.1,7.9,17.9,27.4,45.8,9.7,17.1,458.0,455.0,25.9,26.5,9.2,38.3,20.0,35.9,7.4,36.8,486.0,494.0,506654.0,543283.0,238705.0,276336.0,420872.0,529318.0,Q2
ICA,CHINCHA,28.3,41.3,6.5,23.8,25.8,49.6,5.6,19.0,474.0,463.0,28.7,36.7,8.3,26.3,21.3,45.7,7.2,25.8,471.0,474.0,506654.0,543283.0,238705.0,276336.0,420872.0,529318.0,Q2
ICA,CHINCHA,57.1,28.6,14.3,0.0,42.9,28.6,14.3,14.3,417.0,398.0,0.0,0.0,100.0,0.0,0.0,0.0,100.0,0.0,308.0,328.0,506654.0,543283.0,238705.0,276336.0,420872.0,529318.0,Q4
ICA,CHINCHA,35.0,31.3,11.3,22.4,29.5,40.5,10.9,19.0,460.0,449.0,27.6,27.4,12.8,32.2,21.0,40.2,9.5,29.3,468.0,474.0,506654.0,543283.0,238705.0,276336.0,420872.0,529318.0,Q3
ICA,CHINCHA,47.2,8.3,19.4,25.0,38.9,38.9,13.9,8.3,436.0,419.0,38.5,29.6,17.2,14.7,27.5,36.0,15.2,21.3,439.0,450.0,506654.0,543283.0,238705.0,276336.0,420872.0,529318.0,Q1
ICA,ICA,19.0,34.6,3.2,43.2,17.2,42.5,4.8,35.5,512.0,497.0,18.1,31.5,3.9,46.5,14.6,42.1,3.6,39.7,513.0,506.0,506654.0,543283.0,238705.0,276336.0,420872.0,529318.0,Q1
ICA,ICA,26.4,31.7,6.9,35.0,19.5,39.9,9.1,31.5,486.0,481.0,22.9,34.0,4.4,38.8,18.8,44.2,4.4,32.7,495.0,492.0,506654.0,543283.0,238705.0,276336.0,420872.0,529318.0,Q1
ICA,ICA,29.1,36.0,7.7,27.2,24.7,44.1,5.8,25.4,472.0,471.0,25.0,37.5,5.4,32.1,15.9,42.9,7.0,34.2,480.0,492.0,506654.0,543283.0,238705.0,276336.0,420872.0,529318.0,Q2
ICA,ICA,58.1,25.6,7.0,9.3,41.9,37.1,16.3,4.7,434.0,414.0,25.2,27.6,5.9,41.3,21.5,39.2,5.8,33.6,490.0,485.0,506654.0,543283.0,238705.0,276336.0,420872.0,529318.0,Q3
ICA,ICA,31.4,27.3,21.3,19.9,30.4,40.6,11.6,17.4,442.0,450.0,42.2,27.4,8.4,22.0,27.4,47.3,7.2,18.1,451.0,459.0,506654.0,543283.0,238705.0,276336.0,420872.0,529318.0,Q3
ICA,ICA,27.3,36.0,4.7,31.9,20.9,48.5,5.4,25.2,488.0,477.0,20.2,40.6,4.7,34.5,15.4,49.5,3.7,31.4,495.0,491.0,506654.0,543283.0,238705.0,276336.0,420872.0,529318.0,Q2
ICA,ICA,30.5,36.1,8.3,25.1,30.5,34.7,2.7,32.0,470.0,477.0,24.3,30.0,4.3,41.4,17.1,45.7,1.4,35.7,505.0,504.0,506654.0,543283.0,238705.0,276336.0,420872.0,529318.0,Q1
ICA,ICA,29.2,43.1,4.7,23.0,20.1,42.6,5.2,32.0,473.0,488.0,27.1,31.7,9.3,31.9,20.4,44.8,8.2,26.6,476.0,474.0,506654.0,543283.0,238705.0,276336.0,420872.0,529318.0,Q3
ICA,ICA,33.0,38.3,5.3,23.4,17.0,61.7,6.4,14.9,469.0,464.0,30.0,33.2,5.5,31.3,24.5,39.5,9.4,26.7,481.0,467.0,506654.0,543283.0,238705.0,276336.0,420872.0,529318.0,Q2
ICA,ICA,16.2,38.5,6.7,38.6,17.3,45.5,5.7,31.5,495.0,492.0,25.4,42.2,3.4,29.0,20.4,47.7,5.2,26.7,484.0,479.0,506654.0,543283.0,238705.0,276336.0,420872.0,529318.0,Q2
ICA,ICA,25.7,42.5,3.5,28.2,19.2,46.0,5.6,29.2,483.0,485.0,26.5,37.1,7.8,28.6,17.1,45.1,5.5,32.3,477.0,486.0,506654.0,543283.0,238705.0,276336.0,420872.0,529318.0,Q2
ICA,ICA,28.1,34.1,6.4,31.4,29.1,33.7,10.6,26.6,486.0,466.0,25.0,39.6,4.7,30.7,16.1,45.7,6.8,31.5,484.0,486.0,506654.0,543283.0,238705.0,276336.0,420872.0,529318.0,Q2
ICA,ICA,16.7,47.0,2.1,34.1,0.0,53.0,4.2,42.8,495.0,517.0,22.2,51.9,2.8,23.1,25.9,40.3,2.5,31.3,479.0,492.0,506654.0,543283.0,238705.0,276336.0,420872.0,529318.0,Q1
ICA,ICA,,,,,,,,,,,14.3,14.3,57.1,14.3,14.3,28.6,42.9,14.3,396.0,411.0,506654.0,543283.0,238705.0,276336.0,420872.0,529318.0,Q4
ICA,NAZCA,18.5,48.1,3.7,29.6,7.4,33.3,0.0,59.3,491.0,546.0,27.8,38.9,22.2,11.1,16.7,44.4,22.2,16.7,435.0,446.0,506654.0,543283.0,238705.0,276336.0,420872.0,529318.0,Q3
ICA,NAZCA,33.2,31.5,7.7,27.6,29.3,41.2,7.7,21.8,474.0,461.0,19.3,42.7,4.3,33.8,16.9,46.8,6.4,29.8,496.0,483.0,506654.0,543283.0,238705.0,276336.0,420872.0,529318.0,Q1
ICA,NAZCA,20.7,33.1,1.1,45.1,12.1,42.7,1.1,44.2,515.0,517.0,12.9,29.4,3.7,54.0,9.7,36.2,4.6,49.5,524.0,527.0,506654.0,543283.0,238705.0,276336.0,420872.0,529318.0,Q1
ICA,NAZCA,15.1,32.1,3.3,49.4,11.7,37.3,1.5,49.5,520.0,531.0,17.6,33.0,1.6,47.8,10.0,35.7,2.2,52.1,518.0,531.0,506654.0,543283.0,238705.0,276336.0,420872.0,529318.0,Q1
ICA,NAZCA,14.1,36.6,3.1,46.2,8.5,44.6,2.0,45.0,518.0,526.0,21.2,35.7,7.2,36.0,15.5,42.9,5.7,35.9,495.0,500.0,506654.0,543283.0,238705.0,276336.0,420872.0,529318.0,Q1
ICA,PALPA,33.3,66.7,0.0,0.0,33.3,66.7,0.0,0.0,453.0,437.0,38.1,23.8,4.8,33.3,4.8,61.9,9.5,23.8,471.0,481.0,506654.0,543283.0,238705.0,276336.0,420872.0,529318.0,Q4
ICA,PALPA,33.9,27.6,6.2,32.2,17.7,41.3,2.7,38.3,477.0,511.0,28.2,38.8,8.8,24.2,22.4,37.6,10.0,30.0,465.0,475.0,506654.0,543283.0,238705.0,276336.0,420872.0,529318.0,Q2
ICA,PALPA,16.7,56.7,0.0,26.7,10.0,23.3,0.0,66.7,499.0,561.0,14.3,47.6,2.4,35.7,14.3,47.6,2.4,35.7,501.0,498.0,506654.0,543283.0,238705.0,276336.0,420872.0,529318.0,Q1
ICA,PALPA,6.3,31.3,0.0,62.5,0.0,43.8,0.0,56.3,606.0,626.0,29.4,23.5,0.0,47.1,0.0,47.1,0.0,52.9,497.0,543.0,506654.0,543283.0,238705.0,276336.0,420872.0,529318.0,Q3
ICA,PALPA,28.6,57.1,0.0,14.3,14.3,42.9,0.0,42.9,497.0,539.0,,,,,,,,,,,506654.0,543283.0,238705.0,276336.0,420872.0,529318.0,
ICA,PISCO,34.6,23.1,30.8,11.5,38.5,30.8,26.9,3.8,413.0,410.0,26.3,15.8,21.1,36.8,5.3,36.8,36.8,21.1,463.0,440.0,506654.0,543283.0,238705.0,276336.0,420872.0,529318.0,Q1
ICA,PISCO,34.2,33.7,9.9,22.1,34.9,39.4,7.1,18.6,457.0,457.0,23.0,38.5,4.8,33.7,12.5,33.7,4.8,49.0,491.0,526.0,506654.0,543283.0,238705.0,276336.0,420872.0,529318.0,Q2
ICA,PISCO,27.3,35.9,7.4,29.4,22.4,53.0,4.9,19.7,475.0,468.0,22.4,36.3,8.3,33.0,16.8,50.1,6.7,26.4,486.0,482.0,506654.0,543283.0,238705.0,276336.0,420872.0,529318.0,Q2
ICA,PISCO,27.4,31.1,9.9,31.5,22.1,52.8,6.3,18.8,482.0,474.0,28.5,38.0,10.4,23.1,20.2,44.8,11.1,23.9,463.0,462.0,506654.0,543283.0,238705.0,276336.0,420872.0,529318.0,Q3
ICA,PISCO,24.2,30.2,7.1,38.6,19.6,41.2,8.2,31.0,495.0,482.0,19.7,28.5,6.3,45.5,15.6,37.4,5.6,41.3,506.0,505.0,506654.0,543283.0,238705.0,276336.0,420872.0,529318.0,Q1
ICA,PISCO,19.1,31.1,2.3,47.5,15.6,51.9,3.6,28.9,516.0,490.0,19.0,36.0,4.5,40.6,14.6,45.6,5.7,34.1,497.0,492.0,506654.0,543283.0,238705.0,276336.0,420872.0,529318.0,Q2
ICA,PISCO,31.1,36.6,7.7,24.6,30.2,39.1,9.9,20.9,468.0,455.0,29.8,34.6,7.4,28.2,20.1,42.7,7.9,29.4,474.0,479.0,506654.0,543283.0,238705.0,276336.0,420872.0,529318.0,Q2
ICA,PISCO,31.3,32.2,5.0,31.5,24.4,41.3,7.8,26.4,482.0,471.0,29.5,33.0,8.5,29.0,23.1,44.1,6.7,26.1,474.0,476.0,506654.0,543283.0,238705.0,276336.0,420872.0,529318.0,Q2
JUNIN,CHANCHAMAYO,19.5,34.8,1.6,44.2,15.3,37.4,2.7,44.5,513.0,513.0,21.2,34.8,5.6,38.4,13.5,42.7,4.2,39.6,496.0,505.0,827456.0,925815.0,330265.0,388707.0,490849.0,575488.0,Q1
JUNIN,CHANCHAMAYO,36.7,34.4,9.7,19.2,29.4,39.3,12.1,19.1,454.0,450.0,31.9,32.3,11.5,24.2,23.3,41.4,11.0,24.3,461.0,466.0,827456.0,925815.0,330265.0,388707.0,490849.0,575488.0,Q2
JUNIN,CHANCHAMAYO,27.3,37.1,6.5,29.1,22.0,40.3,6.9,30.7,481.0,480.0,29.2,34.9,10.8,25.0,17.0,44.0,8.0,30.0,462.0,482.0,827456.0,925815.0,330265.0,388707.0,490849.0,575488.0,Q2
JUNIN,CHANCHAMAYO,27.2,32.5,10.5,29.8,22.8,47.8,12.3,17.1,471.0,454.0,38.1,36.2,12.6,13.1,20.7,51.9,11.1,16.2,443.0,453.0,827456.0,925815.0,330265.0,388707.0,490849.0,575488.0,Q3
JUNIN,CHANCHAMAYO,22.2,37.2,1.9,38.6,13.3,43.2,5.8,37.7,506.0,501.0,30.5,31.6,6.4,31.5,19.9,45.8,6.2,28.1,481.0,484.0,827456.0,925815.0,330265.0,388707.0,490849.0,575488.0,Q2
JUNIN,CHANCHAMAYO,60.0,40.0,0.0,0.0,80.0,0.0,20.0,0.0,443.0,395.0,44.4,33.3,11.1,11.1,33.3,44.4,0.0,22.2,439.0,450.0,827456.0,925815.0,330265.0,388707.0,490849.0,575488.0,Q3
JUNIN,CHUPACA,30.2,36.8,8.7,24.3,18.9,45.7,6.2,29.3,468.0,483.0,43.0,31.7,11.5,13.8,22.7,53.5,6.1,17.7,442.0,470.0,827456.0,925815.0,330265.0,388707.0,490849.0,575488.0,Q3
JUNIN,CHUPACA,33.9,37.9,10.6,17.6,32.8,49.4,4.3,13.6,454.0,447.0,13.0,38.0,0.0,49.0,11.1,49.0,0.0,39.9,528.0,527.0,827456.0,925815.0,330265.0,388707.0,490849.0,575488.0,Q2
JUNIN,CHUPACA,21.8,41.6,4.8,31.7,17.1,44.9,4.6,33.5,489.0,491.0,19.1,34.4,5.1,41.4,11.5,45.2,3.8,39.6,500.0,509.0,827456.0,925815.0,330265.0,388707.0,490849.0,575488.0,Q1
JUNIN,CHUPACA,14.8,37.6,12.4,35.1,17.5,42.5,2.4,37.6,484.0,494.0,30.4,34.8,4.3,30.4,26.1,43.5,8.7,21.7,489.0,460.0,827456.0,925815.0,330265.0,388707.0,490849.0,575488.0,Q1
JUNIN,CHUPACA,29.7,48.7,5.6,16.0,21.9,64.6,2.2,11.3,470.0,461.0,20.8,31.5,6.7,40.9,13.1,44.6,10.7,31.6,498.0,495.0,827456.0,925815.0,330265.0,388707.0,490849.0,575488.0,Q2
JUNIN,CHUPACA,35.7,35.7,3.6,25.0,25.0,42.9,3.6,28.6,468.0,484.0,40.0,25.0,10.0,25.0,30.0,35.0,10.0,25.0,450.0,449.0,827456.0,925815.0,330265.0,388707.0,490849.0,575488.0,Q2
JUNIN,CHUPACA,45.8,33.9,10.1,10.1,33.9,45.8,4.8,15.5,439.0,454.0,23.5,33.6,11.8,31.1,17.6,31.5,11.8,39.1,468.0,490.0,827456.0,925815.0,330265.0,388707.0,490849.0,575488.0,Q1
JUNIN,CHUPACA,38.9,32.6,3.4,25.1,21.4,53.8,7.1,17.7,462.0,460.0,34.2,43.6,6.6,15.6,28.5,46.2,6.6,18.6,462.0,460.0,827456.0,925815.0,330265.0,388707.0,490849.0,575488.0,Q2
JUNIN,CHUPACA,32.4,38.7,24.6,4.3,21.5,32.0,35.8,10.6,421.0,405.0,32.7,29.1,20.0,18.2,30.9,40.0,14.5,14.5,441.0,438.0,827456.0,925815.0,330265.0,388707.0,490849.0,575488.0,Q3
JUNIN,CONCEPCIÓN,43.8,31.3,12.5,12.5,31.3,43.7,12.5,12.5,441.0,438.0,25.3,25.3,25.2,24.3,25.0,36.1,10.1,28.8,443.0,466.0,827456.0,925815.0,330265.0,388707.0,490849.0,575488.0,Q1
JUNIN,CONCEPCIÓN,39.4,15.0,43.4,2.2,32.9,28.7,34.8,3.6,375.0,386.0,28.0,16.2,48.6,7.2,36.7,21.7,37.2,4.5,380.0,381.0,827456.0,925815.0,330265.0,388707.0,490849.0,575488.0,Q3
JUNIN,CONCEPCIÓN,42.3,26.9,25.6,5.1,40.4,18.6,41.0,0.0,410.0,367.0,43.6,24.9,22.4,9.1,34.5,30.3,16.4,18.8,424.0,438.0,827456.0,925815.0,330265.0,388707.0,490849.0,575488.0,Q3
JUNIN,CONCEPCIÓN,49.6,15.2,28.0,7.1,44.6,20.1,32.9,2.4,393.0,384.0,31.3,9.1,49.5,10.1,22.2,25.3,46.0,6.6,384.0,385.0,827456.0,925815.0,330265.0,388707.0,490849.0,575488.0,Q2
JUNIN,CONCEPCIÓN,30.0,41.6,15.6,12.8,14.1,51.9,11.7,22.3,443.0,466.0,30.1,23.2,29.9,16.9,28.9,44.7,16.7,9.7,418.0,432.0,827456.0,925815.0,330265.0,388707.0,490849.0,575488.0,Q3
JUNIN,CONCEPCIÓN,29.7,33.9,4.3,32.1,27.2,42.3,4.5,26.0,487.0,478.0,21.3,34.1,5.6,39.1,16.6,41.6,3.7,38.1,498.0,501.0,827456.0,925815.0,330265.0,388707.0,490849.0,575488.0,Q1
JUNIN,CONCEPCIÓN,42.9,14.3,35.7,7.1,35.7,28.6,35.7,0.0,386.0,372.0,30.0,10.0,60.0,0.0,40.0,30.0,30.0,0.0,358.0,380.0,827456.0,925815.0,330265.0,388707.0,490849.0,575488.0,Q3
JUNIN,CONCEPCIÓN,28.6,28.6,19.0,23.8,9.5,42.9,19.0,28.6,463.0,482.0,41.2,23.5,23.5,11.8,17.6,58.8,11.8,11.8,423.0,453.0,827456.0,925815.0,330265.0,388707.0,490849.0,575488.0,Q1
JUNIN,CONCEPCIÓN,56.3,12.5,25.0,6.3,31.3,25.0,43.8,0.0,407.0,375.0,34.4,27.2,26.5,11.9,60.8,27.8,11.4,0.0,411.0,392.0,827456.0,925815.0,330265.0,388707.0,490849.0,575488.0,Q2
JUNIN,CONCEPCIÓN,33.0,36.0,8.7,22.3,29.7,48.5,6.8,15.0,467.0,451.0,23.4,35.9,3.1,37.5,17.2,46.9,1.6,34.4,495.0,498.0,827456.0,925815.0,330265.0,388707.0,490849.0,575488.0,Q2
JUNIN,CONCEPCIÓN,21.1,52.6,5.3,21.1,25.0,38.2,5.3,31.6,486.0,478.0,25.0,62.5,0.0,12.5,12.5,37.5,12.5,37.5,469.0,476.0,827456.0,925815.0,330265.0,388707.0,490849.0,575488.0,Q1
JUNIN,CONCEPCIÓN,31.3,37.5,12.5,18.8,31.3,62.5,0.0,6.3,454.0,459.0,14.3,42.9,0.0,42.9,14.3,57.1,0.0,28.6,493.0,482.0,827456.0,925815.0,330265.0,388707.0,490849.0,575488.0,Q4
JUNIN,CONCEPCIÓN,29.1,39.6,15.4,15.9,20.5,47.3,13.1,19.1,445.0,463.0,37.5,31.5,10.5,20.5,32.5,41.2,10.7,15.5,458.0,453.0,827456.0,925815.0,330265.0,388707.0,490849.0,575488.0,Q3
JUNIN,CONCEPCIÓN,52.7,18.6,20.3,8.4,36.0,41.9,12.8,9.3,412.0,425.0,34.2,24.8,16.3,24.8,26.0,48.8,7.1,18.1,443.0,456.0,827456.0,925815.0,330265.0,388707.0,490849.0,575488.0,Q2
JUNIN,CONCEPCIÓN,9.4,42.9,0.0,47.7,14.2,66.5,0.0,19.3,521.0,470.0,27.7,41.9,10.8,19.6,24.3,56.7,5.4,13.5,463.0,459.0,827456.0,925815.0,330265.0,388707.0,490849.0,575488.0,Q2
JUNIN,HUANCAYO,57.1,28.6,14.3,0.0,42.9,28.6,14.3,14.3,410.0,433.0,33.3,26.7,26.7,13.3,33.3,33.3,20.0,13.3,430.0,420.0,827456.0,925815.0,330265.0,388707.0,490849.0,575488.0,
JUNIN,HUANCAYO,33.3,33.3,16.7,16.7,33.3,50.0,0.0,16.7,436.0,476.0,11.1,66.7,0.0,22.2,0.0,22.2,0.0,77.8,495.0,546.0,827456.0,925815.0,330265.0,388707.0,490849.0,575488.0,
JUNIN,HUANCAYO,23.4,37.9,3.8,34.9,14.4,45.9,3.6,36.1,497.0,503.0,18.9,35.3,5.2,40.7,14.0,42.0,3.1,41.0,500.0,509.0,827456.0,925815.0,330265.0,388707.0,490849.0,575488.0,Q1
JUNIN,HUANCAYO,37.5,37.5,12.5,12.5,37.5,25.0,25.0,12.5,434.0,440.0,0.0,0.0,0.0,100.0,0.0,0.0,0.0,100.0,582.0,615.0,827456.0,925815.0,330265.0,388707.0,490849.0,575488.0,Q4
JUNIN,HUANCAYO,42.4,42.4,12.1,3.0,30.3,51.5,9.1,9.1,424.0,449.0,14.8,48.1,0.0,37.0,11.1,59.3,0.0,29.6,498.0,494.0,827456.0,925815.0,330265.0,388707.0,490849.0,575488.0,Q1
JUNIN,HUANCAYO,20.0,30.0,20.0,30.0,10.0,20.0,20.0,50.0,458.0,493.0,20.0,20.0,0.0,60.0,40.0,20.0,0.0,40.0,531.0,502.0,827456.0,925815.0,330265.0,388707.0,490849.0,575488.0,Q4
JUNIN,HUANCAYO,54.5,9.1,27.3,9.1,36.4,36.4,18.2,9.1,406.0,424.0,9.7,40.3,39.6,10.4,19.4,40.3,19.4,20.8,421.0,443.0,827456.0,925815.0,330265.0,388707.0,490849.0,575488.0,Q4
JUNIN,HUANCAYO,14.5,33.1,2.1,50.4,12.8,42.5,2.6,42.1,527.0,512.0,15.2,31.2,2.8,50.7,9.0,39.3,2.2,49.6,521.0,528.0,827456.0,925815.0,330265.0,388707.0,490849.0,575488.0,Q1
JUNIN,HUANCAYO,40.0,45.7,0.0,14.3,31.7,50.0,9.1,9.1,454.0,439.0,27.3,40.9,13.6,18.2,27.3,45.4,4.5,22.7,456.0,458.0,827456.0,925815.0,330265.0,388707.0,490849.0,575488.0,Q3
JUNIN,HUANCAYO,26.7,42.9,10.1,20.3,26.3,47.0,4.0,22.7,462.0,464.0,21.1,24.8,2.7,51.4,6.1,36.8,5.0,52.1,519.0,540.0,827456.0,925815.0,330265.0,388707.0,490849.0,575488.0,Q1
JUNIN,HUANCAYO,34.5,36.4,7.4,21.7,26.7,45.6,7.0,20.7,462.0,460.0,30.9,38.5,4.3,26.3,17.5,52.6,3.4,26.5,473.0,484.0,827456.0,925815.0,330265.0,388707.0,490849.0,575488.0,Q2
JUNIN,HUANCAYO,13.0,30.3,1.5,55.2,9.4,38.9,1.9,49.9,539.0,531.0,13.0,27.9,2.4,56.8,8.1,34.8,1.8,55.3,536.0,539.0,827456.0,925815.0,330265.0,388707.0,490849.0,575488.0,Q1
JUNIN,HUANCAYO,43.8,37.5,0.0,18.8,18.8,62.5,0.0,18.8,475.0,474.0,36.8,31.6,5.3,26.3,15.8,31.6,0.0,52.6,468.0,512.0,827456.0,925815.0,330265.0,388707.0,490849.0,575488.0,Q3
JUNIN,HUANCAYO,26.2,45.7,2.2,26.0,10.1,56.5,1.1,32.3,483.0,500.0,22.2,39.6,3.2,35.0,11.8,47.3,2.2,38.7,497.0,500.0,827456.0,925815.0,330265.0,388707.0,490849.0,575488.0,Q2
JUNIN,HUANCAYO,30.8,7.7,7.7,53.8,26.9,30.8,11.5,30.8,497.0,482.0,17.0,58.0,5.0,20.0,18.0,48.0,14.0,20.0,476.0,451.0,827456.0,925815.0,330265.0,388707.0,490849.0,575488.0,Q4
JUNIN,HUANCAYO,44.7,27.9,19.1,8.3,36.6,36.3,21.3,5.8,422.0,413.0,34.9,33.0,21.3,10.7,25.0,44.6,13.1,17.3,427.0,446.0,827456.0,925815.0,330265.0,388707.0,490849.0,575488.0,Q3
JUNIN,HUANCAYO,27.1,38.1,3.4,31.5,17.3,46.4,5.8,30.5,489.0,490.0,19.7,36.7,5.5,38.2,12.5,41.7,4.4,41.4,498.0,511.0,827456.0,925815.0,330265.0,388707.0,490849.0,575488.0,Q1
JUNIN,HUANCAYO,44.8,27.8,14.7,12.7,27.5,45.0,16.4,11.2,435.0,435.0,14.5,47.8,14.5,23.2,11.1,65.2,7.7,15.9,471.0,476.0,827456.0,925815.0,330265.0,388707.0,490849.0,575488.0,Q3
JUNIN,HUANCAYO,61.3,31.1,7.6,0.0,30.6,46.5,22.9,0.0,426.0,403.0,21.1,57.9,5.3,15.8,15.8,68.4,5.3,10.5,466.0,473.0,827456.0,925815.0,330265.0,388707.0,490849.0,575488.0,Q4
JUNIN,HUANCAYO,25.2,37.8,3.3,33.7,18.1,41.2,5.1,35.6,493.0,506.0,17.2,51.5,3.0,28.3,11.1,57.6,2.0,29.3,487.0,503.0,827456.0,925815.0,330265.0,388707.0,490849.0,575488.0,Q1
JUNIN,HUANCAYO,24.5,37.5,7.6,30.5,17.4,47.4,7.0,28.1,477.0,483.0,27.4,37.7,8.8,26.1,14.5,47.4,6.7,31.3,469.0,490.0,827456.0,925815.0,330265.0,388707.0,490849.0,575488.0,Q2
JUNIN,HUANCAYO,23.1,35.6,2.8,38.5,15.6,51.6,2.6,30.3,501.0,490.0,24.3,33.5,6.3,35.9,18.7,41.9,3.5,35.9,489.0,502.0,827456.0,925815.0,330265.0,388707.0,490849.0,575488.0,Q1
JUNIN,HUANCAYO,33.0,14.5,38.7,13.8,26.7,26.0,31.8,15.5,398.0,413.0,36.9,20.4,30.8,11.9,29.8,30.0,30.2,10.0,411.0,405.0,827456.0,925815.0,330265.0,388707.0,490849.0,575488.0,Q3
JUNIN,HUANCAYO,28.3,37.5,10.8,23.3,20.1,41.4,11.3,27.1,465.0,467.0,31.8,32.7,8.3,27.2,24.1,40.0,5.2,30.6,466.0,482.0,827456.0,925815.0,330265.0,388707.0,490849.0,575488.0,Q2
JUNIN,HUANCAYO,20.7,17.8,8.7,52.9,13.6,34.4,0.0,52.0,512.0,550.0,18.6,29.6,2.4,49.5,7.0,29.6,5.9,57.5,517.0,527.0,827456.0,925815.0,330265.0,388707.0,490849.0,575488.0,Q1
JUNIN,HUANCAYO,25.9,42.5,2.9,28.7,18.7,43.7,2.9,34.7,486.0,494.0,21.0,40.9,3.8,34.3,11.5,48.7,3.8,36.0,493.0,504.0,827456.0,925815.0,330265.0,388707.0,490849.0,575488.0,Q2
JUNIN,HUANCAYO,28.3,37.0,4.3,30.4,21.7,52.2,8.7,17.4,486.0,455.0,9.5,47.6,0.0,42.9,9.5,54.8,0.0,35.7,506.0,502.0,827456.0,925815.0,330265.0,388707.0,490849.0,575488.0,Q2
JUNIN,JAUJA,10.8,37.8,13.5,37.8,10.8,43.2,13.5,32.4,485.0,477.0,47.5,29.5,6.6,16.4,32.8,44.3,3.3,19.7,445.0,461.0,827456.0,925815.0,330265.0,388707.0,490849.0,575488.0,Q3
JUNIN,JAUJA,48.5,21.6,22.1,7.8,22.1,24.1,22.5,31.4,423.0,448.0,25.6,37.8,8.9,27.8,26.7,38.9,3.3,31.1,473.0,483.0,827456.0,925815.0,330265.0,388707.0,490849.0,575488.0,Q2
JUNIN,JAUJA,40.0,25.0,10.0,25.0,30.0,40.0,15.0,15.0,456.0,437.0,15.6,26.7,16.1,41.7,5.6,52.2,15.6,26.7,483.0,478.0,827456.0,925815.0,330265.0,388707.0,490849.0,575488.0,Q4
JUNIN,JAUJA,32.1,39.3,3.6,25.0,28.6,39.3,7.1,25.0,480.0,472.0,30.0,43.3,0.0,26.7,13.3,40.0,3.3,43.3,480.0,513.0,827456.0,925815.0,330265.0,388707.0,490849.0,575488.0,Q1
JUNIN,JAUJA,17.3,44.2,0.0,38.5,7.7,53.8,0.0,38.5,497.0,497.0,60.0,6.7,26.7,6.7,66.7,20.0,6.7,6.7,404.0,411.0,827456.0,925815.0,330265.0,388707.0,490849.0,575488.0,Q2
JUNIN,JAUJA,33.0,28.9,13.3,24.8,10.9,33.7,17.4,38.0,462.0,482.0,8.6,31.4,2.9,57.1,5.7,37.1,5.7,51.4,536.0,539.0,827456.0,925815.0,330265.0,388707.0,490849.0,575488.0,Q2
JUNIN,JAUJA,26.7,46.7,0.0,26.7,13.3,73.3,0.0,13.3,488.0,497.0,23.8,23.8,14.3,38.1,28.6,42.9,4.8,23.8,479.0,484.0,827456.0,925815.0,330265.0,388707.0,490849.0,575488.0,Q1
JUNIN,JAUJA,0.0,62.5,0.0,37.5,0.0,12.5,0.0,87.5,513.0,581.0,40.0,30.0,10.0,20.0,30.0,30.0,10.0,30.0,464.0,455.0,827456.0,925815.0,330265.0,388707.0,490849.0,575488.0,Q4
JUNIN,JAUJA,25.0,37.5,12.5,25.0,25.0,37.5,0.0,37.5,473.0,482.0,20.0,40.0,10.0,30.0,10.0,30.0,0.0,60.0,500.0,536.0,827456.0,925815.0,330265.0,388707.0,490849.0,575488.0,Q1
JUNIN,JAUJA,0.0,80.0,0.0,20.0,0.0,60.0,0.0,40.0,504.0,504.0,61.5,30.8,7.7,0.0,23.1,76.9,0.0,0.0,413.0,460.0,827456.0,925815.0,330265.0,388707.0,490849.0,575488.0,
JUNIN,JAUJA,16.9,35.3,3.8,44.0,13.9,40.7,4.7,40.7,516.0,511.0,17.1,33.3,3.7,45.8,8.1,38.2,3.6,50.1,515.0,526.0,827456.0,925815.0,330265.0,388707.0,490849.0,575488.0,Q1
JUNIN,JAUJA,60.0,0.0,20.0,20.0,40.0,40.0,20.0,0.0,407.0,405.0,46.7,20.0,6.7,26.7,46.7,40.0,6.7,6.7,453.0,427.0,827456.0,925815.0,330265.0,388707.0,490849.0,575488.0,Q4
JUNIN,JAUJA,45.5,18.2,18.2,18.2,54.5,18.2,18.2,9.1,436.0,402.0,20.0,60.0,0.0,20.0,33.3,46.7,6.7,13.3,483.0,449.0,827456.0,925815.0,330265.0,388707.0,490849.0,575488.0,Q2
JUNIN,JAUJA,28.6,57.1,0.0,14.3,57.1,28.6,0.0,14.3,475.0,442.0,11.8,35.3,0.0,52.9,5.9,58.8,0.0,35.3,527.0,517.0,827456.0,925815.0,330265.0,388707.0,490849.0,575488.0,Q1
JUNIN,JAUJA,30.8,38.5,0.0,30.8,15.4,53.8,7.7,23.1,497.0,485.0,26.2,33.3,11.9,28.6,15.5,28.6,17.8,38.1,467.0,482.0,827456.0,925815.0,330265.0,388707.0,490849.0,575488.0,Q4
JUNIN,JAUJA,60.0,20.0,10.0,10.0,40.0,50.0,10.0,0.0,422.0,437.0,25.0,31.3,12.5,31.3,25.0,25.0,18.8,31.3,463.0,466.0,827456.0,925815.0,330265.0,388707.0,490849.0,575488.0,Q2
JUNIN,JAUJA,30.0,40.0,20.0,10.0,40.0,30.0,20.0,10.0,442.0,423.0,22.2,22.2,33.3,22.2,22.2,44.4,22.2,11.1,436.0,436.0,827456.0,925815.0,330265.0,388707.0,490849.0,575488.0,Q3
JUNIN,JAUJA,36.0,28.0,20.0,16.0,36.0,40.0,16.0,8.0,435.0,420.0,41.7,33.3,20.8,4.2,45.8,41.7,4.2,8.3,409.0,442.0,827456.0,925815.0,330265.0,388707.0,490849.0,575488.0,Q4
JUNIN,JAUJA,37.5,25.0,12.5,25.0,12.5,37.5,25.0,25.0,459.0,438.0,53.3,20.0,6.7,20.0,13.3,53.3,6.7,26.7,451.0,474.0,827456.0,925815.0,330265.0,388707.0,490849.0,575488.0,Q3
JUNIN,JAUJA,30.8,46.2,0.0,23.1,0.0,100.0,0.0,0.0,482.0,487.0,0.0,18.8,0.0,81.3,0.0,18.8,0.0,81.3,572.0,580.0,827456.0,925815.0,330265.0,388707.0,490849.0,575488.0,Q1
JUNIN,JAUJA,48.4,22.4,13.4,15.8,26.4,54.3,13.0,6.3,428.0,437.0,22.2,40.7,0.0,37.0,11.1,48.1,0.0,40.7,490.0,507.0,827456.0,925815.0,330265.0,388707.0,490849.0,575488.0,Q2
JUNIN,JAUJA,,,,,,,,,,,50.0,33.3,0.0,16.7,16.7,83.3,0.0,0.0,449.0,479.0,827456.0,925815.0,330265.0,388707.0,490849.0,575488.0,Q2
JUNIN,JAUJA,,,,,,,,,,,0.0,42.9,0.0,57.1,0.0,28.6,0.0,71.4,559.0,587.0,827456.0,925815.0,330265.0,388707.0,490849.0,575488.0,Q2
JUNIN,JAUJA,10.8,29.7,0.0,59.5,10.8,44.6,0.0,44.6,543.0,528.0,7.9,28.4,1.1,62.5,7.9,36.3,0.0,55.8,551.0,540.0,827456.0,925815.0,330265.0,388707.0,490849.0,575488.0,Q2
JUNIN,JAUJA,16.7,33.3,0.0,50.0,8.3,58.3,0.0,33.3,531.0,522.0,33.3,16.7,0.0,50.0,0.0,50.0,8.3,41.7,507.0,510.0,827456.0,925815.0,330265.0,388707.0,490849.0,575488.0,Q4
JUNIN,JAUJA,19.2,46.2,7.7,26.9,3.8,53.8,7.7,34.6,482.0,488.0,20.0,46.6,13.3,20.0,13.3,46.7,0.0,40.0,461.0,511.0,827456.0,925815.0,330265.0,388707.0,490849.0,575488.0,Q3
JUNIN,JAUJA,48.4,12.9,32.3,6.5,45.2,25.8,25.8,3.2,388.0,385.0,50.0,21.4,28.6,0.0,35.7,42.8,21.4,0.0,404.0,420.0,827456.0,925815.0,330265.0,388707.0,490849.0,575488.0,Q4
JUNIN,JAUJA,25.6,46.5,0.0,27.9,27.9,48.8,2.3,20.9,482.0,466.0,20.9,46.5,0.0,32.6,14.0,55.8,0.0,30.2,497.0,506.0,827456.0,925815.0,330265.0,388707.0,490849.0,575488.0,Q1
JUNIN,JAUJA,,,,,,,,,,,0.0,20.0,60.0,20.0,20.0,40.0,40.0,0.0,399.0,415.0,827456.0,925815.0,330265.0,388707.0,490849.0,575488.0,
JUNIN,JAUJA,40.0,50.0,5.0,5.0,35.0,50.0,10.0,5.0,442.0,434.0,13.3,46.7,0.0,40.0,0.0,53.3,0.0,46.7,513.0,548.0,827456.0,925815.0,330265.0,388707.0,490849.0,575488.0,Q2
JUNIN,JAUJA,32.2,39.3,17.4,11.0,24.6,34.2,21.8,19.4,439.0,443.0,31.8,25.0,20.4,22.7,27.3,38.6,13.6,20.5,442.0,461.0,827456.0,925815.0,330265.0,388707.0,490849.0,575488.0,Q4
JUNIN,JAUJA,38.5,38.0,0.0,23.5,23.5,45.5,0.0,31.0,481.0,483.0,37.5,12.5,50.0,0.0,37.5,25.0,37.5,0.0,366.0,377.0,827456.0,925815.0,330265.0,388707.0,490849.0,575488.0,Q4
JUNIN,JAUJA,16.7,50.0,0.0,33.3,33.3,33.3,0.0,33.3,507.0,521.0,25.0,41.7,16.7,16.7,33.3,33.3,8.3,25.0,443.0,456.0,827456.0,925815.0,330265.0,388707.0,490849.0,575488.0,Q3
JUNIN,JAUJA,46.7,33.3,0.0,20.0,40.0,40.0,6.7,13.3,462.0,439.0,25.0,37.5,6.3,31.3,18.8,37.5,0.0,43.8,479.0,525.0,827456.0,925815.0,330265.0,388707.0,490849.0,575488.0,Q2
JUNIN,JUNÍN,39.7,15.7,20.6,24.0,16.7,48.9,20.6,13.9,439.0,445.0,30.4,28.3,15.2,26.1,23.1,39.9,10.1,26.9,455.0,474.0,827456.0,925815.0,330265.0,388707.0,490849.0,575488.0,Q3
JUNIN,JUNÍN,20.0,24.5,3.7,51.7,15.7,33.0,3.2,48.0,523.0,520.0,13.6,39.7,1.1,45.5,7.9,39.2,2.3,50.6,521.0,531.0,827456.0,925815.0,330265.0,388707.0,490849.0,575488.0,Q2
JUNIN,JUNÍN,33.3,33.3,0.0,33.3,0.0,33.3,0.0,66.7,487.0,559.0,18.7,43.7,12.5,25.0,6.3,31.2,6.3,56.2,471.0,533.0,827456.0,925815.0,330265.0,388707.0,490849.0,575488.0,Q3
JUNIN,JUNÍN,35.3,26.5,32.4,5.9,20.6,26.5,47.1,5.9,403.0,383.0,25.0,20.5,29.5,25.0,20.4,29.5,22.7,27.3,434.0,458.0,827456.0,925815.0,330265.0,388707.0,490849.0,575488.0,Q2
JUNIN,SATIPO,21.4,30.2,3.0,45.4,18.2,33.3,0.0,48.6,504.0,516.0,,,,,,,,,,,827456.0,925815.0,330265.0,388707.0,490849.0,575488.0,Q4
JUNIN,SATIPO,22.5,48.7,7.5,21.3,13.8,63.8,6.3,16.3,468.0,470.0,24.4,33.9,19.1,22.6,10.9,47.3,17.8,24.0,447.0,461.0,827456.0,925815.0,330265.0,388707.0,490849.0,575488.0,Q4
JUNIN,SATIPO,31.1,38.6,11.9,18.4,24.7,47.7,15.4,12.3,455.0,439.0,32.3,32.5,14.9,20.3,25.9,43.2,10.1,20.7,450.0,461.0,827456.0,925815.0,330265.0,388707.0,490849.0,575488.0,Q2
JUNIN,SATIPO,16.5,26.5,7.1,50.0,10.0,47.6,7.1,35.3,508.0,496.0,25.0,15.6,15.6,43.8,9.4,43.8,6.3,40.6,477.0,513.0,827456.0,925815.0,330265.0,388707.0,490849.0,575488.0,Q2
JUNIN,SATIPO,35.2,35.9,11.7,17.2,30.7,40.2,10.8,18.3,452.0,449.0,29.1,31.0,15.3,24.6,22.5,39.4,13.7,24.4,457.0,459.0,827456.0,925815.0,330265.0,388707.0,490849.0,575488.0,Q3
JUNIN,SATIPO,41.2,31.0,14.7,13.2,31.9,38.9,18.6,10.5,437.0,426.0,29.7,29.5,20.0,20.8,27.2,39.9,15.2,17.7,445.0,445.0,827456.0,925815.0,330265.0,388707.0,490849.0,575488.0,Q3
JUNIN,SATIPO,34.8,30.2,20.8,14.3,23.8,41.3,26.2,8.7,433.0,418.0,31.5,21.0,22.1,25.4,28.2,32.4,15.5,23.8,447.0,450.0,827456.0,925815.0,330265.0,388707.0,490849.0,575488.0,Q4
JUNIN,SATIPO,29.6,39.5,6.8,24.2,22.2,45.9,8.3,23.6,472.0,470.0,26.1,37.5,8.1,28.3,18.0,46.6,5.9,29.6,475.0,486.0,827456.0,925815.0,330265.0,388707.0,490849.0,575488.0,Q2
JUNIN,SATIPO,,,,,,,,,,,41.5,19.3,26.9,12.3,35.6,30.9,20.8,12.8,411.0,419.0,827456.0,925815.0,330265.0,388707.0,490849.0,575488.0,Q3
JUNIN,TARMA,24.6,34.6,12.3,28.5,23.4,45.6,6.5,24.5,470.0,475.0,40.3,25.0,8.3,26.5,24.3,40.2,6.8,28.7,463.0,475.0,827456.0,925815.0,330265.0,388707.0,490849.0,575488.0,Q2
JUNIN,TARMA,42.9,32.2,11.1,13.8,25.3,46.7,7.3,20.7,445.0,462.0,39.5,29.2,19.8,11.5,45.2,28.8,5.8,20.2,427.0,442.0,827456.0,925815.0,330265.0,388707.0,490849.0,575488.0,Q3
JUNIN,TARMA,34.3,33.2,12.6,19.8,23.3,42.6,14.4,19.7,452.0,454.0,32.9,31.0,16.9,19.2,27.5,35.1,11.2,26.2,446.0,466.0,827456.0,925815.0,330265.0,388707.0,490849.0,575488.0,Q3
JUNIN,TARMA,25.6,44.2,11.6,18.6,23.3,39.5,14.0,23.3,455.0,460.0,28.1,39.2,8.9,23.8,17.5,50.1,10.9,21.5,474.0,468.0,827456.0,925815.0,330265.0,388707.0,490849.0,575488.0,Q2
JUNIN,TARMA,48.0,23.3,20.6,8.1,28.1,42.2,23.8,5.8,414.0,415.0,38.6,23.4,15.6,22.4,25.0,39.6,15.6,19.8,440.0,446.0,827456.0,925815.0,330265.0,388707.0,490849.0,575488.0,Q3
JUNIN,TARMA,26.1,35.7,10.5,27.7,14.2,47.3,14.6,24.0,478.0,467.0,35.8,26.4,13.2,24.5,20.7,34.0,20.8,24.5,461.0,449.0,827456.0,925815.0,330265.0,388707.0,490849.0,575488.0,Q1
JUNIN,TARMA,25.0,50.0,2.3,22.7,38.6,36.4,4.5,20.5,473.0,456.0,20.3,38.8,14.3,26.5,16.4,42.8,8.3,32.6,467.0,489.0,827456.0,925815.0,330265.0,388707.0,490849.0,575488.0,Q1
JUNIN,TARMA,40.0,18.8,37.6,3.5,31.8,15.3,50.6,2.4,387.0,367.0,38.0,21.5,34.2,6.3,31.6,30.4,29.1,8.9,393.0,403.0,827456.0,925815.0,330265.0,388707.0,490849.0,575488.0,Q3
JUNIN,TARMA,19.2,35.0,4.1,41.7,21.4,42.1,3.9,32.6,509.0,490.0,19.0,31.3,5.2,44.5,13.8,38.5,3.6,44.1,506.0,516.0,827456.0,925815.0,330265.0,388707.0,490849.0,575488.0,Q1
JUNIN,YAULI,22.2,44.4,0.0,33.3,11.1,52.8,0.0,36.1,501.0,514.0,30.4,21.7,4.3,43.5,4.3,13.0,4.3,78.3,493.0,542.0,827456.0,925815.0,330265.0,388707.0,490849.0,575488.0,Q1
JUNIN,YAULI,18.2,36.2,2.1,43.5,14.7,43.9,2.4,39.1,515.0,505.0,15.8,30.6,4.5,49.1,10.0,43.6,2.6,43.9,510.0,516.0,827456.0,925815.0,330265.0,388707.0,490849.0,575488.0,Q1
JUNIN,YAULI,25.0,37.5,25.0,12.5,12.5,62.5,25.0,0.0,443.0,406.0,9.1,38.6,43.2,9.1,20.5,38.6,31.8,9.1,412.0,427.0,827456.0,925815.0,330265.0,388707.0,490849.0,575488.0,Q4
JUNIN,YAULI,28.7,43.6,2.3,25.3,12.6,50.6,5.7,31.1,480.0,494.0,19.0,38.0,3.8,39.3,11.4,53.1,6.3,29.2,502.0,495.0,827456.0,925815.0,330265.0,388707.0,490849.0,575488.0,Q1
JUNIN,YAULI,0.0,35.7,0.0,64.3,7.1,57.1,0.0,35.7,548.0,512.0,9.1,18.2,0.0,72.7,0.0,18.2,0.0,81.8,602.0,592.0,827456.0,925815.0,330265.0,388707.0,490849.0,575488.0,Q1
JUNIN,YAULI,57.1,14.3,28.6,0.0,57.1,28.6,14.3,0.0,392.0,399.0,30.0,50.0,10.0,10.0,30.0,60.0,10.0,0.0,449.0,426.0,827456.0,925815.0,330265.0,388707.0,490849.0,575488.0,Q3
JUNIN,YAULI,9.5,30.2,1.6,58.7,9.5,46.0,1.6,42.9,530.0,517.0,20.2,34.3,3.1,42.4,12.4,50.0,1.5,36.1,505.0,512.0,827456.0,925815.0,330265.0,388707.0,490849.0,575488.0,Q2
JUNIN,YAULI,30.8,46.2,0.0,23.1,38.5,23.1,7.7,30.8,480.0,460.0,53.8,26.9,7.7,11.5,23.1,53.8,0.0,23.1,447.0,487.0,827456.0,925815.0,330265.0,388707.0,490849.0,575488.0,Q2
JUNIN,YAULI,28.0,36.7,5.6,29.7,20.8,46.3,3.2,29.7,489.0,485.0,22.6,38.7,4.8,33.9,17.7,37.1,3.2,41.9,483.0,500.0,827456.0,925815.0,330265.0,388707.0,490849.0,575488.0,Q1
LA LIBERTAD,ASCOPE,29.7,32.2,10.3,27.7,25.1,47.9,14.1,12.8,468.0,441.0,34.8,25.4,15.7,24.1,28.5,33.6,21.0,16.9,449.0,432.0,993610.0,1075544.0,243686.0,218544.0,994168.0,1196505.0,Q3
LA LIBERTAD,ASCOPE,33.0,32.6,9.7,24.6,29.1,41.6,13.8,15.6,465.0,443.0,27.2,32.9,8.3,31.6,22.7,45.6,7.5,24.2,479.0,471.0,993610.0,1075544.0,243686.0,218544.0,994168.0,1196505.0,Q3
LA LIBERTAD,ASCOPE,27.1,35.7,6.8,30.3,22.1,41.9,10.2,25.8,484.0,470.0,24.3,33.1,5.4,37.2,22.9,39.0,8.2,29.9,485.0,481.0,993610.0,1075544.0,243686.0,218544.0,994168.0,1196505.0,Q2
LA LIBERTAD,ASCOPE,30.4,34.6,6.2,28.8,23.1,42.6,12.3,22.0,481.0,465.0,30.2,30.1,9.1,30.7,14.9,50.0,4.1,31.1,473.0,491.0,993610.0,1075544.0,243686.0,218544.0,994168.0,1196505.0,Q2
LA LIBERTAD,ASCOPE,21.4,28.6,7.1,42.9,21.4,64.3,0.0,14.3,487.0,487.0,30.0,50.0,0.0,20.0,20.0,40.0,0.0,40.0,487.0,491.0,993610.0,1075544.0,243686.0,218544.0,994168.0,1196505.0,Q2
LA LIBERTAD,ASCOPE,22.5,37.4,8.4,31.6,20.8,41.5,7.7,29.9,482.0,479.0,,,,,,,,,,,993610.0,1075544.0,243686.0,218544.0,994168.0,1196505.0,Q3
LA LIBERTAD,ASCOPE,31.5,43.1,4.4,21.1,17.8,51.7,8.7,21.8,473.0,464.0,22.5,38.1,7.3,32.1,22.7,49.3,6.6,21.5,477.0,467.0,993610.0,1075544.0,243686.0,218544.0,994168.0,1196505.0,Q2
LA LIBERTAD,ASCOPE,30.3,36.3,6.1,27.3,23.5,40.2,8.5,27.7,478.0,473.0,29.5,29.6,9.0,32.0,21.0,38.9,8.3,31.9,480.0,486.0,993610.0,1075544.0,243686.0,218544.0,994168.0,1196505.0,Q2
LA LIBERTAD,BOLÍVAR,39.3,11.2,47.3,2.1,29.7,12.4,56.3,1.7,366.0,355.0,38.7,10.4,44.9,6.0,32.1,26.8,31.5,9.5,378.0,404.0,993610.0,1075544.0,243686.0,218544.0,994168.0,1196505.0,Q4
LA LIBERTAD,BOLÍVAR,32.2,28.1,31.6,8.1,23.4,39.4,22.3,14.9,408.0,432.0,32.0,24.5,20.7,22.8,28.7,35.3,12.8,23.2,442.0,463.0,993610.0,1075544.0,243686.0,218544.0,994168.0,1196505.0,Q4
LA LIBERTAD,BOLÍVAR,40.2,14.0,39.4,6.5,33.1,19.4,45.0,2.6,384.0,362.0,27.7,22.5,42.3,7.4,27.0,17.2,45.7,10.1,383.0,383.0,993610.0,1075544.0,243686.0,218544.0,994168.0,1196505.0,Q4
LA LIBERTAD,BOLÍVAR,26.2,36.3,5.0,32.5,20.1,42.1,2.8,35.0,492.0,521.0,6.1,27.2,0.0,66.8,3.0,63.7,0.0,33.3,544.0,516.0,993610.0,1075544.0,243686.0,218544.0,994168.0,1196505.0,Q2
LA LIBERTAD,BOLÍVAR,56.0,25.9,0.0,18.1,37.9,44.8,10.3,7.0,456.0,429.0,28.8,36.6,10.0,24.7,12.0,53.0,12.0,23.0,462.0,464.0,993610.0,1075544.0,243686.0,218544.0,994168.0,1196505.0,Q3
LA LIBERTAD,BOLÍVAR,50.0,33.3,3.3,13.3,56.7,20.0,16.7,6.7,447.0,410.0,28.1,31.2,31.3,9.4,25.0,28.1,34.4,12.5,409.0,404.0,993610.0,1075544.0,243686.0,218544.0,994168.0,1196505.0,Q4
LA LIBERTAD,CHEPÉN,23.6,36.1,6.4,33.9,20.9,44.6,9.3,25.2,487.0,471.0,25.1,32.3,6.4,36.2,20.0,47.1,6.2,26.7,490.0,478.0,993610.0,1075544.0,243686.0,218544.0,994168.0,1196505.0,Q2
LA LIBERTAD,CHEPÉN,34.5,25.5,14.2,25.9,28.0,38.7,16.3,17.0,457.0,443.0,27.1,35.8,8.6,28.4,22.6,47.2,5.9,24.2,472.0,475.0,993610.0,1075544.0,243686.0,218544.0,994168.0,1196505.0,Q3
LA LIBERTAD,CHEPÉN,32.6,33.6,9.4,24.3,31.8,47.3,8.0,12.9,463.0,445.0,26.4,42.3,4.8,26.4,20.3,50.7,2.6,26.4,479.0,481.0,993610.0,1075544.0,243686.0,218544.0,994168.0,1196505.0,Q2
LA LIBERTAD,GRAN CHIMÚ,24.7,32.9,11.4,30.9,20.0,36.5,14.1,29.5,476.0,472.0,21.2,31.6,10.7,36.5,15.2,46.2,9.9,28.7,482.0,481.0,993610.0,1075544.0,243686.0,218544.0,994168.0,1196505.0,Q3
LA LIBERTAD,GRAN CHIMÚ,31.3,35.0,26.5,7.2,22.9,43.4,20.5,13.3,417.0,441.0,33.7,29.1,20.0,17.2,27.0,35.8,15.6,21.6,441.0,454.0,993610.0,1075544.0,243686.0,218544.0,994168.0,1196505.0,Q4
LA LIBERTAD,GRAN CHIMÚ,22.2,38.9,19.5,19.4,19.5,44.4,16.7,19.4,450.0,453.0,31.9,38.4,8.0,21.6,14.3,56.0,0.0,29.6,460.0,488.0,993610.0,1075544.0,243686.0,218544.0,994168.0,1196505.0,Q3
LA LIBERTAD,GRAN CHIMÚ,39.4,28.9,18.6,13.1,31.1,45.1,11.7,12.1,430.0,440.0,39.3,23.4,20.4,16.9,28.0,39.3,14.2,18.5,431.0,445.0,993610.0,1075544.0,243686.0,218544.0,994168.0,1196505.0,Q4
LA LIBERTAD,JULCÁN,48.0,23.5,23.5,4.9,37.2,34.3,25.5,2.9,406.0,405.0,37.2,20.6,33.2,9.1,35.2,42.4,17.7,4.6,405.0,416.0,993610.0,1075544.0,243686.0,218544.0,994168.0,1196505.0,Q4
LA LIBERTAD,JULCÁN,39.9,24.0,21.0,15.1,32.8,28.4,20.9,17.9,428.0,434.0,20.7,18.8,26.4,34.1,22.7,27.3,14.0,36.0,456.0,476.0,993610.0,1075544.0,243686.0,218544.0,994168.0,1196505.0,Q4
LA LIBERTAD,JULCÁN,37.8,15.0,45.0,2.2,40.5,17.8,38.1,3.7,376.0,377.0,28.6,18.0,50.4,3.0,27.1,24.1,45.1,3.8,371.0,374.0,993610.0,1075544.0,243686.0,218544.0,994168.0,1196505.0,Q4
LA LIBERTAD,JULCÁN,43.4,26.3,19.8,10.5,29.3,34.7,24.9,11.0,423.0,421.0,36.6,20.9,28.7,13.8,26.4,34.2,23.5,15.8,418.0,427.0,993610.0,1075544.0,243686.0,218544.0,994168.0,1196505.0,Q4
LA LIBERTAD,OTUZCO,38.8,32.9,18.8,9.4,28.6,40.3,17.4,13.7,429.0,433.0,32.9,30.6,28.6,7.8,28.6,38.1,22.4,10.9,414.0,421.0,993610.0,1075544.0,243686.0,218544.0,994168.0,1196505.0,Q4
LA LIBERTAD,OTUZCO,,,,,,,,,,,34.3,34.2,17.2,14.3,31.4,37.2,17.2,14.3,432.0,428.0,993610.0,1075544.0,243686.0,218544.0,994168.0,1196505.0,Q3
LA LIBERTAD,OTUZCO,21.3,42.3,7.6,28.8,15.1,43.9,9.2,31.8,478.0,484.0,36.5,20.3,24.3,19.0,32.4,36.5,12.1,19.0,424.0,443.0,993610.0,1075544.0,243686.0,218544.0,994168.0,1196505.0,Q3
LA LIBERTAD,OTUZCO,16.7,33.3,33.3,16.7,0.0,16.7,66.7,16.7,461.0,389.0,23.1,15.4,53.8,7.7,46.2,23.1,30.8,0.0,382.0,368.0,993610.0,1075544.0,243686.0,218544.0,994168.0,1196505.0,Q4
LA LIBERTAD,OTUZCO,36.3,38.3,13.8,11.5,30.5,40.3,13.8,15.4,440.0,441.0,31.6,39.5,15.7,13.2,19.2,47.0,14.0,19.7,439.0,454.0,993610.0,1075544.0,243686.0,218544.0,994168.0,1196505.0,Q2
LA LIBERTAD,OTUZCO,32.4,28.5,12.4,26.7,22.6,39.7,10.4,27.3,459.0,474.0,26.1,29.0,13.0,31.9,19.1,39.2,6.7,34.9,473.0,495.0,993610.0,1075544.0,243686.0,218544.0,994168.0,1196505.0,Q2
LA LIBERTAD,OTUZCO,,,,,,,,,,,60.0,40.0,0.0,0.0,40.0,0.0,20.0,40.0,422.0,438.0,993610.0,1075544.0,243686.0,218544.0,994168.0,1196505.0,
LA LIBERTAD,OTUZCO,31.2,50.0,7.5,11.2,41.3,40.0,8.7,10.0,450.0,437.0,43.8,28.8,11.7,15.7,29.0,47.6,9.0,14.3,440.0,446.0,993610.0,1075544.0,243686.0,218544.0,994168.0,1196505.0,Q3
LA LIBERTAD,OTUZCO,37.4,20.8,37.7,4.2,35.6,24.5,32.8,7.1,391.0,395.0,41.7,25.5,23.8,8.9,25.9,44.2,21.6,8.4,414.0,424.0,993610.0,1075544.0,243686.0,218544.0,994168.0,1196505.0,Q4
LA LIBERTAD,OTUZCO,32.8,33.1,16.0,18.0,26.7,35.7,14.7,22.8,446.0,453.0,30.2,26.5,23.9,19.3,23.9,37.4,14.3,24.4,434.0,458.0,993610.0,1075544.0,243686.0,218544.0,994168.0,1196505.0,Q4
LA LIBERTAD,PACASMAYO,23.6,38.5,4.2,33.7,16.3,49.5,5.5,28.7,492.0,484.0,27.8,34.3,6.2,31.6,19.5,44.1,6.8,29.6,482.0,481.0,993610.0,1075544.0,243686.0,218544.0,994168.0,1196505.0,Q2
LA LIBERTAD,PACASMAYO,19.9,41.6,0.0,38.6,0.0,46.6,0.0,53.4,502.0,535.0,17.7,45.3,2.4,34.5,13.2,50.2,0.0,36.7,507.0,512.0,993610.0,1075544.0,243686.0,218544.0,994168.0,1196505.0,Q3
LA LIBERTAD,PACASMAYO,19.9,31.0,5.0,44.1,17.2,38.1,9.1,35.6,508.0,494.0,23.7,35.8,6.9,33.6,15.8,45.2,9.8,29.2,484.0,479.0,993610.0,1075544.0,243686.0,218544.0,994168.0,1196505.0,Q2
LA LIBERTAD,PACASMAYO,31.5,38.8,1.7,28.0,20.9,52.2,5.0,21.9,476.0,468.0,30.2,35.4,8.5,25.9,24.1,44.0,8.0,24.0,463.0,467.0,993610.0,1075544.0,243686.0,218544.0,994168.0,1196505.0,Q2
LA LIBERTAD,PACASMAYO,17.4,32.5,1.0,49.2,12.8,48.9,3.0,35.3,519.0,502.0,21.2,39.3,2.7,36.7,20.0,46.5,2.3,31.2,500.0,491.0,993610.0,1075544.0,243686.0,218544.0,994168.0,1196505.0,Q2
LA LIBERTAD,PATAZ,44.2,28.2,21.4,6.2,37.4,25.5,33.2,4.0,409.0,391.0,42.4,11.8,32.7,13.1,22.0,24.9,43.4,9.7,403.0,397.0,993610.0,1075544.0,243686.0,218544.0,994168.0,1196505.0,Q4
LA LIBERTAD,PATAZ,41.8,16.7,35.4,6.1,33.7,22.9,35.3,8.1,391.0,396.0,37.5,19.2,35.7,7.5,34.6,30.5,29.5,5.4,394.0,398.0,993610.0,1075544.0,243686.0,218544.0,994168.0,1196505.0,Q4
LA LIBERTAD,PATAZ,42.5,19.4,32.5,5.6,40.2,18.4,31.4,10.0,397.0,394.0,41.5,22.4,25.4,10.8,33.5,31.8,22.7,12.0,411.0,419.0,993610.0,1075544.0,243686.0,218544.0,994168.0,1196505.0,Q4
LA LIBERTAD,PATAZ,,,,,,,,,,,0.0,38.5,0.0,61.5,0.0,7.7,0.0,92.3,534.0,586.0,993610.0,1075544.0,243686.0,218544.0,994168.0,1196505.0,Q4
LA LIBERTAD,PATAZ,50.4,19.3,21.5,8.8,35.5,34.0,24.7,5.9,416.0,411.0,44.0,20.4,31.6,4.0,35.1,30.1,27.7,7.1,392.0,404.0,993610.0,1075544.0,243686.0,218544.0,994168.0,1196505.0,Q4
LA LIBERTAD,PATAZ,36.4,27.3,0.0,36.4,0.0,54.5,0.0,45.5,486.0,504.0,35.7,19.1,8.7,36.5,35.7,32.2,6.1,26.1,484.0,464.0,993610.0,1075544.0,243686.0,218544.0,994168.0,1196505.0,Q2
LA LIBERTAD,PATAZ,41.5,35.2,15.1,8.2,27.2,43.4,18.8,10.6,429.0,432.0,36.0,28.6,22.4,13.0,34.1,37.4,19.2,9.3,424.0,419.0,993610.0,1075544.0,243686.0,218544.0,994168.0,1196505.0,Q4
LA LIBERTAD,PATAZ,28.4,43.3,12.0,16.2,23.1,44.7,13.0,19.2,456.0,452.0,41.3,24.9,18.9,14.8,36.2,35.8,16.5,11.5,428.0,424.0,993610.0,1075544.0,243686.0,218544.0,994168.0,1196505.0,Q4
LA LIBERTAD,PATAZ,35.7,25.5,8.2,30.6,24.5,38.8,6.1,30.6,475.0,480.0,20.6,24.2,6.9,48.4,24.0,31.0,3.4,41.5,519.0,491.0,993610.0,1075544.0,243686.0,218544.0,994168.0,1196505.0,Q3
LA LIBERTAD,PATAZ,41.0,23.1,28.2,7.7,33.4,38.4,25.7,2.6,403.0,414.0,31.6,10.5,31.5,26.3,29.0,21.1,28.9,21.0,428.0,427.0,993610.0,1075544.0,243686.0,218544.0,994168.0,1196505.0,Q4
LA LIBERTAD,PATAZ,25.3,17.2,51.1,6.4,25.4,13.2,51.2,10.3,386.0,376.0,27.7,14.2,45.8,12.3,34.4,21.9,39.1,4.6,392.0,378.0,993610.0,1075544.0,243686.0,218544.0,994168.0,1196505.0,Q4
LA LIBERTAD,PATAZ,39.3,21.0,28.8,10.9,33.1,29.5,30.3,7.1,407.0,404.0,39.8,25.8,22.2,12.2,33.5,38.1,18.9,9.5,420.0,421.0,993610.0,1075544.0,243686.0,218544.0,994168.0,1196505.0,Q4
LA LIBERTAD,PATAZ,41.6,13.4,39.1,5.9,29.1,23.9,42.9,4.1,380.0,379.0,40.1,19.9,32.4,7.5,35.1,21.0,40.7,3.2,398.0,376.0,993610.0,1075544.0,243686.0,218544.0,994168.0,1196505.0,Q3
LA LIBERTAD,SANTIAGO DE CHUCO,40.6,33.2,17.9,8.3,21.6,37.6,18.2,22.6,430.0,451.0,40.1,36.9,17.1,6.0,27.0,44.6,11.4,17.1,421.0,451.0,993610.0,1075544.0,243686.0,218544.0,994168.0,1196505.0,Q4
LA LIBERTAD,SANTIAGO DE CHUCO,41.1,27.0,19.2,12.6,27.8,38.9,20.8,12.5,423.0,428.0,35.4,25.0,20.6,19.0,33.3,37.6,14.5,14.6,433.0,438.0,993610.0,1075544.0,243686.0,218544.0,994168.0,1196505.0,Q4
LA LIBERTAD,SANTIAGO DE CHUCO,34.6,28.0,11.8,25.6,23.5,50.5,14.8,11.3,448.0,440.0,44.3,14.3,25.2,16.3,38.0,32.9,22.3,6.9,417.0,409.0,993610.0,1075544.0,243686.0,218544.0,994168.0,1196505.0,Q4
LA LIBERTAD,SANTIAGO DE CHUCO,35.0,24.8,21.7,18.5,31.3,37.4,23.9,7.4,425.0,412.0,48.8,30.2,7.0,14.0,37.2,44.2,4.7,14.0,435.0,451.0,993610.0,1075544.0,243686.0,218544.0,994168.0,1196505.0,Q4
LA LIBERTAD,SANTIAGO DE CHUCO,39.6,29.0,17.6,13.9,32.6,30.2,19.4,17.7,432.0,429.0,36.1,26.9,20.3,16.6,27.8,42.0,18.6,11.7,432.0,430.0,993610.0,1075544.0,243686.0,218544.0,994168.0,1196505.0,Q4
LA LIBERTAD,SANTIAGO DE CHUCO,42.4,25.1,14.7,17.9,28.2,41.3,14.7,15.8,434.0,444.0,37.7,42.3,10.0,10.0,35.0,58.3,0.0,6.7,440.0,442.0,993610.0,1075544.0,243686.0,218544.0,994168.0,1196505.0,Q4
LA LIBERTAD,SANTIAGO DE CHUCO,26.7,25.2,30.4,17.7,30.5,23.1,27.9,18.5,423.0,422.0,30.0,24.5,30.2,15.4,29.7,32.2,24.5,13.6,416.0,420.0,993610.0,1075544.0,243686.0,218544.0,994168.0,1196505.0,Q4
LA LIBERTAD,SANTIAGO DE CHUCO,26.4,37.5,25.3,10.9,32.7,28.0,24.3,15.0,429.0,423.0,39.5,12.9,39.8,7.8,43.8,21.8,32.3,2.2,382.0,378.0,993610.0,1075544.0,243686.0,218544.0,994168.0,1196505.0,Q4
LA LIBERTAD,SÁNCHEZ CARRIÓN,39.3,23.1,29.9,7.7,29.2,29.2,32.3,9.2,406.0,406.0,31.5,24.5,30.5,13.6,27.4,31.5,24.6,16.6,414.0,425.0,993610.0,1075544.0,243686.0,218544.0,994168.0,1196505.0,Q4
LA LIBERTAD,SÁNCHEZ CARRIÓN,35.5,16.8,42.2,5.6,29.3,19.2,47.3,4.1,383.0,369.0,36.0,13.5,43.1,7.4,32.1,21.7,39.6,6.7,384.0,386.0,993610.0,1075544.0,243686.0,218544.0,994168.0,1196505.0,Q4
LA LIBERTAD,SÁNCHEZ CARRIÓN,35.6,26.4,26.4,11.5,31.3,33.2,25.9,9.6,416.0,417.0,42.5,15.5,33.7,8.4,40.5,26.2,25.6,7.8,397.0,400.0,993610.0,1075544.0,243686.0,218544.0,994168.0,1196505.0,Q4
LA LIBERTAD,SÁNCHEZ CARRIÓN,29.1,33.1,13.7,24.1,22.7,39.7,12.8,24.8,458.0,463.0,26.4,31.8,14.0,27.8,20.7,38.8,11.0,29.6,465.0,474.0,993610.0,1075544.0,243686.0,218544.0,994168.0,1196505.0,Q3
LA LIBERTAD,SÁNCHEZ CARRIÓN,45.5,17.2,32.8,4.5,33.5,29.9,32.5,4.0,388.0,395.0,37.6,16.6,36.4,9.5,31.3,31.0,29.4,8.2,395.0,402.0,993610.0,1075544.0,243686.0,218544.0,994168.0,1196505.0,Q4
LA LIBERTAD,SÁNCHEZ CARRIÓN,35.6,19.1,38.9,6.4,28.5,28.2,35.6,7.6,392.0,401.0,35.0,18.2,42.3,4.5,32.0,29.6,31.0,7.5,382.0,398.0,993610.0,1075544.0,243686.0,218544.0,994168.0,1196505.0,Q4
LA LIBERTAD,SÁNCHEZ CARRIÓN,40.1,21.9,29.8,8.2,38.6,27.4,27.3,6.7,404.0,401.0,38.9,19.5,33.6,8.0,37.6,32.6,23.4,6.5,402.0,406.0,993610.0,1075544.0,243686.0,218544.0,994168.0,1196505.0,Q4
LA LIBERTAD,SÁNCHEZ CARRIÓN,40.9,15.6,39.1,4.4,32.4,17.6,49.1,0.9,384.0,364.0,40.9,12.2,41.8,5.0,38.4,25.5,29.4,6.7,379.0,394.0,993610.0,1075544.0,243686.0,218544.0,994168.0,1196505.0,Q4
LA LIBERTAD,TRUJILLO,24.2,40.0,4.2,31.7,20.5,48.9,4.0,26.6,489.0,480.0,23.7,36.3,5.1,34.9,16.0,47.0,4.9,32.2,490.0,491.0,993610.0,1075544.0,243686.0,218544.0,994168.0,1196505.0,Q2
LA LIBERTAD,TRUJILLO,24.0,38.6,5.2,32.2,22.5,45.4,5.7,26.4,490.0,475.0,27.7,35.7,6.4,30.2,22.1,47.0,7.1,23.8,478.0,470.0,993610.0,1075544.0,243686.0,218544.0,994168.0,1196505.0,Q2
LA LIBERTAD,TRUJILLO,27.3,40.5,4.7,27.5,25.3,49.3,6.9,18.4,479.0,463.0,23.6,37.0,7.0,32.3,22.7,45.9,5.5,25.9,481.0,475.0,993610.0,1075544.0,243686.0,218544.0,994168.0,1196505.0,Q2
LA LIBERTAD,TRUJILLO,24.0,38.8,4.5,32.7,21.0,47.5,5.1,26.4,491.0,477.0,21.9,37.4,5.0,35.7,17.7,47.9,5.4,29.0,493.0,485.0,993610.0,1075544.0,243686.0,218544.0,994168.0,1196505.0,Q2
LA LIBERTAD,TRUJILLO,31.8,37.4,6.4,24.4,28.5,47.1,6.3,18.1,474.0,459.0,31.1,35.5,7.2,26.2,24.3,42.7,9.2,23.8,472.0,468.0,993610.0,1075544.0,243686.0,218544.0,994168.0,1196505.0,Q2
LA LIBERTAD,TRUJILLO,26.6,39.0,3.6,30.8,24.3,47.5,5.4,22.9,489.0,471.0,23.4,35.9,5.1,35.6,18.0,47.0,4.0,31.0,494.0,488.0,993610.0,1075544.0,243686.0,218544.0,994168.0,1196505.0,Q2
LA LIBERTAD,TRUJILLO,40.5,18.4,31.8,9.2,20.0,19.3,53.4,7.3,406.0,378.0,33.0,28.3,8.2,30.5,23.5,50.6,5.9,20.0,469.0,466.0,993610.0,1075544.0,243686.0,218544.0,994168.0,1196505.0,Q2
LA LIBERTAD,TRUJILLO,23.1,41.1,3.3,32.5,16.1,54.6,4.9,24.4,495.0,477.0,23.7,35.6,4.8,35.9,18.8,46.7,4.2,30.2,492.0,488.0,993610.0,1075544.0,243686.0,218544.0,994168.0,1196505.0,Q2
LA LIBERTAD,TRUJILLO,21.3,43.7,4.0,30.9,19.8,52.0,8.3,19.8,497.0,463.0,33.1,25.3,20.7,20.9,47.5,33.5,15.9,3.1,436.0,412.0,993610.0,1075544.0,243686.0,218544.0,994168.0,1196505.0,Q2
LA LIBERTAD,TRUJILLO,18.5,33.5,3.3,44.7,18.9,45.7,4.7,30.7,514.0,487.0,17.4,31.3,3.7,47.6,15.1,44.5,4.5,35.9,515.0,498.0,993610.0,1075544.0,243686.0,218544.0,994168.0,1196505.0,Q1
LA LIBERTAD,TRUJILLO,17.3,35.9,2.9,43.8,22.4,49.3,4.0,24.4,516.0,477.0,17.0,32.5,4.1,46.5,15.0,45.0,5.0,35.0,515.0,498.0,993610.0,1075544.0,243686.0,218544.0,994168.0,1196505.0,Q1
LA LIBERTAD,VIRÚ,39.0,34.7,10.1,16.2,29.7,44.9,13.0,12.4,449.0,440.0,32.3,32.7,13.8,21.3,28.3,41.5,13.0,17.3,453.0,447.0,993610.0,1075544.0,243686.0,218544.0,994168.0,1196505.0,Q3
LA LIBERTAD,VIRÚ,22.8,47.4,5.0,24.7,17.3,46.9,7.3,28.4,485.0,480.0,33.6,31.5,6.6,28.3,24.8,51.6,7.8,15.8,470.0,458.0,993610.0,1075544.0,243686.0,218544.0,994168.0,1196505.0,Q2
LA LIBERTAD,VIRÚ,31.6,38.6,6.7,23.0,28.9,45.1,8.5,17.5,469.0,453.0,28.3,36.7,8.6,26.4,19.8,48.6,6.7,24.9,471.0,473.0,993610.0,1075544.0,243686.0,218544.0,994168.0,1196505.0,Q3
LAMBAYEQUE,CHICLAYO,29.8,34.0,8.4,27.8,30.2,45.2,9.8,14.7,467.0,448.0,36.5,31.5,12.1,19.9,32.2,44.2,11.3,12.3,448.0,440.0,764005.0,815803.0,127661.0,126664.0,663412.0,746628.0,Q3
LAMBAYEQUE,CHICLAYO,19.1,35.1,2.9,42.9,18.4,45.4,4.3,31.9,511.0,490.0,19.9,33.7,4.1,42.3,16.4,44.3,4.1,35.2,505.0,497.0,764005.0,815803.0,127661.0,126664.0,663412.0,746628.0,Q1
LAMBAYEQUE,CHICLAYO,39.1,30.8,10.4,19.7,32.2,33.8,19.6,14.4,450.0,427.0,33.2,31.3,10.7,24.8,27.3,43.3,10.7,18.7,457.0,453.0,764005.0,815803.0,127661.0,126664.0,663412.0,746628.0,Q3
LAMBAYEQUE,CHICLAYO,24.7,39.0,4.0,32.3,15.5,45.2,3.6,35.7,490.0,499.0,22.7,31.8,7.5,38.1,14.6,33.2,6.1,46.1,486.0,512.0,764005.0,815803.0,127661.0,126664.0,663412.0,746628.0,Q1
LAMBAYEQUE,CHICLAYO,0.0,7.1,0.0,92.9,0.0,7.1,0.0,92.9,594.0,611.0,46.2,7.7,30.8,15.4,23.1,23.1,38.5,15.4,413.0,410.0,764005.0,815803.0,127661.0,126664.0,663412.0,746628.0,
LAMBAYEQUE,CHICLAYO,22.7,37.9,3.7,35.7,20.5,44.9,4.7,29.9,497.0,482.0,25.2,35.4,5.9,33.5,19.2,45.6,6.5,28.7,486.0,479.0,764005.0,815803.0,127661.0,126664.0,663412.0,746628.0,Q2
LAMBAYEQUE,CHICLAYO,28.4,41.1,4.6,25.9,30.3,48.0,7.6,14.1,478.0,450.0,28.9,35.2,7.2,28.6,25.9,43.8,9.4,20.9,474.0,458.0,764005.0,815803.0,127661.0,126664.0,663412.0,746628.0,Q2
LAMBAYEQUE,CHICLAYO,27.6,38.9,6.7,26.8,28.2,44.4,7.4,20.0,475.0,466.0,41.1,34.8,8.9,15.2,27.3,47.4,12.1,13.3,447.0,442.0,764005.0,815803.0,127661.0,126664.0,663412.0,746628.0,Q3
LAMBAYEQUE,CHICLAYO,33.1,33.2,9.5,24.2,27.8,43.5,9.5,19.1,463.0,457.0,30.2,36.7,10.3,22.8,20.9,47.5,8.7,22.9,461.0,467.0,764005.0,815803.0,127661.0,126664.0,663412.0,746628.0,Q2
LAMBAYEQUE,CHICLAYO,32.2,32.1,14.1,21.6,39.3,42.9,14.1,3.6,452.0,420.0,42.9,30.9,21.5,4.7,54.9,21.5,16.6,7.0,419.0,400.0,764005.0,815803.0,127661.0,126664.0,663412.0,746628.0,Q4
LAMBAYEQUE,CHICLAYO,53.6,25.7,10.9,9.8,37.6,29.7,23.8,8.9,429.0,408.0,39.2,23.5,21.5,15.8,26.9,47.0,18.5,7.6,429.0,430.0,764005.0,815803.0,127661.0,126664.0,663412.0,746628.0,Q3
LAMBAYEQUE,CHICLAYO,33.0,36.7,7.9,22.4,27.7,47.0,8.8,16.5,464.0,449.0,28.9,37.1,10.2,23.7,24.4,47.3,11.7,16.6,461.0,451.0,764005.0,815803.0,127661.0,126664.0,663412.0,746628.0,Q2
LAMBAYEQUE,CHICLAYO,37.6,35.7,7.4,19.3,28.5,46.7,6.4,18.4,460.0,457.0,34.9,25.6,13.8,25.7,29.9,34.4,17.0,18.8,457.0,442.0,764005.0,815803.0,127661.0,126664.0,663412.0,746628.0,Q3
LAMBAYEQUE,CHICLAYO,16.0,34.9,1.4,47.8,14.4,46.7,2.3,36.6,524.0,503.0,21.6,31.4,3.3,43.7,18.2,44.5,3.1,34.2,506.0,499.0,764005.0,815803.0,127661.0,126664.0,663412.0,746628.0,Q1
LAMBAYEQUE,CHICLAYO,34.1,31.8,6.8,27.4,30.4,40.3,9.2,20.2,471.0,458.0,33.0,31.0,10.8,25.2,25.1,42.4,12.2,20.3,464.0,456.0,764005.0,815803.0,127661.0,126664.0,663412.0,746628.0,Q3
LAMBAYEQUE,CHICLAYO,32.4,37.0,5.4,25.2,30.1,39.6,9.1,21.2,470.0,455.0,17.0,44.7,4.6,33.8,19.8,42.5,3.3,34.3,492.0,488.0,764005.0,815803.0,127661.0,126664.0,663412.0,746628.0,Q2
LAMBAYEQUE,CHICLAYO,22.1,37.5,2.8,37.6,14.4,56.2,2.8,26.7,499.0,488.0,15.7,35.2,3.3,45.7,15.3,48.6,2.3,33.8,515.0,502.0,764005.0,815803.0,127661.0,126664.0,663412.0,746628.0,Q1
LAMBAYEQUE,CHICLAYO,25.2,43.0,5.5,26.3,19.1,49.1,7.3,24.6,482.0,477.0,33.8,34.9,11.1,20.2,26.8,40.8,6.2,26.2,456.0,473.0,764005.0,815803.0,127661.0,126664.0,663412.0,746628.0,Q2
LAMBAYEQUE,CHICLAYO,30.5,33.7,11.5,24.3,29.4,43.9,10.1,16.6,462.0,454.0,35.5,34.2,14.8,15.5,28.9,40.2,17.1,13.7,444.0,436.0,764005.0,815803.0,127661.0,126664.0,663412.0,746628.0,Q3
LAMBAYEQUE,CHICLAYO,27.5,40.5,8.4,23.6,30.4,47.5,10.1,12.1,469.0,442.0,36.7,31.5,10.6,21.2,28.7,49.6,8.1,13.5,453.0,448.0,764005.0,815803.0,127661.0,126664.0,663412.0,746628.0,Q2
LAMBAYEQUE,FERREÑAFE,30.6,17.7,37.1,14.5,30.6,24.2,37.1,8.1,403.0,391.0,40.0,20.4,35.5,4.1,31.1,28.0,29.8,11.0,390.0,395.0,764005.0,815803.0,127661.0,126664.0,663412.0,746628.0,Q4
LAMBAYEQUE,FERREÑAFE,26.6,35.0,5.5,32.9,25.2,45.9,7.2,21.7,487.0,464.0,26.2,34.4,6.3,33.1,22.0,46.8,7.0,24.1,484.0,471.0,764005.0,815803.0,127661.0,126664.0,663412.0,746628.0,Q2
LAMBAYEQUE,FERREÑAFE,27.9,19.5,52.6,0.0,34.4,9.1,56.5,0.0,373.0,349.0,44.4,7.4,44.4,3.7,40.7,33.3,25.9,0.0,372.0,400.0,764005.0,815803.0,127661.0,126664.0,663412.0,746628.0,Q4
LAMBAYEQUE,FERREÑAFE,30.3,36.4,21.2,12.1,30.3,36.4,21.2,12.1,433.0,424.0,30.4,39.2,8.7,21.7,26.1,56.5,8.7,8.7,466.0,456.0,764005.0,815803.0,127661.0,126664.0,663412.0,746628.0,Q3
LAMBAYEQUE,FERREÑAFE,25.9,45.8,7.8,20.6,25.4,41.7,8.9,24.0,468.0,468.0,33.4,36.1,8.3,22.1,22.0,44.0,11.6,22.3,464.0,457.0,764005.0,815803.0,127661.0,126664.0,663412.0,746628.0,Q2
LAMBAYEQUE,FERREÑAFE,41.2,35.3,5.9,17.7,30.6,49.4,7.1,12.9,463.0,451.0,27.1,36.0,5.6,31.3,18.1,44.9,7.9,29.1,482.0,477.0,764005.0,815803.0,127661.0,126664.0,663412.0,746628.0,Q1
LAMBAYEQUE,LAMBAYEQUE,55.0,10.0,20.0,15.0,40.0,10.0,45.0,5.0,413.0,373.0,56.5,21.7,13.0,8.7,39.1,43.5,4.3,13.0,420.0,445.0,764005.0,815803.0,127661.0,126664.0,663412.0,746628.0,Q4
LAMBAYEQUE,LAMBAYEQUE,32.9,36.9,1.2,29.0,22.5,50.3,0.6,26.7,486.0,484.0,28.5,39.2,6.1,26.2,23.6,44.2,5.6,26.6,475.0,480.0,764005.0,815803.0,127661.0,126664.0,663412.0,746628.0,Q3
LAMBAYEQUE,LAMBAYEQUE,32.0,36.1,9.5,22.4,27.8,42.6,11.4,18.2,466.0,450.0,25.7,31.8,19.6,23.0,28.5,33.6,19.8,18.0,450.0,435.0,764005.0,815803.0,127661.0,126664.0,663412.0,746628.0,Q3
LAMBAYEQUE,LAMBAYEQUE,21.5,37.6,2.6,38.3,19.8,45.6,4.7,30.0,504.0,485.0,25.1,34.0,8.1,32.8,18.7,47.7,7.0,26.6,481.0,478.0,764005.0,815803.0,127661.0,126664.0,663412.0,746628.0,Q2
LAMBAYEQUE,LAMBAYEQUE,24.0,43.4,7.0,25.6,22.2,46.6,5.4,25.7,476.0,472.0,25.2,35.7,9.1,30.0,18.8,46.8,7.8,26.7,472.0,473.0,764005.0,815803.0,127661.0,126664.0,663412.0,746628.0,Q3
LAMBAYEQUE,LAMBAYEQUE,39.5,33.0,14.8,12.8,30.8,40.6,13.9,14.6,437.0,440.0,41.5,25.9,21.3,11.4,32.0,39.0,16.3,12.6,422.0,432.0,764005.0,815803.0,127661.0,126664.0,663412.0,746628.0,Q4
LAMBAYEQUE,LAMBAYEQUE,31.7,38.2,8.7,21.4,25.4,50.3,11.6,12.7,465.0,446.0,34.1,34.8,12.8,18.2,29.8,43.0,13.1,14.1,448.0,441.0,764005.0,815803.0,127661.0,126664.0,663412.0,746628.0,Q3
LAMBAYEQUE,LAMBAYEQUE,36.6,32.2,15.6,15.6,30.2,42.4,15.8,11.5,441.0,434.0,34.2,26.0,19.2,20.6,30.8,36.3,17.0,15.9,441.0,437.0,764005.0,815803.0,127661.0,126664.0,663412.0,746628.0,Q4
LAMBAYEQUE,LAMBAYEQUE,35.1,39.6,13.0,12.3,36.0,40.6,12.9,10.5,444.0,436.0,38.8,39.4,9.7,12.1,37.2,37.0,10.5,15.2,449.0,442.0,764005.0,815803.0,127661.0,126664.0,663412.0,746628.0,Q4
LAMBAYEQUE,LAMBAYEQUE,32.9,30.2,20.3,16.5,30.1,40.5,19.5,9.9,434.0,425.0,28.5,28.8,30.6,12.1,25.6,31.8,24.1,18.6,415.0,434.0,764005.0,815803.0,127661.0,126664.0,663412.0,746628.0,Q4
LAMBAYEQUE,LAMBAYEQUE,28.8,35.7,8.5,27.0,23.3,40.9,9.7,26.1,473.0,467.0,33.0,31.6,10.1,25.4,22.0,48.8,5.6,23.6,467.0,472.0,764005.0,815803.0,127661.0,126664.0,663412.0,746628.0,Q2
LAMBAYEQUE,LAMBAYEQUE,39.1,35.5,12.0,13.4,33.3,42.9,13.0,10.8,442.0,436.0,27.9,33.6,14.4,24.1,22.4,46.9,12.5,18.2,456.0,451.0,764005.0,815803.0,127661.0,126664.0,663412.0,746628.0,Q3
LIMA,BARRANCA,20.0,38.2,3.4,38.4,17.0,43.7,5.4,33.9,504.0,493.0,17.9,33.3,4.0,44.7,12.1,39.6,4.7,43.6,512.0,512.0,12482457.0,13302086.0,5007363.0,4933879.0,13336892.0,14991967.0,Q2
LIMA,BARRANCA,23.4,36.3,4.4,35.9,18.8,43.5,7.3,30.4,498.0,484.0,15.6,39.8,6.8,37.7,17.8,43.6,3.7,34.9,499.0,501.0,12482457.0,13302086.0,5007363.0,4933879.0,13336892.0,14991967.0,Q2
LIMA,BARRANCA,17.2,32.4,4.2,46.3,11.0,39.9,2.5,46.6,506.0,518.0,24.9,33.9,3.8,37.4,21.1,41.3,4.2,33.4,507.0,499.0,12482457.0,13302086.0,5007363.0,4933879.0,13336892.0,14991967.0,Q3
LIMA,BARRANCA,24.2,38.6,5.8,31.3,21.2,42.0,8.5,28.3,485.0,478.0,25.1,38.7,7.5,28.6,20.7,45.3,7.2,26.8,475.0,477.0,12482457.0,13302086.0,5007363.0,4933879.0,13336892.0,14991967.0,Q3
LIMA,BARRANCA,24.5,39.5,3.0,33.1,24.7,50.0,3.7,21.6,491.0,470.0,24.4,38.9,6.6,30.1,25.4,45.2,4.1,25.3,482.0,476.0,12482457.0,13302086.0,5007363.0,4933879.0,13336892.0,14991967.0,Q2
LIMA,CAJATAMBO,15.6,49.8,0.0,34.6,13.0,49.8,2.7,34.6,501.0,498.0,20.9,37.2,4.7,37.2,25.6,39.5,2.3,32.6,495.0,480.0,12482457.0,13302086.0,5007363.0,4933879.0,13336892.0,14991967.0,Q1
LIMA,CAJATAMBO,33.3,47.6,14.3,4.8,47.6,33.3,14.3,4.8,437.0,414.0,25.0,37.5,12.5,25.0,50.0,37.5,0.0,12.5,452.0,445.0,12482457.0,13302086.0,5007363.0,4933879.0,13336892.0,14991967.0,Q4
LIMA,CAJATAMBO,26.9,42.4,11.5,19.2,11.5,65.4,7.7,15.4,475.0,469.0,19.5,27.7,3.1,49.7,6.2,44.2,3.1,46.4,518.0,525.0,12482457.0,13302086.0,5007363.0,4933879.0,13336892.0,14991967.0,Q3
LIMA,CAJATAMBO,50.0,20.0,30.0,0.0,60.0,20.0,10.0,10.0,401.0,431.0,40.0,50.0,10.0,0.0,30.0,40.0,0.0,30.0,438.0,478.0,12482457.0,13302086.0,5007363.0,4933879.0,13336892.0,14991967.0,Q3
LIMA,CAJATAMBO,0.0,42.9,0.0,57.1,14.3,28.6,0.0,57.1,561.0,535.0,20.0,20.0,10.0,50.0,10.0,40.0,0.0,50.0,496.0,542.0,12482457.0,13302086.0,5007363.0,4933879.0,13336892.0,14991967.0,Q3
LIMA,CANTA,0.0,50.0,0.0,50.0,0.0,0.0,0.0,100.0,542.0,661.0,25.0,37.5,0.0,37.5,25.0,37.5,0.0,37.5,476.0,497.0,12482457.0,13302086.0,5007363.0,4933879.0,13336892.0,14991967.0,Q3
LIMA,CANTA,21.2,35.3,2.6,40.9,7.2,46.4,5.1,41.2,515.0,500.0,24.0,27.7,6.7,41.6,10.4,44.8,3.2,41.6,492.0,533.0,12482457.0,13302086.0,5007363.0,4933879.0,13336892.0,14991967.0,Q3
LIMA,CANTA,,,,,,,,,,,20.0,60.0,20.0,0.0,40.0,20.0,20.0,20.0,443.0,439.0,12482457.0,13302086.0,5007363.0,4933879.0,13336892.0,14991967.0,Q4
LIMA,CANTA,41.8,9.1,10.9,38.2,21.8,49.1,0.0,29.1,475.0,510.0,27.3,18.2,0.0,54.5,0.0,45.5,9.1,45.5,515.0,509.0,12482457.0,13302086.0,5007363.0,4933879.0,13336892.0,14991967.0,Q4
LIMA,CANTA,25.0,16.7,25.0,33.3,16.7,41.7,25.0,16.7,455.0,433.0,63.6,9.1,18.2,9.1,27.3,36.4,27.3,9.1,396.0,416.0,12482457.0,13302086.0,5007363.0,4933879.0,13336892.0,14991967.0,Q2
LIMA,CANTA,10.7,37.0,0.9,51.4,3.7,49.1,0.9,46.3,522.0,526.0,24.0,27.7,3.1,45.2,15.5,43.3,3.0,38.2,515.0,505.0,12482457.0,13302086.0,5007363.0,4933879.0,13336892.0,14991967.0,Q2
LIMA,CAÑETE,30.9,40.5,3.6,24.9,29.5,53.9,5.6,10.9,478.0,455.0,30.9,35.2,5.1,28.7,23.8,45.3,7.3,23.5,478.0,471.0,12482457.0,13302086.0,5007363.0,4933879.0,13336892.0,14991967.0,Q1
LIMA,CAÑETE,16.6,25.0,25.0,33.4,20.9,24.9,20.7,33.4,468.0,452.0,25.0,50.0,12.5,12.5,37.5,37.5,0.0,25.0,457.0,465.0,12482457.0,13302086.0,5007363.0,4933879.0,13336892.0,14991967.0,Q1
LIMA,CAÑETE,37.8,35.9,7.7,18.6,23.8,46.6,12.0,17.6,455.0,449.0,33.7,29.3,7.0,30.0,15.8,47.9,10.2,26.1,472.0,474.0,12482457.0,13302086.0,5007363.0,4933879.0,13336892.0,14991967.0,Q3
LIMA,CAÑETE,26.7,35.6,6.9,30.8,25.2,44.4,6.7,23.7,485.0,466.0,24.3,31.3,8.2,36.2,21.6,46.3,6.7,25.4,484.0,477.0,12482457.0,13302086.0,5007363.0,4933879.0,13336892.0,14991967.0,Q2
LIMA,CAÑETE,20.0,20.0,0.0,60.0,20.0,40.0,0.0,40.0,510.0,509.0,20.0,13.3,40.0,26.7,33.3,20.0,33.3,13.3,410.0,403.0,12482457.0,13302086.0,5007363.0,4933879.0,13336892.0,14991967.0,Q2
LIMA,CAÑETE,28.7,39.0,5.0,27.3,20.0,47.6,6.2,26.2,481.0,478.0,22.9,33.4,7.2,36.5,17.0,43.1,5.7,34.2,489.0,496.0,12482457.0,13302086.0,5007363.0,4933879.0,13336892.0,14991967.0,Q2
LIMA,CAÑETE,22.3,40.7,7.4,29.5,18.6,48.2,3.7,29.5,482.0,487.0,30.5,37.3,3.4,28.8,15.3,57.6,3.4,23.7,478.0,480.0,12482457.0,13302086.0,5007363.0,4933879.0,13336892.0,14991967.0,Q1
LIMA,CAÑETE,21.4,33.0,5.3,40.2,21.0,44.9,5.5,28.6,501.0,482.0,24.2,32.4,8.2,35.2,20.2,41.0,7.8,31.0,485.0,484.0,12482457.0,13302086.0,5007363.0,4933879.0,13336892.0,14991967.0,Q1
LIMA,CAÑETE,31.5,38.7,5.3,24.4,23.6,48.3,7.2,20.9,471.0,462.0,18.3,31.5,8.5,41.7,16.9,38.7,5.8,38.5,500.0,497.0,12482457.0,13302086.0,5007363.0,4933879.0,13336892.0,14991967.0,Q2
LIMA,CAÑETE,17.9,35.9,3.6,42.6,17.9,35.9,14.3,31.8,492.0,506.0,32.1,10.7,46.4,10.7,42.9,21.4,32.1,3.6,385.0,387.0,12482457.0,13302086.0,5007363.0,4933879.0,13336892.0,14991967.0,Q3
LIMA,CAÑETE,30.4,38.3,8.1,23.3,32.1,39.8,13.0,15.2,468.0,441.0,26.4,32.7,6.6,34.4,16.5,42.2,6.5,34.8,485.0,497.0,12482457.0,13302086.0,5007363.0,4933879.0,13336892.0,14991967.0,Q2
LIMA,CAÑETE,18.4,27.1,5.8,48.7,15.6,37.2,7.2,40.0,510.0,505.0,21.1,39.5,2.6,36.8,21.1,35.5,5.3,38.2,497.0,485.0,12482457.0,13302086.0,5007363.0,4933879.0,13336892.0,14991967.0,Q1
LIMA,CAÑETE,24.6,44.3,4.8,26.3,22.6,51.9,4.8,20.8,479.0,469.0,28.2,38.1,6.5,27.2,19.3,41.6,3.4,35.6,477.0,500.0,12482457.0,13302086.0,5007363.0,4933879.0,13336892.0,14991967.0,Q2
LIMA,CAÑETE,26.5,34.3,5.8,33.4,26.8,43.7,6.9,22.6,488.0,467.0,22.0,30.8,6.0,41.2,16.4,40.2,5.8,37.6,497.0,497.0,12482457.0,13302086.0,5007363.0,4933879.0,13336892.0,14991967.0,Q2
LIMA,CAÑETE,9.1,36.4,0.0,54.5,9.1,40.9,0.0,50.0,556.0,550.0,35.2,26.2,22.7,16.0,28.5,32.0,32.8,6.6,421.0,404.0,12482457.0,13302086.0,5007363.0,4933879.0,13336892.0,14991967.0,Q1
LIMA,CAÑETE,10.0,40.0,20.0,30.0,20.0,20.0,10.0,50.0,466.0,491.0,31.6,42.1,0.0,26.3,5.3,73.7,5.3,15.8,478.0,472.0,12482457.0,13302086.0,5007363.0,4933879.0,13336892.0,14991967.0,Q1
LIMA,HUARAL,33.3,33.3,16.7,16.7,33.3,50.0,16.7,0.0,438.0,412.0,40.0,40.0,20.0,0.0,0.0,60.0,40.0,0.0,421.0,406.0,12482457.0,13302086.0,5007363.0,4933879.0,13336892.0,14991967.0,
LIMA,HUARAL,21.4,21.4,7.1,50.0,35.7,42.9,0.0,21.4,509.0,485.0,28.6,57.1,14.3,0.0,0.0,85.7,14.3,0.0,454.0,447.0,12482457.0,13302086.0,5007363.0,4933879.0,13336892.0,14991967.0,Q4
LIMA,HUARAL,29.0,35.3,8.6,27.1,24.0,41.8,10.4,23.8,470.0,461.0,25.3,37.1,10.1,27.4,16.9,41.2,11.4,30.5,472.0,477.0,12482457.0,13302086.0,5007363.0,4933879.0,13336892.0,14991967.0,Q3
LIMA,HUARAL,22.8,36.5,4.7,36.0,21.1,48.6,3.8,26.6,496.0,483.0,23.8,33.6,7.1,35.5,18.1,43.2,4.9,33.8,489.0,492.0,12482457.0,13302086.0,5007363.0,4933879.0,13336892.0,14991967.0,Q2
LIMA,HUARAL,24.2,35.0,4.8,36.0,20.1,44.1,5.6,30.2,493.0,485.0,22.3,34.5,5.8,37.3,17.5,40.8,5.3,36.4,494.0,495.0,12482457.0,13302086.0,5007363.0,4933879.0,13336892.0,14991967.0,Q2
LIMA,HUARAL,47.9,20.5,31.6,0.0,33.0,30.9,33.3,2.8,393.0,384.0,52.0,12.0,24.0,12.0,48.0,20.0,16.0,16.0,427.0,425.0,12482457.0,13302086.0,5007363.0,4933879.0,13336892.0,14991967.0,Q1
LIMA,HUARAL,33.3,0.0,55.6,11.1,33.3,22.2,44.4,0.0,382.0,378.0,80.0,0.0,0.0,20.0,40.0,20.0,20.0,20.0,454.0,444.0,12482457.0,13302086.0,5007363.0,4933879.0,13336892.0,14991967.0,Q3
LIMA,HUARAL,25.0,50.0,0.0,25.0,0.0,62.5,0.0,37.5,496.0,501.0,,,,,,,,,,,12482457.0,13302086.0,5007363.0,4933879.0,13336892.0,14991967.0,
LIMA,HUARAL,,,,,,,,,,,40.0,60.0,0.0,0.0,40.0,40.0,20.0,0.0,444.0,426.0,12482457.0,13302086.0,5007363.0,4933879.0,13336892.0,14991967.0,
LIMA,HUARAL,16.7,50.0,16.7,16.7,16.7,66.7,16.7,0.0,454.0,425.0,,,,,,,,,,,12482457.0,13302086.0,5007363.0,4933879.0,13336892.0,14991967.0,Q3
LIMA,HUAROCHIRÍ,43.8,25.0,25.0,6.3,31.3,43.8,25.0,0.0,407.0,406.0,28.0,42.0,0.0,30.0,20.0,56.0,4.0,20.0,494.0,472.0,12482457.0,13302086.0,5007363.0,4933879.0,13336892.0,14991967.0,Q2
LIMA,HUAROCHIRÍ,75.0,25.0,0.0,0.0,25.0,50.0,0.0,25.0,426.0,463.0,0.0,42.9,14.3,42.9,0.0,28.6,0.0,71.4,522.0,608.0,12482457.0,13302086.0,5007363.0,4933879.0,13336892.0,14991967.0,Q2
LIMA,HUAROCHIRÍ,28.6,42.9,0.0,28.6,14.3,57.1,14.3,14.3,488.0,447.0,,,,,,,,,,,12482457.0,13302086.0,5007363.0,4933879.0,13336892.0,14991967.0,Q4
LIMA,HUAROCHIRÍ,37.7,23.2,0.0,39.1,19.7,35.6,10.6,34.1,501.0,484.0,32.5,28.6,0.0,39.0,10.4,42.9,2.6,44.2,500.0,514.0,12482457.0,13302086.0,5007363.0,4933879.0,13336892.0,14991967.0,Q2
LIMA,HUAROCHIRÍ,40.0,20.0,40.0,0.0,0.0,20.0,60.0,20.0,381.0,401.0,0.0,100.0,0.0,0.0,60.0,40.0,0.0,0.0,479.0,419.0,12482457.0,13302086.0,5007363.0,4933879.0,13336892.0,14991967.0,Q3
LIMA,HUAROCHIRÍ,40.0,20.0,20.0,20.0,40.0,60.0,0.0,0.0,439.0,434.0,30.0,30.0,10.0,30.0,30.0,60.0,0.0,10.0,466.0,453.0,12482457.0,13302086.0,5007363.0,4933879.0,13336892.0,14991967.0,
LIMA,HUAROCHIRÍ,23.5,29.4,35.3,11.8,35.3,35.3,23.5,5.9,413.0,401.0,33.3,20.0,13.3,33.3,13.3,53.3,0.0,33.3,451.0,508.0,12482457.0,13302086.0,5007363.0,4933879.0,13336892.0,14991967.0,Q4
LIMA,HUAROCHIRÍ,100.0,0.0,0.0,0.0,0.0,66.7,0.0,33.3,400.0,516.0,20.0,60.0,0.0,20.0,60.0,40.0,0.0,0.0,485.0,414.0,12482457.0,13302086.0,5007363.0,4933879.0,13336892.0,14991967.0,Q1
LIMA,HUAROCHIRÍ,33.3,0.0,66.7,0.0,16.7,0.0,83.3,0.0,313.0,317.0,10.0,60.0,0.0,30.0,0.0,60.0,0.0,40.0,489.0,519.0,12482457.0,13302086.0,5007363.0,4933879.0,13336892.0,14991967.0,Q2
LIMA,HUAROCHIRÍ,60.0,10.0,20.0,10.0,60.0,10.0,10.0,20.0,417.0,421.0,24.7,39.0,8.2,28.0,15.9,35.7,12.6,35.7,472.0,480.0,12482457.0,13302086.0,5007363.0,4933879.0,13336892.0,14991967.0,Q2
LIMA,HUAROCHIRÍ,20.0,39.3,2.9,37.8,21.5,53.5,3.0,22.0,492.0,472.0,31.4,32.4,3.8,32.3,20.7,44.5,0.0,34.8,483.0,502.0,12482457.0,13302086.0,5007363.0,4933879.0,13336892.0,14991967.0,Q2
LIMA,HUAROCHIRÍ,18.1,44.8,2.2,35.0,19.0,50.1,3.2,27.7,501.0,480.0,35.7,31.0,5.6,27.8,27.8,45.2,7.9,19.0,467.0,455.0,12482457.0,13302086.0,5007363.0,4933879.0,13336892.0,14991967.0,Q3
LIMA,HUAROCHIRÍ,47.5,10.9,25.2,16.3,53.0,36.6,10.4,0.0,422.0,409.0,18.8,9.7,57.0,14.5,32.7,19.4,43.0,4.8,376.0,375.0,12482457.0,13302086.0,5007363.0,4933879.0,13336892.0,14991967.0,Q2
LIMA,HUAROCHIRÍ,28.3,36.6,6.6,28.5,25.2,46.2,7.6,21.1,479.0,463.0,28.0,33.9,7.3,30.9,20.4,44.5,6.7,28.4,478.0,480.0,12482457.0,13302086.0,5007363.0,4933879.0,13336892.0,14991967.0,Q2
LIMA,HUAROCHIRÍ,0.0,41.7,8.3,50.0,16.7,41.7,0.0,41.7,542.0,498.0,,,,,,,,,,,12482457.0,13302086.0,5007363.0,4933879.0,13336892.0,14991967.0,
LIMA,HUAROCHIRÍ,4.9,25.1,24.7,45.2,14.9,30.1,19.8,35.2,471.0,475.0,34.4,9.3,50.0,6.3,34.4,19.0,46.6,0.0,360.0,368.0,12482457.0,13302086.0,5007363.0,4933879.0,13336892.0,14991967.0,Q4
LIMA,HUAROCHIRÍ,0.0,33.3,66.7,0.0,33.3,0.0,66.7,0.0,374.0,318.0,,,,,,,,,,,12482457.0,13302086.0,5007363.0,4933879.0,13336892.0,14991967.0,Q2
LIMA,HUAROCHIRÍ,42.9,21.4,21.4,14.3,28.6,28.6,35.7,7.1,421.0,393.0,,,,,,,,,,,12482457.0,13302086.0,5007363.0,4933879.0,13336892.0,14991967.0,
LIMA,HUAROCHIRÍ,42.8,28.5,7.2,21.5,35.6,42.8,14.4,7.2,451.0,433.0,37.5,12.5,6.3,43.8,18.8,25.0,12.5,43.8,482.0,498.0,12482457.0,13302086.0,5007363.0,4933879.0,13336892.0,14991967.0,Q2
LIMA,HUAROCHIRÍ,30.5,30.5,11.9,27.1,18.6,44.1,11.9,25.4,469.0,476.0,16.1,27.9,0.0,56.0,7.2,30.9,0.0,61.9,534.0,556.0,12482457.0,13302086.0,5007363.0,4933879.0,13336892.0,14991967.0,Q3
LIMA,HUAROCHIRÍ,0.0,20.0,20.0,60.0,20.0,40.0,0.0,40.0,534.0,511.0,16.1,37.5,14.3,32.1,0.0,33.9,14.3,51.8,474.0,502.0,12482457.0,13302086.0,5007363.0,4933879.0,13336892.0,14991967.0,Q3
LIMA,HUAROCHIRÍ,14.3,0.0,28.6,57.1,28.6,57.1,0.0,14.3,483.0,445.0,22.2,11.1,0.0,66.7,11.1,22.2,0.0,66.7,529.0,541.0,12482457.0,13302086.0,5007363.0,4933879.0,13336892.0,14991967.0,
LIMA,HUAROCHIRÍ,,,,,,,,,,,33.3,0.0,33.3,33.3,33.3,33.3,33.3,0.0,422.0,387.0,12482457.0,13302086.0,5007363.0,4933879.0,13336892.0,14991967.0,
LIMA,HUAROCHIRÍ,,,,,,,,,,,80.0,20.0,0.0,0.0,20.0,60.0,0.0,20.0,415.0,487.0,12482457.0,13302086.0,5007363.0,4933879.0,13336892.0,14991967.0,
LIMA,HUAROCHIRÍ,26.2,33.3,7.1,33.3,16.7,47.6,4.8,31.0,494.0,486.0,35.5,35.5,15.6,13.4,31.2,37.6,13.3,18.0,443.0,449.0,12482457.0,13302086.0,5007363.0,4933879.0,13336892.0,14991967.0,Q2
LIMA,HUAROCHIRÍ,20.8,33.8,4.0,41.4,20.8,41.8,3.1,34.3,510.0,495.0,15.2,34.9,5.6,44.4,11.9,49.4,4.4,34.2,504.0,499.0,12482457.0,13302086.0,5007363.0,4933879.0,13336892.0,14991967.0,Q2
LIMA,HUAROCHIRÍ,,,,,,,,,,,20.0,80.0,0.0,0.0,20.0,60.0,0.0,20.0,476.0,471.0,12482457.0,13302086.0,5007363.0,4933879.0,13336892.0,14991967.0,
LIMA,HUAROCHIRÍ,,,,,,,,,,,60.0,20.0,20.0,0.0,0.0,80.0,0.0,20.0,416.0,521.0,12482457.0,13302086.0,5007363.0,4933879.0,13336892.0,14991967.0,
LIMA,HUAROCHIRÍ,29.7,41.7,8.4,20.3,43.5,32.8,8.6,15.2,470.0,443.0,26.5,31.5,17.6,24.4,28.3,36.9,12.9,22.0,459.0,455.0,12482457.0,13302086.0,5007363.0,4933879.0,13336892.0,14991967.0,Q3
LIMA,HUAROCHIRÍ,58.3,33.3,0.0,8.3,33.3,50.0,8.3,8.3,453.0,439.0,54.5,18.2,9.1,18.2,36.4,45.5,9.1,9.1,445.0,424.0,12482457.0,13302086.0,5007363.0,4933879.0,13336892.0,14991967.0,Q2
LIMA,HUAURA,50.2,42.7,7.1,0.0,21.6,21.3,43.0,14.2,431.0,394.0,33.3,44.4,5.6,16.7,16.7,50.0,5.6,27.8,464.0,484.0,12482457.0,13302086.0,5007363.0,4933879.0,13336892.0,14991967.0,Q4
LIMA,HUAURA,26.4,35.3,11.7,26.6,24.7,42.9,11.7,20.6,476.0,459.0,39.6,33.3,8.3,18.8,21.9,61.5,3.1,13.5,449.0,467.0,12482457.0,13302086.0,5007363.0,4933879.0,13336892.0,14991967.0,Q2
LIMA,HUAURA,19.0,35.6,2.3,43.1,18.5,47.2,4.9,29.3,514.0,487.0,17.9,32.9,3.9,45.4,14.9,44.6,3.1,37.4,510.0,504.0,12482457.0,13302086.0,5007363.0,4933879.0,13336892.0,14991967.0,Q2
LIMA,HUAURA,22.5,36.1,5.3,36.1,24.6,45.3,5.0,25.2,494.0,473.0,26.8,32.3,5.4,35.6,22.3,43.6,6.7,27.4,486.0,478.0,12482457.0,13302086.0,5007363.0,4933879.0,13336892.0,14991967.0,Q2
LIMA,HUAURA,24.7,43.9,1.8,29.6,26.5,48.0,6.1,19.4,492.0,466.0,25.1,36.3,4.7,33.9,15.0,47.7,5.7,31.6,489.0,490.0,12482457.0,13302086.0,5007363.0,4933879.0,13336892.0,14991967.0,Q2
LIMA,HUAURA,39.4,36.4,12.1,12.1,36.4,27.3,12.1,24.2,446.0,448.0,55.0,25.0,15.0,5.0,25.0,45.0,10.0,20.0,416.0,445.0,12482457.0,13302086.0,5007363.0,4933879.0,13336892.0,14991967.0,Q4
LIMA,HUAURA,40.6,21.6,26.7,11.1,31.1,44.1,24.8,0.0,403.0,403.0,60.0,30.0,10.0,0.0,30.0,50.0,10.0,10.0,405.0,430.0,12482457.0,13302086.0,5007363.0,4933879.0,13336892.0,14991967.0,Q3
LIMA,HUAURA,35.3,29.4,17.6,17.6,5.9,64.7,5.9,23.5,441.0,465.0,19.6,47.3,13.4,19.6,7.1,58.9,13.4,20.5,454.0,465.0,12482457.0,13302086.0,5007363.0,4933879.0,13336892.0,14991967.0,Q4
LIMA,HUAURA,17.9,36.9,3.4,41.9,19.0,46.4,5.3,29.3,510.0,482.0,25.6,35.3,4.3,34.8,20.7,46.1,4.6,28.6,489.0,483.0,12482457.0,13302086.0,5007363.0,4933879.0,13336892.0,14991967.0,Q1
LIMA,HUAURA,30.3,36.1,4.7,28.9,22.5,47.4,6.5,23.7,479.0,473.0,28.9,37.4,6.7,27.0,23.5,49.1,4.3,23.1,476.0,475.0,12482457.0,13302086.0,5007363.0,4933879.0,13336892.0,14991967.0,Q3
LIMA,HUAURA,28.9,38.2,8.2,24.6,30.8,41.5,9.3,18.3,468.0,454.0,31.1,36.6,8.4,23.9,23.2,43.7,8.0,25.0,471.0,470.0,12482457.0,13302086.0,5007363.0,4933879.0,13336892.0,14991967.0,Q2
LIMA,LIMA,23.5,37.7,5.5,33.4,23.8,43.8,7.4,25.0,491.0,471.0,23.7,34.6,6.9,34.7,21.6,41.8,6.3,30.4,487.0,482.0,12482457.0,13302086.0,5007363.0,4933879.0,13336892.0,14991967.0,Q2
LIMA,LIMA,24.5,36.2,4.4,35.0,20.1,46.5,5.4,28.0,494.0,481.0,20.4,33.5,5.2,40.8,16.4,41.0,4.4,38.2,500.0,501.0,12482457.0,13302086.0,5007363.0,4933879.0,13336892.0,14991967.0,Q1
LIMA,LIMA,15.1,33.3,1.9,49.7,18.2,47.2,2.9,31.7,524.0,493.0,9.5,29.1,1.0,60.4,8.7,39.9,0.7,50.7,547.0,533.0,12482457.0,13302086.0,5007363.0,4933879.0,13336892.0,14991967.0,Q1
LIMA,LIMA,13.2,33.5,2.3,51.0,16.1,45.8,3.3,34.8,530.0,498.0,15.5,30.0,2.2,52.3,10.9,44.9,3.8,40.4,524.0,513.0,12482457.0,13302086.0,5007363.0,4933879.0,13336892.0,14991967.0,Q1
LIMA,LIMA,24.0,36.8,4.9,34.4,22.2,44.9,6.8,26.1,492.0,476.0,23.0,34.3,5.4,37.2,18.3,43.9,6.2,31.6,493.0,488.0,12482457.0,13302086.0,5007363.0,4933879.0,13336892.0,14991967.0,Q2
LIMA,LIMA,19.2,34.8,3.5,42.5,15.1,45.3,4.2,35.4,512.0,494.0,21.5,33.8,3.2,41.5,16.0,38.7,4.1,41.1,507.0,507.0,12482457.0,13302086.0,5007363.0,4933879.0,13336892.0,14991967.0,Q1
LIMA,LIMA,19.2,34.1,3.0,43.8,18.8,46.2,3.6,31.5,513.0,491.0,15.4,31.0,3.0,50.6,11.7,39.1,3.3,45.9,523.0,518.0,12482457.0,13302086.0,5007363.0,4933879.0,13336892.0,14991967.0,Q1
LIMA,LIMA,23.8,35.3,5.5,35.4,22.9,41.0,6.7,29.4,495.0,481.0,20.5,31.1,4.1,44.3,17.1,41.6,4.1,37.2,509.0,498.0,12482457.0,13302086.0,5007363.0,4933879.0,13336892.0,14991967.0,Q2
LIMA,LIMA,22.0,36.4,3.9,37.7,21.7,46.6,5.1,26.6,500.0,479.0,19.6,32.8,5.2,42.5,17.6,42.2,5.4,34.8,503.0,494.0,12482457.0,13302086.0,5007363.0,4933879.0,13336892.0,14991967.0,Q2
LIMA,LIMA,23.3,35.8,3.8,37.2,20.0,45.0,5.4,29.6,499.0,485.0,23.3,34.2,6.2,36.3,18.0,44.0,6.0,32.0,492.0,489.0,12482457.0,13302086.0,5007363.0,4933879.0,13336892.0,14991967.0,Q2
LIMA,LIMA,26.0,36.7,4.3,33.0,24.0,46.2,5.8,24.0,490.0,472.0,25.5,32.8,6.4,35.3,19.2,42.5,6.2,32.1,488.0,487.0,12482457.0,13302086.0,5007363.0,4933879.0,13336892.0,14991967.0,Q2
LIMA,LIMA,13.3,27.8,1.4,57.5,17.1,46.7,2.7,33.6,538.0,497.0,10.0,27.1,2.3,60.6,10.6,44.1,2.9,42.4,542.0,519.0,12482457.0,13302086.0,5007363.0,4933879.0,13336892.0,14991967.0,Q1
LIMA,LIMA,8.9,24.9,1.1,65.2,10.5,43.5,1.8,44.2,561.0,519.0,10.3,23.8,1.7,64.2,8.1,39.1,2.2,50.5,550.0,529.0,12482457.0,13302086.0,5007363.0,4933879.0,13336892.0,14991967.0,Q1
LIMA,LIMA,22.3,35.9,4.0,37.8,21.6,46.3,5.0,27.1,500.0,480.0,20.5,33.7,6.0,39.8,18.1,44.8,5.3,31.8,499.0,489.0,12482457.0,13302086.0,5007363.0,4933879.0,13336892.0,14991967.0,Q2
LIMA,LIMA,19.2,34.5,3.2,43.1,18.9,48.0,4.1,28.9,513.0,487.0,19.0,32.7,4.5,43.8,15.2,44.4,3.9,36.5,508.0,498.0,12482457.0,13302086.0,5007363.0,4933879.0,13336892.0,14991967.0,Q1
LIMA,LIMA,15.0,33.6,2.2,49.2,16.3,48.6,3.8,31.3,529.0,493.0,17.4,30.0,3.1,49.5,12.8,42.4,3.4,41.4,523.0,509.0,12482457.0,13302086.0,5007363.0,4933879.0,13336892.0,14991967.0,Q1
LIMA,LIMA,19.0,36.1,2.8,42.1,19.8,46.8,4.4,29.0,510.0,485.0,17.9,32.0,4.0,46.2,14.7,43.4,4.4,37.5,512.0,501.0,12482457.0,13302086.0,5007363.0,4933879.0,13336892.0,14991967.0,Q1
LIMA,LIMA,23.2,37.2,3.3,36.4,19.9,47.6,4.5,28.1,499.0,483.0,20.5,33.6,5.1,40.8,15.4,43.7,4.4,36.4,502.0,499.0,12482457.0,13302086.0,5007363.0,4933879.0,13336892.0,14991967.0,Q2
LIMA,LIMA,25.4,36.7,4.1,33.8,22.8,48.7,5.7,22.8,490.0,471.0,24.5,35.2,5.4,35.0,20.3,44.2,4.8,30.6,490.0,485.0,12482457.0,13302086.0,5007363.0,4933879.0,13336892.0,14991967.0,Q2
LIMA,LIMA,16.5,32.9,0.8,49.8,16.3,51.7,2.9,29.2,529.0,490.0,15.4,27.4,2.6,54.6,14.6,41.7,2.8,40.9,527.0,507.0,12482457.0,13302086.0,5007363.0,4933879.0,13336892.0,14991967.0,Q1
LIMA,LIMA,7.4,19.8,1.0,71.9,8.9,42.2,1.7,47.2,577.0,524.0,6.1,19.1,0.7,74.1,5.8,32.8,1.0,60.4,573.0,546.0,12482457.0,13302086.0,5007363.0,4933879.0,13336892.0,14991967.0,Q1
LIMA,LIMA,24.1,37.7,3.9,34.2,19.0,48.5,6.1,26.4,494.0,478.0,21.5,34.3,4.8,39.4,15.7,43.6,4.2,36.5,501.0,499.0,12482457.0,13302086.0,5007363.0,4933879.0,13336892.0,14991967.0,Q2
LIMA,LIMA,32.3,33.7,7.5,26.5,20.2,41.7,13.0,25.0,474.0,465.0,27.9,32.0,9.8,30.4,23.3,44.0,7.9,24.9,480.0,469.0,12482457.0,13302086.0,5007363.0,4933879.0,13336892.0,14991967.0,Q2
LIMA,LIMA,11.3,26.0,1.5,61.1,11.8,42.8,2.5,42.9,554.0,517.0,11.8,26.0,3.9,58.3,11.4,39.9,3.6,45.1,537.0,515.0,12482457.0,13302086.0,5007363.0,4933879.0,13336892.0,14991967.0,Q1
LIMA,LIMA,24.5,36.9,4.2,34.4,22.1,46.1,5.5,26.4,493.0,478.0,21.8,32.5,5.4,40.2,15.9,43.6,5.4,35.1,498.0,496.0,12482457.0,13302086.0,5007363.0,4933879.0,13336892.0,14991967.0,Q2
LIMA,LIMA,17.0,37.7,5.7,39.6,24.5,35.8,0.0,39.6,490.0,501.0,26.0,38.0,6.0,30.0,40.0,38.0,2.0,20.0,479.0,458.0,12482457.0,13302086.0,5007363.0,4933879.0,13336892.0,14991967.0,Q3
LIMA,LIMA,26.1,37.2,5.3,31.4,20.9,48.7,7.8,22.6,489.0,470.0,24.4,35.6,5.5,34.6,23.1,35.5,6.3,35.1,489.0,485.0,12482457.0,13302086.0,5007363.0,4933879.0,13336892.0,14991967.0,Q2
LIMA,LIMA,21.9,36.4,3.5,38.2,19.8,49.3,6.1,24.8,501.0,476.0,21.3,35.3,4.7,38.7,19.0,44.0,6.0,32.0,500.0,487.0,12482457.0,13302086.0,5007363.0,4933879.0,13336892.0,14991967.0,Q2
LIMA,LIMA,37.2,34.8,7.4,20.6,28.2,44.5,5.7,21.5,471.0,461.0,25.4,39.5,4.3,30.8,16.1,50.7,3.3,29.9,483.0,490.0,12482457.0,13302086.0,5007363.0,4933879.0,13336892.0,14991967.0,Q2
LIMA,LIMA,9.2,24.6,0.8,65.4,10.5,42.1,1.9,45.5,564.0,520.0,10.6,23.2,1.1,65.1,8.1,38.3,1.3,52.3,554.0,534.0,12482457.0,13302086.0,5007363.0,4933879.0,13336892.0,14991967.0,Q1
LIMA,LIMA,5.6,21.7,1.1,71.6,7.1,43.4,1.5,47.9,575.0,530.0,7.8,20.4,2.1,69.8,6.0,39.7,1.7,52.6,559.0,533.0,12482457.0,13302086.0,5007363.0,4933879.0,13336892.0,14991967.0,Q1
LIMA,LIMA,24.0,36.7,4.1,35.2,21.5,46.3,5.4,26.8,495.0,479.0,21.8,33.9,4.8,39.6,17.4,43.6,4.8,34.2,499.0,493.0,12482457.0,13302086.0,5007363.0,4933879.0,13336892.0,14991967.0,Q2
LIMA,LIMA,24.6,35.4,4.0,36.0,23.0,47.2,5.9,23.9,496.0,473.0,22.7,34.2,5.0,38.1,18.9,44.9,5.9,30.2,496.0,485.0,12482457.0,13302086.0,5007363.0,4933879.0,13336892.0,14991967.0,Q2
LIMA,LIMA,18.6,34.4,3.8,43.2,17.1,46.8,4.2,31.9,514.0,493.0,14.8,29.5,3.3,52.4,12.5,37.8,2.0,47.7,526.0,522.0,12482457.0,13302086.0,5007363.0,4933879.0,13336892.0,14991967.0,Q1
LIMA,LIMA,22.0,36.0,4.7,37.4,22.7,47.1,6.4,23.8,499.0,472.0,21.2,33.9,4.9,40.0,18.7,43.4,5.7,32.3,500.0,489.0,12482457.0,13302086.0,5007363.0,4933879.0,13336892.0,14991967.0,Q2
LIMA,LIMA,13.0,28.3,2.5,56.2,14.9,47.6,3.9,33.6,540.0,498.0,13.1,27.8,3.5,55.6,12.9,38.3,4.4,44.4,532.0,512.0,12482457.0,13302086.0,5007363.0,4933879.0,13336892.0,14991967.0,Q1
LIMA,LIMA,23.0,34.7,3.5,38.7,20.6,43.3,4.4,31.7,502.0,488.0,19.5,31.7,4.8,43.9,16.1,42.0,4.2,37.7,507.0,501.0,12482457.0,13302086.0,5007363.0,4933879.0,13336892.0,14991967.0,Q1
LIMA,LIMA,30.8,23.1,0.0,46.2,23.1,53.8,0.0,23.1,502.0,475.0,0.0,50.0,0.0,50.0,16.7,33.3,0.0,50.0,533.0,518.0,12482457.0,13302086.0,5007363.0,4933879.0,13336892.0,14991967.0,Q1
LIMA,LIMA,,,,,,,,,,,24.6,31.7,6.6,37.1,22.8,41.3,5.9,30.0,490.0,484.0,12482457.0,13302086.0,5007363.0,4933879.0,13336892.0,14991967.0,Q2
LIMA,LIMA,9.6,23.4,1.6,65.5,10.6,41.2,2.1,46.1,564.0,523.0,9.7,24.5,1.7,64.1,7.7,35.5,2.6,54.2,555.0,536.0,12482457.0,13302086.0,5007363.0,4933879.0,13336892.0,14991967.0,Q1
LIMA,LIMA,12.3,33.2,1.8,52.7,14.9,47.1,2.5,35.5,536.0,501.0,11.2,28.3,0.9,59.6,10.7,38.6,1.8,48.9,542.0,525.0,12482457.0,13302086.0,5007363.0,4933879.0,13336892.0,14991967.0,Q1
LIMA,LIMA,26.2,35.7,5.2,32.9,25.5,45.0,7.5,22.0,489.0,466.0,23.1,33.4,6.5,37.0,19.4,43.5,6.0,31.1,492.0,485.0,12482457.0,13302086.0,5007363.0,4933879.0,13336892.0,14991967.0,Q2
LIMA,LIMA,27.1,35.4,4.8,32.7,24.4,46.5,6.5,22.6,488.0,468.0,23.4,34.1,5.9,36.6,18.4,43.5,5.9,32.2,492.0,488.0,12482457.0,13302086.0,5007363.0,4933879.0,13336892.0,14991967.0,Q2
LIMA,OYÓN,40.0,40.0,20.0,0.0,60.0,40.0,0.0,0.0,428.0,420.0,,,,,,,,,,,12482457.0,13302086.0,5007363.0,4933879.0,13336892.0,14991967.0,
LIMA,OYÓN,31.3,23.4,37.6,7.7,31.1,31.6,34.8,2.6,406.0,386.0,17.6,29.4,52.9,0.0,23.5,29.4,41.2,5.9,383.0,382.0,12482457.0,13302086.0,5007363.0,4933879.0,13336892.0,14991967.0,Q4
LIMA,OYÓN,50.0,28.6,7.1,14.3,42.9,42.9,0.0,14.3,446.0,444.0,42.9,7.1,0.0,50.0,14.3,42.9,0.0,42.9,498.0,529.0,12482457.0,13302086.0,5007363.0,4933879.0,13336892.0,14991967.0,Q4
LIMA,OYÓN,23.7,35.6,3.7,37.0,17.1,36.6,3.2,43.0,503.0,508.0,19.0,31.2,3.9,45.9,8.6,35.5,1.8,54.1,512.0,541.0,12482457.0,13302086.0,5007363.0,4933879.0,13336892.0,14991967.0,Q1
LIMA,OYÓN,35.0,39.9,1.7,23.4,16.6,54.9,8.4,20.1,469.0,467.0,27.8,25.6,11.8,34.7,18.7,45.3,9.3,26.7,473.0,471.0,12482457.0,13302086.0,5007363.0,4933879.0,13336892.0,14991967.0,Q2
LIMA,YAUYOS,,,,,,,,,,,33.3,50.0,16.7,0.0,33.3,50.0,0.0,16.7,437.0,487.0,12482457.0,13302086.0,5007363.0,4933879.0,13336892.0,14991967.0,
LIMA,YAUYOS,13.4,53.3,6.6,26.7,13.3,33.3,0.0,53.4,484.0,529.0,60.0,20.0,0.0,20.0,40.0,60.0,0.0,0.0,443.0,449.0,12482457.0,13302086.0,5007363.0,4933879.0,13336892.0,14991967.0,Q4
LIMA,YAUYOS,60.0,0.0,0.0,40.0,20.0,40.0,0.0,40.0,493.0,509.0,12.5,50.0,25.0,12.5,50.0,25.0,0.0,25.0,462.0,474.0,12482457.0,13302086.0,5007363.0,4933879.0,13336892.0,14991967.0,Q3
LIMA,YAUYOS,44.4,33.3,11.1,11.1,22.2,44.4,33.3,0.0,452.0,405.0,,,,,,,,,,,12482457.0,13302086.0,5007363.0,4933879.0,13336892.0,14991967.0,
LIMA,YAUYOS,0.0,100.0,0.0,0.0,0.0,0.0,0.0,100.0,474.0,583.0,25.0,12.5,25.0,37.5,25.0,25.0,12.5,37.5,433.0,458.0,12482457.0,13302086.0,5007363.0,4933879.0,13336892.0,14991967.0,Q4
LIMA,YAUYOS,,,,,,,,,,,0.0,40.0,20.0,40.0,0.0,80.0,20.0,0.0,505.0,430.0,12482457.0,13302086.0,5007363.0,4933879.0,13336892.0,14991967.0,
LIMA,YAUYOS,22.2,38.4,8.1,31.3,30.3,46.5,8.1,15.2,481.0,451.0,13.0,47.8,4.3,34.8,4.3,47.8,0.0,47.8,495.0,541.0,12482457.0,13302086.0,5007363.0,4933879.0,13336892.0,14991967.0,Q4
LIMA,YAUYOS,55.0,12.5,20.0,12.5,47.5,12.5,40.0,0.0,408.0,379.0,23.1,15.4,53.8,7.7,23.0,40.0,29.0,8.0,378.0,409.0,12482457.0,13302086.0,5007363.0,4933879.0,13336892.0,14991967.0,Q4
LIMA,YAUYOS,53.8,15.4,0.0,30.8,30.8,38.5,15.4,15.4,457.0,443.0,12.5,37.5,12.5,37.5,12.5,62.5,0.0,25.0,519.0,474.0,12482457.0,13302086.0,5007363.0,4933879.0,13336892.0,14991967.0,Q3
LIMA,YAUYOS,16.7,50.0,0.0,33.3,0.0,50.0,0.0,50.0,504.0,518.0,,,,,,,,,,,12482457.0,13302086.0,5007363.0,4933879.0,13336892.0,14991967.0,
LIMA,YAUYOS,,,,,,,,,,,14.3,42.9,0.0,42.9,0.0,42.9,0.0,57.1,515.0,528.0,12482457.0,13302086.0,5007363.0,4933879.0,13336892.0,14991967.0,Q1
LIMA,YAUYOS,,,,,,,,,,,14.3,28.6,0.0,57.1,0.0,42.9,0.0,57.1,527.0,594.0,12482457.0,13302086.0,5007363.0,4933879.0,13336892.0,14991967.0,Q3
LIMA,YAUYOS,15.4,61.5,0.0,23.1,22.9,53.8,0.0,23.3,494.0,467.0,28.6,28.6,14.3,28.6,14.3,71.4,0.0,14.3,486.0,476.0,12482457.0,13302086.0,5007363.0,4933879.0,13336892.0,14991967.0,Q3
LIMA,YAUYOS,20.0,0.0,0.0,80.0,0.0,40.0,0.0,60.0,627.0,570.0,,,,,,,,,,,12482457.0,13302086.0,5007363.0,4933879.0,13336892.0,14991967.0,
LIMA,YAUYOS,0.0,33.3,0.0,66.7,0.0,11.1,0.0,88.9,554.0,558.0,33.3,44.4,11.1,11.1,22.2,55.6,11.1,11.1,448.0,465.0,12482457.0,13302086.0,5007363.0,4933879.0,13336892.0,14991967.0,
LIMA,YAUYOS,16.7,58.3,0.0,25.0,8.3,83.3,0.0,8.3,488.0,474.0,0.0,20.0,80.0,0.0,40.0,0.0,60.0,0.0,347.0,345.0,12482457.0,13302086.0,5007363.0,4933879.0,13336892.0,14991967.0,Q4
LIMA,YAUYOS,36.2,54.8,0.0,9.0,9.0,50.0,0.0,41.0,449.0,499.0,32.0,15.0,48.0,5.0,31.0,26.0,28.0,15.0,371.0,399.0,12482457.0,13302086.0,5007363.0,4933879.0,13336892.0,14991967.0,
LIMA,YAUYOS,,,,,,,,,,,50.0,50.0,0.0,0.0,17.0,83.0,0.0,0.0,435.0,470.0,12482457.0,13302086.0,5007363.0,4933879.0,13336892.0,14991967.0,Q1
LIMA,YAUYOS,36.4,36.4,9.1,18.2,45.5,36.4,0.0,18.2,449.0,483.0,42.9,42.9,7.1,7.1,28.6,64.3,7.1,0.0,444.0,435.0,12482457.0,13302086.0,5007363.0,4933879.0,13336892.0,14991967.0,Q2
LIMA,YAUYOS,49.9,8.4,8.3,33.4,24.9,33.3,8.3,33.5,453.0,482.0,20.0,20.0,20.0,40.0,20.0,40.0,20.0,20.0,486.0,466.0,12482457.0,13302086.0,5007363.0,4933879.0,13336892.0,14991967.0,
LIMA,YAUYOS,36.4,36.4,9.1,18.2,9.1,54.5,9.1,27.3,471.0,466.0,20.0,20.0,0.0,60.0,20.0,20.0,0.0,60.0,527.0,504.0,12482457.0,13302086.0,5007363.0,4933879.0,13336892.0,14991967.0,
LIMA,YAUYOS,37.5,12.5,25.0,25.0,37.5,37.5,25.0,0.0,426.0,393.0,,,,,,,,,,,12482457.0,13302086.0,5007363.0,4933879.0,13336892.0,14991967.0,Q4
LIMA,YAUYOS,50.0,50.0,0.0,0.0,25.0,25.0,0.0,50.0,441.0,485.0,,,,,,,,,,,12482457.0,13302086.0,5007363.0,4933879.0,13336892.0,14991967.0,
LIMA,YAUYOS,20.0,60.0,0.0,20.0,0.0,40.0,0.0,60.0,485.0,534.0,28.6,14.3,0.0,57.1,0.0,28.6,0.0,71.4,518.0,539.0,12482457.0,13302086.0,5007363.0,4933879.0,13336892.0,14991967.0,Q2
LIMA,YAUYOS,,,,,,,,,,,33.3,58.3,0.0,8.3,16.7,83.3,0.0,0.0,455.0,454.0,12482457.0,13302086.0,5007363.0,4933879.0,13336892.0,14991967.0,
LIMA,YAUYOS,19.3,45.1,6.4,29.1,12.9,35.4,3.2,48.4,484.0,506.0,28.9,34.2,21.1,15.8,10.5,42.1,15.8,31.6,443.0,477.0,12482457.0,13302086.0,5007363.0,4933879.0,13336892.0,14991967.0,Q3
LIMA,YAUYOS,10.0,35.0,0.0,55.0,0.0,55.0,0.0,45.0,525.0,523.0,22.2,22.2,11.1,44.4,22.2,38.9,0.0,38.9,506.0,505.0,12482457.0,13302086.0,5007363.0,4933879.0,13336892.0,14991967.0,Q1
LORETO,ALTO AMAZONAS,,,,,,,,,,,,,,,,,,,,,650847.0,723295.0,104206.0,109151.0,264324.0,310335.0,Q4
LORETO,ALTO AMAZONAS,16.6,2.9,79.5,1.0,7.8,1.9,90.3,0.0,325.0,297.0,,,,,,,,,,,650847.0,723295.0,104206.0,109151.0,264324.0,310335.0,Q4
LORETO,ALTO AMAZONAS,40.9,15.4,39.4,4.3,30.3,12.2,55.5,2.0,379.0,350.0,31.3,13.4,49.0,6.2,35.1,17.2,45.3,2.3,370.0,366.0,650847.0,723295.0,104206.0,109151.0,264324.0,310335.0,Q4
LORETO,ALTO AMAZONAS,27.7,8.2,64.1,0.0,24.8,5.3,70.0,0.0,342.0,317.0,27.2,15.5,51.9,5.4,24.9,15.5,52.2,7.5,368.0,365.0,650847.0,723295.0,104206.0,109151.0,264324.0,310335.0,Q4
LORETO,ALTO AMAZONAS,43.5,14.8,35.1,6.7,39.2,8.0,48.6,4.2,388.0,357.0,36.1,13.7,43.4,6.8,30.0,15.0,53.0,2.0,376.0,348.0,650847.0,723295.0,104206.0,109151.0,264324.0,310335.0,Q4
LORETO,ALTO AMAZONAS,41.2,28.1,18.8,11.8,37.9,27.6,28.8,5.8,429.0,398.0,34.6,24.0,26.3,15.1,34.1,28.8,27.0,10.0,422.0,408.0,650847.0,723295.0,104206.0,109151.0,264324.0,310335.0,Q4
LORETO,DATEM DEL MARAÑÓN,,,,,,,,,,,25.6,6.8,67.6,0.0,14.0,0.0,86.0,0.0,337.0,304.0,650847.0,723295.0,104206.0,109151.0,264324.0,310335.0,
LORETO,DATEM DEL MARAÑÓN,25.8,26.3,40.7,7.2,26.3,24.4,44.1,5.1,393.0,378.0,30.5,12.0,48.9,8.6,30.5,19.6,46.7,3.2,371.0,364.0,650847.0,723295.0,104206.0,109151.0,264324.0,310335.0,Q4
LORETO,DATEM DEL MARAÑÓN,,,,,,,,,,,,,,,,,,,,,650847.0,723295.0,104206.0,109151.0,264324.0,310335.0,Q4
LORETO,DATEM DEL MARAÑÓN,34.2,7.6,42.1,16.1,22.4,20.0,46.1,11.4,398.0,389.0,34.8,22.5,31.8,11.0,34.0,26.3,36.1,3.6,400.0,384.0,650847.0,723295.0,104206.0,109151.0,264324.0,310335.0,Q4
LORETO,DATEM DEL MARAÑÓN,24.3,26.2,36.3,13.2,24.2,24.1,38.5,13.2,410.0,401.0,22.7,10.7,64.8,1.8,30.6,9.2,60.1,0.0,334.0,335.0,650847.0,723295.0,104206.0,109151.0,264324.0,310335.0,Q4
LORETO,DATEM DEL MARAÑÓN,39.2,10.7,48.7,1.3,23.8,11.0,61.3,3.9,363.0,349.0,,,,,,,,,,,650847.0,723295.0,104206.0,109151.0,264324.0,310335.0,Q4
LORETO,LORETO,39.0,18.4,36.4,6.1,32.9,16.2,48.4,2.5,390.0,362.0,35.2,22.1,33.5,9.2,33.6,23.9,37.3,5.2,401.0,386.0,650847.0,723295.0,104206.0,109151.0,264324.0,310335.0,Q4
LORETO,LORETO,32.0,10.3,56.8,0.9,24.6,9.2,66.3,0.0,346.0,327.0,29.8,6.2,61.8,2.2,27.4,7.5,64.1,1.0,342.0,338.0,650847.0,723295.0,104206.0,109151.0,264324.0,310335.0,Q4
LORETO,LORETO,44.9,6.0,49.1,0.0,41.7,10.3,48.0,0.0,358.0,358.0,23.8,6.3,68.3,1.6,33.3,6.2,60.5,0.0,334.0,339.0,650847.0,723295.0,104206.0,109151.0,264324.0,310335.0,Q4
LORETO,LORETO,,,,,,,,,,,17.7,7.1,73.8,1.4,18.0,4.0,78.0,0.0,322.0,312.0,650847.0,723295.0,104206.0,109151.0,264324.0,310335.0,Q4
LORETO,LORETO,30.3,6.7,58.3,4.7,23.3,12.4,62.7,1.6,344.0,328.0,,,,,,,,,,,650847.0,723295.0,104206.0,109151.0,264324.0,310335.0,Q4
LORETO,MARISCAL RAMÓN CASTILLA,45.2,13.4,39.9,1.5,34.4,17.9,45.9,1.8,375.0,363.0,32.1,12.0,54.4,1.5,27.0,14.0,58.0,1.0,355.0,346.0,650847.0,723295.0,104206.0,109151.0,264324.0,310335.0,Q4
LORETO,MARISCAL RAMÓN CASTILLA,38.2,17.0,39.1,5.7,31.8,14.2,52.3,1.8,387.0,359.0,30.5,16.3,47.5,5.7,28.0,14.0,55.0,2.0,372.0,353.0,650847.0,723295.0,104206.0,109151.0,264324.0,310335.0,Q4
LORETO,MARISCAL RAMÓN CASTILLA,34.5,9.8,52.2,3.5,26.0,9.8,63.2,1.0,362.0,342.0,29.3,7.1,60.7,2.9,26.7,7.6,63.2,2.5,341.0,335.0,650847.0,723295.0,104206.0,109151.0,264324.0,310335.0,Q4
LORETO,MARISCAL RAMÓN CASTILLA,35.8,10.8,51.7,1.7,35.6,13.2,51.3,0.0,357.0,349.0,33.4,13.5,49.6,3.5,26.8,17.4,53.7,2.1,363.0,354.0,650847.0,723295.0,104206.0,109151.0,264324.0,310335.0,
LORETO,MAYNAS,,,,,,,,,,,30.9,7.1,60.6,1.4,30.7,11.4,57.9,0.0,344.0,339.0,650847.0,723295.0,104206.0,109151.0,264324.0,310335.0,
LORETO,MAYNAS,42.2,23.5,24.3,10.0,39.3,18.0,37.5,5.2,415.0,384.0,39.6,24.3,25.6,10.5,38.8,25.7,31.3,4.3,413.0,391.0,650847.0,723295.0,104206.0,109151.0,264324.0,310335.0,Q4
LORETO,MAYNAS,33.6,12.8,51.9,1.8,27.0,11.7,61.0,0.3,362.0,343.0,38.0,19.5,33.5,9.0,35.0,25.8,34.3,4.9,399.0,390.0,650847.0,723295.0,104206.0,109151.0,264324.0,310335.0,Q4
LORETO,MAYNAS,25.2,24.1,43.6,7.1,19.8,21.5,52.1,6.6,386.0,362.0,31.6,12.8,52.2,3.4,31.0,13.9,54.4,0.7,358.0,346.0,650847.0,723295.0,104206.0,109151.0,264324.0,310335.0,Q4
LORETO,MAYNAS,34.9,33.2,11.5,20.4,36.4,36.5,18.9,8.2,455.0,420.0,31.8,29.6,14.7,23.9,33.5,35.9,18.8,11.7,454.0,426.0,650847.0,723295.0,104206.0,109151.0,264324.0,310335.0,Q4
LORETO,MAYNAS,30.4,13.3,51.1,5.2,25.9,14.9,54.8,4.4,358.0,351.0,,,,,,,,,,,650847.0,723295.0,104206.0,109151.0,264324.0,310335.0,
LORETO,MAYNAS,29.1,8.4,57.6,4.9,25.8,6.6,63.3,4.3,358.0,345.0,24.2,10.8,56.6,8.4,23.0,11.0,59.0,8.0,358.0,353.0,650847.0,723295.0,104206.0,109151.0,264324.0,310335.0,Q4
LORETO,MAYNAS,34.6,8.0,55.3,2.1,19.2,3.8,77.1,0.0,350.0,315.0,14.7,5.4,79.2,0.8,21.5,5.3,72.8,0.4,310.0,313.0,650847.0,723295.0,104206.0,109151.0,264324.0,310335.0,Q4
LORETO,MAYNAS,38.1,25.1,26.2,10.6,30.5,27.3,36.2,5.9,416.0,391.0,37.9,26.5,21.4,14.1,34.1,31.3,26.9,7.7,425.0,404.0,650847.0,723295.0,104206.0,109151.0,264324.0,310335.0,Q4
LORETO,MAYNAS,41.8,26.0,22.4,9.7,38.0,25.8,31.4,4.9,418.0,393.0,38.9,26.6,24.9,9.6,35.5,29.0,30.6,5.0,413.0,394.0,650847.0,723295.0,104206.0,109151.0,264324.0,310335.0,Q4
LORETO,MAYNAS,12.5,12.5,62.5,12.5,25.0,0.0,75.0,0.0,369.0,306.0,5.9,0.0,94.1,0.0,23.4,0.0,76.6,0.0,290.0,300.0,650847.0,723295.0,104206.0,109151.0,264324.0,310335.0,Q4
LORETO,PUTUMAYO,35.0,43.7,12.5,8.7,48.8,28.8,17.5,5.0,439.0,409.0,29.5,35.4,20.0,15.0,29.1,36.3,22.7,11.9,435.0,421.0,650847.0,723295.0,104206.0,109151.0,264324.0,310335.0,Q4
LORETO,PUTUMAYO,,,,,,,,,,,37.5,12.4,37.5,12.7,50.1,18.7,31.1,0.0,401.0,387.0,650847.0,723295.0,104206.0,109151.0,264324.0,310335.0,
LORETO,PUTUMAYO,,,,,,,,,,,35.7,11.4,52.9,0.0,23.6,7.1,69.3,0.0,345.0,325.0,650847.0,723295.0,104206.0,109151.0,264324.0,310335.0,
LORETO,PUTUMAYO,46.1,18.4,29.0,6.5,34.3,13.1,52.6,0.0,403.0,358.0,35.5,8.8,52.0,3.8,16.3,52.5,24.3,6.9,362.0,418.0,650847.0,723295.0,104206.0,109151.0,264324.0,310335.0,Q4
LORETO,REQUENA,17.7,3.5,75.2,3.5,19.6,4.7,75.7,0.0,334.0,322.0,7.7,0.0,88.5,3.8,3.8,3.8,92.4,0.0,274.0,298.0,650847.0,723295.0,104206.0,109151.0,264324.0,310335.0,
LORETO,REQUENA,38.0,9.1,52.9,0.0,40.7,4.8,54.6,0.0,359.0,340.0,15.5,8.4,74.5,1.5,21.3,4.1,74.5,0.0,331.0,316.0,650847.0,723295.0,104206.0,109151.0,264324.0,310335.0,Q4
LORETO,REQUENA,23.3,8.7,67.5,0.5,20.0,12.5,64.7,2.8,343.0,337.0,14.6,3.6,81.8,0.0,20.9,2.7,76.4,0.0,307.0,313.0,650847.0,723295.0,104206.0,109151.0,264324.0,310335.0,Q4
LORETO,REQUENA,33.8,7.8,58.3,0.0,22.9,2.0,75.0,0.0,352.0,323.0,25.9,4.5,66.0,3.6,16.7,9.0,73.4,0.9,346.0,331.0,650847.0,723295.0,104206.0,109151.0,264324.0,310335.0,Q3
LORETO,REQUENA,30.5,9.9,56.8,2.8,18.4,14.3,64.9,2.4,356.0,337.0,24.1,6.2,64.1,5.7,29.8,9.9,57.6,2.7,343.0,342.0,650847.0,723295.0,104206.0,109151.0,264324.0,310335.0,
LORETO,REQUENA,46.9,8.2,45.0,0.0,28.2,6.9,64.9,0.0,362.0,337.0,36.4,12.0,50.2,1.3,30.8,11.2,57.3,0.7,354.0,345.0,650847.0,723295.0,104206.0,109151.0,264324.0,310335.0,Q4
LORETO,REQUENA,40.9,15.6,36.3,7.3,29.7,21.0,44.7,4.6,391.0,374.0,33.6,19.2,34.3,12.9,25.7,23.1,42.2,8.9,403.0,385.0,650847.0,723295.0,104206.0,109151.0,264324.0,310335.0,
LORETO,REQUENA,39.6,9.5,49.9,1.1,35.7,16.4,47.9,0.0,364.0,358.0,11.4,2.0,85.2,1.3,6.9,3.4,89.7,0.0,313.0,300.0,650847.0,723295.0,104206.0,109151.0,264324.0,310335.0,Q4
LORETO,REQUENA,,,,,,,,,,,,,,,,,,,,,650847.0,723295.0,104206.0,109151.0,264324.0,310335.0,
LORETO,REQUENA,33.7,14.3,36.5,15.5,27.4,20.6,36.5,15.5,410.0,412.0,49.9,3.5,43.0,3.5,42.6,32.0,14.6,10.9,372.0,415.0,650847.0,723295.0,104206.0,109151.0,264324.0,310335.0,
LORETO,REQUENA,14.6,1.6,83.8,0.0,8.1,1.6,90.3,0.0,299.0,274.0,5.6,0.0,94.4,0.0,24.8,0.0,75.2,0.0,310.0,325.0,650847.0,723295.0,104206.0,109151.0,264324.0,310335.0,Q4
LORETO,UCAYALI,38.2,30.3,21.2,10.3,34.5,23.8,35.7,5.9,422.0,387.0,31.8,14.6,48.1,5.5,31.4,16.0,50.6,2.0,374.0,359.0,650847.0,723295.0,104206.0,109151.0,264324.0,310335.0,Q4
LORETO,UCAYALI,40.5,17.7,39.7,2.2,28.9,22.4,36.2,12.5,390.0,403.0,21.6,5.5,70.1,2.8,13.6,5.6,80.8,0.0,345.0,322.0,650847.0,723295.0,104206.0,109151.0,264324.0,310335.0,Q4
LORETO,UCAYALI,32.6,14.0,48.9,4.5,28.3,15.5,56.2,0.0,374.0,345.0,21.1,21.6,14.8,42.5,18.9,38.1,12.8,30.2,471.0,473.0,650847.0,723295.0,104206.0,109151.0,264324.0,310335.0,Q3
LORETO,UCAYALI,28.2,16.0,54.6,1.3,25.4,13.9,60.8,0.0,362.0,346.0,33.2,7.8,56.1,2.9,32.2,12.9,54.0,0.9,351.0,349.0,650847.0,723295.0,104206.0,109151.0,264324.0,310335.0,Q4
LORETO,UCAYALI,37.9,20.8,37.1,4.1,28.2,18.4,45.6,7.8,386.0,376.0,30.6,10.4,54.0,5.0,28.8,14.5,54.0,2.7,359.0,355.0,650847.0,723295.0,104206.0,109151.0,264324.0,310335.0,Q4
LORETO,UCAYALI,30.6,23.1,20.4,25.9,24.3,26.2,30.1,19.3,445.0,430.0,30.9,15.0,38.8,15.2,29.7,19.9,39.4,11.0,401.0,390.0,650847.0,723295.0,104206.0,109151.0,264324.0,310335.0,Q4
MADRE DE DIOS,MANU,42.9,0.0,57.1,0.0,14.3,14.3,71.4,0.0,345.0,348.0,50.0,0.0,37.5,12.5,50.0,25.0,25.0,0.0,386.0,387.0,103724.0,112922.0,17994.0,20526.0,46441.0,48908.0,
MADRE DE DIOS,MANU,30.6,43.1,3.4,22.9,16.8,60.5,4.8,17.8,472.0,468.0,28.7,34.1,8.9,28.3,23.9,42.2,6.9,27.1,469.0,473.0,103724.0,112922.0,17994.0,20526.0,46441.0,48908.0,Q2
MADRE DE DIOS,MANU,39.9,30.2,9.7,20.2,33.3,37.6,17.7,11.3,455.0,429.0,28.8,32.4,15.9,22.9,23.4,45.5,10.4,20.6,451.0,459.0,103724.0,112922.0,17994.0,20526.0,46441.0,48908.0,Q3
MADRE DE DIOS,MANU,48.1,29.6,11.1,11.1,18.5,44.4,33.3,3.7,430.0,401.0,31.4,25.7,22.9,20.0,28.6,31.4,20.0,20.0,436.0,433.0,103724.0,112922.0,17994.0,20526.0,46441.0,48908.0,Q4
MADRE DE DIOS,TAHUAMANU,28.3,42.4,11.6,17.7,30.6,31.8,23.4,14.2,459.0,421.0,37.3,33.5,9.9,19.3,31.7,49.3,4.9,14.1,458.0,449.0,103724.0,112922.0,17994.0,20526.0,46441.0,48908.0,Q4
MADRE DE DIOS,TAHUAMANU,,,,,,,,,,,32.5,40.0,15.0,12.5,47.5,45.0,2.5,5.0,445.0,429.0,103724.0,112922.0,17994.0,20526.0,46441.0,48908.0,Q4
MADRE DE DIOS,TAHUAMANU,44.3,39.0,6.3,10.4,42.9,34.8,18.3,3.9,444.0,406.0,46.9,19.5,16.3,17.3,39.3,28.4,18.8,13.4,436.0,421.0,103724.0,112922.0,17994.0,20526.0,46441.0,48908.0,Q4
MADRE DE DIOS,TAMBOPATA,34.4,39.2,7.7,18.6,28.9,42.9,9.8,18.3,461.0,452.0,24.7,40.0,7.1,28.2,17.0,46.4,9.2,27.4,477.0,478.0,103724.0,112922.0,17994.0,20526.0,46441.0,48908.0,Q3
MADRE DE DIOS,TAMBOPATA,40.7,27.0,21.4,10.8,33.2,39.2,20.6,7.0,425.0,415.0,38.1,32.5,17.8,11.6,34.6,36.2,18.4,10.8,430.0,427.0,103724.0,112922.0,17994.0,20526.0,46441.0,48908.0,Q4
MADRE DE DIOS,TAMBOPATA,35.8,37.5,13.4,13.2,43.5,35.0,13.5,7.9,442.0,420.0,38.6,26.2,15.3,19.9,29.0,36.6,20.1,14.4,440.0,427.0,103724.0,112922.0,17994.0,20526.0,46441.0,48908.0,Q4
MADRE DE DIOS,TAMBOPATA,34.9,33.7,10.1,21.3,34.6,38.9,14.4,12.1,458.0,434.0,29.1,31.0,11.0,28.8,25.3,41.3,11.6,21.8,467.0,457.0,103724.0,112922.0,17994.0,20526.0,46441.0,48908.0,Q3
MOQUEGUA,GENERAL SÁNCHEZ CERRO,33.3,50.0,0.0,16.7,50.0,50.0,0.0,0.0,465.0,427.0,,,,,,,,,,,229623.0,238765.0,392139.0,218787.0,85131.0,99421.0,Q1
MOQUEGUA,GENERAL SÁNCHEZ CERRO,0.0,71.4,0.0,28.6,0.0,0.0,0.0,100.0,522.0,613.0,,,,,,,,,,,229623.0,238765.0,392139.0,218787.0,85131.0,99421.0,Q1
MOQUEGUA,GENERAL SÁNCHEZ CERRO,30.8,38.5,0.0,30.8,23.1,46.2,7.7,23.1,499.0,492.0,10.7,46.4,3.6,39.3,7.1,85.7,0.0,7.1,500.0,482.0,229623.0,238765.0,392139.0,218787.0,85131.0,99421.0,Q1
MOQUEGUA,GENERAL SÁNCHEZ CERRO,,,,,,,,,,,0.0,16.7,16.7,66.7,16.7,33.3,0.0,50.0,566.0,536.0,229623.0,238765.0,392139.0,218787.0,85131.0,99421.0,
MOQUEGUA,GENERAL SÁNCHEZ CERRO,18.4,44.7,2.6,34.2,23.7,42.1,0.0,34.2,509.0,495.0,16.7,33.3,5.6,44.4,5.6,38.9,0.0,55.6,501.0,541.0,229623.0,238765.0,392139.0,218787.0,85131.0,99421.0,Q1
MOQUEGUA,GENERAL SÁNCHEZ CERRO,0.0,33.3,0.0,66.7,0.0,13.5,0.0,86.5,576.0,584.0,13.3,23.3,6.7,56.7,13.3,36.7,10.0,40.0,529.0,505.0,229623.0,238765.0,392139.0,218787.0,85131.0,99421.0,Q1
MOQUEGUA,GENERAL SÁNCHEZ CERRO,55.6,11.1,0.0,33.3,22.2,33.3,11.1,33.3,479.0,484.0,75.0,0.0,0.0,25.0,50.0,25.0,0.0,25.0,479.0,449.0,229623.0,238765.0,392139.0,218787.0,85131.0,99421.0,
MOQUEGUA,GENERAL SÁNCHEZ CERRO,16.7,16.7,50.0,16.7,16.7,33.3,33.3,16.7,429.0,461.0,22.0,22.0,10.0,46.0,0.0,34.0,20.0,46.0,505.0,485.0,229623.0,238765.0,392139.0,218787.0,85131.0,99421.0,
MOQUEGUA,GENERAL SÁNCHEZ CERRO,,,,,,,,,,,,,,,,,,,,,229623.0,238765.0,392139.0,218787.0,85131.0,99421.0,
MOQUEGUA,ILO,37.5,50.0,0.0,12.5,50.0,37.5,0.0,12.5,464.0,442.0,54.5,27.3,0.0,18.2,27.3,54.5,0.0,18.2,451.0,463.0,229623.0,238765.0,392139.0,218787.0,85131.0,99421.0,Q1
MOQUEGUA,ILO,17.9,30.7,3.0,48.5,14.9,39.9,2.6,42.6,520.0,513.0,17.8,32.6,3.7,45.9,12.0,36.3,2.7,49.0,512.0,525.0,229623.0,238765.0,392139.0,218787.0,85131.0,99421.0,Q1
MOQUEGUA,ILO,4.8,32.6,1.2,61.4,3.7,38.0,0.0,58.2,554.0,548.0,11.0,23.6,4.2,61.2,9.4,29.5,3.4,57.6,543.0,547.0,229623.0,238765.0,392139.0,218787.0,85131.0,99421.0,Q1
MOQUEGUA,MARISCAL NIETO,33.3,33.3,11.1,22.2,22.2,50.0,11.1,16.7,456.0,452.0,33.3,16.7,16.7,33.3,33.3,16.7,16.7,33.3,485.0,459.0,229623.0,238765.0,392139.0,218787.0,85131.0,99421.0,
MOQUEGUA,MARISCAL NIETO,13.6,29.2,1.9,55.3,9.2,36.9,2.2,51.7,535.0,530.0,13.2,33.2,2.1,51.5,7.4,36.8,0.9,54.9,527.0,540.0,229623.0,238765.0,392139.0,218787.0,85131.0,99421.0,Q1
MOQUEGUA,MARISCAL NIETO,7.4,27.2,0.0,65.5,2.0,38.7,0.0,59.2,563.0,556.0,7.9,24.2,1.6,66.3,4.3,24.1,0.0,71.6,557.0,576.0,229623.0,238765.0,392139.0,218787.0,85131.0,99421.0,Q1
MOQUEGUA,MARISCAL NIETO,37.5,18.8,18.8,25.0,31.3,50.0,6.3,12.5,438.0,452.0,28.6,42.9,9.5,19.0,9.5,42.9,9.5,38.1,464.0,490.0,229623.0,238765.0,392139.0,218787.0,85131.0,99421.0,Q1
MOQUEGUA,MARISCAL NIETO,11.2,28.1,2.2,58.4,7.9,39.3,1.1,51.7,542.0,530.0,12.9,28.0,1.1,58.1,5.4,35.5,0.0,59.1,540.0,552.0,229623.0,238765.0,392139.0,218787.0,85131.0,99421.0,Q1
PASCO,DANIEL ALCIDES CARRIÓN,22.6,32.3,9.7,35.5,12.9,41.9,12.9,32.3,488.0,481.0,15.9,23.8,0.0,60.3,15.9,33.3,0.0,50.8,517.0,565.0,208774.0,223997.0,62777.0,72273.0,57884.0,63844.0,Q1
PASCO,DANIEL ALCIDES CARRIÓN,22.2,66.7,11.1,0.0,11.1,44.4,11.1,33.3,455.0,479.0,12.5,37.5,0.0,50.0,0.0,50.0,0.0,50.0,539.0,567.0,208774.0,223997.0,62777.0,72273.0,57884.0,63844.0,
PASCO,DANIEL ALCIDES CARRIÓN,31.5,32.2,8.6,27.7,8.6,28.7,11.5,51.3,466.0,517.0,35.3,29.4,11.8,23.5,17.6,64.7,5.9,11.8,447.0,459.0,208774.0,223997.0,62777.0,72273.0,57884.0,63844.0,Q1
PASCO,DANIEL ALCIDES CARRIÓN,64.3,28.6,0.0,7.1,42.9,50.0,0.0,7.1,455.0,450.0,26.7,46.7,20.0,6.7,33.3,40.0,6.7,20.0,433.0,447.0,208774.0,223997.0,62777.0,72273.0,57884.0,63844.0,Q2
PASCO,DANIEL ALCIDES CARRIÓN,17.8,29.4,0.0,52.8,8.9,11.8,0.0,79.3,531.0,578.0,26.2,38.1,2.4,33.3,11.9,45.2,0.0,42.9,491.0,520.0,208774.0,223997.0,62777.0,72273.0,57884.0,63844.0,Q2
PASCO,DANIEL ALCIDES CARRIÓN,35.3,47.1,0.0,17.6,11.8,41.2,5.9,41.2,461.0,499.0,58.8,17.6,17.6,5.9,58.8,29.4,0.0,11.8,400.0,442.0,208774.0,223997.0,62777.0,72273.0,57884.0,63844.0,Q4
PASCO,DANIEL ALCIDES CARRIÓN,63.6,27.3,0.0,9.1,36.4,54.5,0.0,9.1,446.0,451.0,50.0,12.5,0.0,37.5,12.5,37.5,0.0,50.0,467.0,526.0,208774.0,223997.0,62777.0,72273.0,57884.0,63844.0,Q1
PASCO,DANIEL ALCIDES CARRIÓN,31.8,28.6,5.4,34.3,14.7,35.2,3.6,46.6,484.0,516.0,19.0,35.2,2.5,43.3,11.1,34.0,1.2,53.7,509.0,534.0,208774.0,223997.0,62777.0,72273.0,57884.0,63844.0,Q1
PASCO,OXAPAMPA,15.4,46.2,7.7,30.7,30.7,46.2,7.7,15.4,480.0,465.0,7.7,53.8,0.0,38.5,7.7,84.6,0.0,7.7,513.0,503.0,208774.0,223997.0,62777.0,72273.0,57884.0,63844.0,Q1
PASCO,OXAPAMPA,44.0,26.0,20.4,9.6,27.5,34.0,28.0,10.4,423.0,415.0,,,,,,,,,,,208774.0,223997.0,62777.0,72273.0,57884.0,63844.0,
PASCO,OXAPAMPA,,,,,,,,,,,31.0,26.3,21.6,21.1,23.6,36.9,20.7,18.8,436.0,440.0,208774.0,223997.0,62777.0,72273.0,57884.0,63844.0,Q4
PASCO,OXAPAMPA,25.6,39.9,3.8,30.8,20.1,47.0,5.7,27.2,484.0,476.0,30.2,31.5,12.5,25.8,25.0,49.5,8.3,17.2,463.0,457.0,208774.0,223997.0,62777.0,72273.0,57884.0,63844.0,Q3
PASCO,OXAPAMPA,26.6,33.2,4.3,35.9,20.0,43.5,4.7,31.8,495.0,487.0,20.6,31.3,5.2,42.9,16.1,40.2,3.7,40.0,506.0,505.0,208774.0,223997.0,62777.0,72273.0,57884.0,63844.0,Q2
PASCO,OXAPAMPA,37.7,28.1,19.1,15.1,26.3,41.3,17.3,15.1,434.0,434.0,31.1,23.6,32.8,12.5,26.5,31.0,30.4,12.2,410.0,412.0,208774.0,223997.0,62777.0,72273.0,57884.0,63844.0,Q4
PASCO,OXAPAMPA,39.6,21.9,8.8,29.7,19.4,44.8,7.3,28.6,470.0,489.0,14.3,18.6,40.0,27.1,26.4,17.1,27.9,28.6,436.0,449.0,208774.0,223997.0,62777.0,72273.0,57884.0,63844.0,Q3
PASCO,OXAPAMPA,33.5,18.2,38.4,9.8,29.5,18.2,47.1,5.2,394.0,368.0,28.7,12.6,52.5,6.2,23.8,22.7,50.8,2.8,365.0,362.0,208774.0,223997.0,62777.0,72273.0,57884.0,63844.0,
PASCO,OXAPAMPA,23.4,39.9,7.8,28.9,19.1,43.0,8.6,29.3,481.0,478.0,18.0,36.6,8.0,37.4,15.5,43.6,6.2,34.7,491.0,490.0,208774.0,223997.0,62777.0,72273.0,57884.0,63844.0,Q2
PASCO,PASCO,23.7,35.3,4.0,36.9,18.5,43.7,5.3,32.5,497.0,490.0,21.2,32.9,7.4,38.5,16.0,38.4,6.1,39.5,497.0,505.0,208774.0,223997.0,62777.0,72273.0,57884.0,63844.0,Q1
PASCO,PASCO,41.9,40.3,4.8,12.9,27.4,46.8,1.6,24.2,450.0,473.0,29.3,27.9,7.1,35.6,18.9,29.2,1.4,50.4,488.0,512.0,208774.0,223997.0,62777.0,72273.0,57884.0,63844.0,Q1
PASCO,PASCO,19.0,23.4,9.5,48.1,21.1,36.0,6.4,36.5,503.0,491.0,23.9,32.6,5.4,38.1,20.3,38.6,4.8,36.2,495.0,498.0,208774.0,223997.0,62777.0,72273.0,57884.0,63844.0,Q1
PASCO,PASCO,27.8,41.5,5.4,25.3,27.0,48.4,6.0,18.6,478.0,459.0,17.7,37.7,1.2,43.5,16.0,42.4,3.6,38.1,509.0,503.0,208774.0,223997.0,62777.0,72273.0,57884.0,63844.0,Q2
PASCO,PASCO,24.2,32.3,14.8,28.7,10.1,46.9,12.9,30.2,466.0,477.0,27.0,28.4,9.5,35.1,23.0,43.2,2.7,31.1,476.0,487.0,208774.0,223997.0,62777.0,72273.0,57884.0,63844.0,Q2
PASCO,PASCO,31.3,37.5,0.0,31.2,31.3,50.0,6.3,12.5,495.0,449.0,23.1,30.8,7.7,38.5,30.8,46.2,0.0,23.1,484.0,470.0,208774.0,223997.0,62777.0,72273.0,57884.0,63844.0,Q2
PASCO,PASCO,24.5,42.0,10.9,22.6,17.8,41.4,8.6,32.2,468.0,483.0,28.7,28.5,8.4,34.4,15.7,41.1,3.9,39.3,484.0,501.0,208774.0,223997.0,62777.0,72273.0,57884.0,63844.0,Q2
PASCO,PASCO,29.6,40.7,14.9,14.8,25.9,51.9,3.7,18.5,452.0,471.0,37.5,20.8,18.8,22.9,18.8,50.0,12.5,18.7,443.0,459.0,208774.0,223997.0,62777.0,72273.0,57884.0,63844.0,Q2
PASCO,PASCO,21.4,38.9,3.4,36.3,16.0,47.6,4.9,31.5,501.0,493.0,22.4,34.1,3.0,40.5,12.9,42.7,1.7,42.7,503.0,509.0,208774.0,223997.0,62777.0,72273.0,57884.0,63844.0,Q1
PASCO,PASCO,25.5,36.2,12.8,25.5,23.4,51.1,4.3,21.3,471.0,463.0,29.2,27.7,18.5,24.6,21.0,42.6,10.3,26.2,456.0,467.0,208774.0,223997.0,62777.0,72273.0,57884.0,63844.0,Q2
PASCO,PASCO,35.3,24.9,5.3,34.6,21.3,36.4,10.6,31.7,480.0,480.0,20.2,35.9,4.8,39.0,12.6,44.6,2.9,40.0,494.0,508.0,208774.0,223997.0,62777.0,72273.0,57884.0,63844.0,Q1
PASCO,PASCO,18.8,40.6,6.3,34.4,18.8,40.6,6.3,34.4,473.0,484.0,28.9,33.3,4.4,33.3,22.2,46.7,0.0,31.1,487.0,488.0,208774.0,223997.0,62777.0,72273.0,57884.0,63844.0,Q1
PASCO,PASCO,21.1,35.4,5.9,37.5,17.2,43.6,6.3,32.9,496.0,488.0,15.5,29.5,5.0,50.0,10.7,38.6,2.8,47.9,520.0,523.0,208774.0,223997.0,62777.0,72273.0,57884.0,63844.0,Q1
PIURA,AYABACA,32.4,30.8,19.6,17.2,27.4,36.6,20.6,15.4,441.0,433.0,32.3,28.2,20.4,19.1,27.7,39.2,15.6,17.6,438.0,444.0,1142032.0,1207441.0,317449.0,361714.0,638874.0,736917.0,Q3
PIURA,AYABACA,28.2,31.3,24.8,15.7,23.3,38.4,23.4,14.9,431.0,432.0,31.4,30.4,17.9,20.3,23.1,40.6,14.0,22.3,444.0,456.0,1142032.0,1207441.0,317449.0,361714.0,638874.0,736917.0,Q4
PIURA,AYABACA,27.9,20.9,11.6,39.5,18.6,34.9,18.6,27.9,474.0,456.0,24.2,39.4,12.1,24.2,21.2,51.5,3.0,24.2,465.0,480.0,1142032.0,1207441.0,317449.0,361714.0,638874.0,736917.0,Q2
PIURA,AYABACA,42.8,22.3,19.3,15.6,31.2,42.0,15.0,11.8,425.0,434.0,36.0,23.1,21.5,19.4,26.9,34.3,20.8,17.9,429.0,433.0,1142032.0,1207441.0,317449.0,361714.0,638874.0,736917.0,Q4
PIURA,AYABACA,30.3,44.9,9.7,15.1,19.9,44.0,17.2,18.9,459.0,448.0,29.1,36.3,3.4,31.2,20.1,38.2,9.3,32.4,484.0,483.0,1142032.0,1207441.0,317449.0,361714.0,638874.0,736917.0,Q1
PIURA,AYABACA,31.9,26.5,30.0,11.5,28.7,31.7,25.1,14.6,415.0,423.0,37.5,24.3,25.2,13.0,27.3,35.4,16.2,21.1,418.0,449.0,1142032.0,1207441.0,317449.0,361714.0,638874.0,736917.0,Q4
PIURA,AYABACA,27.3,35.5,8.1,29.0,22.7,37.7,9.7,29.8,474.0,471.0,34.1,37.5,7.5,20.9,22.2,54.1,4.2,19.5,464.0,467.0,1142032.0,1207441.0,317449.0,361714.0,638874.0,736917.0,Q2
PIURA,AYABACA,35.6,28.1,20.2,16.1,28.5,41.5,20.0,10.1,435.0,424.0,35.3,24.8,18.9,21.1,29.6,34.1,15.2,21.1,440.0,445.0,1142032.0,1207441.0,317449.0,361714.0,638874.0,736917.0,Q4
PIURA,AYABACA,7.3,47.6,4.0,41.1,17.4,58.1,4.0,20.5,504.0,477.0,53.2,29.4,0.0,17.5,47.6,35.7,5.6,11.1,457.0,432.0,1142032.0,1207441.0,317449.0,361714.0,638874.0,736917.0,Q3
PIURA,AYABACA,33.2,34.7,6.9,25.2,30.1,40.4,9.2,20.4,473.0,460.0,41.0,26.1,10.1,22.7,29.7,46.1,10.6,13.6,454.0,447.0,1142032.0,1207441.0,317449.0,361714.0,638874.0,736917.0,Q3
PIURA,HUANCABAMBA,38.8,22.7,14.6,24.0,30.3,32.7,20.4,16.6,455.0,440.0,24.4,44.6,6.8,24.2,21.0,41.8,9.4,27.8,476.0,473.0,1142032.0,1207441.0,317449.0,361714.0,638874.0,736917.0,Q2
PIURA,HUANCABAMBA,46.1,20.6,24.4,8.9,29.0,28.8,37.4,4.9,410.0,389.0,40.7,23.5,21.7,14.1,35.8,36.7,20.2,7.4,425.0,415.0,1142032.0,1207441.0,317449.0,361714.0,638874.0,736917.0,Q4
PIURA,HUANCABAMBA,30.0,22.3,24.2,23.5,24.0,31.2,22.4,22.4,441.0,441.0,26.6,27.3,21.9,24.2,27.4,37.2,18.2,17.2,445.0,435.0,1142032.0,1207441.0,317449.0,361714.0,638874.0,736917.0,Q3
PIURA,HUANCABAMBA,37.4,20.0,36.4,6.2,33.3,22.6,36.3,7.8,394.0,392.0,36.0,19.9,33.5,10.5,32.4,29.9,28.7,9.0,402.0,407.0,1142032.0,1207441.0,317449.0,361714.0,638874.0,736917.0,Q4
PIURA,HUANCABAMBA,59.0,22.8,14.6,3.6,45.6,36.4,12.8,5.2,421.0,418.0,42.8,22.3,18.4,16.6,30.1,38.9,10.9,20.1,427.0,450.0,1142032.0,1207441.0,317449.0,361714.0,638874.0,736917.0,Q4
PIURA,HUANCABAMBA,35.0,16.8,27.0,21.2,25.0,26.3,28.1,20.7,423.0,427.0,29.3,27.6,29.5,13.5,34.3,31.8,22.5,11.4,422.0,420.0,1142032.0,1207441.0,317449.0,361714.0,638874.0,736917.0,Q4
PIURA,HUANCABAMBA,29.4,32.8,23.0,14.8,21.4,41.2,22.6,14.8,431.0,433.0,31.9,30.0,26.0,12.1,33.9,31.3,21.6,13.2,421.0,424.0,1142032.0,1207441.0,317449.0,361714.0,638874.0,736917.0,Q4
PIURA,HUANCABAMBA,32.2,23.7,31.8,12.3,29.2,22.8,31.0,17.0,412.0,412.0,36.6,21.2,31.7,10.6,32.4,34.0,23.6,9.9,404.0,416.0,1142032.0,1207441.0,317449.0,361714.0,638874.0,736917.0,Q4
PIURA,MORROPÓN,27.6,44.3,2.3,25.9,23.6,46.7,5.3,24.3,481.0,472.0,21.4,43.1,3.7,31.9,11.7,53.3,4.3,30.8,492.0,493.0,1142032.0,1207441.0,317449.0,361714.0,638874.0,736917.0,Q3
PIURA,MORROPÓN,18.5,34.8,6.0,40.8,15.8,32.6,9.2,42.4,499.0,510.0,23.9,29.8,24.4,21.9,23.8,36.2,12.6,27.4,439.0,470.0,1142032.0,1207441.0,317449.0,361714.0,638874.0,736917.0,Q4
PIURA,MORROPÓN,24.0,33.7,4.9,37.4,18.3,39.6,6.1,36.0,494.0,498.0,29.7,33.4,8.7,28.1,18.9,42.5,7.9,30.7,475.0,484.0,1142032.0,1207441.0,317449.0,361714.0,638874.0,736917.0,Q3
PIURA,MORROPÓN,21.2,45.6,4.2,29.0,18.5,55.1,7.2,19.2,481.0,468.0,20.2,38.5,4.0,37.4,13.3,47.1,2.6,37.0,495.0,503.0,1142032.0,1207441.0,317449.0,361714.0,638874.0,736917.0,Q3
PIURA,MORROPÓN,23.9,40.8,9.0,26.3,19.8,53.3,4.0,22.9,475.0,473.0,32.1,31.7,10.8,25.4,33.9,40.7,8.6,16.8,462.0,446.0,1142032.0,1207441.0,317449.0,361714.0,638874.0,736917.0,Q2
PIURA,MORROPÓN,19.3,48.8,4.9,27.0,12.4,55.0,2.4,30.2,484.0,494.0,36.3,25.5,19.1,19.1,32.5,36.8,19.0,11.7,436.0,424.0,1142032.0,1207441.0,317449.0,361714.0,638874.0,736917.0,Q4
PIURA,MORROPÓN,27.9,43.3,4.1,24.7,25.8,44.5,8.2,21.4,485.0,482.0,34.3,33.4,9.4,22.9,16.1,56.8,12.6,14.5,461.0,452.0,1142032.0,1207441.0,317449.0,361714.0,638874.0,736917.0,Q3
PIURA,MORROPÓN,25.6,30.9,6.3,37.2,23.6,39.2,7.1,30.2,489.0,496.0,10.9,24.0,2.4,62.7,12.9,49.2,2.0,35.9,540.0,511.0,1142032.0,1207441.0,317449.0,361714.0,638874.0,736917.0,Q1
PIURA,MORROPÓN,33.5,35.7,11.5,19.3,35.3,33.8,20.5,10.4,453.0,427.0,27.5,36.3,3.7,32.5,23.7,40.0,8.7,27.5,487.0,472.0,1142032.0,1207441.0,317449.0,361714.0,638874.0,736917.0,Q2
PIURA,MORROPÓN,24.8,40.0,16.8,18.3,20.6,41.1,20.6,17.6,450.0,443.0,22.9,25.4,17.8,33.9,25.4,39.8,11.9,22.9,465.0,466.0,1142032.0,1207441.0,317449.0,361714.0,638874.0,736917.0,Q4
PIURA,PAITA,34.4,25.0,3.1,37.5,18.8,18.8,18.8,43.7,487.0,479.0,25.0,37.5,15.0,22.5,32.5,44.9,12.6,10.0,465.0,448.0,1142032.0,1207441.0,317449.0,361714.0,638874.0,736917.0,Q1
PIURA,PAITA,70.0,0.0,20.0,10.0,50.0,10.0,30.0,10.0,396.0,396.0,25.0,40.1,4.8,30.2,15.1,55.6,19.8,9.5,488.0,440.0,1142032.0,1207441.0,317449.0,361714.0,638874.0,736917.0,Q1
PIURA,PAITA,17.2,34.9,5.5,42.5,20.3,44.7,5.8,29.1,505.0,481.0,19.2,39.6,5.2,36.0,9.1,48.7,5.2,37.0,490.0,504.0,1142032.0,1207441.0,317449.0,361714.0,638874.0,736917.0,Q2
PIURA,PAITA,28.6,45.4,5.8,20.2,21.4,54.2,3.1,21.2,471.0,476.0,31.7,30.8,5.6,31.9,25.2,46.9,7.7,20.2,477.0,464.0,1142032.0,1207441.0,317449.0,361714.0,638874.0,736917.0,Q3
PIURA,PAITA,21.3,39.3,3.1,36.3,22.2,50.0,3.3,24.6,497.0,477.0,22.5,36.4,5.5,35.5,17.3,46.0,5.2,31.6,491.0,489.0,1142032.0,1207441.0,317449.0,361714.0,638874.0,736917.0,Q2
PIURA,PAITA,33.3,27.2,11.1,28.4,27.2,40.7,11.1,21.0,466.0,456.0,28.2,36.5,10.5,24.7,22.4,57.6,4.7,15.3,467.0,465.0,1142032.0,1207441.0,317449.0,361714.0,638874.0,736917.0,Q3
PIURA,PAITA,42.9,38.8,11.2,7.1,28.6,53.1,7.1,11.2,433.0,446.0,26.3,36.4,15.1,22.3,23.2,46.7,10.5,19.6,455.0,461.0,1142032.0,1207441.0,317449.0,361714.0,638874.0,736917.0,Q4
PIURA,PIURA,21.0,35.8,2.4,40.8,17.5,46.6,4.6,31.2,509.0,489.0,21.8,33.7,4.4,40.1,16.3,45.8,4.7,33.2,501.0,493.0,1142032.0,1207441.0,317449.0,361714.0,638874.0,736917.0,Q2
PIURA,PIURA,26.3,40.3,5.7,27.8,22.3,49.4,6.7,21.6,480.0,467.0,23.6,37.9,6.3,32.2,17.9,46.3,5.8,30.0,486.0,484.0,1142032.0,1207441.0,317449.0,361714.0,638874.0,736917.0,Q2
PIURA,PIURA,30.2,36.8,6.3,26.8,20.3,47.6,7.0,25.1,475.0,480.0,23.1,37.0,10.0,29.9,16.2,48.3,6.8,28.6,478.0,485.0,1142032.0,1207441.0,317449.0,361714.0,638874.0,736917.0,Q3
PIURA,PIURA,46.5,35.0,10.8,7.8,26.1,52.0,13.1,8.8,433.0,436.0,32.3,36.0,14.5,17.2,16.6,53.2,8.9,21.3,447.0,464.0,1142032.0,1207441.0,317449.0,361714.0,638874.0,736917.0,Q3
PIURA,PIURA,24.0,39.1,7.4,29.5,18.3,45.8,6.2,29.7,481.0,487.0,20.8,34.4,8.3,36.6,16.9,41.9,6.3,34.9,490.0,494.0,1142032.0,1207441.0,317449.0,361714.0,638874.0,736917.0,Q2
PIURA,PIURA,25.3,39.7,4.6,30.4,17.7,45.0,6.4,30.9,487.0,486.0,21.0,35.6,3.6,39.9,11.9,44.1,3.2,40.8,500.0,510.0,1142032.0,1207441.0,317449.0,361714.0,638874.0,736917.0,Q2
PIURA,PIURA,28.8,42.0,7.8,21.4,26.2,44.3,13.4,16.1,465.0,445.0,27.1,35.8,10.0,27.1,23.0,43.3,11.4,22.3,472.0,463.0,1142032.0,1207441.0,317449.0,361714.0,638874.0,736917.0,Q3
PIURA,PIURA,17.5,34.4,2.8,45.4,18.2,45.1,4.4,32.3,518.0,493.0,19.9,32.6,5.2,42.3,16.5,43.5,5.1,34.9,503.0,493.0,1142032.0,1207441.0,317449.0,361714.0,638874.0,736917.0,Q2
PIURA,PIURA,33.2,36.2,11.5,19.1,26.2,42.5,13.1,18.3,452.0,448.0,30.8,33.0,11.1,25.0,23.5,43.0,10.9,22.6,461.0,461.0,1142032.0,1207441.0,317449.0,361714.0,638874.0,736917.0,Q3
PIURA,PIURA,,,,,,,,,,,22.8,35.8,5.2,36.3,21.2,47.2,5.8,25.8,491.0,477.0,1142032.0,1207441.0,317449.0,361714.0,638874.0,736917.0,Q2
PIURA,PIURA,19.8,39.3,3.9,37.0,20.5,49.1,5.8,24.6,500.0,475.0,,,,,,,,,,,1142032.0,1207441.0,317449.0,361714.0,638874.0,736917.0,
PIURA,SECHURA,14.4,40.2,0.0,45.4,10.3,37.7,1.3,50.6,517.0,523.0,24.7,25.8,5.4,44.1,17.0,46.0,5.0,31.0,495.0,484.0,1142032.0,1207441.0,317449.0,361714.0,638874.0,736917.0,Q1
PIURA,SECHURA,26.9,44.5,6.9,21.6,23.4,46.7,8.3,21.6,473.0,467.0,26.9,33.0,6.0,34.1,18.0,40.4,3.3,38.3,486.0,496.0,1142032.0,1207441.0,317449.0,361714.0,638874.0,736917.0,Q2
PIURA,SECHURA,43.2,31.4,10.9,14.6,29.5,46.3,8.6,15.7,447.0,450.0,32.5,29.6,13.8,24.1,25.5,51.6,3.8,19.1,462.0,465.0,1142032.0,1207441.0,317449.0,361714.0,638874.0,736917.0,Q3
PIURA,SECHURA,13.2,37.7,5.6,43.5,13.1,35.8,1.9,49.3,517.0,522.0,17.4,41.3,6.5,34.8,17.4,37.0,2.2,43.5,494.0,500.0,1142032.0,1207441.0,317449.0,361714.0,638874.0,736917.0,Q1
PIURA,SECHURA,22.1,43.5,3.5,30.9,17.4,49.3,3.6,29.8,490.0,489.0,26.4,38.3,5.2,30.1,15.5,48.3,3.7,32.6,481.0,493.0,1142032.0,1207441.0,317449.0,361714.0,638874.0,736917.0,Q2
PIURA,SECHURA,30.5,36.6,11.1,21.8,18.1,42.0,10.2,29.7,460.0,474.0,24.6,29.9,7.7,37.9,16.6,44.8,3.9,34.7,488.0,499.0,1142032.0,1207441.0,317449.0,361714.0,638874.0,736917.0,Q2
PIURA,SULLANA,28.7,40.7,4.0,26.5,21.7,54.2,6.3,17.8,478.0,462.0,29.3,37.2,4.9,28.6,22.2,44.8,5.5,27.6,480.0,479.0,1142032.0,1207441.0,317449.0,361714.0,638874.0,736917.0,Q3
PIURA,SULLANA,26.8,41.1,6.4,25.7,21.7,49.2,7.3,21.8,473.0,466.0,31.1,37.6,8.5,22.9,20.7,52.5,11.2,15.5,466.0,454.0,1142032.0,1207441.0,317449.0,361714.0,638874.0,736917.0,Q2
PIURA,SULLANA,32.1,34.6,12.7,20.6,27.8,35.3,17.9,19.0,455.0,445.0,27.7,36.0,14.3,22.0,21.7,45.7,10.6,22.0,454.0,461.0,1142032.0,1207441.0,317449.0,361714.0,638874.0,736917.0,Q3
PIURA,SULLANA,22.3,38.7,2.3,36.7,17.8,42.9,3.7,35.5,495.0,497.0,25.4,40.5,4.3,29.7,18.2,45.1,6.2,30.5,481.0,488.0,1142032.0,1207441.0,317449.0,361714.0,638874.0,736917.0,Q2
PIURA,SULLANA,23.3,45.5,2.3,28.9,22.6,41.0,4.5,31.9,484.0,486.0,33.8,36.6,9.0,20.7,23.4,44.8,6.2,25.5,459.0,469.0,1142032.0,1207441.0,317449.0,361714.0,638874.0,736917.0,Q2
PIURA,SULLANA,24.7,36.8,6.3,32.2,20.4,40.5,8.0,31.1,484.0,477.0,21.4,35.4,6.1,37.1,13.8,44.9,4.6,36.8,493.0,499.0,1142032.0,1207441.0,317449.0,361714.0,638874.0,736917.0,Q3
PIURA,SULLANA,15.0,50.1,2.5,32.4,9.2,63.3,4.1,23.3,504.0,487.0,24.2,42.6,5.4,27.8,23.8,39.2,2.9,34.2,522.0,508.0,1142032.0,1207441.0,317449.0,361714.0,638874.0,736917.0,Q3
PIURA,SULLANA,20.8,39.2,3.5,36.5,20.0,48.5,4.4,27.2,500.0,480.0,22.1,37.3,5.1,35.5,17.4,48.3,4.0,30.3,492.0,489.0,1142032.0,1207441.0,317449.0,361714.0,638874.0,736917.0,Q2
PIURA,TALARA,25.5,40.7,4.1,29.7,17.5,59.8,5.4,17.3,482.0,465.0,30.4,30.4,9.1,30.1,19.1,51.6,8.0,21.4,470.0,469.0,1142032.0,1207441.0,317449.0,361714.0,638874.0,736917.0,Q2
PIURA,TALARA,24.0,42.5,2.8,30.7,23.1,49.4,3.8,23.7,493.0,475.0,26.0,38.3,6.9,28.7,23.3,46.4,5.4,24.9,482.0,479.0,1142032.0,1207441.0,317449.0,361714.0,638874.0,736917.0,Q2
PIURA,TALARA,36.8,42.1,0.0,21.1,42.1,36.8,5.3,15.8,485.0,450.0,20.0,26.7,6.7,46.7,26.7,13.3,6.7,53.3,495.0,522.0,1142032.0,1207441.0,317449.0,361714.0,638874.0,736917.0,Q2
PIURA,TALARA,27.8,34.8,11.3,26.1,30.8,45.7,10.4,13.0,464.0,446.0,27.9,34.9,6.7,30.5,23.7,48.9,6.8,20.6,477.0,471.0,1142032.0,1207441.0,317449.0,361714.0,638874.0,736917.0,Q3
PIURA,TALARA,35.3,30.6,16.7,17.5,40.4,35.0,17.0,7.6,446.0,418.0,32.1,27.7,15.8,24.3,26.6,45.4,15.4,12.5,452.0,443.0,1142032.0,1207441.0,317449.0,361714.0,638874.0,736917.0,Q3
PIURA,TALARA,28.7,35.3,6.9,29.0,28.5,39.8,8.1,23.6,478.0,465.0,28.0,35.6,8.4,28.0,24.7,46.7,8.2,20.5,472.0,462.0,1142032.0,1207441.0,317449.0,361714.0,638874.0,736917.0,Q2
PUNO,AZÁNGARO,10.0,70.0,10.0,10.0,0.0,70.0,0.0,30.0,466.0,511.0,50.0,37.5,0.0,12.5,0.0,75.0,0.0,25.0,444.0,509.0,707560.0,756453.0,128293.0,148465.0,329231.0,383408.0,
PUNO,AZÁNGARO,42.0,23.7,19.4,15.0,27.2,43.7,17.9,11.2,430.0,432.0,,,,,,,,,,,707560.0,756453.0,128293.0,148465.0,329231.0,383408.0,Q2
PUNO,AZÁNGARO,37.5,30.2,19.4,12.9,23.0,40.9,19.1,17.0,433.0,441.0,38.6,28.0,14.4,19.0,22.7,43.8,10.5,23.0,442.0,464.0,707560.0,756453.0,128293.0,148465.0,329231.0,383408.0,Q1
PUNO,AZÁNGARO,29.8,31.1,12.5,26.6,20.1,42.0,10.6,27.2,465.0,469.0,21.4,29.1,10.0,39.5,17.7,38.8,5.6,37.9,494.0,502.0,707560.0,756453.0,128293.0,148465.0,329231.0,383408.0,Q1
PUNO,AZÁNGARO,44.4,27.8,22.2,5.6,38.9,50.0,5.6,5.6,414.0,431.0,62.5,12.5,25.0,0.0,75.0,12.5,12.5,0.0,392.0,383.0,707560.0,756453.0,128293.0,148465.0,329231.0,383408.0,Q1
PUNO,AZÁNGARO,39.1,38.9,14.7,7.3,34.2,53.6,7.4,4.9,437.0,432.0,34.3,39.1,10.9,15.6,28.1,43.7,3.1,25.0,450.0,477.0,707560.0,756453.0,128293.0,148465.0,329231.0,383408.0,Q1
PUNO,AZÁNGARO,52.8,33.7,7.5,6.0,30.0,56.6,7.2,6.2,440.0,441.0,29.9,42.5,7.5,20.1,14.9,60.7,4.5,19.9,466.0,474.0,707560.0,756453.0,128293.0,148465.0,329231.0,383408.0,Q1
PUNO,AZÁNGARO,,,,,,,,,,,33.6,34.4,14.5,17.6,20.6,48.9,9.9,20.6,444.0,459.0,707560.0,756453.0,128293.0,148465.0,329231.0,383408.0,Q3
PUNO,AZÁNGARO,43.5,22.2,19.7,14.6,37.7,31.3,14.4,16.5,430.0,434.0,27.5,24.7,14.5,33.2,21.9,44.9,3.6,29.6,466.0,486.0,707560.0,756453.0,128293.0,148465.0,329231.0,383408.0,Q1
PUNO,AZÁNGARO,46.1,25.2,24.1,4.7,33.3,33.3,21.0,12.3,407.0,423.0,35.0,30.1,20.3,14.6,22.0,44.7,13.8,19.5,433.0,455.0,707560.0,756453.0,128293.0,148465.0,329231.0,383408.0,Q3
PUNO,AZÁNGARO,36.4,36.6,15.2,11.7,31.5,38.4,19.3,10.8,435.0,421.0,31.9,33.1,11.0,24.1,27.7,43.9,9.3,19.2,459.0,456.0,707560.0,756453.0,128293.0,148465.0,329231.0,383408.0,Q1
PUNO,AZÁNGARO,32.6,45.1,15.3,7.0,18.9,55.6,18.6,6.9,434.0,432.0,42.6,23.4,21.3,12.8,42.6,31.9,21.3,4.2,423.0,408.0,707560.0,756453.0,128293.0,148465.0,329231.0,383408.0,Q3
PUNO,AZÁNGARO,39.2,39.0,17.5,4.3,48.0,39.1,4.3,8.6,420.0,435.0,46.2,30.8,15.4,7.7,30.8,46.2,0.0,23.1,431.0,480.0,707560.0,756453.0,128293.0,148465.0,329231.0,383408.0,Q1
PUNO,AZÁNGARO,15.0,30.0,20.0,35.0,40.0,30.0,15.0,15.0,472.0,430.0,33.3,50.0,8.3,8.3,16.7,70.8,12.5,0.0,442.0,437.0,707560.0,756453.0,128293.0,148465.0,329231.0,383408.0,Q4
PUNO,AZÁNGARO,36.2,17.0,40.4,6.4,27.7,21.3,42.6,8.5,395.0,391.0,35.4,18.7,25.0,20.9,27.1,37.5,22.9,12.5,427.0,426.0,707560.0,756453.0,128293.0,148465.0,329231.0,383408.0,Q1
PUNO,CARABAYA,34.5,35.3,7.1,23.0,22.6,46.8,0.0,30.6,473.0,488.0,21.4,30.2,3.1,45.3,5.9,48.5,0.0,45.7,508.0,529.0,707560.0,756453.0,128293.0,148465.0,329231.0,383408.0,Q2
PUNO,CARABAYA,47.6,30.4,11.4,10.5,32.4,52.2,2.9,12.5,438.0,454.0,15.8,39.5,5.3,39.5,9.2,39.5,1.3,50.0,496.0,529.0,707560.0,756453.0,128293.0,148465.0,329231.0,383408.0,Q1
PUNO,CARABAYA,52.6,22.1,9.5,15.8,43.2,35.8,7.4,13.7,445.0,441.0,22.3,48.9,5.3,23.4,16.0,54.2,0.0,29.8,477.0,494.0,707560.0,756453.0,128293.0,148465.0,329231.0,383408.0,Q2
PUNO,CARABAYA,38.9,37.0,7.4,16.7,13.0,59.3,0.0,27.8,463.0,501.0,43.5,37.7,10.6,8.2,23.5,51.8,8.2,16.5,438.0,453.0,707560.0,756453.0,128293.0,148465.0,329231.0,383408.0,
PUNO,CARABAYA,47.8,27.4,12.7,12.1,38.4,38.6,11.5,11.5,434.0,434.0,27.4,28.0,18.3,26.3,18.9,42.3,14.3,24.6,451.0,461.0,707560.0,756453.0,128293.0,148465.0,329231.0,383408.0,Q3
PUNO,CARABAYA,33.4,31.7,12.7,22.1,14.1,49.7,15.6,20.6,455.0,466.0,35.9,37.0,4.3,22.8,16.3,55.4,4.4,23.9,466.0,478.0,707560.0,756453.0,128293.0,148465.0,329231.0,383408.0,Q2
PUNO,CARABAYA,29.5,35.6,7.3,27.6,17.1,45.5,6.8,30.6,474.0,489.0,30.7,32.5,9.4,27.4,19.3,43.6,6.4,30.6,468.0,487.0,707560.0,756453.0,128293.0,148465.0,329231.0,383408.0,Q2
PUNO,CARABAYA,37.2,33.8,22.1,7.0,25.5,48.9,12.8,12.8,423.0,440.0,37.2,30.9,20.8,11.2,25.8,45.9,6.1,22.1,429.0,467.0,707560.0,756453.0,128293.0,148465.0,329231.0,383408.0,Q1
PUNO,CARABAYA,22.2,44.4,7.4,26.0,11.1,38.2,7.4,43.3,475.0,496.0,32.8,27.0,11.0,29.2,26.8,38.0,5.6,29.6,463.0,476.0,707560.0,756453.0,128293.0,148465.0,329231.0,383408.0,Q2
PUNO,CARABAYA,48.2,31.3,8.4,12.0,38.6,47.0,3.6,10.8,443.0,445.0,25.0,32.0,11.1,32.0,16.7,44.5,8.3,30.6,475.0,478.0,707560.0,756453.0,128293.0,148465.0,329231.0,383408.0,Q2
PUNO,CHUCUITO,38.1,30.0,13.8,18.1,24.9,39.7,15.0,20.4,444.0,450.0,30.4,33.0,7.8,28.8,16.2,39.2,6.2,38.5,475.0,498.0,707560.0,756453.0,128293.0,148465.0,329231.0,383408.0,Q1
PUNO,CHUCUITO,,,,,,,,,,,28.6,42.9,14.3,14.3,42.9,42.9,0.0,14.3,436.0,466.0,707560.0,756453.0,128293.0,148465.0,329231.0,383408.0,Q3
PUNO,CHUCUITO,31.4,34.4,11.7,22.5,19.9,45.2,9.8,25.1,461.0,469.0,24.2,40.6,5.6,29.6,13.0,44.3,3.2,39.5,482.0,509.0,707560.0,756453.0,128293.0,148465.0,329231.0,383408.0,Q1
PUNO,CHUCUITO,57.1,14.3,28.6,0.0,28.6,28.6,42.9,0.0,393.0,375.0,25.0,27.8,38.9,8.3,30.5,33.4,27.8,8.3,401.0,416.0,707560.0,756453.0,128293.0,148465.0,329231.0,383408.0,Q3
PUNO,CHUCUITO,16.7,16.7,50.0,16.7,16.7,50.0,33.3,0.0,415.0,420.0,27.3,27.3,30.3,15.2,21.2,51.5,15.1,12.1,427.0,444.0,707560.0,756453.0,128293.0,148465.0,329231.0,383408.0,Q2
PUNO,CHUCUITO,40.6,21.9,28.8,8.7,29.4,35.3,28.1,7.2,405.0,409.0,42.0,23.2,21.9,12.9,33.3,39.4,11.3,16.1,424.0,444.0,707560.0,756453.0,128293.0,148465.0,329231.0,383408.0,Q2
PUNO,CHUCUITO,42.2,35.6,11.1,11.1,18.7,46.9,10.8,23.6,440.0,466.0,40.1,27.5,22.1,10.3,30.2,42.2,11.0,16.6,422.0,448.0,707560.0,756453.0,128293.0,148465.0,329231.0,383408.0,Q3
PUNO,EL COLLAO,68.8,25.0,6.3,0.0,37.5,56.3,0.0,6.3,420.0,451.0,0.0,0.0,0.0,100.0,0.0,0.0,0.0,100.0,625.0,640.0,707560.0,756453.0,128293.0,148465.0,329231.0,383408.0,Q4
PUNO,EL COLLAO,33.8,34.0,8.9,23.4,19.5,44.9,5.6,30.1,463.0,482.0,30.1,32.7,13.7,23.5,19.6,40.1,8.9,31.4,457.0,480.0,707560.0,756453.0,128293.0,148465.0,329231.0,383408.0,Q1
PUNO,EL COLLAO,36.2,35.9,13.9,14.0,38.5,42.5,2.7,16.3,446.0,456.0,32.4,24.0,19.6,24.0,26.8,34.0,11.2,28.0,445.0,466.0,707560.0,756453.0,128293.0,148465.0,329231.0,383408.0,Q1
PUNO,EL COLLAO,45.8,31.3,10.3,12.5,16.6,54.3,16.5,12.5,437.0,441.0,25.0,37.5,6.2,31.3,15.6,40.6,3.1,40.6,479.0,523.0,707560.0,756453.0,128293.0,148465.0,329231.0,383408.0,Q3
PUNO,HUANCANÉ,,,,,,,,,,,15.4,35.9,7.7,41.0,10.3,20.5,0.0,69.2,502.0,572.0,707560.0,756453.0,128293.0,148465.0,329231.0,383408.0,Q2
PUNO,HUANCANÉ,29.8,31.9,13.6,24.7,23.4,35.9,8.0,32.8,461.0,478.0,23.7,32.5,5.2,38.7,13.4,40.2,2.1,44.3,493.0,515.0,707560.0,756453.0,128293.0,148465.0,329231.0,383408.0,Q1
PUNO,HUANCANÉ,20.0,50.0,5.0,25.0,15.0,40.0,5.0,40.0,482.0,501.0,7.4,44.4,0.0,48.2,0.0,37.0,0.0,63.0,527.0,556.0,707560.0,756453.0,128293.0,148465.0,329231.0,383408.0,Q1
PUNO,HUANCANÉ,35.0,20.0,15.0,30.0,40.0,20.0,10.0,30.0,452.0,465.0,34.8,39.1,13.0,13.0,17.4,47.8,13.0,21.8,443.0,457.0,707560.0,756453.0,128293.0,148465.0,329231.0,383408.0,Q3
PUNO,HUANCANÉ,41.1,22.6,26.8,9.4,35.1,26.6,32.6,5.7,404.0,393.0,53.8,15.8,19.0,11.3,27.0,53.8,15.2,3.9,416.0,429.0,707560.0,756453.0,128293.0,148465.0,329231.0,383408.0,Q2
PUNO,HUANCANÉ,36.6,26.3,34.2,2.9,29.5,43.5,21.5,5.5,397.0,410.0,43.5,34.8,17.4,4.3,21.7,52.2,8.7,17.4,420.0,454.0,707560.0,756453.0,128293.0,148465.0,329231.0,383408.0,Q4
PUNO,HUANCANÉ,37.5,32.5,12.2,17.9,23.6,51.0,9.3,16.2,447.0,452.0,34.0,33.3,10.3,22.4,26.9,39.1,4.5,29.5,456.0,477.0,707560.0,756453.0,128293.0,148465.0,329231.0,383408.0,Q2
PUNO,HUANCANÉ,47.2,19.5,22.1,11.2,41.5,30.6,11.0,16.8,419.0,440.0,53.3,13.4,30.0,3.3,40.0,36.7,13.3,10.0,399.0,424.0,707560.0,756453.0,128293.0,148465.0,329231.0,383408.0,Q3
PUNO,LAMPA,42.9,28.5,14.2,14.3,24.9,39.3,21.4,14.4,434.0,431.0,13.3,40.0,0.0,46.7,16.7,36.7,0.0,46.7,519.0,522.0,707560.0,756453.0,128293.0,148465.0,329231.0,383408.0,Q2
PUNO,LAMPA,30.0,0.0,40.0,30.0,40.0,30.0,30.0,0.0,413.0,380.0,62.5,12.5,25.0,0.0,50.0,25.0,25.0,0.0,379.0,397.0,707560.0,756453.0,128293.0,148465.0,329231.0,383408.0,Q3
PUNO,LAMPA,38.0,39.9,8.0,14.0,30.0,47.8,6.0,16.2,456.0,454.0,24.6,30.6,16.4,28.4,13.4,44.0,11.2,31.4,461.0,479.0,707560.0,756453.0,128293.0,148465.0,329231.0,383408.0,Q1
PUNO,LAMPA,23.0,46.2,7.7,23.1,23.0,53.8,3.8,19.3,478.0,466.0,20.6,29.4,20.6,29.4,5.9,47.0,17.7,29.4,460.0,468.0,707560.0,756453.0,128293.0,148465.0,329231.0,383408.0,
PUNO,LAMPA,35.5,19.4,32.3,12.9,35.5,22.6,32.3,9.7,414.0,405.0,19.4,22.6,0.0,58.1,3.2,38.7,0.0,58.1,549.0,567.0,707560.0,756453.0,128293.0,148465.0,329231.0,383408.0,
PUNO,LAMPA,54.5,27.3,9.1,9.1,36.4,36.4,9.1,18.2,431.0,441.0,8.3,20.8,45.8,25.0,16.7,45.8,20.8,16.7,424.0,444.0,707560.0,756453.0,128293.0,148465.0,329231.0,383408.0,
PUNO,LAMPA,23.0,34.1,10.8,32.1,14.1,44.7,10.8,30.5,480.0,483.0,25.6,35.9,7.7,30.8,23.1,51.3,7.7,18.0,481.0,469.0,707560.0,756453.0,128293.0,148465.0,329231.0,383408.0,Q1
PUNO,LAMPA,41.4,31.9,11.2,15.5,30.2,38.8,15.5,15.5,446.0,442.0,14.8,34.0,5.2,46.0,8.9,33.3,3.7,54.1,509.0,537.0,707560.0,756453.0,128293.0,148465.0,329231.0,383408.0,Q1
PUNO,LAMPA,30.9,20.0,49.1,0.0,40.0,30.9,29.1,0.0,382.0,400.0,,,,,,,,,,,707560.0,756453.0,128293.0,148465.0,329231.0,383408.0,Q1
PUNO,MELGAR,42.0,25.7,10.8,21.4,24.4,42.0,13.6,20.0,449.0,454.0,41.9,33.9,8.1,16.1,17.7,59.7,8.1,14.5,445.0,459.0,707560.0,756453.0,128293.0,148465.0,329231.0,383408.0,Q3
PUNO,MELGAR,23.8,34.9,9.0,32.3,18.3,38.8,7.9,35.0,480.0,488.0,21.3,33.4,5.4,39.9,12.2,43.1,3.4,41.3,499.0,512.0,707560.0,756453.0,128293.0,148465.0,329231.0,383408.0,Q1
PUNO,MELGAR,42.9,28.6,23.8,4.8,38.1,14.3,42.9,4.8,405.0,382.0,43.7,19.1,25.8,11.5,23.5,54.6,14.3,7.6,414.0,439.0,707560.0,756453.0,128293.0,148465.0,329231.0,383408.0,Q1
PUNO,MELGAR,40.7,46.1,5.6,7.5,20.5,55.6,0.0,23.9,445.0,479.0,40.4,23.4,17.0,19.1,25.5,42.6,19.1,12.8,441.0,434.0,707560.0,756453.0,128293.0,148465.0,329231.0,383408.0,Q3
PUNO,MELGAR,37.7,23.4,22.3,16.6,33.6,34.5,19.7,12.1,429.0,423.0,31.9,32.5,14.1,21.5,24.9,46.5,9.8,18.7,454.0,458.0,707560.0,756453.0,128293.0,148465.0,329231.0,383408.0,Q2
PUNO,MELGAR,39.1,25.6,18.5,16.8,28.5,35.7,18.9,17.0,433.0,441.0,34.7,35.7,8.2,21.4,18.4,53.1,3.1,25.5,464.0,484.0,707560.0,756453.0,128293.0,148465.0,329231.0,383408.0,Q1
PUNO,MELGAR,36.4,23.7,35.9,4.0,33.6,36.1,22.2,8.1,396.0,410.0,45.8,25.5,11.5,17.2,22.1,49.0,9.4,19.5,438.0,466.0,707560.0,756453.0,128293.0,148465.0,329231.0,383408.0,Q3
PUNO,MELGAR,44.3,23.5,21.6,10.6,46.1,31.3,12.2,10.4,420.0,423.0,18.6,35.7,15.7,30.0,14.9,46.0,7.3,31.8,474.0,514.0,707560.0,756453.0,128293.0,148465.0,329231.0,383408.0,Q1
PUNO,MELGAR,38.2,30.4,20.0,11.3,49.8,21.2,17.7,11.3,428.0,417.0,31.0,26.2,26.2,16.7,26.2,38.1,26.2,9.5,436.0,419.0,707560.0,756453.0,128293.0,148465.0,329231.0,383408.0,Q3
PUNO,MOHO,40.0,25.0,5.0,30.0,20.0,45.0,5.0,30.0,469.0,490.0,26.6,46.7,0.0,26.7,13.3,46.7,0.0,40.0,493.0,515.0,707560.0,756453.0,128293.0,148465.0,329231.0,383408.0,Q3
PUNO,MOHO,39.1,17.4,43.5,0.0,52.9,15.2,31.9,0.0,377.0,380.0,50.0,33.3,0.0,16.7,0.0,83.3,0.0,16.7,450.0,483.0,707560.0,756453.0,128293.0,148465.0,329231.0,383408.0,Q2
PUNO,MOHO,29.8,41.6,17.9,10.7,18.8,37.3,15.5,28.3,439.0,465.0,22.6,29.5,11.3,36.6,11.3,42.4,4.8,41.5,489.0,503.0,707560.0,756453.0,128293.0,148465.0,329231.0,383408.0,Q2
PUNO,MOHO,42.9,28.6,28.6,0.0,14.3,42.9,42.9,0.0,396.0,405.0,10.0,30.0,60.0,0.0,50.0,20.0,30.0,0.0,355.0,374.0,707560.0,756453.0,128293.0,148465.0,329231.0,383408.0,
PUNO,PUNO,40.8,27.5,24.2,7.5,33.3,37.5,16.7,12.5,416.0,428.0,33.5,32.4,17.6,16.5,23.0,50.4,9.2,17.4,446.0,458.0,707560.0,756453.0,128293.0,148465.0,329231.0,383408.0,Q1
PUNO,PUNO,50.7,18.9,26.4,4.1,46.1,27.0,22.8,4.1,390.0,392.0,46.1,17.9,25.7,10.3,46.1,28.2,18.0,7.7,406.0,419.0,707560.0,756453.0,128293.0,148465.0,329231.0,383408.0,
PUNO,PUNO,48.9,22.1,24.7,4.2,36.6,39.8,14.0,9.6,406.0,432.0,42.7,30.9,13.2,13.2,17.6,61.8,7.3,13.2,437.0,456.0,707560.0,756453.0,128293.0,148465.0,329231.0,383408.0,Q3
PUNO,PUNO,35.6,31.4,23.2,9.8,24.2,43.9,18.5,13.4,425.0,434.0,40.2,26.6,17.1,16.1,35.3,40.1,8.7,16.0,434.0,446.0,707560.0,756453.0,128293.0,148465.0,329231.0,383408.0,Q3
PUNO,PUNO,34.2,31.6,29.3,4.9,34.2,38.9,12.3,14.7,412.0,438.0,34.2,34.2,15.8,15.8,21.0,44.7,13.2,21.1,434.0,457.0,707560.0,756453.0,128293.0,148465.0,329231.0,383408.0,Q1
PUNO,PUNO,44.8,38.6,8.9,7.7,19.3,49.8,10.3,20.6,439.0,471.0,48.5,19.8,13.9,17.8,26.7,51.5,5.9,15.9,432.0,461.0,707560.0,756453.0,128293.0,148465.0,329231.0,383408.0,Q3
PUNO,PUNO,43.0,39.2,4.1,13.7,21.6,64.7,0.0,13.7,452.0,473.0,46.0,30.0,6.0,18.0,24.0,48.0,2.0,26.0,445.0,476.0,707560.0,756453.0,128293.0,148465.0,329231.0,383408.0,Q2
PUNO,PUNO,30.2,36.1,15.7,18.0,19.7,41.0,14.8,24.6,451.0,460.0,17.1,43.9,12.2,26.8,19.5,53.7,0.0,26.8,468.0,493.0,707560.0,756453.0,128293.0,148465.0,329231.0,383408.0,Q1
PUNO,PUNO,40.2,23.9,14.9,20.9,29.8,38.8,9.0,22.4,441.0,453.0,36.7,33.3,13.3,16.7,26.6,36.7,16.7,20.0,449.0,445.0,707560.0,756453.0,128293.0,148465.0,329231.0,383408.0,Q1
PUNO,PUNO,51.9,20.5,22.1,5.6,40.7,31.5,20.3,7.5,415.0,416.0,40.0,30.0,14.0,16.0,28.0,52.0,8.0,12.0,443.0,450.0,707560.0,756453.0,128293.0,148465.0,329231.0,383408.0,Q2
PUNO,PUNO,26.6,49.5,17.5,6.3,20.6,52.9,23.5,2.9,430.0,416.0,44.3,20.1,20.1,15.5,35.3,46.5,6.8,11.4,432.0,436.0,707560.0,756453.0,128293.0,148465.0,329231.0,383408.0,Q2
PUNO,PUNO,19.3,32.8,3.5,44.4,13.1,41.0,3.1,42.8,512.0,515.0,15.8,28.6,4.2,51.5,10.9,37.0,2.9,49.1,522.0,525.0,707560.0,756453.0,128293.0,148465.0,329231.0,383408.0,Q1
PUNO,PUNO,,,,,,,,,,,0.0,0.0,0.0,100.0,0.0,37.5,0.0,62.5,574.0,578.0,707560.0,756453.0,128293.0,148465.0,329231.0,383408.0,
PUNO,PUNO,28.6,35.7,28.6,7.1,57.1,21.4,14.3,7.1,424.0,409.0,50.0,12.5,37.5,0.0,25.0,12.5,62.5,0.0,370.0,365.0,707560.0,756453.0,128293.0,148465.0,329231.0,383408.0,Q1
PUNO,PUNO,10.5,36.8,0.0,52.6,10.5,42.1,0.0,47.4,519.0,521.0,34.8,30.4,17.4,17.4,34.8,43.5,13.0,8.7,436.0,424.0,707560.0,756453.0,128293.0,148465.0,329231.0,383408.0,Q2
PUNO,SAN ANTONIO DE PUTINA,37.0,36.4,7.9,18.7,25.1,45.8,8.4,20.7,456.0,464.0,30.4,31.9,14.4,23.3,24.1,45.6,11.6,18.7,453.0,460.0,707560.0,756453.0,128293.0,148465.0,329231.0,383408.0,Q2
PUNO,SAN ANTONIO DE PUTINA,0.0,21.4,0.0,78.6,0.0,42.9,0.0,57.1,566.0,529.0,28.6,0.0,71.4,0.0,42.9,14.3,42.9,0.0,338.0,367.0,707560.0,756453.0,128293.0,148465.0,329231.0,383408.0,
PUNO,SAN ANTONIO DE PUTINA,33.7,38.8,12.3,15.2,24.2,49.7,10.0,16.1,448.0,455.0,29.9,37.1,10.1,23.0,17.7,45.9,5.0,31.4,463.0,490.0,707560.0,756453.0,128293.0,148465.0,329231.0,383408.0,Q2
PUNO,SAN ANTONIO DE PUTINA,50.8,28.3,13.9,7.0,20.6,47.4,15.6,16.5,419.0,441.0,44.6,30.8,13.8,10.8,23.1,55.4,4.6,16.9,430.0,468.0,707560.0,756453.0,128293.0,148465.0,329231.0,383408.0,Q3
PUNO,SAN ANTONIO DE PUTINA,66.7,19.0,9.5,4.8,42.9,42.9,9.5,4.8,412.0,431.0,26.3,42.1,0.0,31.6,5.3,57.9,0.0,36.8,501.0,526.0,707560.0,756453.0,128293.0,148465.0,329231.0,383408.0,Q1
PUNO,SAN ROMÁN,5.6,22.2,0.0,72.2,11.1,61.1,0.0,27.8,545.0,502.0,23.8,28.6,0.0,47.6,9.5,66.7,0.0,23.8,508.0,500.0,707560.0,756453.0,128293.0,148465.0,329231.0,383408.0,Q1
PUNO,SAN ROMÁN,26.8,34.1,11.0,28.0,29.3,34.1,9.8,26.8,470.0,468.0,22.1,34.7,9.5,33.8,21.0,30.5,8.5,40.1,481.0,491.0,707560.0,756453.0,128293.0,148465.0,329231.0,383408.0,Q1
PUNO,SAN ROMÁN,31.8,31.8,11.4,25.0,34.1,36.4,11.4,18.2,465.0,440.0,30.0,36.0,22.0,12.0,38.0,42.0,6.0,14.0,434.0,447.0,707560.0,756453.0,128293.0,148465.0,329231.0,383408.0,Q1
PUNO,SAN ROMÁN,25.7,36.9,6.4,30.9,18.6,44.3,4.9,32.2,489.0,492.0,19.3,31.7,4.9,44.1,12.7,41.6,4.0,41.7,506.0,510.0,707560.0,756453.0,128293.0,148465.0,329231.0,383408.0,Q1
PUNO,SAN ROMÁN,,,,,,,,,,,25.7,32.3,7.3,34.7,15.4,45.5,5.9,33.2,480.0,491.0,707560.0,756453.0,128293.0,148465.0,329231.0,383408.0,Q1
PUNO,SANDIA,28.2,31.3,9.0,31.5,10.3,31.2,12.8,45.8,468.0,490.0,33.2,34.3,12.2,20.4,15.0,39.3,12.4,33.3,457.0,476.0,707560.0,756453.0,128293.0,148465.0,329231.0,383408.0,Q2
PUNO,SANDIA,29.3,50.7,8.0,12.0,10.8,48.7,5.3,35.2,458.0,497.0,38.1,46.1,6.8,9.0,15.5,52.8,6.9,24.9,446.0,466.0,707560.0,756453.0,128293.0,148465.0,329231.0,383408.0,Q3
PUNO,SANDIA,26.5,14.7,17.7,41.1,20.6,44.1,8.9,26.4,477.0,467.0,13.5,35.1,5.4,45.9,18.9,40.6,2.7,37.8,506.0,497.0,707560.0,756453.0,128293.0,148465.0,329231.0,383408.0,Q2
PUNO,SANDIA,16.0,55.1,4.3,24.7,17.4,47.8,10.1,24.7,483.0,469.0,23.9,29.8,17.9,28.4,28.4,34.3,13.4,23.9,455.0,472.0,707560.0,756453.0,128293.0,148465.0,329231.0,383408.0,Q1
PUNO,SANDIA,31.1,28.7,1.1,39.0,17.3,43.7,2.3,36.7,495.0,501.0,19.0,46.8,6.3,27.8,20.3,57.0,5.1,17.7,484.0,472.0,707560.0,756453.0,128293.0,148465.0,329231.0,383408.0,Q1
PUNO,SANDIA,59.3,7.7,29.1,3.8,53.3,19.2,23.6,3.8,393.0,396.0,38.7,19.4,25.8,16.1,25.8,45.2,9.7,19.4,422.0,453.0,707560.0,756453.0,128293.0,148465.0,329231.0,383408.0,Q1
PUNO,SANDIA,,,,,,,,,,,41.9,32.3,9.7,16.1,38.7,32.3,12.9,16.1,447.0,445.0,707560.0,756453.0,128293.0,148465.0,329231.0,383408.0,Q3
PUNO,SANDIA,47.1,23.7,25.0,4.2,43.1,41.6,11.1,4.2,405.0,424.0,38.1,35.8,15.1,11.0,19.8,44.5,11.5,24.1,435.0,463.0,707560.0,756453.0,128293.0,148465.0,329231.0,383408.0,Q1
PUNO,SANDIA,44.5,31.7,11.8,12.1,25.4,49.8,10.8,14.0,437.0,446.0,38.1,23.2,15.5,23.2,20.0,42.1,12.4,25.5,448.0,469.0,707560.0,756453.0,128293.0,148465.0,329231.0,383408.0,Q2
PUNO,SANDIA,,,,,,,,,,,43.5,17.4,21.7,17.4,21.7,56.5,8.7,13.0,433.0,451.0,707560.0,756453.0,128293.0,148465.0,329231.0,383408.0,Q2
PUNO,YUNGUYO,,,,,,,,,,,42.9,28.6,0.0,28.6,28.6,42.9,0.0,28.6,464.0,493.0,707560.0,756453.0,128293.0,148465.0,329231.0,383408.0,Q4
PUNO,YUNGUYO,41.6,25.1,13.8,19.6,26.3,38.9,19.3,15.4,438.0,441.0,29.2,40.6,8.2,22.0,13.5,47.1,3.4,36.0,467.0,498.0,707560.0,756453.0,128293.0,148465.0,329231.0,383408.0,Q3
PUNO,YUNGUYO,60.0,40.0,0.0,0.0,80.0,20.0,0.0,0.0,448.0,402.0,15.4,26.2,16.9,41.5,26.2,32.3,16.9,24.6,480.0,442.0,707560.0,756453.0,128293.0,148465.0,329231.0,383408.0,
PUNO,YUNGUYO,52.7,18.2,20.0,9.1,30.9,50.9,9.1,9.1,408.0,441.0,,,,,,,,,,,707560.0,756453.0,128293.0,148465.0,329231.0,383408.0,
PUNO,YUNGUYO,,,,,,,,,,,40.0,40.0,0.0,20.0,20.0,60.0,0.0,20.0,449.0,479.0,707560.0,756453.0,128293.0,148465.0,329231.0,383408.0,
PUNO,YUNGUYO,33.8,29.9,12.0,24.3,21.3,39.1,10.9,28.7,461.0,476.0,25.3,37.1,5.4,32.2,13.9,44.6,3.3,38.2,483.0,501.0,707560.0,756453.0,128293.0,148465.0,329231.0,383408.0,Q1
SAN MARTIN,BELLAVISTA,41.6,20.0,28.8,9.6,37.2,22.7,33.1,7.0,406.0,392.0,31.5,18.6,39.8,10.1,28.1,26.2,36.7,9.0,392.0,395.0,502375.0,554199.0,44911.0,38345.0,188289.0,214069.0,Q4
SAN MARTIN,BELLAVISTA,39.1,23.7,27.9,9.4,29.8,25.5,36.1,8.6,412.0,395.0,36.5,19.6,32.1,11.8,26.1,29.9,35.7,8.3,399.0,394.0,502375.0,554199.0,44911.0,38345.0,188289.0,214069.0,Q4
SAN MARTIN,BELLAVISTA,32.6,37.9,6.6,22.9,25.0,53.9,8.5,12.6,468.0,455.0,27.2,37.6,13.2,21.9,31.9,41.0,13.5,13.6,456.0,436.0,502375.0,554199.0,44911.0,38345.0,188289.0,214069.0,Q4
SAN MARTIN,BELLAVISTA,47.0,37.3,8.6,7.2,44.6,30.0,22.9,2.4,432.0,397.0,40.4,32.2,18.2,9.2,27.7,45.0,12.5,14.9,431.0,446.0,502375.0,554199.0,44911.0,38345.0,188289.0,214069.0,Q4
SAN MARTIN,BELLAVISTA,42.0,35.2,16.8,5.9,29.7,38.0,26.8,5.5,423.0,407.0,21.1,30.2,9.8,39.0,20.3,43.7,10.8,25.1,489.0,472.0,502375.0,554199.0,44911.0,38345.0,188289.0,214069.0,Q4
SAN MARTIN,BELLAVISTA,29.0,44.1,7.7,19.3,24.6,42.8,14.7,17.9,467.0,449.0,39.5,35.3,11.0,14.2,33.7,42.7,11.8,11.8,446.0,432.0,502375.0,554199.0,44911.0,38345.0,188289.0,214069.0,Q4
SAN MARTIN,EL DORADO,43.2,18.2,23.9,14.8,22.7,38.6,20.5,18.2,421.0,439.0,32.6,28.3,13.0,26.1,19.6,47.8,13.0,19.6,456.0,451.0,502375.0,554199.0,44911.0,38345.0,188289.0,214069.0,Q4
SAN MARTIN,EL DORADO,45.9,18.0,30.5,5.6,34.8,17.6,43.0,4.5,395.0,374.0,35.8,26.8,26.0,11.3,30.1,32.4,33.2,4.3,415.0,394.0,502375.0,554199.0,44911.0,38345.0,188289.0,214069.0,Q4
SAN MARTIN,EL DORADO,30.6,13.8,51.8,3.8,31.3,12.8,52.5,3.4,371.0,357.0,36.2,16.6,40.6,6.5,31.4,25.5,40.6,2.5,388.0,375.0,502375.0,554199.0,44911.0,38345.0,188289.0,214069.0,Q4
SAN MARTIN,EL DORADO,40.8,18.5,31.4,9.3,31.2,16.1,42.2,10.5,407.0,382.0,43.1,16.3,32.4,8.3,39.0,18.5,34.9,7.6,396.0,389.0,502375.0,554199.0,44911.0,38345.0,188289.0,214069.0,Q4
SAN MARTIN,EL DORADO,44.6,21.7,25.0,8.7,35.3,27.2,37.5,0.0,413.0,379.0,33.3,24.1,35.2,7.4,42.6,20.4,33.3,3.7,393.0,384.0,502375.0,554199.0,44911.0,38345.0,188289.0,214069.0,Q4
SAN MARTIN,HUALLAGA,46.5,31.2,20.1,2.2,43.2,34.4,16.8,5.6,413.0,409.0,42.5,23.4,27.7,6.4,42.6,27.7,25.5,4.3,404.0,396.0,502375.0,554199.0,44911.0,38345.0,188289.0,214069.0,Q4
SAN MARTIN,HUALLAGA,29.8,37.0,14.5,18.6,32.9,37.0,28.1,2.0,449.0,397.0,45.7,37.1,12.8,4.4,26.1,50.0,15.1,8.9,426.0,431.0,502375.0,554199.0,44911.0,38345.0,188289.0,214069.0,Q3
SAN MARTIN,HUALLAGA,33.5,29.7,20.7,16.2,36.6,36.4,21.4,5.6,432.0,411.0,41.7,29.7,11.2,17.4,29.6,50.3,8.9,11.2,449.0,444.0,502375.0,554199.0,44911.0,38345.0,188289.0,214069.0,Q4
SAN MARTIN,HUALLAGA,32.8,37.9,19.0,10.3,41.4,24.1,27.6,6.9,433.0,406.0,37.4,16.7,23.3,22.6,31.8,20.4,28.9,18.9,431.0,408.0,502375.0,554199.0,44911.0,38345.0,188289.0,214069.0,Q4
SAN MARTIN,HUALLAGA,28.5,31.1,9.4,30.9,25.1,35.9,10.9,28.0,472.0,468.0,37.1,27.9,11.6,23.4,30.2,41.5,11.8,16.5,453.0,447.0,502375.0,554199.0,44911.0,38345.0,188289.0,214069.0,Q3
SAN MARTIN,HUALLAGA,,,,,,,,,,,33.3,25.0,16.7,25.0,16.7,58.3,25.0,0.0,447.0,413.0,502375.0,554199.0,44911.0,38345.0,188289.0,214069.0,Q4
SAN MARTIN,LAMAS,37.4,31.8,12.3,18.6,29.9,43.0,15.3,11.8,452.0,436.0,37.2,28.0,13.4,21.4,23.9,47.8,7.2,21.1,450.0,462.0,502375.0,554199.0,44911.0,38345.0,188289.0,214069.0,Q4
SAN MARTIN,LAMAS,53.4,29.2,11.5,6.0,37.6,37.3,19.0,6.0,426.0,413.0,24.5,32.0,20.5,23.0,22.9,49.5,15.3,12.3,446.0,440.0,502375.0,554199.0,44911.0,38345.0,188289.0,214069.0,Q4
SAN MARTIN,LAMAS,34.8,28.4,22.4,14.3,27.6,29.2,28.0,15.2,427.0,417.0,31.7,34.3,19.4,14.6,29.8,29.7,25.3,15.2,434.0,423.0,502375.0,554199.0,44911.0,38345.0,188289.0,214069.0,Q4
SAN MARTIN,LAMAS,39.5,23.3,34.9,2.3,32.6,11.6,55.8,0.0,386.0,354.0,39.4,30.0,24.2,6.4,34.5,19.3,39.8,6.4,415.0,392.0,502375.0,554199.0,44911.0,38345.0,188289.0,214069.0,Q4
SAN MARTIN,LAMAS,36.6,28.4,14.0,21.1,28.7,35.1,19.4,16.7,447.0,437.0,30.6,33.1,9.2,27.1,25.5,45.1,12.8,16.6,465.0,447.0,502375.0,554199.0,44911.0,38345.0,188289.0,214069.0,Q4
SAN MARTIN,LAMAS,36.9,26.9,24.7,11.5,34.3,32.4,21.5,11.9,425.0,423.0,34.7,25.8,19.0,20.5,19.6,40.3,19.0,21.2,440.0,450.0,502375.0,554199.0,44911.0,38345.0,188289.0,214069.0,Q4
SAN MARTIN,LAMAS,45.7,21.8,23.6,8.9,49.0,12.8,34.7,3.5,411.0,372.0,55.7,22.9,14.8,6.6,47.3,31.2,16.5,5.1,421.0,407.0,502375.0,554199.0,44911.0,38345.0,188289.0,214069.0,Q4
SAN MARTIN,LAMAS,41.4,6.9,51.7,0.0,37.9,10.3,51.7,0.0,358.0,335.0,35.7,16.8,33.0,14.5,17.0,31.8,40.3,10.9,415.0,406.0,502375.0,554199.0,44911.0,38345.0,188289.0,214069.0,Q4
SAN MARTIN,LAMAS,26.7,23.3,40.0,10.0,30.0,33.3,33.3,3.3,404.0,397.0,37.5,25.0,30.0,7.5,52.5,17.5,30.0,0.0,409.0,380.0,502375.0,554199.0,44911.0,38345.0,188289.0,214069.0,Q3
SAN MARTIN,LAMAS,34.9,30.2,14.4,20.6,29.1,28.7,23.5,18.7,448.0,430.0,33.9,25.2,28.2,12.7,32.9,33.1,26.6,7.4,414.0,408.0,502375.0,554199.0,44911.0,38345.0,188289.0,214069.0,Q4
SAN MARTIN,LAMAS,46.2,23.2,23.8,6.8,41.0,24.2,26.5,8.3,408.0,404.0,45.0,17.6,19.2,18.2,29.1,28.4,29.2,13.3,436.0,415.0,502375.0,554199.0,44911.0,38345.0,188289.0,214069.0,Q4
SAN MARTIN,MARISCAL CÁCERES,45.5,23.0,22.2,9.4,37.0,24.8,30.7,7.5,416.0,399.0,36.9,22.6,17.4,23.0,30.7,34.4,20.5,14.5,444.0,432.0,502375.0,554199.0,44911.0,38345.0,188289.0,214069.0,Q4
SAN MARTIN,MARISCAL CÁCERES,42.7,27.7,16.2,13.4,33.1,25.1,26.9,14.9,432.0,417.0,40.1,36.1,14.3,9.5,35.9,39.0,18.9,6.3,433.0,420.0,502375.0,554199.0,44911.0,38345.0,188289.0,214069.0,Q4
SAN MARTIN,MARISCAL CÁCERES,27.1,37.4,8.2,27.3,23.9,37.7,11.6,26.8,476.0,467.0,27.8,36.2,7.2,28.8,27.1,42.9,10.5,19.5,477.0,457.0,502375.0,554199.0,44911.0,38345.0,188289.0,214069.0,Q4
SAN MARTIN,MARISCAL CÁCERES,34.7,22.8,34.6,7.8,31.6,14.3,40.9,13.2,402.0,390.0,38.1,21.4,31.4,9.1,28.5,29.8,32.5,9.3,405.0,395.0,502375.0,554199.0,44911.0,38345.0,188289.0,214069.0,Q4
SAN MARTIN,MARISCAL CÁCERES,44.5,29.3,16.8,9.4,33.5,33.5,24.9,8.0,428.0,411.0,35.8,28.7,14.9,20.6,28.6,36.0,15.7,19.7,447.0,444.0,502375.0,554199.0,44911.0,38345.0,188289.0,214069.0,Q4
SAN MARTIN,MOYOBAMBA,26.9,44.2,5.3,23.7,28.5,46.6,6.3,18.6,479.0,456.0,18.4,37.2,0.0,44.3,13.9,55.4,0.0,30.7,516.0,498.0,502375.0,554199.0,44911.0,38345.0,188289.0,214069.0,Q1
SAN MARTIN,MOYOBAMBA,42.3,33.8,7.0,16.9,35.7,40.8,16.3,7.2,453.0,418.0,20.0,34.3,11.4,34.3,17.1,37.1,11.4,34.3,477.0,468.0,502375.0,554199.0,44911.0,38345.0,188289.0,214069.0,Q3
SAN MARTIN,MOYOBAMBA,34.0,35.5,8.7,21.8,24.5,46.0,10.0,19.4,462.0,459.0,30.5,27.2,12.3,30.0,28.6,36.6,9.5,25.3,468.0,463.0,502375.0,554199.0,44911.0,38345.0,188289.0,214069.0,Q3
SAN MARTIN,MOYOBAMBA,26.2,35.9,7.8,30.1,25.0,40.7,11.8,22.5,479.0,459.0,19.3,31.5,5.9,43.3,15.4,46.8,3.8,34.0,504.0,498.0,502375.0,554199.0,44911.0,38345.0,188289.0,214069.0,Q3
SAN MARTIN,MOYOBAMBA,30.5,34.9,8.3,26.4,29.0,45.2,8.6,17.1,471.0,451.0,24.2,26.1,8.4,41.2,17.2,46.0,5.1,31.7,497.0,488.0,502375.0,554199.0,44911.0,38345.0,188289.0,214069.0,Q3
SAN MARTIN,MOYOBAMBA,40.2,29.9,19.8,10.1,41.6,32.5,21.9,4.0,423.0,406.0,22.6,35.5,6.5,35.5,19.4,54.8,4.8,21.0,483.0,475.0,502375.0,554199.0,44911.0,38345.0,188289.0,214069.0,Q2
SAN MARTIN,PICOTA,41.2,18.5,35.0,5.2,32.7,18.5,48.8,0.0,389.0,358.0,37.7,16.1,32.4,13.8,37.9,24.1,31.7,6.2,411.0,391.0,502375.0,554199.0,44911.0,38345.0,188289.0,214069.0,Q4
SAN MARTIN,PICOTA,48.8,27.9,11.6,11.6,37.2,14.0,44.2,4.7,429.0,378.0,37.3,25.5,19.6,17.6,35.3,23.5,37.3,3.9,430.0,388.0,502375.0,554199.0,44911.0,38345.0,188289.0,214069.0,Q4
SAN MARTIN,PICOTA,37.3,34.1,10.1,18.5,36.9,42.3,13.5,7.3,453.0,425.0,36.8,28.0,16.5,18.8,26.4,38.7,24.5,10.3,442.0,419.0,502375.0,554199.0,44911.0,38345.0,188289.0,214069.0,Q3
SAN MARTIN,PICOTA,22.2,55.6,11.1,11.1,44.4,44.4,11.1,0.0,454.0,413.0,26.3,36.8,5.3,31.5,57.9,31.6,10.5,0.0,480.0,411.0,502375.0,554199.0,44911.0,38345.0,188289.0,214069.0,Q4
SAN MARTIN,PICOTA,48.9,33.3,8.9,8.9,46.7,28.9,24.4,0.0,442.0,390.0,43.4,21.9,18.4,16.2,43.5,30.8,18.3,7.4,430.0,413.0,502375.0,554199.0,44911.0,38345.0,188289.0,214069.0,Q4
SAN MARTIN,PICOTA,40.7,33.3,22.2,3.7,44.4,18.5,29.6,7.4,424.0,395.0,45.0,15.0,30.0,10.0,40.0,25.0,30.0,5.0,403.0,395.0,502375.0,554199.0,44911.0,38345.0,188289.0,214069.0,Q4
SAN MARTIN,PICOTA,44.7,36.5,7.0,11.8,23.5,57.7,16.4,2.4,440.0,426.0,25.0,45.7,9.8,19.6,21.8,54.3,10.9,13.1,459.0,454.0,502375.0,554199.0,44911.0,38345.0,188289.0,214069.0,Q4
SAN MARTIN,PICOTA,40.7,22.6,30.8,5.8,30.7,28.2,34.0,7.1,404.0,398.0,41.4,19.4,33.2,6.0,30.2,34.8,30.3,4.7,396.0,401.0,502375.0,554199.0,44911.0,38345.0,188289.0,214069.0,Q4
SAN MARTIN,PICOTA,38.7,29.1,22.0,10.2,29.3,21.7,36.5,12.4,424.0,400.0,32.8,31.9,22.4,12.9,23.5,29.7,31.9,14.8,425.0,416.0,502375.0,554199.0,44911.0,38345.0,188289.0,214069.0,Q4
SAN MARTIN,PICOTA,53.2,23.0,19.0,4.8,26.4,38.9,29.8,4.9,414.0,409.0,42.6,26.3,22.7,8.4,38.9,30.1,26.3,4.7,414.0,404.0,502375.0,554199.0,44911.0,38345.0,188289.0,214069.0,Q4
SAN MARTIN,RIOJA,34.4,36.4,13.2,16.0,31.0,31.6,26.3,11.1,445.0,416.0,25.8,26.5,32.2,15.5,22.8,36.8,32.2,8.2,422.0,407.0,502375.0,554199.0,44911.0,38345.0,188289.0,214069.0,Q3
SAN MARTIN,RIOJA,34.7,34.2,6.8,24.4,24.9,45.2,7.6,22.3,471.0,474.0,18.7,34.7,4.3,42.3,16.6,49.6,4.2,29.5,503.0,486.0,502375.0,554199.0,44911.0,38345.0,188289.0,214069.0,Q3
SAN MARTIN,RIOJA,23.4,40.7,5.5,30.4,21.6,42.4,6.4,29.6,484.0,481.0,23.9,34.5,7.0,34.6,17.6,48.8,6.5,27.1,486.0,478.0,502375.0,554199.0,44911.0,38345.0,188289.0,214069.0,Q3
SAN MARTIN,RIOJA,32.1,35.3,8.9,23.7,29.6,39.1,8.0,23.4,468.0,463.0,34.4,27.4,7.1,31.0,25.6,45.5,7.1,21.8,475.0,462.0,502375.0,554199.0,44911.0,38345.0,188289.0,214069.0,Q3
SAN MARTIN,RIOJA,47.5,37.5,7.5,7.5,32.5,55.0,7.5,5.0,440.0,434.0,34.9,44.2,2.3,18.6,34.9,51.2,4.7,9.3,466.0,439.0,502375.0,554199.0,44911.0,38345.0,188289.0,214069.0,Q2
SAN MARTIN,RIOJA,26.4,35.1,4.5,34.1,27.6,42.8,5.2,24.4,489.0,469.0,22.3,30.7,4.5,42.5,20.1,44.8,5.1,30.0,503.0,487.0,502375.0,554199.0,44911.0,38345.0,188289.0,214069.0,Q2
SAN MARTIN,RIOJA,36.5,37.3,10.9,15.2,21.8,52.6,11.0,14.7,446.0,450.0,11.5,23.0,11.5,54.1,8.4,31.4,15.9,44.3,495.0,492.0,502375.0,554199.0,44911.0,38345.0,188289.0,214069.0,Q2
SAN MARTIN,RIOJA,11.4,43.2,9.1,36.4,20.5,54.5,0.0,25.0,494.0,487.0,24.4,33.3,4.4,37.8,20.0,53.3,4.4,22.2,495.0,482.0,502375.0,554199.0,44911.0,38345.0,188289.0,214069.0,Q3
SAN MARTIN,RIOJA,17.9,44.6,7.1,30.4,17.9,41.1,7.1,33.9,495.0,496.0,17.4,43.5,4.3,34.8,14.5,62.3,2.9,20.3,491.0,472.0,502375.0,554199.0,44911.0,38345.0,188289.0,214069.0,Q2
SAN MARTIN,SAN MARTÍN,33.3,26.7,26.7,13.3,40.0,13.3,40.0,6.7,422.0,381.0,16.7,41.7,0.0,41.7,25.0,58.3,0.0,16.7,505.0,470.0,502375.0,554199.0,44911.0,38345.0,188289.0,214069.0,Q4
SAN MARTIN,SAN MARTÍN,46.8,26.6,13.9,12.6,49.3,27.9,20.3,2.5,431.0,403.0,32.3,34.0,13.7,20.0,33.7,47.9,7.6,10.8,450.0,444.0,502375.0,554199.0,44911.0,38345.0,188289.0,214069.0,Q4
SAN MARTIN,SAN MARTÍN,34.7,19.3,43.1,3.0,22.4,22.6,52.3,2.7,381.0,367.0,31.9,21.7,32.2,14.2,30.3,29.3,33.2,7.2,410.0,394.0,502375.0,554199.0,44911.0,38345.0,188289.0,214069.0,Q4
SAN MARTIN,SAN MARTÍN,48.5,25.3,23.8,2.4,35.9,35.5,28.6,0.0,408.0,396.0,30.5,39.1,16.2,14.3,41.0,27.6,22.8,8.6,438.0,413.0,502375.0,554199.0,44911.0,38345.0,188289.0,214069.0,Q4
SAN MARTIN,SAN MARTÍN,39.3,25.6,30.3,4.7,20.0,18.0,53.3,8.7,403.0,375.0,40.9,24.2,25.9,9.0,39.3,25.9,27.2,7.6,414.0,397.0,502375.0,554199.0,44911.0,38345.0,188289.0,214069.0,Q3
SAN MARTIN,SAN MARTÍN,32.7,10.0,54.0,3.3,22.0,7.4,68.6,1.9,362.0,333.0,28.3,14.9,40.6,16.3,29.1,25.4,35.9,9.6,400.0,399.0,502375.0,554199.0,44911.0,38345.0,188289.0,214069.0,Q4
SAN MARTIN,SAN MARTÍN,43.1,37.3,5.9,13.7,33.3,47.1,7.8,11.8,449.0,439.0,33.2,35.1,20.6,11.1,33.5,33.3,17.5,15.7,428.0,424.0,502375.0,554199.0,44911.0,38345.0,188289.0,214069.0,Q3
SAN MARTIN,SAN MARTÍN,31.2,31.9,8.1,28.8,30.9,35.0,15.5,18.6,477.0,443.0,27.6,29.7,8.4,34.3,24.3,43.1,5.6,27.0,484.0,475.0,502375.0,554199.0,44911.0,38345.0,188289.0,214069.0,Q3
SAN MARTIN,SAN MARTÍN,39.4,33.0,8.7,18.8,32.5,38.9,22.1,6.5,454.0,417.0,25.4,34.3,5.7,34.6,22.0,50.1,4.8,23.1,487.0,472.0,502375.0,554199.0,44911.0,38345.0,188289.0,214069.0,Q3
SAN MARTIN,SAN MARTÍN,41.7,10.7,40.0,7.6,30.6,13.8,55.7,0.0,386.0,347.0,40.6,31.3,17.2,10.9,29.7,34.4,28.1,7.8,424.0,410.0,502375.0,554199.0,44911.0,38345.0,188289.0,214069.0,Q4
SAN MARTIN,SAN MARTÍN,34.6,34.6,11.5,19.3,33.7,19.8,38.7,7.8,454.0,386.0,34.9,19.0,34.9,11.3,24.7,50.6,24.7,0.0,410.0,408.0,502375.0,554199.0,44911.0,38345.0,188289.0,214069.0,Q4
SAN MARTIN,SAN MARTÍN,43.2,37.9,7.1,11.9,32.4,45.3,10.5,11.9,447.0,439.0,17.7,30.3,6.7,45.3,21.0,50.6,5.6,22.8,501.0,476.0,502375.0,554199.0,44911.0,38345.0,188289.0,214069.0,Q4
SAN MARTIN,SAN MARTÍN,37.5,25.0,21.9,15.6,31.3,43.8,21.9,3.1,433.0,407.0,30.3,36.4,33.3,0.0,33.3,45.5,15.2,6.1,401.0,419.0,502375.0,554199.0,44911.0,38345.0,188289.0,214069.0,Q4
SAN MARTIN,SAN MARTÍN,23.5,37.3,5.3,33.9,26.4,45.7,10.7,17.2,493.0,454.0,21.5,30.7,6.2,41.6,19.2,45.6,5.9,29.4,502.0,483.0,502375.0,554199.0,44911.0,38345.0,188289.0,214069.0,Q2
SAN MARTIN,TOCACHE,43.7,26.6,17.5,12.2,37.8,28.0,22.6,11.5,429.0,419.0,39.6,28.0,20.3,12.0,36.2,33.9,21.6,8.3,430.0,412.0,502375.0,554199.0,44911.0,38345.0,188289.0,214069.0,Q3
SAN MARTIN,TOCACHE,29.3,35.7,11.0,24.0,24.2,37.2,15.3,23.2,464.0,461.0,35.1,38.5,7.8,18.6,27.9,51.9,8.3,11.9,452.0,448.0,502375.0,554199.0,44911.0,38345.0,188289.0,214069.0,Q3
SAN MARTIN,TOCACHE,55.9,16.3,23.3,4.4,53.0,23.3,21.5,2.2,399.0,402.0,40.8,12.2,34.7,12.2,39.2,28.6,28.2,4.1,394.0,397.0,502375.0,554199.0,44911.0,38345.0,188289.0,214069.0,Q4
SAN MARTIN,TOCACHE,37.8,28.5,10.1,23.6,27.9,40.4,13.0,18.7,461.0,447.0,30.9,31.3,9.6,28.2,28.6,43.2,11.0,17.1,470.0,453.0,502375.0,554199.0,44911.0,38345.0,188289.0,214069.0,Q3
SAN MARTIN,TOCACHE,34.6,31.1,8.9,25.4,25.2,32.9,13.3,28.6,468.0,472.0,29.1,30.2,12.4,28.3,26.4,34.7,12.7,26.1,461.0,460.0,502375.0,554199.0,44911.0,38345.0,188289.0,214069.0,Q3
TACNA,CANDARAVE,0.0,50.0,0.0,50.0,0.0,33.3,0.0,66.7,522.0,555.0,0.0,16.7,0.0,83.3,0.0,33.3,0.0,66.7,588.0,640.0,303029.0,318701.0,68463.0,73636.0,215896.0,259710.0,
TACNA,CANDARAVE,,,,,,,,,,,16.7,16.7,0.0,66.7,16.7,0.0,0.0,83.3,564.0,586.0,303029.0,318701.0,68463.0,73636.0,215896.0,259710.0,Q3
TACNA,CANDARAVE,8.3,37.5,0.0,54.2,8.3,50.0,0.0,41.7,531.0,510.0,12.9,35.5,0.0,51.6,6.5,25.8,0.0,67.7,542.0,560.0,303029.0,318701.0,68463.0,73636.0,215896.0,259710.0,Q1
TACNA,CANDARAVE,0.0,37.5,0.0,62.5,0.0,37.5,0.0,62.5,593.0,633.0,0.0,0.0,0.0,100.0,0.0,0.0,0.0,100.0,610.0,676.0,303029.0,318701.0,68463.0,73636.0,215896.0,259710.0,Q1
TACNA,CANDARAVE,0.0,0.0,0.0,100.0,0.0,16.7,0.0,83.3,567.0,578.0,8.3,41.7,0.0,50.0,0.0,41.7,0.0,58.3,532.0,564.0,303029.0,318701.0,68463.0,73636.0,215896.0,259710.0,
TACNA,JORGE BASADRE,17.1,25.7,1.4,55.8,11.4,45.8,2.8,40.0,528.0,515.0,2.7,22.7,2.8,71.9,7.0,30.0,2.8,60.1,563.0,545.0,303029.0,318701.0,68463.0,73636.0,215896.0,259710.0,Q1
TACNA,JORGE BASADRE,15.1,34.0,1.9,49.1,11.3,34.0,3.8,50.9,525.0,545.0,5.5,29.1,1.8,63.6,3.6,21.8,0.0,74.5,557.0,572.0,303029.0,318701.0,68463.0,73636.0,215896.0,259710.0,Q1
TACNA,JORGE BASADRE,0.0,39.4,0.0,60.6,3.6,28.6,0.0,67.8,552.0,592.0,10.5,39.5,5.3,44.7,5.3,44.7,0.0,50.0,525.0,539.0,303029.0,318701.0,68463.0,73636.0,215896.0,259710.0,Q1
TACNA,TACNA,17.2,35.3,2.3,45.1,15.0,35.8,1.7,47.5,515.0,522.0,19.4,29.7,3.6,47.3,10.0,37.3,1.8,50.9,514.0,534.0,303029.0,318701.0,68463.0,73636.0,215896.0,259710.0,Q1
TACNA,TACNA,15.4,40.0,7.7,36.9,15.8,35.8,15.4,33.1,496.0,472.0,36.3,36.9,16.3,10.6,31.3,41.9,16.3,10.6,435.0,443.0,303029.0,318701.0,68463.0,73636.0,215896.0,259710.0,Q2
TACNA,TACNA,22.0,37.9,1.9,38.2,12.8,42.7,2.9,41.7,499.0,515.0,17.1,34.6,4.1,44.2,9.0,35.0,4.0,52.0,511.0,539.0,303029.0,318701.0,68463.0,73636.0,215896.0,259710.0,Q1
TACNA,TACNA,16.6,36.2,1.6,45.6,9.7,36.4,2.0,51.8,521.0,536.0,11.9,26.3,1.6,60.2,4.7,30.7,1.6,63.0,540.0,558.0,303029.0,318701.0,68463.0,73636.0,215896.0,259710.0,Q1
TACNA,TACNA,16.0,30.0,4.0,50.0,14.0,18.0,0.0,68.0,529.0,557.0,13.2,71.1,0.0,15.8,7.9,50.0,0.0,42.1,494.0,522.0,303029.0,318701.0,68463.0,73636.0,215896.0,259710.0,Q2
TACNA,TACNA,39.0,35.0,5.0,21.0,24.0,46.0,3.0,27.0,465.0,483.0,25.7,34.7,4.8,34.8,15.0,42.0,2.0,40.0,488.0,506.0,303029.0,318701.0,68463.0,73636.0,215896.0,259710.0,Q1
TACNA,TACNA,15.8,26.3,0.0,57.9,5.3,42.1,0.0,52.6,532.0,540.0,6.7,10.0,0.0,83.3,3.3,10.0,0.0,86.7,577.0,605.0,303029.0,318701.0,68463.0,73636.0,215896.0,259710.0,Q1
TACNA,TACNA,,,,,,,,,,,40.0,40.0,0.0,20.0,60.0,40.0,0.0,0.0,477.0,428.0,303029.0,318701.0,68463.0,73636.0,215896.0,259710.0,Q4
TACNA,TACNA,12.4,36.0,3.4,48.2,14.5,28.1,2.8,54.6,530.0,532.0,15.3,28.8,3.9,51.9,9.7,36.7,4.5,49.1,524.0,520.0,303029.0,318701.0,68463.0,73636.0,215896.0,259710.0,Q1
TACNA,TACNA,16.6,28.9,0.0,54.6,12.6,41.7,0.0,45.7,520.0,537.0,14.3,35.7,0.0,50.0,3.6,35.7,0.0,60.7,531.0,535.0,303029.0,318701.0,68463.0,73636.0,215896.0,259710.0,Q1
TACNA,TACNA,10.5,27.3,1.3,60.9,8.0,34.3,1.5,56.2,549.0,544.0,10.3,26.5,1.2,62.0,6.3,30.0,0.9,62.8,548.0,557.0,303029.0,318701.0,68463.0,73636.0,215896.0,259710.0,Q1
TACNA,TARATA,20.0,20.0,20.0,40.0,20.0,20.0,0.0,60.0,457.0,519.0,,,,,,,,,,,303029.0,318701.0,68463.0,73636.0,215896.0,259710.0,
TACNA,TARATA,16.5,26.7,4.0,52.7,10.2,34.8,0.0,55.0,535.0,548.0,26.4,33.3,6.7,33.5,11.0,37.7,2.3,49.1,489.0,521.0,303029.0,318701.0,68463.0,73636.0,215896.0,259710.0,Q1
TACNA,TARATA,0.0,33.3,0.0,66.7,50.0,50.0,0.0,0.0,515.0,440.0,33.3,22.2,0.0,44.4,0.0,62.5,0.0,37.5,481.0,501.0,303029.0,318701.0,68463.0,73636.0,215896.0,259710.0,Q1
TUMBES,CONTRALMIRANTE VILLAR,41.3,32.1,11.8,14.7,38.7,40.2,11.8,9.4,441.0,423.0,35.8,36.8,7.3,20.1,26.4,47.2,9.6,16.7,454.0,454.0,189829.0,205191.0,19168.0,20226.0,118389.0,132146.0,Q4
TUMBES,CONTRALMIRANTE VILLAR,29.4,47.1,11.8,11.8,11.8,47.1,29.4,11.8,450.0,429.0,30.9,39.6,17.0,12.5,29.9,57.3,4.2,8.7,430.0,435.0,189829.0,205191.0,19168.0,20226.0,118389.0,132146.0,Q4
TUMBES,CONTRALMIRANTE VILLAR,36.1,35.2,11.6,17.0,39.1,33.9,17.1,10.0,447.0,421.0,34.5,29.9,12.1,23.5,24.0,50.8,9.4,15.7,460.0,453.0,189829.0,205191.0,19168.0,20226.0,118389.0,132146.0,Q3
TUMBES,TUMBES,32.7,33.6,11.6,22.1,32.1,44.8,13.7,9.4,458.0,433.0,36.7,28.4,13.3,21.6,33.8,37.4,15.3,13.5,447.0,434.0,189829.0,205191.0,19168.0,20226.0,118389.0,132146.0,Q4
TUMBES,TUMBES,32.8,40.9,7.1,19.3,29.0,43.7,8.1,19.1,465.0,452.0,30.4,32.4,16.0,21.1,25.3,40.2,14.5,20.1,449.0,449.0,189829.0,205191.0,19168.0,20226.0,118389.0,132146.0,Q3
TUMBES,TUMBES,42.9,38.9,3.6,14.7,37.7,33.7,10.3,18.2,456.0,446.0,37.6,29.6,16.0,16.8,32.0,29.6,21.6,16.8,435.0,431.0,189829.0,205191.0,19168.0,20226.0,118389.0,132146.0,Q4
TUMBES,TUMBES,33.5,40.0,7.1,19.4,23.7,54.1,5.2,17.0,463.0,458.0,29.3,33.4,5.3,32.0,25.6,40.9,3.1,30.5,483.0,480.0,189829.0,205191.0,19168.0,20226.0,118389.0,132146.0,Q3
TUMBES,TUMBES,25.4,34.3,19.4,20.9,31.3,38.8,14.9,14.9,444.0,441.0,38.4,28.3,11.1,22.2,24.2,45.5,12.1,18.2,451.0,453.0,189829.0,205191.0,19168.0,20226.0,118389.0,132146.0,Q4
TUMBES,TUMBES,32.8,32.7,8.7,25.8,30.7,42.6,12.4,14.2,468.0,442.0,32.3,31.1,12.0,24.6,27.3,40.6,13.6,18.4,459.0,449.0,189829.0,205191.0,19168.0,20226.0,118389.0,132146.0,Q3
TUMBES,ZARUMILLA,32.9,37.1,8.3,21.7,32.1,46.7,11.5,9.7,459.0,435.0,44.3,29.2,15.2,11.3,30.0,40.4,15.3,14.3,432.0,437.0,189829.0,205191.0,19168.0,20226.0,118389.0,132146.0,Q4
TUMBES,ZARUMILLA,37.5,37.8,12.5,12.2,37.3,41.7,18.3,2.6,443.0,415.0,32.7,27.8,16.4,23.1,19.9,47.7,11.7,20.7,446.0,464.0,189829.0,205191.0,19168.0,20226.0,118389.0,132146.0,Q4
TUMBES,ZARUMILLA,40.4,30.6,17.6,11.5,41.4,35.3,14.3,9.0,430.0,421.0,37.7,30.7,15.6,16.1,18.5,49.0,14.7,17.8,438.0,449.0,189829.0,205191.0,19168.0,20226.0,118389.0,132146.0,Q3
TUMBES,ZARUMILLA,30.0,37.7,9.6,22.7,23.3,50.0,11.3,15.4,465.0,453.0,35.3,30.1,13.8,20.7,31.4,41.1,10.5,16.9,448.0,447.0,189829.0,205191.0,19168.0,20226.0,118389.0,132146.0,Q3
UCAYALI,ATALAYA,38.5,20.4,31.2,9.8,33.3,21.1,41.9,3.7,404.0,376.0,25.1,15.5,50.6,8.9,29.4,17.2,50.1,3.3,372.0,357.0,320362.0,350333.0,54901.0,57624.0,183773.0,214407.0,Q4
UCAYALI,ATALAYA,40.7,17.6,36.3,5.4,28.3,21.6,48.6,1.4,390.0,365.0,33.7,18.7,45.1,2.6,32.9,13.0,54.1,0.0,366.0,347.0,320362.0,350333.0,54901.0,57624.0,183773.0,214407.0,Q4
UCAYALI,ATALAYA,40.3,11.9,43.0,4.8,20.1,12.7,66.2,1.0,377.0,344.0,18.6,9.0,71.2,1.2,17.1,4.8,77.0,1.2,318.0,311.0,320362.0,350333.0,54901.0,57624.0,183773.0,214407.0,
UCAYALI,ATALAYA,,,,,,,,,,,,,,,,,,,,,320362.0,350333.0,54901.0,57624.0,183773.0,214407.0,
UCAYALI,CORONEL PORTILLO,34.1,32.4,13.0,20.6,33.8,34.5,21.5,10.2,454.0,420.0,31.6,29.6,12.8,26.0,27.5,38.5,16.2,17.8,461.0,443.0,320362.0,350333.0,54901.0,57624.0,183773.0,214407.0,Q3
UCAYALI,CORONEL PORTILLO,34.4,23.1,25.7,16.7,28.3,19.8,43.4,8.6,427.0,387.0,35.5,28.2,23.8,12.5,35.7,29.4,28.4,6.5,422.0,401.0,320362.0,350333.0,54901.0,57624.0,183773.0,214407.0,Q4
UCAYALI,CORONEL PORTILLO,44.2,4.1,51.7,0.0,18.2,5.1,75.4,1.4,355.0,329.0,26.4,15.1,54.7,3.9,18.7,23.8,56.8,0.7,357.0,350.0,320362.0,350333.0,54901.0,57624.0,183773.0,214407.0,
UCAYALI,CORONEL PORTILLO,41.7,28.1,18.1,12.1,36.6,27.4,31.8,4.3,429.0,394.0,38.2,29.0,17.7,15.2,35.9,35.9,19.6,8.6,435.0,418.0,320362.0,350333.0,54901.0,57624.0,183773.0,214407.0,Q4
UCAYALI,CORONEL PORTILLO,,,,,,,,,,,27.8,9.9,59.2,3.1,28.4,10.2,58.5,2.9,346.0,343.0,320362.0,350333.0,54901.0,57624.0,183773.0,214407.0,Q4
UCAYALI,CORONEL PORTILLO,29.6,19.5,47.7,3.1,33.7,18.3,45.9,2.1,377.0,359.0,41.2,22.0,31.3,5.5,38.1,20.7,39.6,1.6,398.0,369.0,320362.0,350333.0,54901.0,57624.0,183773.0,214407.0,Q4
UCAYALI,CORONEL PORTILLO,41.7,26.5,21.8,10.0,37.5,23.2,36.8,2.5,419.0,381.0,37.7,27.0,21.6,13.7,38.1,27.4,28.5,6.0,424.0,397.0,320362.0,350333.0,54901.0,57624.0,183773.0,214407.0,Q4
UCAYALI,PADRE ABAD,46.4,28.2,17.3,8.2,50.0,30.0,14.5,5.5,419.0,408.0,37.0,21.7,29.6,11.7,45.0,27.9,21.8,5.4,406.0,403.0,320362.0,350333.0,54901.0,57624.0,183773.0,214407.0,Q2
UCAYALI,PADRE ABAD,39.0,29.0,21.0,11.0,35.5,29.4,33.1,2.0,429.0,390.0,37.9,28.5,22.6,11.0,33.0,33.6,24.7,8.8,420.0,409.0,320362.0,350333.0,54901.0,57624.0,183773.0,214407.0,Q4
UCAYALI,PADRE ABAD,39.1,34.7,16.2,10.0,36.6,29.9,26.0,7.5,432.0,408.0,33.9,23.2,27.4,15.5,29.1,33.4,25.3,12.2,422.0,416.0,320362.0,350333.0,54901.0,57624.0,183773.0,214407.0,Q3
UCAYALI,PADRE ABAD,35.8,34.2,18.5,11.5,38.6,31.7,21.7,8.0,434.0,411.0,38.3,28.6,19.2,13.9,35.7,32.0,20.7,11.7,430.0,417.0,320362.0,350333.0,54901.0,57624.0,183773.0,214407.0,Q4
UCAYALI,PADRE ABAD,38.8,34.4,13.8,13.0,37.4,37.8,19.0,5.8,439.0,415.0,40.9,26.1,21.3,11.6,33.7,35.3,22.2,8.8,421.0,414.0,320362.0,350333.0,54901.0,57624.0,183773.0,214407.0,Q4
UCAYALI,PURÚS,32.1,17.9,46.4,3.6,25.0,3.6,67.9,3.6,378.0,329.0,32.4,10.8,32.4,24.3,18.9,16.2,51.4,13.5,424.0,385.0,320362.0,350333.0,54901.0,57624.0,183773.0,214407.0,Q4
