Codigo Geografico;REGION;PROVINCIA;DISTRITO;Cobertura Estudiantes;Medida Promedio Comprension Lectora;Medida Promedio Matematica;Lect_Previo al Inicio;Lect_En inicio;Lect_En proceso;Lect_Satisfactorio;Mat_Previo al Inicio;Mat_En inicio;Mat_En proceso;Mat_Satisfactorio;CUARTIL
10101;AMAZONAS;CHACHAPOYAS;CHACHAPOYAS;98.0;532.0;524.0;0.8;14.0;34.0;51.2;1.8;9.5;42.6;46.0;Q1
10103;AMAZONAS;CHACHAPOYAS;BALSAS;79.2;;;;;;;;;;;
10104;AMAZONAS;CHACHAPOYAS;CHETO;100.0;533.0;525.0;0.0;0.0;55.6;44.4;0.0;0.0;55.6;44.4;Q1
10106;AMAZONAS;CHACHAPOYAS;CHUQUIBAMBA;93.6;458.0;449.0;6.4;43.8;31.8;17.9;6.6;27.1;55.0;11.3;Q2
10107;AMAZONAS;CHACHAPOYAS;GRANADA;100.0;553.0;520.0;0.0;0.0;27.3;72.7;0.0;0.0;45.5;54.5;Q1
10109;AMAZONAS;CHACHAPOYAS;LA JALCA;98.5;443.0;450.0;15.7;45.7;18.5;20.1;9.4;33.4;41.9;15.4;Q2
10110;AMAZONAS;CHACHAPOYAS;LEIMEBAMBA;100.0;507.0;528.0;1.6;15.9;34.9;47.6;4.8;9.5;33.3;52.4;Q1
10111;AMAZONAS;CHACHAPOYAS;LEVANTO;100.0;507.0;513.0;0.0;18.8;43.8;37.5;0.0;6.3;62.5;31.3;Q1
10112;AMAZONAS;CHACHAPOYAS;MAGDALENA;100.0;453.0;465.0;0.0;42.9;42.9;14.3;4.8;23.8;52.4;19.0;Q2
10113;AMAZONAS;CHACHAPOYAS;MARISCAL CASTILLA;100.0;428.0;429.0;21.5;33.5;45.0;0.0;21.5;18.8;53.8;5.9;Q3
10114;AMAZONAS;CHACHAPOYAS;MOLINOPAMPA;100.0;486.0;458.0;2.2;27.0;41.3;29.5;4.4;31.4;50.8;13.3;Q2
10115;AMAZONAS;CHACHAPOYAS;MONTEVIDEO;100.0;467.0;448.0;20.0;20.0;30.0;30.0;20.0;30.0;40.0;10.0;Q3
10116;AMAZONAS;CHACHAPOYAS;OLLEROS;83.3;421.0;358.0;0.0;80.0;0.0;20.0;60.0;20.0;20.0;0.0;Q4
10119;AMAZONAS;CHACHAPOYAS;SAN ISIDRO DE MAINO;100.0;450.0;437.0;0.0;44.4;44.4;11.1;0.0;44.4;55.6;0.0;Q3
10120;AMAZONAS;CHACHAPOYAS;SOLOCO;100.0;406.0;398.0;31.3;31.3;31.3;6.3;31.3;18.8;43.8;6.3;Q4
10201;AMAZONAS;BAGUA;BAGUA;96.9;473.0;459.0;8.1;29.1;36.2;26.6;11.3;25.9;40.1;22.7;Q2
10202;AMAZONAS;BAGUA;ARAMANGO;96.7;445.0;453.0;17.8;32.1;30.4;19.7;18.1;20.2;38.0;23.7;Q2
10203;AMAZONAS;BAGUA;COPALLIN;95.1;463.0;457.0;9.8;29.5;31.1;29.5;13.1;18.0;50.8;18.0;Q2
10204;AMAZONAS;BAGUA;EL PARCO;100.0;386.0;389.0;12.5;87.5;0.0;0.0;25.0;62.5;12.5;0.0;Q4
10205;AMAZONAS;BAGUA;IMAZA;86.7;387.0;370.0;38.6;40.4;15.6;5.4;48.1;29.7;19.1;3.1;Q4
10206;AMAZONAS;BAGUA;LA PECA;95.9;465.0;510.0;7.1;33.0;35.6;24.2;8.6;7.3;31.4;52.6;Q1
10301;AMAZONAS;BONGARÁ;JUMBILLA;100.0;473.0;442.0;12.0;36.0;16.0;36.0;12.0;32.0;32.0;24.0;Q3
10304;AMAZONAS;BONGARÁ;COROSHA;94.7;420.0;360.0;11.8;52.9;29.4;5.9;47.1;41.2;11.8;0.0;Q4
10305;AMAZONAS;BONGARÁ;CUISPES;100.0;406.0;399.0;28.6;35.7;21.4;14.3;42.9;21.4;35.7;0.0;Q4
10306;AMAZONAS;BONGARÁ;FLORIDA;97.8;470.0;455.0;4.7;35.9;35.0;24.3;11.6;29.1;43.0;16.3;Q2
10307;AMAZONAS;BONGARÁ;JAZAN;96.8;502.0;492.0;2.5;21.2;36.6;39.7;0.0;22.1;45.8;32.1;Q1
10310;AMAZONAS;BONGARÁ;SHIPASBAMBA;100.0;437.0;430.0;7.7;46.2;34.6;11.5;15.4;30.8;46.2;7.7;Q3
10311;AMAZONAS;BONGARÁ;VALERA;100.0;459.0;440.0;0.0;50.0;50.0;0.0;0.0;25.0;75.0;0.0;Q3
10312;AMAZONAS;BONGARÁ;YAMBRASBAMBA;98.1;445.0;451.0;12.6;36.2;36.7;14.5;9.7;26.6;43.3;20.4;Q2
10401;AMAZONAS;CONDORCANQUI;NIEVA;92.2;417.0;407.0;24.6;40.7;23.5;11.2;30.2;24.1;39.5;6.1;Q4
10403;AMAZONAS;CONDORCANQUI;RIO SANTIAGO;89.7;349.0;335.0;66.0;27.6;0.0;6.4;65.7;20.6;13.7;0.0;Q4
10501;AMAZONAS;LUYA;LAMUD;96.8;478.0;468.0;6.7;26.7;50.0;16.7;3.3;16.7;63.3;16.7;Q2
10502;AMAZONAS;LUYA;CAMPORREDONDO;99.5;458.0;453.0;10.8;33.2;34.3;21.8;12.4;24.9;45.1;17.6;Q2
10503;AMAZONAS;LUYA;COCABAMBA;91.4;418.0;428.0;22.9;42.9;28.6;5.7;21.0;30.2;37.4;11.4;Q3
10504;AMAZONAS;LUYA;COLCAMAR;100.0;521.0;564.0;0.0;13.0;43.5;43.5;0.0;4.3;8.7;87.0;Q1
10505;AMAZONAS;LUYA;CONILA;95.7;489.0;466.0;4.5;18.2;54.5;22.7;13.6;18.2;36.4;31.8;Q2
10507;AMAZONAS;LUYA;LONGUITA;95.5;537.0;517.0;0.0;13.6;19.3;67.0;0.0;4.5;56.8;38.6;Q1
10508;AMAZONAS;LUYA;LONYA CHICO;100.0;437.0;448.0;20.0;46.7;20.0;13.3;6.7;46.7;33.3;13.3;Q3
10509;AMAZONAS;LUYA;LUYA;98.9;467.0;470.0;3.3;42.4;36.6;17.6;4.4;22.2;52.5;21.0;Q2
10510;AMAZONAS;LUYA;LUYA VIEJO;100.0;527.0;558.0;0.0;0.0;60.0;40.0;0.0;0.0;40.0;60.0;Q1
10511;AMAZONAS;LUYA;MARIA;93.3;498.0;468.0;0.0;28.6;35.7;35.7;0.0;21.4;57.1;21.4;Q2
10512;AMAZONAS;LUYA;OCALLI;97.1;452.0;441.0;8.4;30.4;45.1;16.1;7.1;36.3;45.1;11.4;Q3
10513;AMAZONAS;LUYA;OCUMAL;98.3;441.0;440.0;22.3;27.3;33.4;16.9;20.4;31.0;25.1;23.4;Q3
10514;AMAZONAS;LUYA;PISUQUIA;98.2;471.0;470.0;1.8;39.7;35.1;23.4;7.1;23.5;44.2;25.1;Q2
10515;AMAZONAS;LUYA;PROVIDENCIA;94.1;471.0;455.0;17.6;18.8;33.5;30.0;14.7;20.6;36.5;28.2;Q2
10516;AMAZONAS;LUYA;SAN CRISTOBAL;100.0;532.0;554.0;0.0;10.0;50.0;40.0;0.0;10.0;40.0;50.0;Q1
10517;AMAZONAS;LUYA;SAN FRANCISCO DEL YESO;100.0;483.0;444.0;0.0;22.2;66.7;11.1;0.0;44.4;44.4;11.1;Q3
10519;AMAZONAS;LUYA;SAN JUAN DE LOPECANCHA;100.0;476.0;479.0;0.0;40.0;40.0;20.0;0.0;20.0;60.0;20.0;Q2
10520;AMAZONAS;LUYA;SANTA CATALINA;100.0;421.0;418.0;21.7;39.1;30.4;8.7;26.1;26.1;41.3;6.5;Q3
10521;AMAZONAS;LUYA;SANTO TOMAS;98.5;446.0;452.0;21.8;25.3;30.7;22.3;14.3;21.9;43.1;20.6;Q2
10522;AMAZONAS;LUYA;TINGO;92.3;534.0;517.0;0.0;9.1;45.5;45.5;0.0;0.0;54.5;45.5;Q1
10523;AMAZONAS;LUYA;TRITA;100.0;439.0;445.0;10.7;39.3;35.7;14.3;14.3;14.3;64.3;7.1;Q3
10601;AMAZONAS;RODRÍGUEZ DE MENDOZA;SAN NICOLAS;99.2;546.0;522.0;2.5;12.7;21.8;63.0;4.3;13.4;33.7;48.6;Q1
10602;AMAZONAS;RODRÍGUEZ DE MENDOZA;CHIRIMOTO;100.0;451.0;431.0;13.9;33.3;33.3;19.4;16.7;33.3;38.9;11.1;Q3
10603;AMAZONAS;RODRÍGUEZ DE MENDOZA;COCHAMAL;100.0;492.0;536.0;0.0;28.6;35.7;35.7;0.0;0.0;28.6;71.4;Q1
10604;AMAZONAS;RODRÍGUEZ DE MENDOZA;HUAMBO;100.0;502.0;479.0;0.0;31.3;31.3;37.5;6.3;18.8;50.0;25.0;Q2
10605;AMAZONAS;RODRÍGUEZ DE MENDOZA;LIMABAMBA;100.0;448.0;438.0;0.0;38.9;55.6;5.6;5.6;44.4;44.4;5.6;Q3
10606;AMAZONAS;RODRÍGUEZ DE MENDOZA;LONGAR;96.0;514.0;483.0;0.0;12.5;42.1;45.3;0.0;12.8;62.9;24.3;Q1
10607;AMAZONAS;RODRÍGUEZ DE MENDOZA;MARISCAL BENAVIDES;73.3;;;;;;;;;;;
10609;AMAZONAS;RODRÍGUEZ DE MENDOZA;OMIA;96.3;451.0;449.0;13.7;35.3;32.5;18.4;14.9;27.2;39.4;18.5;Q2
10610;AMAZONAS;RODRÍGUEZ DE MENDOZA;SANTA ROSA;100.0;481.0;540.0;0.0;40.0;40.0;20.0;0.0;20.0;20.0;60.0;Q1
10612;AMAZONAS;RODRÍGUEZ DE MENDOZA;VISTA ALEGRE;100.0;432.0;430.0;15.2;42.4;27.3;15.2;18.2;30.3;42.4;9.1;Q3
10701;AMAZONAS;UTCUBAMBA;BAGUA GRANDE;95.7;469.0;474.0;8.6;28.4;39.2;23.8;8.2;20.4;44.1;27.3;Q2
10702;AMAZONAS;UTCUBAMBA;CAJARURO;97.6;459.0;461.0;10.6;32.3;35.5;21.7;12.0;24.0;40.6;23.4;Q2
10703;AMAZONAS;UTCUBAMBA;CUMBA;98.7;457.0;463.0;12.0;28.0;36.6;23.4;10.7;23.9;41.7;23.7;Q2
10704;AMAZONAS;UTCUBAMBA;EL MILAGRO;97.5;410.0;401.0;29.9;35.1;30.3;4.7;29.3;32.5;35.7;2.5;Q4
10705;AMAZONAS;UTCUBAMBA;JAMALCA;97.3;446.0;427.0;11.1;43.1;35.1;10.8;18.3;34.8;38.7;8.2;Q3
10706;AMAZONAS;UTCUBAMBA;LONYA GRANDE;98.0;486.0;486.0;6.0;25.4;34.7;33.9;11.7;15.8;35.2;37.4;Q1
10707;AMAZONAS;UTCUBAMBA;YAMON;98.4;461.0;451.0;14.8;26.6;29.9;28.8;16.4;24.8;40.6;18.2;Q2
20101;ÁNCASH;HUARAZ;HUARAZ;98.9;495.0;490.0;5.1;23.5;34.0;37.4;5.3;20.0;41.0;33.7;Q1
20102;ÁNCASH;HUARAZ;COCHABAMBA;94.1;411.0;399.0;38.8;12.6;36.4;12.1;38.6;16.6;23.9;21.0;Q4
20104;ÁNCASH;HUARAZ;HUANCHAY;88.5;431.0;429.0;27.0;27.0;22.6;23.4;20.6;29.3;35.7;14.4;Q3
20105;ÁNCASH;HUARAZ;INDEPENDENCIA;98.8;499.0;487.0;3.9;22.2;38.0;35.9;5.0;18.2;46.4;30.4;Q1
20106;ÁNCASH;HUARAZ;JANGAS;100.0;411.0;379.0;32.0;34.8;22.1;11.2;40.4;35.4;24.2;0.0;Q4
20107;ÁNCASH;HUARAZ;LA LIBERTAD;100.0;423.0;391.0;11.1;61.1;16.7;11.1;27.8;44.4;22.2;5.6;Q4
20108;ÁNCASH;HUARAZ;OLLEROS;100.0;374.0;376.0;42.3;38.5;19.2;0.0;38.5;42.3;15.4;3.8;Q4
20109;ÁNCASH;HUARAZ;PAMPAS GRANDE;90.9;407.0;386.0;20.0;50.0;20.0;10.0;40.0;40.0;10.0;10.0;Q4
20110;ÁNCASH;HUARAZ;PARIACOTO;100.0;390.0;387.0;41.9;31.4;19.1;7.6;42.8;25.7;27.6;3.8;Q4
20111;ÁNCASH;HUARAZ;PIRA;95.6;354.0;341.0;58.2;33.0;7.4;1.5;65.6;24.1;8.9;1.5;Q4
20112;ÁNCASH;HUARAZ;TARICA;100.0;443.0;439.0;17.4;37.8;23.5;21.4;13.3;28.6;44.9;13.3;Q3
20201;ÁNCASH;AIJA;AIJA;100.0;446.0;446.0;30.5;16.7;25.0;27.8;25.0;22.2;33.3;19.5;Q3
20202;ÁNCASH;AIJA;CORIS;93.3;371.0;354.0;46.3;39.7;10.7;3.3;49.8;32.8;14.0;3.3;Q4
20203;ÁNCASH;AIJA;HUACLLAN;100.0;468.0;436.0;0.0;28.6;57.1;14.3;14.3;28.6;42.9;14.3;Q3
20204;ÁNCASH;AIJA;LA MERCED;100.0;429.0;405.0;14.2;53.9;17.7;14.2;32.8;32.3;28.0;6.9;Q4
20205;ÁNCASH;AIJA;SUCCHA;100.0;468.0;508.0;12.5;25.0;50.0;12.5;0.0;12.5;50.0;37.5;Q1
20301;ÁNCASH;ANTONIO RAIMONDI;LLAMELLIN;96.8;420.0;418.0;21.5;36.2;39.1;3.2;21.5;31.3;37.4;9.8;Q3
20302;ÁNCASH;ANTONIO RAIMONDI;ACZO;100.0;451.0;416.0;12.1;33.3;36.4;18.2;21.2;33.3;42.4;3.0;Q3
20303;ÁNCASH;ANTONIO RAIMONDI;CHACCHO;100.0;408.0;383.0;24.7;48.5;22.0;4.9;36.9;43.6;17.1;2.4;Q4
20304;ÁNCASH;ANTONIO RAIMONDI;CHINGAS;100.0;514.0;495.0;8.1;5.4;43.3;43.3;8.1;10.8;40.6;40.6;Q1
20305;ÁNCASH;ANTONIO RAIMONDI;MIRGAS;100.0;368.0;399.0;34.8;60.9;4.4;0.0;30.4;29.0;30.5;10.1;Q4
20306;ÁNCASH;ANTONIO RAIMONDI;SAN JUAN DE RONTOY;100.0;340.0;336.0;65.6;28.1;3.1;3.1;65.6;25.0;9.4;0.0;Q4
20401;ÁNCASH;ASUNCIÓN;CHACAS;97.2;465.0;457.0;10.2;27.1;40.7;22.0;11.6;19.3;47.8;21.2;Q2
20402;ÁNCASH;ASUNCIÓN;ACOCHACA;100.0;416.0;415.0;26.3;40.4;26.3;7.0;22.8;35.1;33.3;8.8;Q3
20501;ÁNCASH;BOLOGNESI;CHIQUIAN;98.8;512.0;508.0;2.5;16.5;44.5;36.4;5.1;15.3;44.4;35.2;Q1
20504;ÁNCASH;BOLOGNESI;AQUIA;100.0;472.0;440.0;6.9;27.6;48.3;17.2;6.9;31.0;48.3;13.8;Q3
20505;ÁNCASH;BOLOGNESI;CAJACAY;100.0;453.0;462.0;8.0;44.0;28.0;20.0;8.0;20.0;60.0;12.0;Q2
20507;ÁNCASH;BOLOGNESI;COLQUIOC;93.5;487.0;492.0;7.0;24.6;33.4;35.1;0.0;28.4;35.8;35.8;Q1
20508;ÁNCASH;BOLOGNESI;HUALLANCA;100.0;441.0;428.0;16.7;35.4;27.3;20.5;29.8;21.8;28.0;20.5;Q3
20509;ÁNCASH;BOLOGNESI;HUASTA;100.0;454.0;480.0;4.3;34.8;39.1;21.7;8.7;17.4;39.1;34.8;Q2
20511;ÁNCASH;BOLOGNESI;LA PRIMAVERA;100.0;362.0;328.0;60.0;20.0;20.0;0.0;60.0;40.0;0.0;0.0;Q4
20513;ÁNCASH;BOLOGNESI;PACLLON;100.0;432.0;417.0;28.6;21.4;42.9;7.1;14.3;35.7;50.0;0.0;Q3
20514;ÁNCASH;BOLOGNESI;SAN MIGUEL DE CORPANQUI;100.0;417.0;388.0;20.0;40.0;0.0;40.0;20.0;40.0;40.0;0.0;Q4
20515;ÁNCASH;BOLOGNESI;TICLLOS;100.0;483.0;481.0;7.7;15.4;46.2;30.8;0.0;23.1;53.8;23.1;Q2
20601;ÁNCASH;CARHUAZ;CARHUAZ;99.7;461.0;447.0;13.5;33.8;26.4;26.4;18.6;28.4;31.1;22.0;Q3
20602;ÁNCASH;CARHUAZ;ACOPAMPA;100.0;408.0;434.0;13.9;66.7;13.9;5.6;13.9;25.0;55.6;5.6;Q3
20603;ÁNCASH;CARHUAZ;AMASHCA;93.3;399.0;350.0;28.3;40.0;31.7;0.0;48.3;45.0;6.7;0.0;Q4
20604;ÁNCASH;CARHUAZ;ANTA;100.0;435.0;414.0;13.8;34.5;44.8;6.9;20.7;31.0;37.9;10.3;Q3
20605;ÁNCASH;CARHUAZ;ATAQUERO;89.3;336.0;312.0;75.0;17.9;7.1;0.0;82.1;14.3;0.0;3.6;Q4
20606;ÁNCASH;CARHUAZ;MARCARA;97.4;401.0;382.0;29.3;42.5;20.8;7.4;41.1;29.7;23.9;5.3;Q4
20607;ÁNCASH;CARHUAZ;PARIAHUANCA;96.2;469.0;435.0;8.0;24.0;44.0;24.0;20.0;24.0;44.0;12.0;Q3
20608;ÁNCASH;CARHUAZ;SAN MIGUEL DE ACO;100.0;412.0;423.0;25.0;41.7;25.0;8.3;8.3;58.3;25.0;8.3;Q3
20609;ÁNCASH;CARHUAZ;SHILLA;100.0;384.0;420.0;42.5;37.5;12.5;7.5;17.5;42.5;32.5;7.5;Q3
20610;ÁNCASH;CARHUAZ;TINCO;100.0;437.0;415.0;12.9;35.5;38.7;12.9;19.4;35.5;38.7;6.5;Q3
20611;ÁNCASH;CARHUAZ;YUNGAR;91.4;421.0;445.0;15.8;40.8;40.3;3.1;12.8;28.2;46.6;12.4;Q3
20701;ÁNCASH;CARLOS FERMÍN FITZCARRAL;SAN LUIS;100.0;439.0;445.0;16.5;38.3;27.8;17.4;16.2;32.6;30.1;21.2;Q3
20702;ÁNCASH;CARLOS FERMÍN FITZCARRAL;SAN NICOLAS;100.0;392.0;399.0;29.0;55.2;13.2;2.6;34.2;18.4;42.1;5.3;Q4
20703;ÁNCASH;CARLOS FERMÍN FITZCARRAL;YAUYA;98.8;366.0;366.0;53.9;24.9;16.5;4.7;54.0;24.8;14.1;7.1;Q4
20801;ÁNCASH;CASMA;CASMA;96.7;470.0;463.0;8.1;29.8;36.3;25.9;9.7;22.6;43.9;23.7;Q2
20802;ÁNCASH;CASMA;BUENA VISTA ALTA;95.9;414.0;417.0;27.7;29.0;32.5;10.8;29.7;21.1;36.2;12.9;Q3
20803;ÁNCASH;CASMA;COMANDANTE NOEL;100.0;460.0;402.0;5.3;47.4;26.3;21.1;31.6;36.9;21.1;10.5;Q4
20804;ÁNCASH;CASMA;YAUTAN;96.3;445.0;450.0;12.7;39.4;32.1;15.8;14.1;25.2;44.4;16.3;Q2
20901;ÁNCASH;CORONGO;CORONGO;100.0;516.0;492.0;0.0;16.7;41.7;41.7;4.2;12.5;41.7;41.7;Q1
20902;ÁNCASH;CORONGO;ACO;100.0;379.0;345.0;60.0;20.0;20.0;0.0;60.0;20.0;20.0;0.0;Q4
20904;ÁNCASH;CORONGO;CUSCA;100.0;419.0;441.0;13.6;54.5;20.5;11.4;11.4;34.1;38.6;15.9;Q3
20905;ÁNCASH;CORONGO;LA PAMPA;100.0;421.0;408.0;18.2;50.0;27.3;4.5;22.7;40.9;27.3;9.1;Q4
20907;ÁNCASH;CORONGO;YUPAN;100.0;344.0;329.0;80.0;0.0;20.0;0.0;60.0;40.0;0.0;0.0;Q4
21001;ÁNCASH;HUARI;HUARI;99.3;465.0;456.0;11.1;33.6;27.4;27.9;13.9;28.0;33.5;24.6;Q2
21002;ÁNCASH;HUARI;ANRA;100.0;391.0;383.0;40.9;25.0;27.3;6.8;40.9;22.7;29.6;6.8;Q4
21003;ÁNCASH;HUARI;CAJAY;93.5;392.0;359.0;37.6;44.6;17.7;0.0;45.1;44.6;10.2;0.0;Q4
21004;ÁNCASH;HUARI;CHAVIN DE HUANTAR;100.0;418.0;391.0;25.1;38.5;29.3;7.1;33.3;34.3;28.3;4.1;Q4
21005;ÁNCASH;HUARI;HUACACHI;100.0;416.0;418.0;14.3;52.4;28.6;4.8;28.5;19.1;42.9;9.5;Q3
21006;ÁNCASH;HUARI;HUACCHIS;96.2;434.0;489.0;7.7;48.3;32.1;12.0;15.4;7.9;32.3;44.5;Q1
21007;ÁNCASH;HUARI;HUACHIS;100.0;458.0;450.0;13.4;28.4;34.3;23.9;28.4;20.9;25.4;25.4;Q2
21008;ÁNCASH;HUARI;HUANTAR;100.0;394.0;396.0;23.3;63.3;10.0;3.3;30.0;40.0;23.3;6.7;Q4
21009;ÁNCASH;HUARI;MASIN;100.0;504.0;495.0;0.0;0.0;72.2;27.8;0.0;5.6;66.7;27.8;Q1
21010;ÁNCASH;HUARI;PAUCAS;97.4;367.0;369.0;50.7;41.0;2.8;5.6;53.1;27.5;13.8;5.6;Q4
21011;ÁNCASH;HUARI;PONTO;100.0;422.0;470.0;18.2;36.4;45.5;0.0;9.1;18.2;54.5;18.2;Q2
21012;ÁNCASH;HUARI;RAHUAPAMPA;94.1;509.0;501.0;0.0;6.3;62.5;31.3;0.0;6.3;75.0;18.8;Q1
21013;ÁNCASH;HUARI;RAPAYAN;100.0;403.0;436.0;26.3;50.0;21.1;2.6;15.8;36.9;31.6;15.8;Q3
21014;ÁNCASH;HUARI;SAN MARCOS;100.0;438.0;423.0;18.1;33.8;31.3;16.7;20.8;27.6;42.2;9.4;Q3
21015;ÁNCASH;HUARI;SAN PEDRO DE CHANA;93.2;387.0;393.0;35.2;39.1;23.4;2.3;38.2;33.9;9.8;18.2;Q4
21016;ÁNCASH;HUARI;UCO;100.0;421.0;416.0;20.0;40.0;40.0;0.0;20.0;60.0;0.0;20.0;Q3
21101;ÁNCASH;HUARMEY;HUARMEY;97.4;492.0;477.0;4.4;23.9;37.0;34.6;7.1;20.8;47.6;24.5;Q2
21102;ÁNCASH;HUARMEY;COCHAPETI;100.0;371.0;346.0;37.5;50.0;12.5;0.0;62.5;25.0;12.5;0.0;Q4
21103;ÁNCASH;HUARMEY;CULEBRAS;96.6;448.0;415.0;3.7;41.2;51.5;3.7;10.6;53.1;29.2;7.1;Q3
21104;ÁNCASH;HUARMEY;HUAYAN;100.0;459.0;422.0;14.3;33.3;28.6;23.8;23.8;38.1;23.8;14.3;Q3
21201;ÁNCASH;HUAYLAS;CARAZ;96.8;445.0;432.0;17.8;34.0;28.5;19.7;20.3;29.0;36.9;13.8;Q3
21202;ÁNCASH;HUAYLAS;HUALLANCA;100.0;435.0;425.0;11.1;55.6;11.1;22.2;11.1;55.6;22.2;11.1;Q3
21203;ÁNCASH;HUAYLAS;HUATA;100.0;325.0;315.0;86.7;13.3;0.0;0.0;76.7;23.3;0.0;0.0;Q4
21204;ÁNCASH;HUAYLAS;HUAYLAS;100.0;413.0;422.0;25.0;50.0;20.0;5.0;15.0;45.0;30.0;10.0;Q3
21205;ÁNCASH;HUAYLAS;MATO;100.0;422.0;395.0;20.8;45.8;20.8;12.5;37.5;25.0;33.3;4.2;Q4
21206;ÁNCASH;HUAYLAS;PAMPAROMAS;97.4;393.0;408.0;34.3;47.5;12.6;5.6;31.4;27.2;28.8;12.7;Q4
21207;ÁNCASH;HUAYLAS;PUEBLO LIBRE;98.7;412.0;410.0;16.5;51.4;28.2;3.9;25.5;32.2;32.1;10.2;Q4
21208;ÁNCASH;HUAYLAS;SANTA CRUZ;93.7;370.0;376.0;51.7;36.5;9.7;2.1;45.8;27.4;24.7;2.1;Q4
21209;ÁNCASH;HUAYLAS;SANTO TORIBIO;100.0;413.0;410.0;31.2;36.8;18.2;13.8;30.8;13.4;41.5;14.2;Q4
21210;ÁNCASH;HUAYLAS;YURACMARCA;94.9;390.0;400.0;33.8;40.5;25.7;0.0;20.5;37.9;41.5;0.0;Q4
21302;ÁNCASH;MARISCAL LUZURIAGA;CASCA;100.0;347.0;385.0;51.6;45.2;3.2;0.0;41.9;22.6;35.5;0.0;Q4
21303;ÁNCASH;MARISCAL LUZURIAGA;ELEAZAR GUZMAN BARRON;97.4;314.0;302.0;86.8;13.2;0.0;0.0;86.8;13.2;0.0;0.0;Q4
21304;ÁNCASH;MARISCAL LUZURIAGA;FIDEL OLIVAS ESCUDERO;96.6;323.0;316.0;75.9;20.7;3.4;0.0;79.3;20.7;0.0;0.0;Q4
21305;ÁNCASH;MARISCAL LUZURIAGA;LLAMA;100.0;408.0;408.0;20.0;60.0;20.0;0.0;0.0;80.0;20.0;0.0;Q4
21307;ÁNCASH;MARISCAL LUZURIAGA;LUCMA;100.0;394.0;386.0;32.3;45.2;22.6;0.0;32.3;35.5;29.0;3.2;Q4
21401;ÁNCASH;OCROS;OCROS;100.0;479.0;466.0;7.7;23.1;38.5;30.8;0.0;23.1;69.2;7.7;Q2
21403;ÁNCASH;OCROS;CAJAMARQUILLA;87.5;380.0;382.0;42.9;42.9;14.3;0.0;42.9;28.6;28.6;0.0;Q4
21405;ÁNCASH;OCROS;COCHAS;94.4;417.0;425.0;25.6;37.8;31.1;5.6;12.2;38.9;37.8;11.1;Q3
21406;ÁNCASH;OCROS;CONGAS;100.0;477.0;464.0;0.0;25.0;41.7;33.3;0.0;25.0;50.0;25.0;Q2
21409;ÁNCASH;OCROS;SAN PEDRO;100.0;457.0;414.0;0.0;33.3;66.7;0.0;0.0;83.3;16.7;0.0;Q3
21410;ÁNCASH;OCROS;SANTIAGO DE CHILCAS;100.0;411.0;397.0;26.7;53.3;6.7;13.3;33.3;26.7;33.3;6.7;Q4
21501;ÁNCASH;PALLASCA;CABANA;95.8;526.0;572.0;4.2;8.5;26.1;61.2;8.3;0.0;15.2;76.5;Q1
21502;ÁNCASH;PALLASCA;BOLOGNESI;100.0;423.0;389.0;30.0;20.0;45.0;5.0;45.0;20.0;35.0;0.0;Q4
21503;ÁNCASH;PALLASCA;CONCHUCOS;98.6;437.0;438.0;19.7;29.7;34.0;16.6;21.0;24.9;38.3;15.9;Q3
21504;ÁNCASH;PALLASCA;HUACASCHUQUE;94.4;431.0;409.0;17.2;41.4;35.4;6.1;28.8;29.3;29.8;12.1;Q4
21505;ÁNCASH;PALLASCA;HUANDOVAL;100.0;551.0;562.0;0.0;18.8;12.5;68.8;0.0;0.0;31.3;68.8;Q1
21506;ÁNCASH;PALLASCA;LACABAMBA;100.0;475.0;542.0;0.0;40.0;40.0;20.0;0.0;0.0;50.0;50.0;Q1
21507;ÁNCASH;PALLASCA;LLAPO;100.0;526.0;475.0;0.0;7.7;53.8;38.5;0.0;23.1;53.8;23.1;Q2
21508;ÁNCASH;PALLASCA;PALLASCA;96.5;455.0;425.0;13.1;29.2;38.0;19.6;17.0;26.9;50.9;5.3;Q3
21509;ÁNCASH;PALLASCA;PAMPAS;98.9;461.0;464.0;13.8;30.8;32.6;22.8;8.0;33.3;35.9;22.8;Q2
21510;ÁNCASH;PALLASCA;SANTA ROSA;83.3;479.0;521.0;0.0;22.2;47.2;30.6;0.0;13.9;47.2;38.9;Q1
21511;ÁNCASH;PALLASCA;TAUCA;100.0;453.0;430.0;6.7;33.3;42.2;17.8;13.3;28.9;53.3;4.4;Q3
21601;ÁNCASH;POMABAMBA;POMABAMBA;53.8;;;;;;;;;;;
21604;ÁNCASH;POMABAMBA;QUINUABAMBA;100.0;340.0;368.0;83.3;0.0;16.7;0.0;66.7;16.7;16.7;0.0;Q4
21701;ÁNCASH;RECUAY;RECUAY;100.0;471.0;452.0;8.3;34.3;29.4;28.0;9.3;31.9;41.2;17.7;Q2
21702;ÁNCASH;RECUAY;CATAC;96.7;435.0;441.0;13.6;49.2;20.3;16.8;13.6;34.0;37.3;15.1;Q3
21703;ÁNCASH;RECUAY;COTAPARACO;100.0;489.0;464.0;0.0;40.0;0.0;60.0;0.0;40.0;20.0;40.0;Q2
21704;ÁNCASH;RECUAY;HUAYLLAPAMPA;100.0;420.0;420.0;16.7;50.0;33.3;0.0;0.0;50.0;50.0;0.0;Q3
21705;ÁNCASH;RECUAY;LLACLLIN;100.0;455.0;443.0;6.7;40.0;46.7;6.7;6.7;13.3;73.3;6.7;Q3
21706;ÁNCASH;RECUAY;MARCA;100.0;447.0;471.0;12.5;37.5;37.5;12.5;25.0;0.0;62.5;12.5;Q2
21708;ÁNCASH;RECUAY;PARARIN;100.0;409.0;433.0;35.7;21.4;35.7;7.1;14.3;42.9;28.6;14.3;Q3
21709;ÁNCASH;RECUAY;TAPACOCHA;100.0;371.0;359.0;42.9;57.1;0.0;0.0;57.1;28.6;14.3;0.0;Q4
21710;ÁNCASH;RECUAY;TICAPAMPA;100.0;512.0;564.0;5.9;8.8;38.2;47.1;2.9;8.8;29.4;58.8;Q1
21801;ÁNCASH;SANTA;CHIMBOTE;95.4;490.0;474.0;4.5;24.4;38.0;33.1;5.8;21.2;49.0;24.0;Q2
21802;ÁNCASH;SANTA;CACERES DEL PERU;94.7;408.0;409.0;32.9;36.1;24.1;6.9;23.7;39.3;29.8;7.2;Q4
21803;ÁNCASH;SANTA;COISHCO;96.8;474.0;464.0;5.2;23.5;45.5;25.7;6.1;26.1;44.5;23.3;Q2
21804;ÁNCASH;SANTA;MACATE;100.0;378.0;375.0;47.8;30.4;21.7;0.0;47.8;26.1;21.7;4.3;Q4
21805;ÁNCASH;SANTA;MORO;94.9;446.0;424.0;11.1;33.9;37.9;17.1;12.4;37.8;46.3;3.6;Q3
21806;ÁNCASH;SANTA;NEPEÑA;97.3;472.0;479.0;8.3;27.8;36.9;27.1;8.7;22.8;42.0;26.5;Q2
21807;ÁNCASH;SANTA;SAMANCO;98.3;498.0;476.0;3.5;20.5;39.8;36.2;3.4;19.1;58.7;18.8;Q2
21808;ÁNCASH;SANTA;SANTA;97.0;473.0;469.0;7.6;30.2;35.6;26.7;8.3;20.9;48.5;22.3;Q2
21809;ÁNCASH;SANTA;NUEVO CHIMBOTE;96.8;507.0;483.0;2.8;19.1;38.1;39.9;4.8;18.6;48.4;28.3;Q1
21901;ÁNCASH;SIHUAS;SIHUAS;98.1;456.0;459.0;9.7;40.6;29.0;20.6;6.1;35.4;42.9;15.6;Q2
21902;ÁNCASH;SIHUAS;ACOBAMBA;100.0;383.0;374.0;40.9;40.9;15.9;2.3;43.2;34.1;18.2;4.5;Q4
21903;ÁNCASH;SIHUAS;ALFONSO UGARTE;100.0;429.0;392.0;0.0;66.7;33.3;0.0;16.7;50.0;33.3;0.0;Q4
21904;ÁNCASH;SIHUAS;CASHAPAMPA;97.5;377.0;373.0;43.9;43.2;12.9;0.0;30.8;48.9;20.3;0.0;Q4
21905;ÁNCASH;SIHUAS;CHINGALPO;93.8;445.0;420.0;7.5;47.5;32.5;12.5;22.5;27.5;43.8;6.3;Q3
21906;ÁNCASH;SIHUAS;HUAYLLABAMBA;100.0;367.0;360.0;45.2;45.2;6.5;3.2;48.4;41.9;6.5;3.2;Q4
21907;ÁNCASH;SIHUAS;QUICHES;100.0;391.0;388.0;30.2;51.2;18.6;0.0;30.2;41.9;27.9;0.0;Q4
21908;ÁNCASH;SIHUAS;RAGASH;95.7;381.0;384.0;36.4;44.9;18.7;0.0;36.2;36.0;25.1;2.7;Q4
21909;ÁNCASH;SIHUAS;SAN JUAN;100.0;361.0;344.0;52.7;33.8;12.2;1.4;60.8;32.4;5.4;1.4;Q4
22001;ÁNCASH;YUNGAY;YUNGAY;95.6;444.0;444.0;15.3;36.3;31.6;16.7;14.6;31.3;33.7;20.4;Q3
22002;ÁNCASH;YUNGAY;CASCAPARA;97.6;353.0;343.0;61.6;26.4;12.1;0.0;63.8;21.8;14.5;0.0;Q4
22003;ÁNCASH;YUNGAY;MANCOS;98.0;400.0;399.0;24.2;53.0;18.7;4.2;22.1;44.9;29.8;3.1;Q4
22004;ÁNCASH;YUNGAY;MATACOTO;100.0;456.0;448.0;0.0;42.9;42.9;14.3;9.5;33.3;42.9;14.3;Q3
22005;ÁNCASH;YUNGAY;QUILLO;97.0;388.0;406.0;40.6;36.8;16.8;5.7;36.3;35.0;12.2;16.5;Q4
22006;ÁNCASH;YUNGAY;RANRAHIRCA;96.7;438.0;408.0;13.5;34.4;38.2;13.9;37.6;13.6;41.8;7.0;Q4
22007;ÁNCASH;YUNGAY;SHUPLUY;100.0;346.0;341.0;71.4;14.3;14.3;0.0;67.9;17.9;14.3;0.0;Q4
22008;ÁNCASH;YUNGAY;YANAMA;98.6;404.0;398.0;37.4;31.7;20.5;10.4;35.3;35.1;17.2;12.4;Q4
30101;APURÍMAC;ABANCAY;ABANCAY;98.6;507.0;500.0;5.4;18.9;33.8;41.9;6.6;15.8;40.8;36.7;Q1
30102;APURÍMAC;ABANCAY;CHACOCHE;100.0;433.0;445.0;19.2;30.8;38.5;11.5;11.5;26.9;50.0;11.5;Q3
30103;APURÍMAC;ABANCAY;CIRCA;100.0;407.0;389.0;9.1;63.6;27.3;0.0;36.4;36.4;27.3;0.0;Q4
30104;APURÍMAC;ABANCAY;CURAHUASI;97.3;408.0;391.0;35.8;34.5;17.1;12.7;39.6;28.6;23.6;8.2;Q4
30105;APURÍMAC;ABANCAY;HUANIPACA;100.0;449.0;417.0;3.3;50.0;36.7;10.0;26.7;30.0;36.7;6.7;Q3
30106;APURÍMAC;ABANCAY;LAMBRAMA;100.0;356.0;383.0;53.3;26.7;20.0;0.0;46.7;26.7;26.7;0.0;Q4
30108;APURÍMAC;ABANCAY;SAN PEDRO DE CACHORA;100.0;411.0;405.0;28.3;37.1;27.1;7.5;25.3;33.0;34.4;7.4;Q4
30109;APURÍMAC;ABANCAY;TAMBURCO;98.5;465.0;470.0;16.4;24.0;33.0;26.7;11.6;21.0;31.4;36.0;Q2
30201;APURÍMAC;ANDAHUAYLAS;ANDAHUAYLAS;98.4;470.0;471.0;12.6;25.2;34.0;28.3;11.0;21.7;38.6;28.7;Q2
30202;APURÍMAC;ANDAHUAYLAS;ANDARAPA;98.0;374.0;384.0;43.6;45.1;6.8;4.5;43.6;22.7;31.4;2.2;Q4
30203;APURÍMAC;ANDAHUAYLAS;CHIARA;100.0;376.0;353.0;36.4;54.5;9.1;0.0;45.5;45.5;9.1;0.0;Q4
30204;APURÍMAC;ANDAHUAYLAS;HUANCARAMA;100.0;427.0;473.0;25.0;35.0;25.0;15.0;5.0;35.0;35.0;25.0;Q2
30205;APURÍMAC;ANDAHUAYLAS;HUANCARAY;97.0;390.0;387.0;44.5;30.3;16.0;9.3;34.7;37.0;20.5;7.8;Q4
30206;APURÍMAC;ANDAHUAYLAS;HUAYANA;100.0;386.0;398.0;50.0;20.0;30.0;0.0;40.0;30.0;20.0;10.0;Q4
30207;APURÍMAC;ANDAHUAYLAS;KISHUARA;93.6;385.0;368.0;41.7;38.0;13.6;6.6;50.0;26.6;19.6;3.8;Q4
30208;APURÍMAC;ANDAHUAYLAS;PACOBAMBA;100.0;344.0;364.0;60.0;20.0;20.0;0.0;60.0;20.0;20.0;0.0;Q4
30209;APURÍMAC;ANDAHUAYLAS;PACUCHA;100.0;438.0;444.0;17.6;34.1;34.1;14.1;15.3;21.2;49.4;14.1;Q3
30210;APURÍMAC;ANDAHUAYLAS;PAMPACHIRI;100.0;383.0;395.0;31.7;58.5;7.3;2.4;19.5;53.7;24.4;2.4;Q4
30211;APURÍMAC;ANDAHUAYLAS;POMACOCHA;96.2;386.0;350.0;45.8;29.2;20.8;4.2;58.3;29.2;12.5;0.0;Q4
30213;APURÍMAC;ANDAHUAYLAS;SAN JERONIMO;99.1;434.0;432.0;23.3;35.2;25.0;16.4;21.3;29.4;35.7;13.6;Q3
30214;APURÍMAC;ANDAHUAYLAS;SAN MIGUEL DE CHACCRAMPA;100.0;411.0;407.0;19.0;42.9;38.1;0.0;14.3;42.9;42.9;0.0;Q4
30215;APURÍMAC;ANDAHUAYLAS;SANTA MARIA DE CHICMO;98.6;392.0;384.0;28.2;53.2;15.0;3.6;42.2;28.2;23.3;6.3;Q4
30216;APURÍMAC;ANDAHUAYLAS;TALAVERA;98.9;449.0;439.0;13.4;40.1;26.4;20.0;17.0;30.5;37.9;14.6;Q3
30218;APURÍMAC;ANDAHUAYLAS;TURPO;100.0;386.0;408.0;32.0;56.0;4.0;8.0;24.0;24.0;52.0;0.0;Q4
30219;APURÍMAC;ANDAHUAYLAS;KAQUIABAMBA;90.9;367.0;341.0;50.0;20.0;30.0;0.0;60.0;30.0;10.0;0.0;Q4
30220;APURÍMAC;ANDAHUAYLAS;JOSE MARIA ARGUEDAS;100.0;376.0;395.0;37.7;50.8;11.5;0.0;27.5;38.1;29.3;5.1;Q4
30301;APURÍMAC;ANTABAMBA;ANTABAMBA;98.2;476.0;461.0;7.3;36.8;23.6;32.3;11.4;22.1;41.4;25.0;Q2
30302;APURÍMAC;ANTABAMBA;EL ORO;100.0;481.0;492.0;0.0;40.0;20.0;40.0;0.0;20.0;50.0;30.0;Q1
30303;APURÍMAC;ANTABAMBA;HUAQUIRCA;100.0;425.0;410.0;27.4;13.3;51.1;8.1;31.8;15.2;50.3;2.7;Q4
30304;APURÍMAC;ANTABAMBA;JUAN ESPINOZA MEDRANO;100.0;508.0;520.0;4.4;29.4;17.4;48.7;0.0;0.0;64.6;35.4;Q1
30305;APURÍMAC;ANTABAMBA;OROPESA;100.0;401.0;375.0;26.5;46.9;20.4;6.1;34.7;46.9;16.3;2.0;Q4
30306;APURÍMAC;ANTABAMBA;PACHACONAS;100.0;426.0;408.0;18.1;47.8;18.8;15.2;8.7;58.7;32.6;0.0;Q4
30307;APURÍMAC;ANTABAMBA;SABAINO;100.0;466.0;444.0;4.0;36.0;40.0;20.0;4.0;36.0;56.0;4.0;Q3
30401;APURÍMAC;AYMARAES;CHALHUANCA;100.0;492.0;511.0;12.9;25.3;19.8;42.0;19.0;21.4;12.7;46.9;Q1
30402;APURÍMAC;AYMARAES;CAPAYA;100.0;400.0;398.0;37.5;25.0;25.0;12.5;37.5;12.5;50.0;0.0;Q4
30403;APURÍMAC;AYMARAES;CARAYBAMBA;100.0;399.0;376.0;30.4;47.6;14.3;7.7;30.4;51.2;14.9;3.6;Q4
30404;APURÍMAC;AYMARAES;CHAPIMARCA;96.7;392.0;374.0;31.1;45.6;20.0;3.3;41.7;34.4;23.9;0.0;Q4
30405;APURÍMAC;AYMARAES;COLCABAMBA;100.0;374.0;373.0;36.4;45.5;18.2;0.0;27.3;54.5;18.2;0.0;Q4
30406;APURÍMAC;AYMARAES;COTARUSE;100.0;434.0;439.0;21.4;23.8;45.2;9.5;14.3;28.6;47.6;9.5;Q3
30407;APURÍMAC;AYMARAES;IHUAYLLO;100.0;507.0;473.0;0.0;0.0;40.0;60.0;0.0;20.0;60.0;20.0;Q2
30408;APURÍMAC;AYMARAES;JUSTO APU SAHUARAURA;100.0;453.0;423.0;33.3;16.7;16.7;33.3;33.3;16.7;33.3;16.7;Q3
30409;APURÍMAC;AYMARAES;LUCRE;100.0;438.0;416.0;11.5;46.2;26.9;15.4;23.1;38.5;26.9;11.5;Q3
30411;APURÍMAC;AYMARAES;SAN JUAN DE CHACÑA;100.0;502.0;559.0;5.9;5.9;41.2;47.1;0.0;5.9;29.4;64.7;Q1
30412;APURÍMAC;AYMARAES;SAÑAYCA;100.0;416.0;415.0;31.3;37.5;12.5;18.8;12.5;31.3;56.3;0.0;Q3
30413;APURÍMAC;AYMARAES;SORAYA;85.7;478.0;424.0;0.0;33.3;33.3;33.3;16.7;33.3;33.3;16.7;Q3
30414;APURÍMAC;AYMARAES;TAPAIRIHUA;92.9;436.0;398.0;8.3;53.6;22.6;15.5;29.8;47.6;14.3;8.3;Q4
30415;APURÍMAC;AYMARAES;TINTAY;98.2;403.0;410.0;22.5;48.4;29.1;0.0;29.8;15.6;50.9;3.6;Q4
30416;APURÍMAC;AYMARAES;TORAYA;93.8;441.0;427.0;25.0;33.8;13.8;27.5;31.2;0.0;61.3;7.5;Q3
30417;APURÍMAC;AYMARAES;YANACA;100.0;492.0;472.0;0.0;12.5;75.0;12.5;0.0;0.0;87.5;12.5;Q2
30501;APURÍMAC;COTABAMBAS;TAMBOBAMBA;99.4;404.0;405.0;30.2;33.9;29.8;6.1;31.4;25.4;36.5;6.7;Q4
30502;APURÍMAC;COTABAMBAS;COTABAMBAS;100.0;379.0;361.0;31.6;55.3;13.2;0.0;47.4;34.2;18.4;0.0;Q4
30503;APURÍMAC;COTABAMBAS;COYLLURQUI;99.1;430.0;420.0;16.4;38.3;35.6;9.8;20.1;35.5;35.6;8.7;Q3
30504;APURÍMAC;COTABAMBAS;HAQUIRA;99.2;425.0;446.0;21.6;33.8;33.2;11.4;21.6;20.9;35.6;21.9;Q3
30505;APURÍMAC;COTABAMBAS;MARA;100.0;403.0;439.0;9.1;72.7;18.2;0.0;0.0;36.4;63.6;0.0;Q3
30506;APURÍMAC;COTABAMBAS;CHALLHUAHUACHO;97.9;444.0;445.0;9.4;48.7;29.0;13.0;16.6;24.1;45.6;13.7;Q3
30601;APURÍMAC;CHINCHEROS;CHINCHEROS;98.8;441.0;430.0;18.7;37.2;23.4;20.7;29.0;21.0;31.7;18.3;Q3
30602;APURÍMAC;CHINCHEROS;ANCO_HUALLO;99.0;472.0;483.0;8.5;30.4;35.6;25.5;7.7;23.1;37.5;31.7;Q1
30603;APURÍMAC;CHINCHEROS;COCHARCAS;100.0;358.0;379.0;50.0;43.8;6.3;0.0;37.5;37.5;25.0;0.0;Q4
30604;APURÍMAC;CHINCHEROS;HUACCANA;98.9;434.0;453.0;19.8;32.5;31.3;16.5;18.7;17.7;37.0;26.6;Q2
30605;APURÍMAC;CHINCHEROS;OCOBAMBA;99.0;412.0;390.0;28.8;42.8;14.6;13.8;36.5;36.1;18.5;9.0;Q4
30606;APURÍMAC;CHINCHEROS;ONGOY;100.0;412.0;406.0;23.1;46.2;23.1;7.7;23.1;38.5;30.8;7.7;Q4
30607;APURÍMAC;CHINCHEROS;URANMARCA;100.0;388.0;382.0;41.1;38.9;12.2;7.8;38.9;31.1;23.3;6.7;Q4
30608;APURÍMAC;CHINCHEROS;RANRACANCHA;97.0;384.0;365.0;43.8;37.5;9.4;9.4;53.1;31.3;6.3;9.4;Q4
30701;APURÍMAC;GRAU;CHUQUIBAMBILLA;99.1;476.0;454.0;9.4;25.5;32.1;33.0;9.4;28.4;41.6;20.6;Q2
30702;APURÍMAC;GRAU;CURPAHUASI;100.0;371.0;362.0;46.2;41.5;12.3;0.0;43.1;40.8;16.2;0.0;Q4
30703;APURÍMAC;GRAU;GAMARRA;97.2;380.0;365.0;47.7;29.2;17.6;5.6;50.5;31.9;11.6;6.0;Q4
30705;APURÍMAC;GRAU;MAMARA;100.0;474.0;468.0;6.7;33.3;20.0;40.0;0.0;33.3;40.0;26.7;Q2
30706;APURÍMAC;GRAU;MICAELA BASTIDAS;100.0;420.0;444.0;0.0;60.0;40.0;0.0;0.0;40.0;60.0;0.0;Q3
30707;APURÍMAC;GRAU;PATAYPAMPA;100.0;414.0;434.0;9.1;72.7;9.1;9.1;9.1;45.5;36.4;9.1;Q3
30708;APURÍMAC;GRAU;PROGRESO;97.7;422.0;436.0;29.9;30.6;23.3;16.3;27.6;7.0;49.2;16.3;Q3
30709;APURÍMAC;GRAU;SAN ANTONIO;100.0;392.0;410.0;36.4;45.5;18.2;0.0;9.1;54.5;36.4;0.0;Q4
30710;APURÍMAC;GRAU;SANTA ROSA;100.0;461.0;418.0;0.0;60.0;20.0;20.0;0.0;40.0;60.0;0.0;Q3
30711;APURÍMAC;GRAU;TURPAY;100.0;416.0;403.0;8.3;66.7;25.0;0.0;0.0;75.0;25.0;0.0;Q4
30712;APURÍMAC;GRAU;VILCABAMBA;100.0;455.0;454.0;12.0;36.0;20.0;32.0;12.0;24.0;40.0;24.0;Q2
30713;APURÍMAC;GRAU;VIRUNDO;100.0;467.0;493.0;0.0;40.0;53.3;6.7;0.0;0.0;80.0;20.0;Q1
40101;AREQUIPA;AREQUIPA;AREQUIPA;98.5;544.0;519.0;1.8;10.8;29.2;58.2;2.0;11.1;43.8;43.1;Q1
40102;AREQUIPA;AREQUIPA;ALTO SELVA ALEGRE;98.6;515.0;495.0;1.7;19.5;35.8;43.1;4.3;16.9;45.2;33.6;Q1
40103;AREQUIPA;AREQUIPA;CAYMA;99.3;524.0;505.0;2.1;17.7;29.8;50.4;2.7;15.4;43.8;38.1;Q1
40104;AREQUIPA;AREQUIPA;CERRO COLORADO;97.8;515.0;497.0;3.0;16.8;35.0;45.2;3.5;15.9;46.6;34.1;Q1
40105;AREQUIPA;AREQUIPA;CHARACATO;100.0;524.0;519.0;4.9;4.9;37.7;52.5;1.6;9.8;47.5;41.0;Q1
40106;AREQUIPA;AREQUIPA;CHIGUATA;95.8;467.0;455.0;13.3;18.2;43.6;25.0;8.7;26.9;47.7;16.7;Q2
40107;AREQUIPA;AREQUIPA;JACOBO HUNTER;98.2;513.0;489.0;3.0;17.3;34.8;44.8;5.1;17.1;44.6;33.2;Q1
40108;AREQUIPA;AREQUIPA;LA JOYA;97.8;479.0;476.0;7.1;29.1;33.0;30.8;7.1;22.9;43.0;27.1;Q2
40109;AREQUIPA;AREQUIPA;MARIANO MELGAR;98.4;512.0;491.0;2.9;17.8;35.2;44.1;4.7;16.2;47.6;31.5;Q1
40110;AREQUIPA;AREQUIPA;MIRAFLORES;97.5;531.0;513.0;2.7;12.8;31.8;52.7;2.3;14.0;43.7;40.1;Q1
40111;AREQUIPA;AREQUIPA;MOLLEBAYA;100.0;424.0;436.0;10.0;50.0;40.0;0.0;10.0;20.0;70.0;0.0;Q3
40112;AREQUIPA;AREQUIPA;PAUCARPATA;97.1;517.0;498.0;2.6;16.6;35.9;45.0;4.2;15.3;46.9;33.7;Q1
40114;AREQUIPA;AREQUIPA;POLOBAYA;100.0;533.0;522.0;0.0;0.0;33.3;66.7;0.0;16.7;66.7;16.7;Q1
40115;AREQUIPA;AREQUIPA;QUEQUEÑA;100.0;414.0;399.0;45.5;18.2;9.1;27.3;27.3;27.3;45.5;0.0;Q4
40116;AREQUIPA;AREQUIPA;SABANDIA;96.0;491.0;473.0;4.2;16.7;50.0;29.2;4.2;25.0;41.7;29.2;Q2
40117;AREQUIPA;AREQUIPA;SACHACA;98.5;529.0;497.0;3.1;12.4;32.8;51.7;3.2;15.5;47.1;34.3;Q1
40118;AREQUIPA;AREQUIPA;SAN JUAN DE SIGUAS;100.0;491.0;485.0;7.1;14.3;50.0;28.6;14.3;7.1;35.7;42.9;Q1
40119;AREQUIPA;AREQUIPA;SAN JUAN DE TARUCANI;100.0;504.0;482.0;0.0;20.0;60.0;20.0;0.0;20.0;60.0;20.0;Q1
40121;AREQUIPA;AREQUIPA;SANTA RITA DE SIGUAS;99.2;514.0;505.0;3.2;17.0;36.6;43.1;5.7;11.4;41.4;41.5;Q1
40122;AREQUIPA;AREQUIPA;SOCABAYA;98.5;512.0;499.0;2.6;19.9;35.8;41.7;3.3;15.5;46.9;34.3;Q1
40123;AREQUIPA;AREQUIPA;TIABAYA;97.0;526.0;515.0;1.2;14.9;33.7;50.2;2.0;7.6;48.4;42.0;Q1
40124;AREQUIPA;AREQUIPA;UCHUMAYO;97.6;503.0;470.0;6.2;17.3;36.6;39.9;8.7;18.1;48.6;24.5;Q2
40125;AREQUIPA;AREQUIPA;VITOR;98.1;459.0;458.0;9.7;33.6;35.1;21.6;11.7;29.4;37.3;21.6;Q2
40126;AREQUIPA;AREQUIPA;YANAHUARA;98.7;553.0;511.0;2.2;8.1;25.6;64.1;2.2;11.4;46.0;40.4;Q1
40127;AREQUIPA;AREQUIPA;YARABAMBA;92.9;482.0;470.0;3.6;31.0;38.9;26.6;7.5;19.0;50.4;23.0;Q2
40128;AREQUIPA;AREQUIPA;YURA;97.8;513.0;495.0;1.8;18.3;34.9;45.1;2.5;16.3;47.4;33.9;Q1
40129;AREQUIPA;AREQUIPA;JOSE LUIS BUSTAMANTE Y RIVERO;98.5;535.0;508.0;1.4;14.2;32.3;52.1;2.8;13.3;44.7;39.2;Q1
40201;AREQUIPA;CAMANÁ;CAMANA;99.1;499.0;494.0;2.8;21.5;38.9;36.7;2.6;15.6;49.8;32.1;Q1
40202;AREQUIPA;CAMANÁ;JOSE MARIA QUIMPER;96.4;513.0;497.0;0.0;10.7;44.5;44.8;3.6;7.1;63.1;26.2;Q1
40203;AREQUIPA;CAMANÁ;MARIANO NICOLAS VALCARCEL;97.5;502.0;496.0;1.3;21.4;42.7;34.6;3.0;16.7;42.7;37.6;Q1
40204;AREQUIPA;CAMANÁ;MARISCAL CACERES;100.0;502.0;512.0;0.0;27.3;25.5;47.3;0.0;14.5;49.1;36.4;Q1
40205;AREQUIPA;CAMANÁ;NICOLAS DE PIEROLA;97.6;492.0;498.0;7.6;18.9;36.5;37.0;3.4;15.0;42.1;39.5;Q1
40206;AREQUIPA;CAMANÁ;OCOÑA;97.6;471.0;470.0;12.9;20.2;34.9;32.0;12.7;25.4;32.7;29.3;Q2
40207;AREQUIPA;CAMANÁ;QUILCA;100.0;484.0;470.0;0.0;28.6;50.0;21.4;7.1;28.6;50.0;14.3;Q2
40208;AREQUIPA;CAMANÁ;SAMUEL PASTOR;97.0;505.0;489.0;4.5;19.1;33.0;43.4;3.7;19.3;40.9;36.1;Q1
40301;AREQUIPA;CARAVELÍ;CARAVELI;98.9;522.0;536.0;0.0;15.0;32.3;52.8;0.0;2.3;43.8;53.9;Q1
40302;AREQUIPA;CARAVELÍ;ACARI;97.7;464.0;447.0;9.7;34.3;28.2;27.8;9.9;29.4;45.6;15.2;Q3
40303;AREQUIPA;CARAVELÍ;ATICO;97.7;516.0;497.0;2.7;11.9;37.9;47.5;7.1;14.6;40.2;38.1;Q1
40305;AREQUIPA;CARAVELÍ;BELLA UNION;96.6;418.0;402.0;25.0;39.7;28.4;6.9;32.2;17.9;49.8;0.0;Q4
40307;AREQUIPA;CARAVELÍ;CHALA;98.8;487.0;480.0;5.1;25.7;41.6;27.6;3.2;22.6;45.3;28.9;Q2
40308;AREQUIPA;CARAVELÍ;CHAPARRA;97.8;519.0;504.0;5.1;14.3;30.1;50.5;5.1;14.5;48.5;32.0;Q1
40309;AREQUIPA;CARAVELÍ;HUANUHUANU;100.0;496.0;461.0;3.1;15.6;37.5;43.8;3.1;18.8;56.3;21.9;Q2
40310;AREQUIPA;CARAVELÍ;JAQUI;94.6;435.0;413.0;14.3;42.9;22.9;20.0;20.0;40.0;37.1;2.9;Q3
40311;AREQUIPA;CARAVELÍ;LOMAS;100.0;467.0;450.0;5.6;33.3;33.3;27.8;11.1;33.3;38.9;16.7;Q2
40312;AREQUIPA;CARAVELÍ;QUICACHA;100.0;487.0;506.0;0.0;27.8;50.0;22.2;0.0;22.2;38.9;38.9;Q1
40313;AREQUIPA;CARAVELÍ;YAUCA;97.0;468.0;478.0;6.7;30.0;36.7;26.7;6.7;16.7;46.7;30.0;Q2
40401;AREQUIPA;CASTILLA;APLAO;98.7;522.0;514.0;2.0;14.6;36.3;47.1;1.3;11.0;50.3;37.5;Q1
40402;AREQUIPA;CASTILLA;ANDAGUA;100.0;422.0;416.0;18.2;54.5;9.1;18.2;27.3;27.3;36.4;9.1;Q3
40404;AREQUIPA;CASTILLA;CHACHAS;100.0;416.0;408.0;31.4;34.3;22.9;11.4;28.6;31.4;25.7;14.3;Q4
40405;AREQUIPA;CASTILLA;CHILCAYMARCA;100.0;494.0;469.0;6.5;25.8;35.5;32.3;6.5;19.4;58.1;16.1;Q2
40407;AREQUIPA;CASTILLA;HUANCARQUI;100.0;644.0;666.0;0.0;0.0;0.0;100.0;0.0;0.0;0.0;100.0;Q1
40408;AREQUIPA;CASTILLA;MACHAGUAY;100.0;533.0;470.0;0.0;0.0;42.9;57.1;0.0;14.3;71.4;14.3;Q2
40409;AREQUIPA;CASTILLA;ORCOPAMPA;97.2;517.0;505.0;1.7;14.1;40.5;43.7;1.2;12.2;49.7;36.9;Q1
40410;AREQUIPA;CASTILLA;PAMPACOLCA;100.0;515.0;505.0;7.9;10.5;34.2;47.4;5.3;7.9;55.3;31.6;Q1
40413;AREQUIPA;CASTILLA;URACA;95.2;523.0;532.0;0.0;18.4;37.1;44.5;1.0;12.5;31.9;54.6;Q1
40414;AREQUIPA;CASTILLA;VIRACO;100.0;490.0;476.0;0.0;38.5;38.5;23.1;7.7;15.4;61.5;15.4;Q2
40501;AREQUIPA;CAYLLOMA;CHIVAY;100.0;525.0;537.0;2.4;10.5;33.9;53.2;1.6;5.6;37.1;55.6;Q1
40502;AREQUIPA;CAYLLOMA;ACHOMA;100.0;508.0;496.0;0.0;36.4;18.2;45.5;0.0;27.3;36.4;36.4;Q1
40503;AREQUIPA;CAYLLOMA;CABANACONDE;100.0;504.0;531.0;0.0;24.2;36.4;39.4;0.0;21.2;42.4;36.4;Q1
40504;AREQUIPA;CAYLLOMA;CALLALLI;100.0;488.0;515.0;5.6;22.2;38.9;33.3;0.0;16.7;44.4;38.9;Q1
40505;AREQUIPA;CAYLLOMA;CAYLLOMA;100.0;494.0;480.0;5.6;21.1;40.8;32.4;5.6;16.9;43.7;33.8;Q2
40506;AREQUIPA;CAYLLOMA;COPORAQUE;100.0;502.0;513.0;0.0;13.3;53.3;33.3;0.0;0.0;53.3;46.7;Q1
40507;AREQUIPA;CAYLLOMA;HUAMBO;88.9;514.0;523.0;0.0;25.0;37.5;37.5;0.0;0.0;62.5;37.5;Q1
40508;AREQUIPA;CAYLLOMA;HUANCA;90.0;374.0;379.0;33.3;66.7;0.0;0.0;44.4;22.2;33.3;0.0;Q4
40510;AREQUIPA;CAYLLOMA;LARI;94.7;490.0;462.0;5.6;27.8;38.9;27.8;16.7;22.2;44.4;16.7;Q2
40511;AREQUIPA;CAYLLOMA;LLUTA;100.0;521.0;497.0;0.0;0.0;60.0;40.0;0.0;20.0;40.0;40.0;Q1
40512;AREQUIPA;CAYLLOMA;MACA;100.0;468.0;481.0;0.0;60.0;20.0;20.0;0.0;20.0;60.0;20.0;Q2
40513;AREQUIPA;CAYLLOMA;MADRIGAL;100.0;595.0;620.0;0.0;10.0;10.0;80.0;0.0;0.0;20.0;80.0;Q1
40514;AREQUIPA;CAYLLOMA;SAN ANTONIO DE CHUCA;81.3;448.0;467.0;17.3;34.6;27.5;20.6;0.0;34.6;51.7;13.8;Q2
40515;AREQUIPA;CAYLLOMA;SIBAYO;100.0;520.0;504.0;0.0;27.3;9.1;63.6;0.0;9.1;54.5;36.4;Q1
40517;AREQUIPA;CAYLLOMA;TISCO;100.0;435.0;472.0;27.8;27.8;22.2;22.2;5.6;16.7;61.1;16.7;Q2
40518;AREQUIPA;CAYLLOMA;TUTI;100.0;484.0;506.0;0.0;22.2;44.4;33.3;11.1;0.0;44.4;44.4;Q1
40519;AREQUIPA;CAYLLOMA;YANQUE;96.2;512.0;519.0;7.9;16.0;31.8;44.2;3.8;11.8;44.2;40.2;Q1
40520;AREQUIPA;CAYLLOMA;MAJES;98.1;488.0;483.0;4.5;26.3;37.8;31.4;6.7;20.0;44.7;28.6;Q1
40601;AREQUIPA;CONDESUYOS;CHUQUIBAMBA;100.0;516.0;501.0;1.4;20.0;31.4;47.1;0.0;18.6;51.4;30.0;Q1
40603;AREQUIPA;CONDESUYOS;CAYARANI;98.7;397.0;400.0;26.9;52.5;18.0;2.5;24.4;48.7;23.1;3.8;Q4
40606;AREQUIPA;CONDESUYOS;RIO GRANDE;98.2;541.0;528.0;1.8;5.4;38.0;54.8;1.8;5.3;43.5;49.5;Q1
40607;AREQUIPA;CONDESUYOS;SALAMANCA;87.5;447.0;418.0;14.3;28.6;42.9;14.3;14.3;28.6;57.1;0.0;Q3
40608;AREQUIPA;CONDESUYOS;YANAQUIHUA;97.0;515.0;499.0;3.1;15.4;35.9;45.6;1.5;22.1;38.8;37.6;Q1
40701;AREQUIPA;ISLAY;MOLLENDO;95.9;522.0;516.0;1.1;18.6;31.7;48.6;2.2;14.7;39.1;44.0;Q1
40702;AREQUIPA;ISLAY;COCACHACRA;100.0;516.0;511.0;2.5;18.2;33.1;46.3;1.7;15.7;47.1;35.5;Q1
40703;AREQUIPA;ISLAY;DEAN VALDIVIA;98.8;516.0;506.0;2.3;17.4;37.4;42.8;3.5;12.8;49.1;34.7;Q1
40704;AREQUIPA;ISLAY;ISLAY;98.5;531.0;534.0;1.7;14.9;34.1;49.3;3.2;9.0;35.6;52.2;Q1
40705;AREQUIPA;ISLAY;MEJIA;100.0;501.0;506.0;0.0;35.7;21.4;42.9;0.0;28.6;21.4;50.0;Q1
40706;AREQUIPA;ISLAY;PUNTA DE BOMBON;98.9;520.0;538.0;0.0;17.4;36.9;45.6;1.1;5.4;39.1;54.5;Q1
40801;AREQUIPA;LA UNIÓN;COTAHUASI;97.6;485.0;507.0;2.4;22.0;48.8;26.8;0.0;12.2;46.3;41.5;Q1
40802;AREQUIPA;LA UNIÓN;ALCA;95.6;459.0;446.0;4.4;34.4;42.0;19.2;6.8;39.1;39.7;14.4;Q3
40803;AREQUIPA;LA UNIÓN;CHARCANA;100.0;422.0;441.0;37.5;12.5;37.5;12.5;25.0;25.0;25.0;25.0;Q3
40804;AREQUIPA;LA UNIÓN;HUAYNACOTAS;97.0;457.0;451.0;12.1;27.9;37.6;22.4;21.2;19.4;40.6;18.8;Q2
40805;AREQUIPA;LA UNIÓN;PAMPAMARCA;100.0;364.0;353.0;33.3;66.7;0.0;0.0;58.3;33.3;8.3;0.0;Q4
40806;AREQUIPA;LA UNIÓN;PUYCA;100.0;449.0;453.0;8.7;39.1;39.1;13.0;8.7;30.4;43.5;17.4;Q2
40808;AREQUIPA;LA UNIÓN;SAYLA;100.0;370.0;343.0;37.5;50.0;12.5;0.0;62.5;25.0;12.5;0.0;Q4
40809;AREQUIPA;LA UNIÓN;TAURIA;100.0;510.0;541.0;0.0;12.5;62.5;25.0;0.0;0.0;25.0;75.0;Q1
40810;AREQUIPA;LA UNIÓN;TOMEPAMPA;100.0;433.0;467.0;35.7;7.1;42.9;14.3;0.0;21.4;71.4;7.1;Q2
50101;AYACUCHO;HUAMANGA;AYACUCHO;99.0;508.0;494.0;3.8;19.2;35.4;41.6;4.8;17.0;44.1;34.1;Q1
50102;AYACUCHO;HUAMANGA;ACOCRO;98.3;382.0;372.0;30.3;62.8;6.8;0.0;32.3;59.3;8.3;0.0;Q4
50103;AYACUCHO;HUAMANGA;ACOS VINCHOS;98.9;407.0;407.0;32.0;35.5;23.7;8.7;29.8;31.2;29.2;9.8;Q4
50104;AYACUCHO;HUAMANGA;CARMEN ALTO;98.1;455.0;448.0;11.9;34.0;32.8;21.3;13.3;29.5;39.7;17.4;Q3
50105;AYACUCHO;HUAMANGA;CHIARA;93.6;406.0;395.0;24.7;49.1;22.6;3.7;28.9;42.7;23.1;5.3;Q4
50106;AYACUCHO;HUAMANGA;OCROS;100.0;455.0;446.0;8.2;41.1;31.5;19.2;16.4;21.9;41.1;20.5;Q3
50107;AYACUCHO;HUAMANGA;PACAYCASA;98.0;457.0;463.0;6.6;28.1;46.9;18.4;13.3;21.4;40.8;24.5;Q2
50108;AYACUCHO;HUAMANGA;QUINUA;98.7;431.0;430.0;18.0;38.7;29.7;13.6;13.9;36.0;41.9;8.2;Q3
50109;AYACUCHO;HUAMANGA;SAN JOSE DE TICLLAS;100.0;375.0;411.0;47.1;41.2;11.8;0.0;5.9;58.8;29.4;5.9;Q4
50110;AYACUCHO;HUAMANGA;SAN JUAN BAUTISTA;97.9;492.0;487.0;2.7;24.0;40.7;32.6;4.2;21.7;41.8;32.3;Q1
50111;AYACUCHO;HUAMANGA;SANTIAGO DE PISCHA;87.5;459.0;465.0;28.6;0.0;42.9;28.6;14.3;14.3;42.9;28.6;Q2
50112;AYACUCHO;HUAMANGA;SOCOS;97.9;399.0;397.0;31.4;49.1;15.2;4.3;18.1;51.6;26.1;4.3;Q4
50113;AYACUCHO;HUAMANGA;TAMBILLO;100.0;402.0;397.0;38.0;32.0;24.0;6.0;36.0;34.0;18.0;12.0;Q4
50114;AYACUCHO;HUAMANGA;VINCHOS;99.1;402.0;403.0;24.2;51.7;19.5;4.6;22.4;39.3;33.9;4.5;Q4
50115;AYACUCHO;HUAMANGA;JESUS NAZARENO;100.0;474.0;458.0;9.9;26.0;35.4;28.6;16.7;20.8;35.9;26.6;Q2
50116;AYACUCHO;HUAMANGA;ANDRÉS AVELINO CÁCERES DORREGARAY;90.9;492.0;449.0;11.1;11.1;55.6;22.2;0.0;44.4;55.6;0.0;Q2
50201;AYACUCHO;CANGALLO;CANGALLO;100.0;439.0;434.0;12.9;41.9;27.4;17.7;19.4;27.4;35.5;17.7;Q3
50202;AYACUCHO;CANGALLO;CHUSCHI;100.0;334.0;338.0;80.0;20.0;0.0;0.0;60.0;30.0;10.0;0.0;Q4
50203;AYACUCHO;CANGALLO;LOS MOROCHUCOS;98.6;425.0;421.0;16.7;47.3;27.6;8.4;15.9;38.5;35.9;9.8;Q3
50204;AYACUCHO;CANGALLO;MARIA PARADO DE BELLIDO;100.0;338.0;334.0;75.0;25.0;0.0;0.0;66.7;33.3;0.0;0.0;Q4
50205;AYACUCHO;CANGALLO;PARAS;98.3;374.0;368.0;33.5;57.8;8.8;0.0;38.0;49.5;10.7;1.8;Q4
50206;AYACUCHO;CANGALLO;TOTOS;100.0;383.0;389.0;41.4;34.5;17.2;6.9;36.2;29.3;27.6;6.9;Q4
50301;AYACUCHO;HUANCA SANCOS;SANCOS;89.2;497.0;477.0;8.5;17.1;36.9;37.5;24.0;8.5;40.4;27.0;Q2
50302;AYACUCHO;HUANCA SANCOS;CARAPO;100.0;426.0;427.0;18.6;53.2;15.7;12.5;12.1;42.5;32.9;12.5;Q3
50303;AYACUCHO;HUANCA SANCOS;SACSAMARCA;100.0;437.0;396.0;8.3;50.0;25.0;16.7;25.0;41.7;33.3;0.0;Q4
50304;AYACUCHO;HUANCA SANCOS;SANTIAGO DE LUCANAMARCA;100.0;414.0;412.0;26.5;36.8;28.9;7.9;31.8;37.4;20.5;10.3;Q4
50401;AYACUCHO;HUANTA;HUANTA;98.6;469.0;475.0;7.8;31.1;35.6;25.5;8.4;21.7;43.2;26.7;Q2
50402;AYACUCHO;HUANTA;AYAHUANCO;100.0;406.0;429.0;20.0;50.0;30.0;0.0;0.0;70.0;10.0;20.0;Q3
50403;AYACUCHO;HUANTA;HUAMANGUILLA;98.6;425.0;407.0;17.7;42.5;31.6;8.2;24.5;32.8;37.2;5.5;Q4
50404;AYACUCHO;HUANTA;IGUAIN;100.0;411.0;402.0;23.1;51.3;16.7;9.0;25.6;26.3;45.5;2.6;Q4
50405;AYACUCHO;HUANTA;LURICOCHA;99.2;409.0;404.0;23.6;52.3;17.5;6.6;27.9;35.4;31.8;5.0;Q4
50406;AYACUCHO;HUANTA;SANTILLANA;100.0;394.0;391.0;33.3;40.7;22.3;3.7;36.9;29.5;26.1;7.5;Q4
50407;AYACUCHO;HUANTA;SIVIA;98.5;416.0;426.0;18.8;48.9;26.1;6.3;16.0;32.4;47.0;4.6;Q3
50408;AYACUCHO;HUANTA;LLOCHEGUA;99.0;457.0;460.0;2.0;39.1;44.4;14.5;3.1;29.9;49.5;17.6;Q2
50409;AYACUCHO;HUANTA;CANAYRE;92.8;436.0;471.0;9.3;41.3;46.2;3.2;7.4;25.2;40.5;26.9;Q2
50410;AYACUCHO;HUANTA;UCHURACCAY;98.1;394.0;391.0;45.6;29.9;3.8;20.8;43.7;13.8;19.8;22.6;Q4
50411;AYACUCHO;HUANTA;PUCACOLPA;97.2;346.0;337.0;68.1;26.0;2.9;2.9;68.3;22.9;8.8;0.0;Q4
50412;AYACUCHO;HUANTA;CHACA;97.1;361.0;403.0;55.9;41.2;2.9;0.0;17.6;52.9;26.5;2.9;Q4
50501;AYACUCHO;LA MAR;SAN MIGUEL;100.0;446.0;456.0;15.9;28.6;40.1;15.4;15.4;18.1;43.4;23.1;Q2
50502;AYACUCHO;LA MAR;ANCO;98.0;451.0;452.0;11.6;36.3;35.4;16.6;11.0;28.9;42.3;17.9;Q2
50503;AYACUCHO;LA MAR;AYNA;95.5;450.0;432.0;6.6;42.0;35.0;16.4;19.1;21.0;47.8;12.1;Q3
50505;AYACUCHO;LA MAR;CHUNGUI;93.9;462.0;480.0;5.8;35.0;37.4;21.8;3.6;16.2;58.3;21.9;Q2
50506;AYACUCHO;LA MAR;LUIS CARRANZA;100.0;432.0;491.0;26.3;26.3;26.3;21.1;15.8;21.1;31.6;31.6;Q1
50507;AYACUCHO;LA MAR;SANTA ROSA;99.2;433.0;429.0;16.3;44.0;26.9;12.9;18.0;40.7;26.2;15.2;Q3
50508;AYACUCHO;LA MAR;TAMBO;96.2;424.0;426.0;21.1;38.2;30.7;10.1;25.2;27.6;29.7;17.5;Q3
50509;AYACUCHO;LA MAR;SAMUGARI;90.5;422.0;447.0;33.0;27.3;19.8;19.8;16.2;16.8;57.5;9.5;Q3
50510;AYACUCHO;LA MAR;ANCHIHUAY;98.8;398.0;401.0;29.3;44.6;22.4;3.7;23.2;43.7;26.8;6.3;Q4
50601;AYACUCHO;LUCANAS;PUQUIO;99.2;466.0;466.0;10.0;31.7;33.3;25.0;8.4;24.1;43.8;23.7;Q2
50602;AYACUCHO;LUCANAS;AUCARA;100.0;509.0;527.0;0.0;0.0;50.0;50.0;0.0;0.0;50.0;50.0;Q1
50603;AYACUCHO;LUCANAS;CABANA;100.0;471.0;482.0;0.0;33.3;53.3;13.3;13.3;20.0;33.3;33.3;Q1
50604;AYACUCHO;LUCANAS;CARMEN SALCEDO;100.0;501.0;493.0;0.0;15.8;52.6;31.6;0.0;21.1;52.6;26.3;Q1
50605;AYACUCHO;LUCANAS;CHAVIÑA;100.0;498.0;476.0;11.1;22.2;22.2;44.4;11.1;22.2;44.4;22.2;Q2
50606;AYACUCHO;LUCANAS;CHIPAO;100.0;488.0;484.0;10.3;25.0;27.3;37.5;14.4;20.8;25.3;39.5;Q1
50607;AYACUCHO;LUCANAS;HUAC-HUAS;100.0;467.0;489.0;0.0;40.0;60.0;0.0;0.0;20.0;40.0;40.0;Q1
50608;AYACUCHO;LUCANAS;LARAMATE;100.0;455.0;438.0;5.9;35.3;41.2;17.6;11.8;17.6;58.8;11.8;Q3
50609;AYACUCHO;LUCANAS;LEONCIO PRADO;100.0;485.0;494.0;0.0;20.0;60.0;20.0;0.0;0.0;100.0;0.0;Q1
50611;AYACUCHO;LUCANAS;LUCANAS;100.0;426.0;417.0;23.3;40.0;23.3;13.3;20.0;36.7;30.0;13.3;Q3
50612;AYACUCHO;LUCANAS;OCAÑA;100.0;447.0;418.0;7.7;30.8;46.2;15.4;23.1;38.5;30.8;7.7;Q3
50613;AYACUCHO;LUCANAS;OTOCA;100.0;474.0;529.0;0.0;38.5;53.8;7.7;0.0;7.7;53.8;38.5;Q1
50614;AYACUCHO;LUCANAS;SAISA;100.0;568.0;509.0;0.0;0.0;0.0;100.0;0.0;0.0;100.0;0.0;Q1
50615;AYACUCHO;LUCANAS;SAN CRISTOBAL;100.0;420.0;456.0;0.0;70.0;30.0;0.0;10.0;20.0;50.0;20.0;Q2
50616;AYACUCHO;LUCANAS;SAN JUAN;100.0;421.0;420.0;28.6;28.6;0.0;42.9;28.6;28.6;28.6;14.3;Q3
50617;AYACUCHO;LUCANAS;SAN PEDRO;100.0;373.0;397.0;48.4;35.5;9.7;6.5;29.0;48.4;12.9;9.7;Q4
50619;AYACUCHO;LUCANAS;SANCOS;98.6;469.0;459.0;13.0;25.9;31.1;30.0;15.8;20.1;38.5;25.6;Q2
50621;AYACUCHO;LUCANAS;SANTA LUCIA;93.8;455.0;446.0;6.7;33.3;40.0;20.0;6.7;46.7;26.7;20.0;Q3
50701;AYACUCHO;PARINACOCHAS;CORACORA;99.1;484.0;484.0;7.1;21.9;38.4;32.6;3.1;23.5;43.8;29.6;Q1
50702;AYACUCHO;PARINACOCHAS;CHUMPI;100.0;436.0;466.0;11.5;46.2;38.5;3.8;11.5;19.2;34.6;34.6;Q2
50703;AYACUCHO;PARINACOCHAS;CORONEL CASTAÑEDA;100.0;393.0;391.0;31.3;62.5;6.3;0.0;18.8;62.5;18.8;0.0;Q4
50704;AYACUCHO;PARINACOCHAS;PACAPAUSA;100.0;497.0;521.0;0.0;40.0;20.0;40.0;0.0;10.0;50.0;40.0;Q1
50705;AYACUCHO;PARINACOCHAS;PULLO;97.2;484.0;483.0;7.6;22.3;40.8;29.2;5.8;20.3;45.7;28.2;Q1
50706;AYACUCHO;PARINACOCHAS;PUYUSCA;91.7;467.0;445.0;4.2;33.3;45.8;16.7;4.2;30.6;52.8;12.5;Q3
50707;AYACUCHO;PARINACOCHAS;SAN FRANCISCO DE RAVACAYCO;100.0;467.0;407.0;0.0;66.7;16.7;16.7;16.7;33.3;50.0;0.0;Q4
50801;AYACUCHO;PÁUCAR DEL SARA SARA;PAUSA;97.9;497.0;463.0;4.5;19.5;41.2;34.9;2.1;26.3;54.3;17.2;Q2
50802;AYACUCHO;PÁUCAR DEL SARA SARA;COLTA;100.0;396.0;373.0;28.6;57.1;14.3;0.0;42.9;42.9;14.3;0.0;Q4
50803;AYACUCHO;PÁUCAR DEL SARA SARA;CORCULLA;100.0;458.0;433.0;16.7;50.0;0.0;33.3;0.0;83.3;0.0;16.7;Q3
50804;AYACUCHO;PÁUCAR DEL SARA SARA;LAMPA;100.0;468.0;465.0;6.1;21.2;54.5;18.2;3.0;18.2;63.6;15.2;Q2
50805;AYACUCHO;PÁUCAR DEL SARA SARA;MARCABAMBA;100.0;482.0;480.0;0.0;28.6;42.9;28.6;0.0;0.0;71.4;28.6;Q2
50806;AYACUCHO;PÁUCAR DEL SARA SARA;OYOLO;100.0;393.0;391.0;35.7;42.9;14.3;7.1;28.6;39.3;32.1;0.0;Q4
50809;AYACUCHO;PÁUCAR DEL SARA SARA;SAN JOSE DE USHUA;100.0;474.0;426.0;0.0;40.0;40.0;20.0;0.0;60.0;40.0;0.0;Q3
50901;AYACUCHO;SUCRE;QUEROBAMBA;100.0;510.0;514.0;5.0;12.5;42.5;40.0;7.5;10.0;42.5;40.0;Q1
50902;AYACUCHO;SUCRE;BELEN;100.0;419.0;382.0;0.0;66.7;33.3;0.0;16.7;83.3;0.0;0.0;Q4
50903;AYACUCHO;SUCRE;CHALCOS;100.0;416.0;370.0;0.0;60.0;40.0;0.0;20.0;60.0;20.0;0.0;Q4
50904;AYACUCHO;SUCRE;CHILCAYOC;100.0;444.0;460.0;20.0;40.0;0.0;40.0;0.0;40.0;40.0;20.0;Q2
50905;AYACUCHO;SUCRE;HUACAÑA;100.0;472.0;474.0;40.0;0.0;0.0;60.0;0.0;40.0;20.0;40.0;Q2
50907;AYACUCHO;SUCRE;PAICO;100.0;380.0;347.0;33.3;50.0;16.7;0.0;50.0;33.3;16.7;0.0;Q4
50909;AYACUCHO;SUCRE;SAN SALVADOR DE QUIJE;100.0;386.0;377.0;36.4;45.5;18.2;0.0;36.4;36.4;27.3;0.0;Q4
51001;AYACUCHO;VÍCTOR FAJARDO;HUANCAPI;100.0;481.0;464.0;0.0;33.3;44.4;22.2;33.3;0.0;33.3;33.3;Q2
51003;AYACUCHO;VÍCTOR FAJARDO;APONGO;100.0;459.0;468.0;14.3;28.6;28.6;28.6;0.0;28.6;42.9;28.6;Q2
51005;AYACUCHO;VÍCTOR FAJARDO;CANARIA;100.0;475.0;474.0;2.5;31.4;43.9;22.1;2.3;19.5;56.2;22.0;Q2
51007;AYACUCHO;VÍCTOR FAJARDO;COLCA;100.0;561.0;556.0;0.0;0.0;28.6;71.4;0.0;0.0;42.9;57.1;Q1
51009;AYACUCHO;VÍCTOR FAJARDO;HUANCARAYLLA;100.0;417.0;408.0;24.5;39.3;27.9;8.3;24.1;36.6;31.4;7.9;Q4
51010;AYACUCHO;VÍCTOR FAJARDO;HUAYA;100.0;450.0;450.0;5.1;46.2;30.7;18.0;5.2;33.4;48.6;12.8;Q2
51011;AYACUCHO;VÍCTOR FAJARDO;SARHUA;100.0;348.0;367.0;46.7;53.3;0.0;0.0;36.7;50.0;13.3;0.0;Q4
51012;AYACUCHO;VÍCTOR FAJARDO;VILCANCHOS;100.0;352.0;323.0;57.1;35.7;7.1;0.0;84.6;7.7;7.7;0.0;Q4
51101;AYACUCHO;VILCASHUAMÁN;VILCAS HUAMAN;92.9;420.0;388.0;8.2;61.2;30.6;0.0;39.8;15.3;44.9;0.0;Q4
51103;AYACUCHO;VILCASHUAMÁN;CARHUANCA;100.0;423.0;418.0;33.3;33.3;11.1;22.2;22.2;33.3;33.3;11.1;Q3
51104;AYACUCHO;VILCASHUAMÁN;CONCEPCION;97.6;433.0;444.0;11.9;41.3;41.3;5.6;11.9;21.4;59.5;7.1;Q3
51105;AYACUCHO;VILCASHUAMÁN;HUAMBALPA;94.4;407.0;418.0;23.6;36.8;39.6;0.0;11.1;43.1;45.8;0.0;Q3
51107;AYACUCHO;VILCASHUAMÁN;SAURAMA;100.0;369.0;365.0;62.5;12.5;25.0;0.0;37.5;50.0;12.5;0.0;Q4
51108;AYACUCHO;VILCASHUAMÁN;VISCHONGO;95.5;475.0;470.0;3.0;30.4;48.1;18.5;6.3;14.4;59.0;20.3;Q2
60101;CAJAMARCA;CAJAMARCA;CAJAMARCA;98.3;499.0;485.0;4.0;22.4;36.6;37.0;3.8;19.9;47.3;29.0;Q1
60102;CAJAMARCA;CAJAMARCA;ASUNCION;97.4;453.0;463.0;11.0;37.9;34.3;16.8;9.8;27.5;39.4;23.2;Q2
60103;CAJAMARCA;CAJAMARCA;CHETILLA;98.9;409.0;415.0;26.1;45.2;16.2;12.5;26.4;31.3;28.7;13.6;Q3
60104;CAJAMARCA;CAJAMARCA;COSPAN;95.7;389.0;397.0;37.5;36.8;20.6;5.1;35.3;30.0;30.1;4.6;Q4
60105;CAJAMARCA;CAJAMARCA;ENCAÑADA;95.0;404.0;419.0;26.5;44.9;23.0;5.7;23.0;36.6;29.5;10.9;Q3
60106;CAJAMARCA;CAJAMARCA;JESUS;98.7;421.0;414.0;21.5;40.2;26.0;12.2;28.9;24.9;33.8;12.5;Q3
60107;CAJAMARCA;CAJAMARCA;LLACANORA;100.0;443.0;446.0;16.0;29.4;38.7;16.0;14.6;18.7;53.4;13.3;Q3
60108;CAJAMARCA;CAJAMARCA;LOS BAÑOS DEL INCA;97.7;458.0;461.0;8.1;35.6;37.7;18.6;8.6;22.3;48.5;20.6;Q2
60109;CAJAMARCA;CAJAMARCA;MAGDALENA;98.6;439.0;455.0;20.3;28.9;32.3;18.5;18.0;18.6;40.3;23.2;Q2
60110;CAJAMARCA;CAJAMARCA;MATARA;100.0;454.0;435.0;16.4;32.8;26.3;24.6;19.7;26.2;37.7;16.4;Q3
60111;CAJAMARCA;CAJAMARCA;NAMORA;96.6;414.0;435.0;24.4;42.1;25.3;8.2;18.6;29.1;36.9;15.4;Q3
60112;CAJAMARCA;CAJAMARCA;SAN JUAN;96.1;401.0;412.0;36.9;36.4;17.4;9.2;28.3;35.7;21.4;14.6;Q4
60201;CAJAMARCA;CAJABAMBA;CAJABAMBA;89.0;466.0;462.0;11.8;31.6;28.9;27.6;12.4;22.7;43.1;21.8;Q2
60202;CAJAMARCA;CAJABAMBA;CACHACHI;95.2;422.0;430.0;24.8;38.6;21.4;15.2;24.6;24.9;34.3;16.2;Q3
60203;CAJAMARCA;CAJABAMBA;CONDEBAMBA;98.6;418.0;410.0;26.0;30.8;33.4;9.9;28.7;25.0;38.1;8.2;Q4
60204;CAJAMARCA;CAJABAMBA;SITACOCHA;96.5;411.0;408.0;29.1;39.4;22.2;9.3;24.9;38.0;29.4;7.7;Q4
60301;CAJAMARCA;CELENDÍN;CELENDIN;97.4;480.0;480.0;10.4;26.8;29.6;33.2;8.2;20.1;41.1;30.7;Q2
60302;CAJAMARCA;CELENDÍN;CHUMUCH;97.1;365.0;391.0;50.2;31.9;15.0;2.9;38.6;27.8;29.2;4.3;Q4
60303;CAJAMARCA;CELENDÍN;CORTEGANA;100.0;400.0;426.0;35.2;33.4;24.8;6.5;23.5;24.2;37.9;14.4;Q3
60304;CAJAMARCA;CELENDÍN;HUASMIN;94.8;410.0;424.0;27.0;42.7;23.2;7.2;20.2;28.7;40.1;11.0;Q3
60305;CAJAMARCA;CELENDÍN;JORGE CHAVEZ;87.5;439.0;472.0;14.3;42.9;28.6;14.3;0.0;14.3;85.7;0.0;Q2
60306;CAJAMARCA;CELENDÍN;JOSE GALVEZ;85.3;492.0;531.0;0.0;32.8;32.6;34.6;0.0;17.6;18.2;64.2;Q1
60307;CAJAMARCA;CELENDÍN;MIGUEL IGLESIAS;99.0;392.0;427.0;33.3;45.8;17.7;3.1;17.1;34.0;38.5;10.4;Q3
60308;CAJAMARCA;CELENDÍN;OXAMARCA;98.2;369.0;374.0;47.2;35.7;15.3;1.8;41.3;35.0;20.9;2.7;Q4
60309;CAJAMARCA;CELENDÍN;SOROCHUCO;97.6;429.0;441.0;25.2;26.4;37.4;11.0;25.2;24.7;26.3;23.8;Q3
60310;CAJAMARCA;CELENDÍN;SUCRE;92.7;429.0;427.0;24.5;36.1;21.9;17.5;22.0;29.7;33.0;15.3;Q3
60311;CAJAMARCA;CELENDÍN;UTCO;90.0;386.0;362.0;33.3;44.4;22.2;0.0;55.6;33.3;11.1;0.0;Q4
60312;CAJAMARCA;CELENDÍN;LA LIBERTAD DE PALLAN;97.9;425.0;438.0;20.6;36.7;31.0;11.6;13.7;32.9;41.0;12.3;Q3
60401;CAJAMARCA;CHOTA;CHOTA;90.0;483.0;506.0;7.8;20.5;43.4;28.3;4.9;13.2;41.4;40.4;Q1
60402;CAJAMARCA;CHOTA;ANGUIA;94.3;448.0;472.0;10.4;29.2;45.5;14.9;12.3;22.0;35.5;30.1;Q2
60403;CAJAMARCA;CHOTA;CHADIN;100.0;417.0;432.0;14.5;48.4;30.6;6.5;11.3;35.5;48.4;4.8;Q3
60404;CAJAMARCA;CHOTA;CHIGUIRIP;93.0;465.0;475.0;12.2;29.7;27.6;30.5;11.2;12.2;45.0;31.6;Q2
60405;CAJAMARCA;CHOTA;CHIMBAN;92.9;434.0;454.0;16.4;33.6;42.9;7.1;8.2;23.7;56.0;12.1;Q2
60406;CAJAMARCA;CHOTA;CHOROPAMPA;97.3;516.0;537.0;0.0;11.7;52.3;36.0;3.1;6.3;36.0;54.5;Q1
60407;CAJAMARCA;CHOTA;COCHABAMBA;98.9;458.0;485.0;9.1;31.9;41.1;17.8;4.5;27.3;33.1;35.1;Q1
60408;CAJAMARCA;CHOTA;CONCHAN;100.0;430.0;460.0;18.4;36.8;36.0;8.8;9.6;29.7;39.9;20.8;Q2
60409;CAJAMARCA;CHOTA;HUAMBOS;95.9;465.0;481.0;12.0;24.1;38.7;25.3;13.8;10.9;39.5;35.9;Q2
60410;CAJAMARCA;CHOTA;LAJAS;97.1;468.0;491.0;5.6;32.3;40.8;21.3;3.6;23.5;38.2;34.7;Q1
60411;CAJAMARCA;CHOTA;LLAMA;98.1;507.0;509.0;10.9;16.8;31.0;41.3;5.7;23.5;33.4;37.4;Q1
60412;CAJAMARCA;CHOTA;MIRACOSTA;96.6;372.0;372.0;44.8;34.5;20.7;0.0;51.7;24.1;10.3;13.8;Q4
60413;CAJAMARCA;CHOTA;PACCHA;96.5;470.0;490.0;6.0;31.5;35.3;27.2;4.8;17.0;46.1;32.1;Q1
60414;CAJAMARCA;CHOTA;PION;100.0;387.0;391.0;33.3;53.3;13.3;0.0;33.3;40.0;26.7;0.0;Q4
60415;CAJAMARCA;CHOTA;QUEROCOTO;97.2;426.0;430.0;24.1;34.8;25.6;15.5;22.6;26.9;34.9;15.5;Q3
60416;CAJAMARCA;CHOTA;SAN JUAN DE LICUPIS;100.0;401.0;411.0;0.0;100.0;0.0;0.0;50.0;0.0;50.0;0.0;Q4
60417;CAJAMARCA;CHOTA;TACABAMBA;97.5;446.0;463.0;12.4;41.1;29.6;16.9;8.0;25.4;45.9;20.7;Q2
60418;CAJAMARCA;CHOTA;TOCMOCHE;87.5;338.0;403.0;57.1;42.9;0.0;0.0;14.3;42.9;42.9;0.0;Q4
60419;CAJAMARCA;CHOTA;CHALAMARCA;98.9;462.0;497.0;7.2;37.1;31.4;24.4;6.7;22.2;26.0;45.2;Q1
60501;CAJAMARCA;CONTUMAZÁ;CONTUMAZA;91.2;451.0;460.0;21.9;21.2;33.0;23.9;15.3;19.2;40.7;24.8;Q2
60502;CAJAMARCA;CONTUMAZÁ;CHILETE;98.1;480.0;489.0;1.9;29.3;41.2;27.7;2.0;17.7;44.9;35.5;Q1
60503;CAJAMARCA;CONTUMAZÁ;CUPISNIQUE;100.0;473.0;409.0;0.0;25.0;75.0;0.0;0.0;62.5;37.5;0.0;Q4
60504;CAJAMARCA;CONTUMAZÁ;GUZMANGO;93.6;441.0;475.0;19.2;31.9;31.9;17.0;0.0;36.2;31.9;31.9;Q2
60505;CAJAMARCA;CONTUMAZÁ;SAN BENITO;98.0;488.0;495.0;8.9;22.4;37.6;31.0;4.1;18.7;43.7;33.5;Q1
60506;CAJAMARCA;CONTUMAZÁ;SANTA CRUZ DE TOLED;100.0;461.0;504.0;7.7;53.8;7.7;30.8;0.0;7.7;61.5;30.8;Q1
60507;CAJAMARCA;CONTUMAZÁ;TANTARICA;97.5;485.0;522.0;5.6;13.9;60.3;20.2;0.0;11.6;49.9;38.5;Q1
60508;CAJAMARCA;CONTUMAZÁ;YONAN;97.0;536.0;607.0;0.0;10.6;26.4;63.0;1.0;5.4;17.1;76.5;Q1
60601;CAJAMARCA;CUTERVO;CUTERVO;98.3;475.0;484.0;11.3;27.0;30.6;31.1;9.3;19.6;38.0;33.2;Q1
60602;CAJAMARCA;CUTERVO;CALLAYUC;97.0;426.0;438.0;27.0;32.6;22.8;17.6;19.8;28.3;32.3;19.5;Q3
60603;CAJAMARCA;CUTERVO;CHOROS;96.8;425.0;432.0;24.7;23.1;39.3;12.9;26.9;14.0;43.0;16.1;Q3
60604;CAJAMARCA;CUTERVO;CUJILLO;100.0;407.0;438.0;31.4;37.3;15.7;15.7;13.7;51.0;15.7;19.6;Q3
60605;CAJAMARCA;CUTERVO;LA RAMADA;99.0;461.0;462.0;15.6;28.7;22.3;33.4;18.7;17.0;37.2;27.1;Q2
60606;CAJAMARCA;CUTERVO;PIMPINGOS;97.3;415.0;430.0;18.9;50.0;25.7;5.4;16.1;36.3;35.7;12.0;Q3
60607;CAJAMARCA;CUTERVO;QUEROCOTILLO;97.6;423.0;443.0;26.5;32.4;24.3;16.8;21.3;23.9;35.1;19.7;Q3
60608;CAJAMARCA;CUTERVO;SAN ANDRES DE CUTERVO;98.9;451.0;461.0;5.7;41.8;37.4;15.1;5.9;25.9;50.9;17.3;Q2
60609;CAJAMARCA;CUTERVO;SAN JUAN DE CUTERVO;97.9;452.0;463.0;17.2;25.9;33.3;23.6;10.6;17.0;50.3;22.0;Q2
60610;CAJAMARCA;CUTERVO;SAN LUIS DE LUCMA;100.0;449.0;477.0;13.8;34.5;36.2;15.5;13.8;12.1;36.2;37.9;Q2
60611;CAJAMARCA;CUTERVO;SANTA CRUZ;96.0;396.0;383.0;23.0;56.0;21.0;0.0;41.8;34.9;21.1;2.2;Q4
60612;CAJAMARCA;CUTERVO;SANTO DOMINGO DE LA CAPILLA;98.2;445.0;464.0;19.9;25.6;29.3;25.2;13.7;29.2;27.5;29.7;Q2
60613;CAJAMARCA;CUTERVO;SANTO TOMAS;99.4;449.0;471.0;12.8;38.6;28.6;20.1;10.5;21.3;41.6;26.6;Q2
60614;CAJAMARCA;CUTERVO;SOCOTA;98.7;444.0;468.0;15.1;32.7;34.0;18.3;10.0;20.9;42.4;26.7;Q2
60615;CAJAMARCA;CUTERVO;TORIBIO CASANOVA;87.5;409.0;383.0;25.0;34.4;34.4;6.2;28.1;53.1;12.5;6.2;Q4
60701;CAJAMARCA;HUALGAYOC;BAMBAMARCA;98.3;473.0;488.0;10.7;27.0;36.1;26.2;8.0;19.4;39.8;32.8;Q1
60702;CAJAMARCA;HUALGAYOC;CHUGUR;100.0;506.0;513.0;11.3;20.7;24.5;43.5;9.4;18.8;33.9;37.8;Q1
60703;CAJAMARCA;HUALGAYOC;HUALGAYOC;97.3;440.0;458.0;16.0;41.2;26.3;16.6;12.3;24.0;42.8;20.8;Q2
60801;CAJAMARCA;JAÉN;JAEN;97.0;497.0;493.0;7.1;21.7;32.0;39.2;8.2;16.2;39.9;35.7;Q1
60802;CAJAMARCA;JAÉN;BELLAVISTA;95.8;432.0;439.0;18.4;41.2;25.0;15.4;24.1;26.7;28.4;20.8;Q3
60803;CAJAMARCA;JAÉN;CHONTALI;94.4;457.0;467.0;6.9;35.7;40.7;16.7;8.1;19.6;51.5;20.8;Q2
60804;CAJAMARCA;JAÉN;COLASAY;95.1;477.0;483.0;12.9;25.3;24.6;37.3;11.4;22.0;35.1;31.5;Q1
60805;CAJAMARCA;JAÉN;HUABAL;97.2;415.0;422.0;23.7;41.7;27.6;7.0;18.3;32.5;39.3;10.0;Q3
60806;CAJAMARCA;JAÉN;LAS PIRIAS;93.8;439.0;445.0;8.5;44.6;39.1;7.8;13.3;36.2;39.5;10.9;Q3
60807;CAJAMARCA;JAÉN;POMAHUACA;97.5;430.0;421.0;23.6;33.0;29.7;13.6;21.5;31.2;36.2;11.1;Q3
60808;CAJAMARCA;JAÉN;PUCARA;92.1;429.0;435.0;24.4;33.5;22.1;19.9;25.6;24.4;33.3;16.7;Q3
60809;CAJAMARCA;JAÉN;SALLIQUE;98.7;435.0;445.0;23.9;35.3;23.1;17.7;22.0;18.7;37.1;22.2;Q3
60810;CAJAMARCA;JAÉN;SAN FELIPE;95.7;435.0;420.0;17.5;36.2;31.3;15.1;21.3;36.8;30.7;11.2;Q3
60811;CAJAMARCA;JAÉN;SAN JOSE DEL ALTO;97.8;467.0;474.0;8.3;31.7;33.7;26.3;9.1;19.6;42.6;28.8;Q2
60812;CAJAMARCA;JAÉN;SANTA ROSA;98.7;489.0;489.0;15.8;18.4;25.7;40.1;15.5;14.2;30.3;40.0;Q1
60901;CAJAMARCA;SAN IGNACIO;SAN IGNACIO;97.6;492.0;490.0;5.8;21.2;37.1;35.8;6.1;16.1;45.5;32.3;Q1
60902;CAJAMARCA;SAN IGNACIO;CHIRINOS;98.2;481.0;488.0;10.4;24.2;31.4;34.0;11.4;18.4;33.0;37.2;Q1
60903;CAJAMARCA;SAN IGNACIO;HUARANGO;98.7;475.0;483.0;10.6;29.2;27.9;32.4;12.9;17.7;33.8;35.6;Q1
60904;CAJAMARCA;SAN IGNACIO;LA COIPA;97.1;453.0;448.0;14.3;33.2;30.7;21.8;14.2;27.7;36.9;21.2;Q3
60905;CAJAMARCA;SAN IGNACIO;NAMBALLE;99.5;453.0;453.0;13.5;35.8;30.2;20.6;15.0;24.4;42.8;17.8;Q2
60906;CAJAMARCA;SAN IGNACIO;SAN JOSE DE LOURDES;97.1;467.0;469.0;11.8;30.6;29.6;28.0;11.2;24.9;39.4;24.5;Q2
60907;CAJAMARCA;SAN IGNACIO;TABACONAS;92.0;478.0;483.0;8.8;24.7;36.5;30.0;9.7;16.2;45.1;29.0;Q1
61001;CAJAMARCA;SAN MARCOS;PEDRO GALVEZ;94.6;473.0;477.0;13.4;23.6;29.2;33.8;14.6;18.3;34.8;32.3;Q2
61002;CAJAMARCA;SAN MARCOS;CHANCAY;96.9;412.0;393.0;28.7;38.8;26.0;6.5;38.5;24.2;32.4;4.9;Q4
61003;CAJAMARCA;SAN MARCOS;EDUARDO VILLANUEVA;94.2;424.0;402.0;23.7;36.3;29.2;10.8;33.2;30.9;23.2;12.7;Q4
61004;CAJAMARCA;SAN MARCOS;GREGORIO PITA;96.6;414.0;426.0;23.6;43.1;22.6;10.7;18.1;34.4;30.9;16.6;Q3
61005;CAJAMARCA;SAN MARCOS;ICHOCAN;100.0;451.0;488.0;9.1;40.9;36.4;13.7;4.5;9.1;50.0;36.4;Q1
61006;CAJAMARCA;SAN MARCOS;JOSE MANUEL QUIROZ;100.0;486.0;482.0;7.6;32.9;27.9;31.6;1.3;25.4;40.5;32.8;Q1
61007;CAJAMARCA;SAN MARCOS;JOSE SABOGAL;96.3;389.0;406.0;45.1;25.8;21.1;8.0;33.8;24.4;28.8;13.0;Q4
61101;CAJAMARCA;SAN MIGUEL;SAN MIGUEL;94.4;471.0;473.0;8.7;23.4;43.1;24.7;5.4;20.8;48.7;25.0;Q2
61102;CAJAMARCA;SAN MIGUEL;BOLIVAR;100.0;482.0;515.0;6.3;12.5;68.8;12.5;0.0;6.3;50.0;43.7;Q1
61103;CAJAMARCA;SAN MIGUEL;CALQUIS;97.5;465.0;503.0;5.6;36.9;32.5;25.0;6.3;0.0;63.7;30.0;Q1
61104;CAJAMARCA;SAN MIGUEL;CATILLUC;100.0;560.0;589.0;0.0;12.2;14.3;73.5;0.0;4.1;22.4;73.5;Q1
61105;CAJAMARCA;SAN MIGUEL;EL PRADO;95.3;534.0;534.0;4.7;18.6;34.9;41.8;4.7;7.0;44.2;44.2;Q1
61106;CAJAMARCA;SAN MIGUEL;LA FLORIDA;96.4;557.0;572.0;4.1;3.6;35.1;57.3;0.0;8.8;39.7;51.5;Q1
61107;CAJAMARCA;SAN MIGUEL;LLAPA;95.7;534.0;611.0;2.9;14.0;16.1;67.0;0.0;4.3;20.5;75.2;Q1
61108;CAJAMARCA;SAN MIGUEL;NANCHOC;100.0;435.0;425.0;15.0;35.0;40.0;10.0;30.0;25.0;30.0;15.0;Q3
61109;CAJAMARCA;SAN MIGUEL;NIEPOS;91.1;448.0;467.0;3.6;32.8;61.7;2.0;3.9;13.4;69.9;12.8;Q2
61110;CAJAMARCA;SAN MIGUEL;SAN GREGORIO;100.0;516.0;544.0;0.0;7.1;42.9;49.9;0.0;7.2;35.7;57.1;Q1
61111;CAJAMARCA;SAN MIGUEL;SAN SILVESTRE DE COCHAN;92.7;482.0;531.0;2.0;21.1;51.8;25.1;0.0;0.0;49.9;50.1;Q1
61112;CAJAMARCA;SAN MIGUEL;TONGOD;100.0;527.0;513.0;0.0;0.0;55.5;44.5;0.0;3.7;51.9;44.4;Q1
61113;CAJAMARCA;SAN MIGUEL;UNION AGUA BLANCA;100.0;523.0;561.0;1.8;9.2;44.5;44.5;0.0;5.5;24.0;70.4;Q1
61201;CAJAMARCA;SAN PABLO;SAN PABLO;97.9;428.0;460.0;26.2;29.1;30.4;14.4;13.7;22.2;39.8;24.3;Q2
61202;CAJAMARCA;SAN PABLO;SAN BERNARDINO;98.8;375.0;405.0;44.9;38.1;12.2;4.9;26.0;27.6;41.5;4.9;Q4
61203;CAJAMARCA;SAN PABLO;SAN LUIS;100.0;447.0;451.0;13.5;29.7;45.9;10.8;10.8;32.4;37.8;18.9;Q2
61204;CAJAMARCA;SAN PABLO;TUMBADEN;100.0;421.0;450.0;15.1;43.4;35.8;5.7;15.1;26.4;41.5;17.0;Q2
61301;CAJAMARCA;SANTA CRUZ;SANTA CRUZ;99.3;446.0;441.0;12.8;36.1;38.2;12.9;10.1;33.7;42.5;13.7;Q3
61302;CAJAMARCA;SANTA CRUZ;ANDABAMBA;93.3;508.0;562.0;8.3;24.9;0.0;66.8;0.0;8.3;24.9;66.8;Q1
61303;CAJAMARCA;SANTA CRUZ;CATACHE;96.8;457.0;456.0;15.5;26.3;36.7;21.5;17.9;19.1;44.1;18.9;Q2
61304;CAJAMARCA;SANTA CRUZ;CHANCAYBAÑOS;100.0;468.0;483.0;13.3;20.0;35.0;31.7;6.7;21.6;38.3;33.4;Q1
61305;CAJAMARCA;SANTA CRUZ;LA ESPERANZA;83.3;410.0;413.0;29.9;36.5;26.9;6.7;27.7;15.5;50.1;6.7;Q3
61306;CAJAMARCA;SANTA CRUZ;NINABAMBA;95.0;521.0;581.0;0.0;2.8;53.5;43.7;0.0;0.0;21.8;78.2;Q1
61307;CAJAMARCA;SANTA CRUZ;PULAN;92.1;435.0;456.0;11.5;38.3;42.1;8.1;13.1;26.5;33.8;26.6;Q2
61308;CAJAMARCA;SANTA CRUZ;SAUCEPAMPA;100.0;457.0;486.0;12.9;25.8;48.4;12.9;3.2;22.6;42.0;32.3;Q1
61310;CAJAMARCA;SANTA CRUZ;UTICYACU;100.0;542.0;536.0;0.0;0.0;35.7;64.3;0.0;0.0;50.1;49.9;Q1
61311;CAJAMARCA;SANTA CRUZ;YAUYUCAN;94.6;452.0;486.0;6.1;44.3;36.2;13.5;0.0;15.2;54.5;30.4;Q1
70101;CALLAO;CALLAO;CALLAO;96.0;507.0;491.0;3.6;20.8;35.8;39.8;4.4;18.8;45.4;31.3;Q1
70102;CALLAO;CALLAO;BELLAVISTA;95.8;522.0;493.0;2.7;18.0;32.2;47.2;3.6;18.0;45.2;33.3;Q1
70103;CALLAO;CALLAO;CARMEN DE LA LEGUA REYNOSO;97.6;518.0;499.0;2.9;18.9;32.2;46.0;4.0;16.5;43.7;35.9;Q1
70104;CALLAO;CALLAO;LA PERLA;95.7;512.0;479.0;4.1;18.8;33.9;43.2;6.2;23.9;41.5;28.4;Q2
70105;CALLAO;CALLAO;LA PUNTA;96.8;526.0;504.0;4.9;16.7;25.0;53.5;1.6;10.0;51.4;36.9;Q1
70106;CALLAO;CALLAO;VENTANILLA;96.3;508.0;499.0;3.6;20.1;35.6;40.7;4.2;17.0;42.9;35.9;Q1
70107;CALLAO;CALLAO;MI PERÚ;95.9;498.0;491.0;4.2;22.5;36.9;36.4;4.6;18.0;45.1;32.3;Q1
80101;CUSCO;CUSCO;CUSCO;99.3;525.0;503.0;3.1;15.2;32.6;49.2;3.6;13.8;45.8;36.7;Q1
80103;CUSCO;CUSCO;POROY;92.5;462.0;461.0;8.1;34.1;33.8;24.0;11.4;27.4;40.3;20.8;Q2
80104;CUSCO;CUSCO;SAN JERONIMO;98.8;501.0;495.0;5.2;21.1;33.4;40.3;7.2;14.8;41.9;36.1;Q1
80105;CUSCO;CUSCO;SAN SEBASTIAN;98.6;492.0;481.0;3.6;26.1;35.6;34.7;5.6;20.9;46.3;27.2;Q2
80106;CUSCO;CUSCO;SANTIAGO;97.3;509.0;496.0;5.0;20.7;31.7;42.5;6.8;17.4;40.2;35.7;Q1
80107;CUSCO;CUSCO;SAYLLA;97.1;414.0;409.0;24.4;43.8;23.3;8.6;22.8;39.7;30.4;7.1;Q4
80108;CUSCO;CUSCO;WANCHAQ;99.1;531.0;510.0;2.5;14.3;30.2;53.0;2.6;13.2;43.9;40.3;Q1
80201;CUSCO;ACOMAYO;ACOMAYO;86.0;459.0;458.0;14.4;28.9;34.6;22.2;11.4;28.5;35.2;24.9;Q2
80202;CUSCO;ACOMAYO;ACOPIA;100.0;437.0;432.0;10.9;50.9;27.3;10.9;9.1;38.2;45.5;7.3;Q3
80203;CUSCO;ACOMAYO;ACOS;96.6;378.0;375.0;42.7;46.6;7.3;3.4;41.8;39.7;18.6;0.0;Q4
80204;CUSCO;ACOMAYO;MOSOC LLACTA;100.0;427.0;411.0;11.1;55.6;22.2;11.1;22.2;33.3;44.4;0.0;Q4
80205;CUSCO;ACOMAYO;POMACANCHI;97.4;435.0;441.0;11.6;44.9;31.3;12.1;15.9;26.3;43.5;14.2;Q3
80206;CUSCO;ACOMAYO;RONDOCAN;100.0;401.0;432.0;40.0;20.0;40.0;0.0;20.0;20.0;60.0;0.0;Q3
80207;CUSCO;ACOMAYO;SANGARARA;100.0;444.0;436.0;15.9;33.3;31.7;19.0;19.0;27.0;34.9;19.0;Q3
80301;CUSCO;ANTA;ANTA;99.1;467.0;474.0;8.7;32.2;37.2;21.9;7.7;16.4;53.5;22.4;Q2
80302;CUSCO;ANTA;ANCAHUASI;94.8;422.0;424.0;26.5;35.0;24.0;14.6;26.4;23.6;39.6;10.4;Q3
80303;CUSCO;ANTA;CACHIMAYO;100.0;408.0;385.0;21.7;56.5;8.7;13.0;30.4;39.1;26.1;4.3;Q4
80304;CUSCO;ANTA;CHINCHAYPUJIO;100.0;393.0;414.0;23.8;57.1;19.0;0.0;19.0;47.6;23.8;9.5;Q3
80305;CUSCO;ANTA;HUAROCONDO;99.0;402.0;419.0;30.8;42.2;20.6;6.3;19.5;40.2;32.1;8.3;Q3
80306;CUSCO;ANTA;LIMATAMBO;94.6;437.0;444.0;20.7;34.0;25.4;19.8;19.3;30.5;28.5;21.7;Q3
80307;CUSCO;ANTA;MOLLEPATA;100.0;423.0;423.0;22.5;37.5;30.0;10.0;17.5;35.0;32.5;15.0;Q3
80308;CUSCO;ANTA;PUCYURA;100.0;429.0;425.0;13.8;43.2;36.0;6.9;15.5;41.5;32.7;10.2;Q3
80309;CUSCO;ANTA;ZURITE;97.2;400.0;402.0;20.8;55.7;20.7;2.9;26.2;35.3;32.7;5.8;Q4
80401;CUSCO;CALCA;CALCA;98.6;481.0;481.0;10.6;23.6;33.5;32.4;10.3;16.2;42.3;31.2;Q2
80402;CUSCO;CALCA;COYA;100.0;405.0;410.0;38.9;31.5;19.8;9.9;27.3;38.0;23.2;11.5;Q4
80403;CUSCO;CALCA;LAMAY;98.6;444.0;469.0;14.5;38.2;32.3;15.1;5.7;29.2;38.5;26.7;Q2
80404;CUSCO;CALCA;LARES;100.0;425.0;439.0;11.0;50.0;36.6;2.4;12.3;36.7;34.0;16.9;Q3
80405;CUSCO;CALCA;PISAC;98.8;435.0;436.0;26.9;26.5;23.9;22.7;22.8;25.8;31.8;19.6;Q3
80406;CUSCO;CALCA;SAN SALVADOR;98.7;435.0;418.0;17.0;35.8;35.5;11.8;22.2;31.7;36.9;9.3;Q3
80407;CUSCO;CALCA;TARAY;96.0;410.0;444.0;12.4;58.2;29.5;0.0;4.0;28.0;63.7;4.4;Q3
80408;CUSCO;CALCA;YANATILE;99.2;439.0;427.0;13.4;40.4;30.1;16.2;19.7;32.0;36.0;12.3;Q3
80501;CUSCO;CANAS;YANAOCA;100.0;435.0;426.0;14.5;39.5;35.5;10.5;19.3;31.5;40.3;8.9;Q3
80502;CUSCO;CANAS;CHECCA;100.0;366.0;363.0;42.5;43.6;11.7;2.1;45.7;31.9;22.4;0.0;Q4
80503;CUSCO;CANAS;KUNTURKANKI;100.0;416.0;429.0;25.1;48.2;16.1;10.7;23.3;25.0;37.5;14.3;Q3
80504;CUSCO;CANAS;LANGUI;100.0;392.0;417.0;27.6;48.2;24.1;0.0;10.4;44.8;37.9;6.9;Q3
80505;CUSCO;CANAS;LAYO;97.6;416.0;430.0;28.2;39.5;21.5;10.8;21.4;26.8;36.2;15.6;Q3
80506;CUSCO;CANAS;PAMPAMARCA;95.2;462.0;433.0;9.5;29.1;36.5;24.9;23.8;24.4;30.7;21.1;Q3
80507;CUSCO;CANAS;QUEHUE;100.0;412.0;434.0;15.4;61.5;19.2;3.8;11.5;26.9;57.7;3.8;Q3
80508;CUSCO;CANAS;TUPAC AMARU;100.0;406.0;430.0;21.4;60.7;10.7;7.1;10.7;39.3;42.9;7.1;Q3
80601;CUSCO;CANCHIS;SICUANI;99.1;496.0;504.0;6.7;24.1;31.1;38.0;7.6;16.5;32.4;43.6;Q1
80602;CUSCO;CANCHIS;CHECACUPE;94.7;424.0;411.0;26.6;21.8;39.3;12.4;25.0;30.7;32.0;12.3;Q4
80603;CUSCO;CANCHIS;COMBAPATA;100.0;457.0;489.0;11.0;27.4;42.5;19.2;8.3;15.1;43.8;32.8;Q1
80604;CUSCO;CANCHIS;MARANGANI;99.3;433.0;433.0;13.0;46.4;28.2;12.5;18.8;31.0;38.4;11.8;Q3
80605;CUSCO;CANCHIS;PITUMARCA;99.0;398.0;390.0;31.3;36.4;26.3;6.1;32.3;39.4;23.2;5.0;Q4
80606;CUSCO;CANCHIS;SAN PABLO;100.0;403.0;413.0;25.1;51.0;23.8;0.0;15.5;47.0;29.6;7.9;Q3
80607;CUSCO;CANCHIS;SAN PEDRO;95.2;438.0;440.0;30.0;20.0;30.0;20.0;5.0;40.0;40.0;15.0;Q3
80608;CUSCO;CANCHIS;TINTA;100.0;457.0;471.0;10.3;31.0;37.9;20.7;8.6;29.3;36.2;25.9;Q2
80701;CUSCO;CHUMBIVILCAS;SANTO TOMAS;99.8;445.0;443.0;12.8;34.5;36.9;15.8;16.4;25.4;41.5;16.7;Q3
80702;CUSCO;CHUMBIVILCAS;CAPACMARCA;98.2;403.0;408.0;21.1;53.5;21.7;3.6;17.6;46.2;32.6;3.6;Q4
80703;CUSCO;CHUMBIVILCAS;CHAMACA;100.0;467.0;458.0;8.5;27.1;47.4;16.9;10.2;22.1;54.2;13.5;Q2
80704;CUSCO;CHUMBIVILCAS;COLQUEMARCA;98.9;420.0;436.0;17.1;52.1;19.8;11.0;21.5;29.1;29.6;19.7;Q3
80705;CUSCO;CHUMBIVILCAS;LIVITACA;97.9;382.0;387.0;40.4;41.0;15.0;3.5;37.5;33.1;27.2;2.1;Q4
80706;CUSCO;CHUMBIVILCAS;LLUSCO;97.4;416.0;433.0;25.5;42.1;17.5;14.9;22.5;21.4;37.1;19.0;Q3
80707;CUSCO;CHUMBIVILCAS;QUIÑOTA;97.6;389.0;409.0;35.4;46.9;11.8;5.9;31.0;24.0;36.7;8.2;Q4
80708;CUSCO;CHUMBIVILCAS;VELILLE;100.0;466.0;469.0;5.6;28.9;43.3;22.2;4.4;24.5;51.1;20.0;Q2
80801;CUSCO;ESPINAR;ESPINAR;99.0;492.0;499.0;4.5;25.4;36.5;33.6;5.5;16.3;41.9;36.3;Q1
80802;CUSCO;ESPINAR;CONDOROMA;100.0;502.0;500.0;0.0;18.2;45.5;36.4;0.0;9.1;63.6;27.3;Q1
80803;CUSCO;ESPINAR;COPORAQUE;100.0;421.0;400.0;9.3;56.0;30.4;4.3;17.4;60.3;13.7;8.7;Q4
80804;CUSCO;ESPINAR;OCORURO;100.0;382.0;373.0;50.0;28.6;21.4;0.0;42.9;35.6;21.5;0.0;Q4
80805;CUSCO;ESPINAR;PALLPATA;100.0;455.0;474.0;6.9;36.8;40.2;16.1;5.7;20.7;51.7;21.8;Q2
80806;CUSCO;ESPINAR;PICHIGUA;100.0;439.0;486.0;12.5;37.5;31.3;18.8;6.3;18.8;43.8;31.3;Q1
80807;CUSCO;ESPINAR;SUYCKUTAMBO;60.0;;;;;;;;;;;
80808;CUSCO;ESPINAR;ALTO PICHIGUA;100.0;362.0;348.0;50.0;50.0;0.0;0.0;33.3;66.7;0.0;0.0;Q4
80901;CUSCO;LA CONVENCIÓN;SANTA ANA;98.6;491.0;481.0;5.5;24.0;34.5;36.0;6.2;22.1;40.9;30.9;Q2
80902;CUSCO;LA CONVENCIÓN;ECHARATE;96.5;440.0;430.0;15.9;36.3;32.0;15.9;16.5;32.0;40.0;11.4;Q3
80903;CUSCO;LA CONVENCIÓN;HUAYOPATA;98.4;506.0;507.0;4.7;11.1;42.8;41.5;4.7;12.5;39.8;43.0;Q1
80904;CUSCO;LA CONVENCIÓN;MARANURA;95.8;467.0;450.0;2.8;39.4;38.1;19.7;6.0;31.9;49.5;12.6;Q2
80905;CUSCO;LA CONVENCIÓN;OCOBAMBA;100.0;463.0;478.0;11.3;27.4;43.5;17.7;8.1;17.8;46.8;27.4;Q2
80906;CUSCO;LA CONVENCIÓN;QUELLOUNO;95.7;428.0;429.0;11.4;51.4;26.1;11.1;15.0;38.8;36.3;9.9;Q3
80907;CUSCO;LA CONVENCIÓN;KIMBIRI;96.1;416.0;417.0;22.8;42.4;26.9;7.9;27.4;27.8;34.4;10.3;Q3
80908;CUSCO;LA CONVENCIÓN;SANTA TERESA;95.9;458.0;457.0;10.5;36.6;31.7;21.2;9.3;30.0;39.5;21.2;Q2
80909;CUSCO;LA CONVENCIÓN;VILCABAMBA;99.5;429.0;415.0;17.7;41.9;29.5;10.9;23.6;31.7;36.5;8.3;Q3
80910;CUSCO;LA CONVENCIÓN;PICHARI;96.4;423.0;420.0;16.0;49.8;24.9;9.3;18.7;39.2;32.9;9.2;Q3
80911;CUSCO;LA CONVENCIÓN;INKAWASI;100.0;436.0;425.0;14.2;40.3;35.7;9.8;23.1;30.8;29.2;16.9;Q3
80912;CUSCO;LA CONVENCIÓN;VILLA VIRGEN;97.6;414.0;396.0;26.8;34.2;29.3;9.7;34.1;29.3;29.2;7.3;Q4
81001;CUSCO;PARURO;PARURO;100.0;433.0;416.0;11.9;45.3;35.7;7.1;16.7;42.9;38.1;2.4;Q3
81002;CUSCO;PARURO;ACCHA;100.0;415.0;418.0;20.4;46.9;24.5;8.2;22.4;32.7;36.7;8.2;Q3
81003;CUSCO;PARURO;CCAPI;100.0;398.0;376.0;29.7;44.0;17.5;8.8;47.4;32.3;17.3;3.0;Q4
81004;CUSCO;PARURO;COLCHA;100.0;444.0;433.0;13.4;30.0;48.3;8.3;28.3;6.7;48.3;16.7;Q3
81005;CUSCO;PARURO;HUANOQUITE;97.8;430.0;416.0;21.7;37.0;25.2;16.1;28.8;25.1;39.2;6.9;Q3
81006;CUSCO;PARURO;OMACHA;98.6;351.0;340.0;56.8;38.9;4.3;0.0;71.2;14.6;12.8;1.4;Q4
81007;CUSCO;PARURO;PACCARITAMBO;100.0;367.0;364.0;48.6;34.7;11.1;5.5;55.7;27.7;11.1;5.5;Q4
81008;CUSCO;PARURO;PILLPINTO;100.0;432.0;401.0;0.0;50.0;33.3;16.7;0.0;83.3;16.7;0.0;Q4
81009;CUSCO;PARURO;YAURISQUE;100.0;414.0;403.0;21.9;50.0;25.0;3.1;25.0;31.3;43.8;0.0;Q4
81101;CUSCO;PAUCARTAMBO;PAUCARTAMBO;100.0;429.0;450.0;16.9;41.8;29.6;11.7;12.1;21.8;45.5;20.7;Q2
81102;CUSCO;PAUCARTAMBO;CAICAY;100.0;403.0;418.0;25.0;41.7;29.1;4.2;16.7;54.2;20.8;8.3;Q3
81103;CUSCO;PAUCARTAMBO;CHALLABAMBA;97.4;416.0;434.0;29.5;31.0;28.5;10.9;20.5;25.7;37.8;15.9;Q3
81104;CUSCO;PAUCARTAMBO;COLQUEPATA;98.9;403.0;432.0;23.2;53.2;15.0;8.5;18.9;40.1;26.9;14.1;Q3
81105;CUSCO;PAUCARTAMBO;HUANCARANI;98.3;435.0;410.0;15.7;43.5;24.9;15.8;20.3;39.3;35.1;5.3;Q4
81106;CUSCO;PAUCARTAMBO;KOSÑIPATA;91.2;;;;;;;;;;;
81201;CUSCO;QUISPICANCHI;URCOS;99.4;501.0;496.0;2.4;18.7;43.4;35.5;2.4;16.3;44.6;36.7;Q1
81202;CUSCO;QUISPICANCHI;ANDAHUAYLILLAS;99.3;475.0;480.0;7.5;29.6;34.6;28.2;7.5;18.5;44.3;29.7;Q2
81203;CUSCO;QUISPICANCHI;CAMANTI;100.0;439.0;428.0;10.3;43.6;33.3;12.8;15.4;30.8;48.7;5.1;Q3
81204;CUSCO;QUISPICANCHI;CCARHUAYO;100.0;454.0;449.0;0.0;47.6;38.1;14.3;0.0;28.6;57.1;14.3;Q2
81205;CUSCO;QUISPICANCHI;CCATCA;100.0;402.0;409.0;28.1;51.0;17.7;3.1;19.8;37.5;37.5;5.2;Q4
81206;CUSCO;QUISPICANCHI;CUSIPATA;98.4;472.0;472.0;6.4;31.6;44.7;17.3;3.1;28.4;47.4;21.1;Q2
81207;CUSCO;QUISPICANCHI;HUARO;100.0;421.0;393.0;21.9;34.4;40.6;3.1;31.3;40.6;28.1;0.0;Q4
81208;CUSCO;QUISPICANCHI;LUCRE;100.0;443.0;443.0;20.0;25.0;41.7;13.3;18.3;16.7;48.3;16.7;Q3
81209;CUSCO;QUISPICANCHI;MARCAPATA;100.0;429.0;450.0;19.7;34.9;31.8;13.6;7.6;31.8;50.0;10.6;Q2
81210;CUSCO;QUISPICANCHI;OCONGATE;98.6;446.0;461.0;12.5;42.1;33.1;12.3;5.8;27.1;44.4;22.6;Q2
81211;CUSCO;QUISPICANCHI;OROPESA;97.0;445.0;431.0;12.0;38.0;32.5;17.5;17.3;34.8;36.3;11.6;Q3
81212;CUSCO;QUISPICANCHI;QUIQUIJANA;99.0;422.0;447.0;19.6;48.0;22.6;9.9;18.6;31.3;29.4;20.7;Q3
81301;CUSCO;URUBAMBA;URUBAMBA;91.5;488.0;474.0;8.2;26.5;30.0;35.2;11.8;19.4;40.7;28.1;Q2
81302;CUSCO;URUBAMBA;CHINCHERO;100.0;455.0;472.0;11.0;33.0;35.4;20.7;7.3;26.2;36.6;29.9;Q2
81303;CUSCO;URUBAMBA;HUAYLLABAMBA;100.0;462.0;480.0;12.0;39.2;24.3;24.5;6.1;21.0;45.7;27.3;Q2
81304;CUSCO;URUBAMBA;MACHUPICCHU;100.0;482.0;469.0;0.0;32.3;46.2;21.5;7.7;15.4;61.5;15.4;Q2
81305;CUSCO;URUBAMBA;MARAS;98.9;420.0;424.0;28.2;30.2;27.0;14.6;33.8;21.3;22.4;22.4;Q3
81306;CUSCO;URUBAMBA;OLLANTAYTAMBO;100.0;440.0;443.0;18.5;38.5;25.9;17.0;11.8;31.9;41.5;14.8;Q3
81307;CUSCO;URUBAMBA;YUCAY;100.0;478.0;463.0;4.8;35.5;24.2;35.5;3.2;35.5;41.9;19.4;Q2
90101;HUANCAVELICA;HUANCAVELICA;HUANCAVELICA;98.8;503.0;497.0;3.6;22.4;33.5;40.5;5.4;15.5;45.0;34.2;Q1
90102;HUANCAVELICA;HUANCAVELICA;ACOBAMBILLA;100.0;336.0;337.0;71.4;28.6;0.0;0.0;57.1;28.6;14.3;0.0;Q4
90103;HUANCAVELICA;HUANCAVELICA;ACORIA;100.0;428.0;432.0;21.1;36.5;28.9;13.4;21.4;28.7;35.7;14.2;Q3
90104;HUANCAVELICA;HUANCAVELICA;CONAYCA;100.0;416.0;410.0;16.7;58.3;25.0;0.0;8.3;50.0;33.3;8.3;Q4
90105;HUANCAVELICA;HUANCAVELICA;CUENCA;96.8;446.0;480.0;20.4;30.6;36.0;12.9;10.8;16.7;33.9;38.7;Q2
90106;HUANCAVELICA;HUANCAVELICA;HUACHOCOLPA;96.9;465.0;487.0;6.3;40.6;25.0;28.1;9.4;34.4;25.0;31.2;Q1
90107;HUANCAVELICA;HUANCAVELICA;HUAYLLAHUARA;100.0;459.0;408.0;0.0;55.6;33.3;11.1;11.1;55.6;22.2;11.1;Q4
90108;HUANCAVELICA;HUANCAVELICA;IZCUCHACA;100.0;516.0;539.0;0.0;0.0;57.9;42.1;0.0;0.0;47.4;52.6;Q1
90109;HUANCAVELICA;HUANCAVELICA;LARIA;85.7;481.0;430.0;0.0;16.7;66.7;16.7;0.0;50.0;50.0;0.0;Q3
90110;HUANCAVELICA;HUANCAVELICA;MANTA;100.0;389.0;351.0;21.4;51.4;27.1;0.0;48.6;44.3;7.1;0.0;Q4
90111;HUANCAVELICA;HUANCAVELICA;MARISCAL CACERES;100.0;469.0;494.0;6.3;31.3;43.8;18.8;0.0;18.8;56.3;25.0;Q1
90112;HUANCAVELICA;HUANCAVELICA;MOYA;100.0;516.0;490.0;0.0;16.7;33.3;50.0;0.0;16.7;50.0;33.3;Q1
90113;HUANCAVELICA;HUANCAVELICA;NUEVO OCCORO;100.0;461.0;517.0;2.6;32.4;51.7;13.4;2.6;12.8;37.8;46.8;Q1
90114;HUANCAVELICA;HUANCAVELICA;PALCA;100.0;479.0;460.0;0.0;25.7;54.3;20.0;8.6;14.3;65.7;11.4;Q2
90115;HUANCAVELICA;HUANCAVELICA;PILCHACA;100.0;423.0;452.0;28.6;42.9;14.3;14.3;42.9;14.3;14.3;28.6;Q2
90116;HUANCAVELICA;HUANCAVELICA;VILCA;100.0;409.0;441.0;33.3;33.3;27.8;5.6;16.7;33.3;27.8;22.2;Q3
90117;HUANCAVELICA;HUANCAVELICA;YAULI;98.4;393.0;408.0;32.5;46.3;18.1;3.0;21.5;40.0;31.8;6.8;Q4
90118;HUANCAVELICA;HUANCAVELICA;ASCENSION;99.1;484.0;494.0;4.6;31.3;30.4;33.7;8.3;11.0;47.9;32.8;Q1
90119;HUANCAVELICA;HUANCAVELICA;HUANDO;96.5;413.0;421.0;25.7;41.7;23.5;9.1;18.0;40.5;31.5;10.0;Q3
90201;HUANCAVELICA;ACOBAMBA;ACOBAMBA;99.4;473.0;479.0;2.6;35.2;37.9;24.3;4.6;24.8;45.0;25.5;Q2
90202;HUANCAVELICA;ACOBAMBA;ANDABAMBA;93.9;432.0;448.0;32.2;13.2;39.4;15.2;6.6;38.8;36.4;18.2;Q3
90203;HUANCAVELICA;ACOBAMBA;ANTA;100.0;386.0;423.0;26.0;68.0;4.0;2.0;8.0;34.0;56.0;2.0;Q3
90204;HUANCAVELICA;ACOBAMBA;CAJA;100.0;500.0;486.0;0.0;20.0;40.0;40.0;0.0;6.7;66.7;26.7;Q1
90205;HUANCAVELICA;ACOBAMBA;MARCAS;100.0;404.0;370.0;25.0;41.7;33.3;0.0;33.3;58.3;8.3;0.0;Q4
90206;HUANCAVELICA;ACOBAMBA;PAUCARA;100.0;487.0;518.0;13.3;22.2;28.9;35.6;7.8;14.4;27.8;50.0;Q1
90207;HUANCAVELICA;ACOBAMBA;POMACOCHA;100.0;514.0;511.0;0.0;14.3;28.6;57.1;0.0;14.3;50.0;35.7;Q1
90208;HUANCAVELICA;ACOBAMBA;ROSARIO;98.2;420.0;456.0;30.7;31.7;19.8;17.9;16.1;29.4;26.0;28.6;Q2
90301;HUANCAVELICA;ANGARAES;LIRCAY;99.7;495.0;530.0;9.0;17.3;30.7;43.0;4.5;15.6;21.7;58.2;Q1
90302;HUANCAVELICA;ANGARAES;ANCHONGA;100.0;435.0;448.0;15.6;39.1;37.5;7.8;14.1;26.6;40.6;18.8;Q3
90303;HUANCAVELICA;ANGARAES;CALLANMARCA;100.0;495.0;600.0;0.0;27.3;45.5;27.3;0.0;0.0;9.1;90.9;Q1
90304;HUANCAVELICA;ANGARAES;CCOCHACCASA;100.0;481.0;515.0;5.7;14.3;55.7;24.3;0.0;7.1;44.3;48.6;Q1
90305;HUANCAVELICA;ANGARAES;CHINCHO;100.0;498.0;579.0;0.0;0.0;66.7;33.3;0.0;0.0;16.7;83.3;Q1
90306;HUANCAVELICA;ANGARAES;CONGALLA;100.0;487.0;528.0;0.0;27.0;40.5;32.4;0.0;8.1;56.8;35.1;Q1
90307;HUANCAVELICA;ANGARAES;HUANCA-HUANCA;93.2;449.0;509.0;0.0;50.0;45.0;5.0;0.0;2.5;65.0;32.5;Q1
90308;HUANCAVELICA;ANGARAES;HUAYLLAY GRANDE;100.0;390.0;436.0;20.0;80.0;0.0;0.0;6.7;46.7;26.7;20.0;Q3
90309;HUANCAVELICA;ANGARAES;JULCAMARCA;100.0;475.0;499.0;0.0;37.5;37.5;25.0;0.0;0.0;87.5;12.5;Q1
90310;HUANCAVELICA;ANGARAES;SAN ANTONIO DE ANTAPARCO;100.0;445.0;449.0;23.1;15.4;46.2;15.4;23.1;30.8;23.1;23.1;Q2
90311;HUANCAVELICA;ANGARAES;SANTO TOMAS DE PATA;100.0;414.0;430.0;28.6;33.3;28.6;9.5;28.6;19.0;28.6;23.8;Q3
90312;HUANCAVELICA;ANGARAES;SECCLLA;91.7;361.0;377.0;49.0;37.5;13.5;0.0;40.6;33.3;26.0;0.0;Q4
90401;HUANCAVELICA;CASTROVIRREYNA;CASTROVIRREYNA;96.7;437.0;405.0;23.0;29.5;31.1;16.4;32.8;29.5;31.1;6.6;Q4
90402;HUANCAVELICA;CASTROVIRREYNA;ARMA;57.1;;;;;;;;;;;
90403;HUANCAVELICA;CASTROVIRREYNA;AURAHUA;100.0;457.0;509.0;6.7;26.7;60.0;6.7;0.0;6.7;60.0;33.3;Q1
90404;HUANCAVELICA;CASTROVIRREYNA;CAPILLAS;100.0;423.0;427.0;0.0;72.9;20.8;6.3;7.3;53.1;33.3;6.3;Q3
90405;HUANCAVELICA;CASTROVIRREYNA;CHUPAMARCA;100.0;452.0;460.0;0.0;75.0;0.0;25.0;0.0;50.0;25.0;25.0;Q2
90406;HUANCAVELICA;CASTROVIRREYNA;COCAS;85.7;463.0;447.0;19.0;23.8;35.7;21.4;0.0;35.7;57.1;7.1;Q3
90407;HUANCAVELICA;CASTROVIRREYNA;HUACHOS;85.7;431.0;464.0;0.0;66.7;33.3;0.0;16.7;0.0;83.3;0.0;Q2
90408;HUANCAVELICA;CASTROVIRREYNA;HUAMATAMBO;100.0;434.0;434.0;0.0;57.1;42.9;0.0;0.0;42.9;42.9;14.3;Q3
90409;HUANCAVELICA;CASTROVIRREYNA;MOLLEPAMPA;91.7;410.0;394.0;16.7;63.9;19.4;0.0;9.7;80.6;9.7;0.0;Q4
90410;HUANCAVELICA;CASTROVIRREYNA;SAN JUAN;100.0;443.0;452.0;0.0;60.0;40.0;0.0;0.0;20.0;80.0;0.0;Q2
90413;HUANCAVELICA;CASTROVIRREYNA;TICRAPO;94.4;487.0;467.0;0.0;17.6;52.9;29.4;0.0;17.6;64.7;17.6;Q2
90501;HUANCAVELICA;CHURCAMPA;CHURCAMPA;100.0;485.0;483.0;4.9;29.4;36.3;29.3;2.5;20.8;48.8;28.0;Q1
90502;HUANCAVELICA;CHURCAMPA;ANCO;99.0;408.0;426.0;26.8;46.3;21.0;6.0;16.4;37.6;38.0;8.0;Q3
90503;HUANCAVELICA;CHURCAMPA;CHINCHIHUASI;98.1;383.0;385.0;32.7;54.0;11.4;1.9;25.5;49.9;20.9;3.8;Q4
90504;HUANCAVELICA;CHURCAMPA;EL CARMEN;100.0;396.0;379.0;28.9;50.0;18.4;2.6;36.8;47.4;15.8;0.0;Q4
90506;HUANCAVELICA;CHURCAMPA;LOCROJA;93.8;399.0;369.0;38.5;38.5;15.4;7.7;38.5;53.8;7.7;0.0;Q4
90507;HUANCAVELICA;CHURCAMPA;PAUCARBAMBA;100.0;451.0;451.0;13.8;31.0;37.9;17.2;6.9;39.7;36.2;17.2;Q2
90508;HUANCAVELICA;CHURCAMPA;SAN MIGUEL DE MAYOCC;100.0;515.0;529.0;0.0;7.1;52.4;40.5;0.0;7.1;45.2;47.6;Q1
90509;HUANCAVELICA;CHURCAMPA;SAN PEDRO DE CORIS;100.0;500.0;488.0;12.0;9.0;33.3;45.7;6.0;21.3;36.6;36.1;Q1
90510;HUANCAVELICA;CHURCAMPA;PACHAMARCA;100.0;462.0;484.0;0.0;38.0;51.0;11.0;0.0;28.0;46.0;26.0;Q1
90511;HUANCAVELICA;CHURCAMPA;COSME;97.8;428.0;453.0;20.4;39.8;28.9;10.9;8.9;31.5;40.0;19.6;Q2
90601;HUANCAVELICA;HUAYTARÁ;HUAYTARA;92.9;489.0;453.0;5.6;22.2;38.9;33.3;8.3;22.2;55.6;13.9;Q2
90603;HUANCAVELICA;HUAYTARÁ;CORDOVA;100.0;387.0;403.0;50.0;25.0;25.0;0.0;0.0;75.0;25.0;0.0;Q4
90605;HUANCAVELICA;HUAYTARÁ;LARAMARCA;100.0;461.0;459.0;0.0;42.9;42.9;14.3;14.3;0.0;71.4;14.3;Q2
90606;HUANCAVELICA;HUAYTARÁ;OCOYO;100.0;442.0;456.0;0.0;55.6;44.4;0.0;0.0;33.3;44.4;22.2;Q2
90607;HUANCAVELICA;HUAYTARÁ;PILPICHACA;96.3;447.0;413.0;22.2;25.9;23.5;28.4;14.8;45.7;28.4;11.1;Q3
90608;HUANCAVELICA;HUAYTARÁ;QUERCO;100.0;491.0;475.0;0.0;11.1;66.7;22.2;0.0;0.0;88.9;11.1;Q2
90610;HUANCAVELICA;HUAYTARÁ;SAN ANTONIO DE CUSICANCHA;96.9;512.0;509.0;0.0;18.8;31.3;50.0;3.1;9.4;56.3;31.3;Q1
90611;HUANCAVELICA;HUAYTARÁ;SAN FRANCISCO DE SANGAYAICO;100.0;496.0;420.0;0.0;16.7;66.7;16.7;0.0;66.7;33.3;0.0;Q3
90612;HUANCAVELICA;HUAYTARÁ;SAN ISIDRO;83.3;551.0;560.0;0.0;0.0;50.0;50.0;0.0;0.0;50.0;50.0;Q1
90613;HUANCAVELICA;HUAYTARÁ;SANTIAGO DE CHOCORVOS;94.4;485.0;496.0;5.6;25.0;46.1;23.3;0.0;26.4;23.6;50.0;Q1
90614;HUANCAVELICA;HUAYTARÁ;SANTIAGO DE QUIRAHUARA;66.7;;;;;;;;;;;
90701;HUANCAVELICA;TAYACAJA;PAMPAS;98.6;499.0;511.0;6.3;20.7;33.6;39.3;6.1;14.2;35.3;44.4;Q1
90702;HUANCAVELICA;TAYACAJA;ACOSTAMBO;98.3;432.0;411.0;19.7;36.7;33.3;10.3;19.2;35.5;41.9;3.4;Q4
90703;HUANCAVELICA;TAYACAJA;ACRAQUIA;97.2;399.0;410.0;23.1;56.5;17.1;3.2;16.7;43.1;37.5;2.8;Q4
90704;HUANCAVELICA;TAYACAJA;AHUAYCHA;94.5;454.0;446.0;11.3;29.7;45.3;13.7;7.7;33.6;50.7;8.0;Q3
90705;HUANCAVELICA;TAYACAJA;COLCABAMBA;94.8;426.0;434.0;14.6;48.1;29.8;7.5;14.9;29.6;42.9;12.6;Q3
90706;HUANCAVELICA;TAYACAJA;DANIEL HERNANDEZ;96.7;415.0;428.0;21.4;46.2;25.7;6.7;18.9;35.8;35.1;10.2;Q3
90707;HUANCAVELICA;TAYACAJA;HUACHOCOLPA;100.0;460.0;455.0;12.2;22.4;44.9;20.4;14.3;22.4;40.8;22.4;Q2
90709;HUANCAVELICA;TAYACAJA;HUARIBAMBA;97.9;414.0;426.0;20.7;45.7;28.3;5.3;16.3;32.3;43.7;7.7;Q3
90710;HUANCAVELICA;TAYACAJA;ÑAHUIMPUQUIO;91.3;450.0;439.0;13.0;17.4;64.1;5.4;13.0;21.7;59.8;5.4;Q3
90711;HUANCAVELICA;TAYACAJA;PAZOS;95.7;411.0;427.0;20.7;44.2;29.3;5.8;19.5;33.2;37.0;10.3;Q3
90713;HUANCAVELICA;TAYACAJA;QUISHUAR;100.0;504.0;531.0;0.0;5.9;70.6;23.5;0.0;0.0;52.9;47.1;Q1
90714;HUANCAVELICA;TAYACAJA;SALCABAMBA;98.6;460.0;458.0;8.2;29.8;41.2;20.8;16.2;9.7;53.3;20.8;Q2
90715;HUANCAVELICA;TAYACAJA;SALCAHUASI;100.0;434.0;419.0;9.1;50.0;29.5;11.4;15.9;38.6;36.4;9.1;Q3
90716;HUANCAVELICA;TAYACAJA;SAN MARCOS DE ROCCHAC;100.0;455.0;468.0;2.5;50.0;32.5;15.0;12.5;27.5;32.5;27.5;Q2
90717;HUANCAVELICA;TAYACAJA;SURCUBAMBA;96.4;416.0;428.0;16.4;53.2;22.7;7.7;7.3;42.2;44.7;5.8;Q3
90718;HUANCAVELICA;TAYACAJA;TINTAY PUNCU;100.0;434.0;463.0;6.1;57.6;27.3;9.1;3.0;18.2;69.7;9.1;Q2
90719;HUANCAVELICA;TAYACAJA;QUICHUAS;94.8;420.0;444.0;19.3;49.7;23.0;8.0;15.9;27.7;41.1;15.3;Q3
90720;HUANCAVELICA;TAYACAJA;ANDAYMARCA;97.3;381.0;372.0;42.3;36.3;17.3;4.0;47.7;29.7;21.3;1.3;Q4
100101;HUÁNUCO;HUÁNUCO;HUANUCO;96.3;491.0;474.0;5.0;24.2;37.2;33.6;6.2;23.5;45.8;24.5;Q2
100102;HUÁNUCO;HUÁNUCO;AMARILIS;97.1;477.0;464.0;9.0;26.4;34.3;30.3;10.0;23.0;44.4;22.6;Q2
100103;HUÁNUCO;HUÁNUCO;CHINCHAO;94.9;416.0;413.0;20.3;46.7;24.4;8.6;20.3;37.0;36.4;6.3;Q3
100104;HUÁNUCO;HUÁNUCO;CHURUBAMBA;95.9;365.0;365.0;50.0;37.0;10.9;2.0;49.3;30.1;19.2;1.4;Q4
100105;HUÁNUCO;HUÁNUCO;MARGOS;98.0;370.0;356.0;37.0;51.3;11.7;0.0;54.0;28.3;16.0;1.7;Q4
100106;HUÁNUCO;HUÁNUCO;QUISQUI (KICHKI);89.9;380.0;397.0;44.1;33.7;20.9;1.3;34.4;32.0;26.6;7.0;Q4
100107;HUÁNUCO;HUÁNUCO;SAN FRANCISCO DE CAYRAN;94.4;440.0;456.0;15.2;30.7;40.5;13.5;13.3;23.6;38.3;24.8;Q2
100108;HUÁNUCO;HUÁNUCO;SAN PEDRO DE CHAULAN;95.2;409.0;410.0;32.5;37.3;22.3;7.9;35.2;20.9;32.6;11.3;Q4
100109;HUÁNUCO;HUÁNUCO;SANTA MARIA DEL VALLE;94.8;378.0;385.0;42.7;40.4;12.7;4.2;38.3;30.6;28.0;3.1;Q4
100110;HUÁNUCO;HUÁNUCO;YARUMAYO;100.0;330.0;324.0;72.5;22.0;5.5;0.0;78.0;16.5;5.5;0.0;Q4
100111;HUÁNUCO;HUÁNUCO;PILLCO MARCA;97.6;480.0;475.0;3.7;26.7;43.0;26.6;3.7;18.9;58.8;18.6;Q2
100112;HUÁNUCO;HUÁNUCO;YACUS;100.0;375.0;372.0;34.1;52.2;13.7;0.0;41.6;24.9;30.2;3.3;Q4
100113;HUÁNUCO;HUÁNUCO;SAN PABLO DE PILLAO;94.9;408.0;395.0;23.9;47.6;20.0;8.5;30.9;36.5;30.0;2.7;Q4
100201;HUÁNUCO;AMBO;AMBO;98.2;445.0;439.0;16.6;32.6;31.2;19.6;17.4;25.2;41.6;15.7;Q3
100202;HUÁNUCO;AMBO;CAYNA;100.0;478.0;499.0;6.1;30.6;32.6;30.6;4.1;12.2;40.8;42.8;Q1
100203;HUÁNUCO;AMBO;COLPAS;100.0;410.0;418.0;22.6;41.9;32.3;3.2;32.3;19.4;32.3;16.1;Q3
100204;HUÁNUCO;AMBO;CONCHAMARCA;97.0;421.0;440.0;24.8;32.1;27.9;15.1;6.1;43.6;47.3;3.0;Q3
100205;HUÁNUCO;AMBO;HUACAR;98.9;435.0;435.0;22.9;37.1;25.3;14.7;27.2;27.6;22.1;23.2;Q3
100206;HUÁNUCO;AMBO;SAN FRANCISCO;100.0;438.0;447.0;19.4;32.3;32.3;16.1;19.4;16.1;45.2;19.3;Q3
100207;HUÁNUCO;AMBO;SAN RAFAEL;97.3;409.0;417.0;25.1;44.7;23.3;6.9;24.9;27.7;40.2;7.2;Q3
100208;HUÁNUCO;AMBO;TOMAY KICHWA;98.6;460.0;452.0;10.1;32.5;33.5;23.8;11.3;28.4;39.5;20.8;Q2
100301;HUÁNUCO;DOS DE MAYO;LA UNION;97.3;447.0;436.0;15.7;29.9;37.8;16.6;21.2;22.2;37.7;18.9;Q3
100307;HUÁNUCO;DOS DE MAYO;CHUQUIS;100.0;375.0;382.0;44.2;41.1;12.6;2.1;37.8;35.9;22.1;4.2;Q4
100311;HUÁNUCO;DOS DE MAYO;MARIAS;84.1;364.0;362.0;51.5;39.4;8.5;0.6;48.3;32.4;16.9;2.4;Q4
100313;HUÁNUCO;DOS DE MAYO;PACHAS;96.2;429.0;440.0;22.7;38.5;24.2;14.6;13.6;32.1;38.9;15.5;Q3
100316;HUÁNUCO;DOS DE MAYO;QUIVILLA;100.0;488.0;452.0;0.0;18.8;56.3;25.0;0.0;31.3;56.3;12.5;Q2
100317;HUÁNUCO;DOS DE MAYO;RIPAN;99.0;449.0;468.0;14.1;29.4;34.9;21.5;11.2;22.4;35.6;30.8;Q2
100321;HUÁNUCO;DOS DE MAYO;SHUNQUI;100.0;426.0;454.0;20.8;43.7;20.8;14.6;12.5;31.2;31.3;25.0;Q2
100322;HUÁNUCO;DOS DE MAYO;SILLAPATA;96.7;434.0;431.0;12.2;42.0;31.7;14.2;24.5;19.3;38.5;17.7;Q3
100323;HUÁNUCO;DOS DE MAYO;YANAS;98.6;399.0;398.0;37.9;33.9;22.3;5.9;29.2;32.3;35.5;2.9;Q4
100401;HUÁNUCO;HUACAYBAMBA;HUACAYBAMBA;98.9;387.0;368.0;39.4;35.2;17.1;8.3;52.3;24.6;18.2;4.9;Q4
100402;HUÁNUCO;HUACAYBAMBA;CANCHABAMBA;100.0;380.0;358.0;36.4;47.1;16.4;0.0;48.4;42.4;9.2;0.0;Q4
100403;HUÁNUCO;HUACAYBAMBA;COCHABAMBA;100.0;354.0;343.0;61.5;25.8;12.7;0.0;65.8;21.1;8.7;4.4;Q4
100404;HUÁNUCO;HUACAYBAMBA;PINRA;97.4;399.0;393.0;34.1;34.2;25.6;6.1;40.4;27.2;23.1;9.3;Q4
100501;HUÁNUCO;HUAMALÍES;LLATA;98.6;410.0;397.0;31.2;35.1;20.8;13.0;36.1;30.6;23.5;9.7;Q4
100502;HUÁNUCO;HUAMALÍES;ARANCAY;100.0;397.0;394.0;29.4;47.1;20.6;2.9;26.5;38.2;35.3;0.0;Q4
100503;HUÁNUCO;HUAMALÍES;CHAVIN DE PARIARCA;98.7;400.0;378.0;28.4;45.5;19.6;6.5;44.1;32.4;17.0;6.5;Q4
100504;HUÁNUCO;HUAMALÍES;JACAS GRANDE;99.1;407.0;386.0;35.9;33.8;20.7;9.5;36.8;37.3;23.3;2.6;Q4
100505;HUÁNUCO;HUAMALÍES;JIRCAN;100.0;367.0;382.0;46.7;40.0;6.7;6.7;40.0;33.3;20.0;6.7;Q4
100506;HUÁNUCO;HUAMALÍES;MIRAFLORES;97.2;396.0;380.0;29.1;50.9;17.2;2.9;42.0;29.2;25.9;2.9;Q4
100507;HUÁNUCO;HUAMALÍES;MONZON;97.0;433.0;431.0;19.1;36.8;29.2;14.9;17.8;34.7;32.3;15.1;Q3
100508;HUÁNUCO;HUAMALÍES;PUNCHAO;98.3;399.0;389.0;32.8;46.6;15.5;5.2;27.6;44.8;25.9;1.7;Q4
100509;HUÁNUCO;HUAMALÍES;PUÑOS;98.6;372.0;362.0;49.9;37.2;7.2;5.6;47.1;40.3;9.9;2.8;Q4
100510;HUÁNUCO;HUAMALÍES;SINGA;95.1;389.0;382.0;36.2;41.1;16.3;6.5;36.2;32.9;26.0;4.9;Q4
100511;HUÁNUCO;HUAMALÍES;TANTAMAYO;100.0;405.0;400.0;24.3;48.8;18.8;8.1;21.7;51.5;26.8;0.0;Q4
100601;HUÁNUCO;LEONCIO PRADO;RUPA-RUPA;97.9;474.0;460.0;8.1;28.4;36.4;27.0;11.1;27.1;40.0;21.8;Q2
100602;HUÁNUCO;LEONCIO PRADO;DANIEL ALOMIA ROBLES;97.2;438.0;422.0;12.6;44.8;30.4;12.2;18.4;39.9;29.4;12.3;Q3
100603;HUÁNUCO;LEONCIO PRADO;HERMILIO VALDIZAN;95.2;448.0;434.0;11.5;35.8;42.4;10.3;15.0;25.8;50.5;8.7;Q3
100604;HUÁNUCO;LEONCIO PRADO;JOSE CRESPO Y CASTILLO;96.3;443.0;428.0;12.4;37.4;36.0;14.2;16.7;33.5;37.8;12.0;Q3
100605;HUÁNUCO;LEONCIO PRADO;LUYANDO;96.2;443.0;426.0;17.6;32.7;34.1;15.6;16.8;36.6;35.7;10.8;Q3
100606;HUÁNUCO;LEONCIO PRADO;MARIANO DAMASO BERAUN;95.2;434.0;440.0;15.8;38.1;36.1;10.1;14.4;30.8;37.9;16.9;Q3
100607;HUÁNUCO;LEONCIO PRADO;PUCAYACU;96.3;417.0;411.0;20.1;46.6;28.3;5.0;19.6;39.6;33.0;7.7;Q4
100608;HUÁNUCO;LEONCIO PRADO;CASTILLO GRANDE;99.1;468.0;440.0;6.1;32.9;40.1;20.8;12.2;21.2;57.1;9.6;Q3
100701;HUÁNUCO;MARAÑÓN;HUACRACHUCO;97.2;402.0;409.0;33.6;39.0;17.7;9.7;31.6;32.6;20.8;15.0;Q4
100702;HUÁNUCO;MARAÑÓN;CHOLON;94.0;406.0;421.0;28.1;40.3;27.8;3.8;15.8;34.4;46.2;3.6;Q3
100703;HUÁNUCO;MARAÑÓN;SAN BUENAVENTURA;98.5;352.0;352.0;54.9;32.8;10.7;1.5;51.8;29.6;18.6;0.0;Q4
100704;HUÁNUCO;MARAÑÓN;LA MORADA;91.2;458.0;453.0;10.3;28.4;41.6;19.7;1.8;37.3;51.3;9.7;Q2
100705;HUÁNUCO;MARAÑÓN;SANTA ROSA DE ALTO YANAJANCA;84.6;430.0;428.0;13.3;41.3;40.7;4.7;13.9;32.1;44.6;9.4;Q3
100801;HUÁNUCO;PACHITEA;PANAO;97.2;392.0;400.0;38.3;37.1;18.5;6.0;29.9;33.4;29.8;6.9;Q4
100802;HUÁNUCO;PACHITEA;CHAGLLA;95.0;430.0;435.0;18.8;40.3;28.0;12.9;13.0;34.4;41.4;11.2;Q3
100803;HUÁNUCO;PACHITEA;MOLINO;97.0;452.0;458.0;15.3;30.7;33.3;20.7;13.8;25.3;35.3;25.6;Q2
100804;HUÁNUCO;PACHITEA;UMARI;97.1;397.0;421.0;27.5;49.3;18.9;4.4;20.7;28.1;43.3;7.8;Q3
100901;HUÁNUCO;PUERTO INCA;PUERTO INCA;94.9;436.0;423.0;18.8;33.7;29.3;18.3;26.5;28.1;29.8;15.6;Q3
100902;HUÁNUCO;PUERTO INCA;CODO DEL POZUZO;96.5;436.0;432.0;22.0;31.3;32.3;14.5;14.7;35.1;37.0;13.1;Q3
100903;HUÁNUCO;PUERTO INCA;HONORIA;93.5;415.0;390.0;23.8;39.7;26.0;10.5;36.8;33.0;23.7;6.5;Q4
100904;HUÁNUCO;PUERTO INCA;TOURNAVISTA;95.5;406.0;394.0;25.7;42.9;23.8;7.7;35.1;31.0;29.4;4.5;Q4
100905;HUÁNUCO;PUERTO INCA;YUYAPICHIS;94.9;448.0;446.0;15.1;32.2;35.5;17.1;10.6;36.4;37.1;16.0;Q3
101001;HUÁNUCO;LAURICOCHA;JESUS;100.0;435.0;420.0;19.2;37.3;25.4;18.1;20.4;39.7;27.8;12.1;Q3
101002;HUÁNUCO;LAURICOCHA;BAÑOS;95.3;416.0;397.0;20.4;50.6;17.1;11.9;27.5;38.7;21.9;11.9;Q4
101003;HUÁNUCO;LAURICOCHA;JIVIA;91.7;404.0;396.0;25.0;37.5;37.5;0.0;33.4;27.8;29.1;9.7;Q4
101004;HUÁNUCO;LAURICOCHA;QUEROPALCA;100.0;700.0;673.0;0.0;0.0;0.0;100.0;0.0;0.0;0.0;100.0;Q1
101005;HUÁNUCO;LAURICOCHA;RONDOS;97.6;395.0;380.0;33.5;44.9;19.1;2.5;42.2;28.9;24.0;4.9;Q4
101006;HUÁNUCO;LAURICOCHA;SAN FRANCISCO DE ASIS;96.2;411.0;384.0;12.3;51.6;36.1;0.0;40.8;43.9;11.5;3.8;Q4
101007;HUÁNUCO;LAURICOCHA;SAN MIGUEL DE CAURI;97.2;401.0;407.0;33.5;40.3;16.9;9.3;30.8;34.7;23.4;11.1;Q4
101101;HUÁNUCO;YAROWILCA;CHAVINILLO;98.6;401.0;393.0;34.0;35.3;23.3;7.4;36.4;29.9;25.0;8.8;Q4
101102;HUÁNUCO;YAROWILCA;CAHUAC;100.0;487.0;484.0;9.5;19.7;35.5;35.2;9.5;14.6;45.7;30.2;Q1
101103;HUÁNUCO;YAROWILCA;CHACABAMBA;100.0;396.0;377.0;25.0;50.0;16.7;8.3;33.3;50.0;16.7;0.0;Q4
101104;HUÁNUCO;YAROWILCA;APARICIO POMARES;99.3;403.0;412.0;20.6;55.3;22.7;1.5;22.0;37.4;31.0;9.5;Q4
101105;HUÁNUCO;YAROWILCA;JACAS CHICO;85.7;353.0;347.0;66.7;16.7;16.7;0.0;66.7;33.3;0.0;0.0;Q4
101106;HUÁNUCO;YAROWILCA;OBAS;95.9;389.0;372.0;33.2;48.5;17.2;1.1;38.6;41.1;20.3;0.0;Q4
101107;HUÁNUCO;YAROWILCA;PAMPAMARCA;100.0;383.0;413.0;39.5;39.4;21.1;0.0;27.4;30.3;27.2;15.1;Q3
101108;HUÁNUCO;YAROWILCA;CHORAS;98.0;415.0;408.0;26.8;32.4;34.6;6.1;23.6;37.6;32.3;6.5;Q4
110101;ICA;ICA;ICA;97.4;512.0;497.0;3.2;19.0;34.6;43.2;4.8;17.2;42.5;35.5;Q1
110102;ICA;ICA;LA TINGUIÑA;97.9;486.0;481.0;6.9;26.4;31.7;35.0;9.1;19.5;39.9;31.5;Q2
110103;ICA;ICA;LOS AQUIJES;97.4;472.0;471.0;7.7;29.1;36.0;27.2;5.8;24.7;44.1;25.4;Q2
110104;ICA;ICA;OCUCAJE;93.5;434.0;414.0;7.0;58.1;25.6;9.3;16.3;41.9;37.1;4.7;Q3
110105;ICA;ICA;PACHACUTEC;96.8;442.0;450.0;21.3;31.4;27.3;19.9;11.6;30.4;40.6;17.4;Q2
110106;ICA;ICA;PARCONA;96.8;488.0;477.0;4.7;27.3;36.0;31.9;5.4;20.9;48.5;25.2;Q2
110107;ICA;ICA;PUEBLO NUEVO;98.6;470.0;477.0;8.3;30.5;36.1;25.1;2.7;30.5;34.7;32.0;Q2
110108;ICA;ICA;SALAS;97.4;473.0;488.0;4.7;29.2;43.1;23.0;5.2;20.1;42.6;32.0;Q1
110109;ICA;ICA;SAN JOSE DE LOS MOLINOS;100.0;469.0;464.0;5.3;33.0;38.3;23.4;6.4;17.0;61.7;14.9;Q2
110110;ICA;ICA;SAN JUAN BAUTISTA;96.4;495.0;492.0;6.7;16.2;38.5;38.6;5.7;17.3;45.5;31.5;Q1
110111;ICA;ICA;SANTIAGO;96.0;483.0;485.0;3.5;25.7;42.5;28.2;5.6;19.2;46.0;29.2;Q1
110112;ICA;ICA;SUBTANJALLA;97.5;486.0;466.0;6.4;28.1;34.1;31.4;10.6;29.1;33.7;26.6;Q2
110113;ICA;ICA;TATE;97.9;495.0;517.0;2.1;16.7;47.0;34.1;4.2;0.0;53.0;42.8;Q1
110201;ICA;CHINCHA;CHINCHA ALTA;98.0;493.0;481.0;6.0;21.2;37.8;35.0;5.8;20.4;46.3;27.5;Q2
110202;ICA;CHINCHA;ALTO LARAN;94.9;501.0;460.0;11.8;22.8;21.6;43.7;10.1;34.7;29.9;25.2;Q2
110204;ICA;CHINCHA;CHINCHA BAJA;99.5;463.0;455.0;10.8;30.6;34.7;23.9;12.3;22.5;49.8;15.4;Q2
110205;ICA;CHINCHA;EL CARMEN;98.8;452.0;444.0;9.3;36.8;39.7;14.1;14.9;23.4;44.0;17.8;Q3
110206;ICA;CHINCHA;GROCIO PRADO;91.1;458.0;455.0;7.9;38.2;36.1;17.9;9.7;27.4;45.8;17.1;Q2
110207;ICA;CHINCHA;PUEBLO NUEVO;97.3;474.0;463.0;6.5;28.3;41.3;23.8;5.6;25.8;49.6;19.0;Q2
110209;ICA;CHINCHA;SAN PEDRO DE HUACARPANA;100.0;417.0;398.0;14.3;57.1;28.6;0.0;14.3;42.9;28.6;14.3;Q4
110210;ICA;CHINCHA;SUNAMPE;98.7;460.0;449.0;11.3;35.0;31.3;22.4;10.9;29.5;40.5;19.0;Q2
110211;ICA;CHINCHA;TAMBO DE MORA;94.7;436.0;419.0;19.4;47.2;8.3;25.0;13.9;38.9;38.9;8.3;Q3
110301;ICA;NAZCA;NASCA;99.4;520.0;531.0;3.3;15.1;32.1;49.4;1.5;11.7;37.3;49.5;Q1
110302;ICA;NAZCA;CHANGUILLO;100.0;491.0;546.0;3.7;18.5;48.1;29.6;0.0;7.4;33.3;59.3;Q1
110303;ICA;NAZCA;EL INGENIO;98.1;474.0;461.0;7.7;33.2;31.5;27.6;7.7;29.3;41.2;21.8;Q2
110304;ICA;NAZCA;MARCONA;99.6;515.0;517.0;1.1;20.7;33.1;45.1;1.1;12.1;42.7;44.2;Q1
110305;ICA;NAZCA;VISTA ALEGRE;98.9;518.0;526.0;3.1;14.1;36.6;46.2;2.0;8.5;44.6;45.0;Q1
110401;ICA;PALPA;PALPA;97.4;477.0;511.0;6.2;33.9;27.6;32.2;2.7;17.7;41.3;38.3;Q1
110402;ICA;PALPA;LLIPATA;100.0;453.0;437.0;0.0;33.3;66.7;0.0;0.0;33.3;66.7;0.0;Q3
110403;ICA;PALPA;RIO GRANDE;100.0;499.0;561.0;0.0;16.7;56.7;26.7;0.0;10.0;23.3;66.7;Q1
110404;ICA;PALPA;SANTA CRUZ;100.0;606.0;626.0;0.0;6.3;31.3;62.5;0.0;0.0;43.8;56.3;Q1
110405;ICA;PALPA;TIBILLO;100.0;497.0;539.0;0.0;28.6;57.1;14.3;0.0;14.3;42.9;42.9;Q1
110501;ICA;PISCO;PISCO;97.1;495.0;482.0;7.1;24.2;30.2;38.6;8.2;19.6;41.2;31.0;Q1
110502;ICA;PISCO;HUANCANO;100.0;413.0;410.0;30.8;34.6;23.1;11.5;26.9;38.5;30.8;3.8;Q4
110503;ICA;PISCO;HUMAY;98.9;457.0;457.0;9.9;34.2;33.7;22.1;7.1;34.9;39.4;18.6;Q2
110504;ICA;PISCO;INDEPENDENCIA;99.6;475.0;468.0;7.4;27.3;35.9;29.4;4.9;22.4;53.0;19.7;Q2
110505;ICA;PISCO;PARACAS;91.1;482.0;474.0;9.9;27.4;31.1;31.5;6.3;22.1;52.8;18.8;Q2
110506;ICA;PISCO;SAN ANDRES;97.8;516.0;490.0;2.3;19.1;31.1;47.5;3.6;15.6;51.9;28.9;Q1
110507;ICA;PISCO;SAN CLEMENTE;96.7;468.0;455.0;7.7;31.1;36.6;24.6;9.9;30.2;39.1;20.9;Q2
110508;ICA;PISCO;TUPAC AMARU INCA;96.7;482.0;471.0;5.0;31.3;32.2;31.5;7.8;24.4;41.3;26.4;Q2
120101;JUNÍN;HUANCAYO;HUANCAYO;97.3;539.0;531.0;1.5;13.0;30.3;55.2;1.9;9.4;38.9;49.9;Q1
120105;JUNÍN;HUANCAYO;CHACAPAMPA;100.0;410.0;433.0;14.3;57.1;28.6;0.0;14.3;42.9;28.6;14.3;Q3
120106;JUNÍN;HUANCAYO;CHICCHE;100.0;436.0;476.0;16.7;33.3;33.3;16.7;0.0;33.3;50.0;16.7;Q2
120107;JUNÍN;HUANCAYO;CHILCA;97.3;497.0;503.0;3.8;23.4;37.9;34.9;3.6;14.4;45.9;36.1;Q1
120108;JUNÍN;HUANCAYO;CHONGOS ALTO;100.0;434.0;440.0;12.5;37.5;37.5;12.5;25.0;37.5;25.0;12.5;Q3
120111;JUNÍN;HUANCAYO;CHUPURO;100.0;424.0;449.0;12.1;42.4;42.4;3.0;9.1;30.3;51.5;9.1;Q2
120112;JUNÍN;HUANCAYO;COLCA;100.0;458.0;493.0;20.0;20.0;30.0;30.0;20.0;10.0;20.0;50.0;Q1
120113;JUNÍN;HUANCAYO;CULLHUAS;100.0;406.0;424.0;27.3;54.5;9.1;9.1;18.2;36.4;36.4;9.1;Q3
120114;JUNÍN;HUANCAYO;EL TAMBO;98.1;527.0;512.0;2.1;14.5;33.1;50.4;2.6;12.8;42.5;42.1;Q1
120116;JUNÍN;HUANCAYO;HUACRAPUQUIO;95.7;454.0;439.0;0.0;40.0;45.7;14.3;9.1;31.7;50.0;9.1;Q3
120117;JUNÍN;HUANCAYO;HUALHUAS;98.0;462.0;464.0;10.1;26.7;42.9;20.3;4.0;26.3;47.0;22.7;Q2
120119;JUNÍN;HUANCAYO;HUANCAN;99.1;462.0;460.0;7.4;34.5;36.4;21.7;7.0;26.7;45.6;20.7;Q2
120120;JUNÍN;HUANCAYO;HUASICANCHA;100.0;475.0;474.0;0.0;43.8;37.5;18.8;0.0;18.8;62.5;18.8;Q2
120121;JUNÍN;HUANCAYO;HUAYUCACHI;99.5;483.0;500.0;2.2;26.2;45.7;26.0;1.1;10.1;56.5;32.3;Q1
120122;JUNÍN;HUANCAYO;INGENIO;100.0;497.0;482.0;7.7;30.8;7.7;53.8;11.5;26.9;30.8;30.8;Q1
120124;JUNÍN;HUANCAYO;PARIAHUANCA;96.6;422.0;413.0;19.1;44.7;27.9;8.3;21.3;36.6;36.3;5.8;Q3
120125;JUNÍN;HUANCAYO;PILCOMAYO;97.8;489.0;490.0;3.4;27.1;38.1;31.5;5.8;17.3;46.4;30.5;Q1
120126;JUNÍN;HUANCAYO;PUCARA;100.0;435.0;435.0;14.7;44.8;27.8;12.7;16.4;27.5;45.0;11.2;Q3
120127;JUNÍN;HUANCAYO;QUICHUAY;93.3;426.0;403.0;7.6;61.3;31.1;0.0;22.9;30.6;46.5;0.0;Q4
120128;JUNÍN;HUANCAYO;QUILCAS;90.9;493.0;506.0;3.3;25.2;37.8;33.7;5.1;18.1;41.2;35.6;Q1
120129;JUNÍN;HUANCAYO;SAN AGUSTIN;96.6;477.0;483.0;7.6;24.5;37.5;30.5;7.0;17.4;47.4;28.1;Q1
120130;JUNÍN;HUANCAYO;SAN JERONIMO DE TUNAN;95.7;501.0;490.0;2.8;23.1;35.6;38.5;2.6;15.6;51.6;30.3;Q1
120132;JUNÍN;HUANCAYO;SAÑO;92.0;512.0;550.0;8.7;20.7;17.8;52.9;0.0;13.6;34.4;52.0;Q1
120133;JUNÍN;HUANCAYO;SAPALLANGA;98.3;465.0;467.0;10.8;28.3;37.5;23.3;11.3;20.1;41.4;27.1;Q2
120134;JUNÍN;HUANCAYO;SICAYA;96.2;486.0;494.0;2.9;25.9;42.5;28.7;2.9;18.7;43.7;34.7;Q1
120135;JUNÍN;HUANCAYO;SANTO DOMINGO DE ACOBAMBA;96.6;398.0;413.0;38.7;33.0;14.5;13.8;31.8;26.7;26.0;15.5;Q3
120136;JUNÍN;HUANCAYO;VIQUES;95.9;486.0;455.0;4.3;28.3;37.0;30.4;8.7;21.7;52.2;17.4;Q2
120201;JUNÍN;CONCEPCIÓN;CONCEPCION;98.0;487.0;478.0;4.3;29.7;33.9;32.1;4.5;27.2;42.3;26.0;Q2
120202;JUNÍN;CONCEPCIÓN;ACO;100.0;441.0;438.0;12.5;43.8;31.3;12.5;12.5;31.3;43.7;12.5;Q3
120203;JUNÍN;CONCEPCIÓN;ANDAMARCA;95.5;375.0;386.0;43.4;39.4;15.0;2.2;34.8;32.9;28.7;3.6;Q4
120204;JUNÍN;CONCEPCIÓN;CHAMBARA;100.0;410.0;367.0;25.6;42.3;26.9;5.1;41.0;40.4;18.6;0.0;Q4
120205;JUNÍN;CONCEPCIÓN;COCHAS;97.6;393.0;384.0;28.0;49.6;15.2;7.1;32.9;44.6;20.1;2.4;Q4
120206;JUNÍN;CONCEPCIÓN;COMAS;93.7;443.0;466.0;15.6;30.0;41.6;12.8;11.7;14.1;51.9;22.3;Q2
120207;JUNÍN;CONCEPCIÓN;HEROINAS TOLEDO;100.0;386.0;372.0;35.7;42.9;14.3;7.1;35.7;35.7;28.6;0.0;Q4
120208;JUNÍN;CONCEPCIÓN;MANZANARES;100.0;463.0;482.0;19.0;28.6;28.6;23.8;19.0;9.5;42.9;28.6;Q1
120209;JUNÍN;CONCEPCIÓN;MARISCAL CASTILLA;100.0;407.0;375.0;25.0;56.3;12.5;6.3;43.8;31.3;25.0;0.0;Q4
120210;JUNÍN;CONCEPCIÓN;MATAHUASI;96.7;467.0;451.0;8.7;33.0;36.0;22.3;6.8;29.7;48.5;15.0;Q2
120211;JUNÍN;CONCEPCIÓN;MITO;94.7;486.0;478.0;5.3;21.1;52.6;21.1;5.3;25.0;38.2;31.6;Q2
120212;JUNÍN;CONCEPCIÓN;NUEVE DE JULIO;100.0;454.0;459.0;12.5;31.3;37.5;18.8;0.0;31.3;62.5;6.3;Q2
120213;JUNÍN;CONCEPCIÓN;ORCOTUNA;93.5;445.0;463.0;15.4;29.1;39.6;15.9;13.1;20.5;47.3;19.1;Q2
120214;JUNÍN;CONCEPCIÓN;SAN JOSE DE QUERO;96.4;412.0;425.0;20.3;52.7;18.6;8.4;12.8;36.0;41.9;9.3;Q3
120215;JUNÍN;CONCEPCIÓN;SANTA ROSA DE OCOPA;95.5;521.0;470.0;0.0;9.4;42.9;47.7;0.0;14.2;66.5;19.3;Q2
120301;JUNÍN;CHANCHAMAYO;CHANCHAMAYO;97.8;513.0;513.0;1.6;19.5;34.8;44.2;2.7;15.3;37.4;44.5;Q1
120302;JUNÍN;CHANCHAMAYO;PERENE;97.6;454.0;450.0;9.7;36.7;34.4;19.2;12.1;29.4;39.3;19.1;Q2
120303;JUNÍN;CHANCHAMAYO;PICHANAQUI;95.6;481.0;480.0;6.5;27.3;37.1;29.1;6.9;22.0;40.3;30.7;Q2
120304;JUNÍN;CHANCHAMAYO;SAN LUIS DE SHUARO;93.0;471.0;454.0;10.5;27.2;32.5;29.8;12.3;22.8;47.8;17.1;Q2
120305;JUNÍN;CHANCHAMAYO;SAN RAMON;98.5;506.0;501.0;1.9;22.2;37.2;38.6;5.8;13.3;43.2;37.7;Q1
120306;JUNÍN;CHANCHAMAYO;VITOC;100.0;443.0;395.0;0.0;60.0;40.0;0.0;20.0;80.0;0.0;0.0;Q4
120401;JUNÍN;JAUJA;JAUJA;98.1;516.0;511.0;3.8;16.9;35.3;44.0;4.7;13.9;40.7;40.7;Q1
120402;JUNÍN;JAUJA;ACOLLA;100.0;485.0;477.0;13.5;10.8;37.8;37.8;13.5;10.8;43.2;32.4;Q2
120403;JUNÍN;JAUJA;APATA;98.0;423.0;448.0;22.1;48.5;21.6;7.8;22.5;22.1;24.1;31.4;Q3
120404;JUNÍN;JAUJA;ATAURA;100.0;456.0;437.0;10.0;40.0;25.0;25.0;15.0;30.0;40.0;15.0;Q3
120405;JUNÍN;JAUJA;CANCHAYLLO;100.0;480.0;472.0;3.6;32.1;39.3;25.0;7.1;28.6;39.3;25.0;Q2
120406;JUNÍN;JAUJA;CURICACA;92.3;497.0;497.0;0.0;17.3;44.2;38.5;0.0;7.7;53.8;38.5;Q1
120407;JUNÍN;JAUJA;EL MANTARO;100.0;462.0;482.0;13.3;33.0;28.9;24.8;17.4;10.9;33.7;38.0;Q1
120408;JUNÍN;JAUJA;HUAMALI;100.0;488.0;497.0;0.0;26.7;46.7;26.7;0.0;13.3;73.3;13.3;Q1
120409;JUNÍN;JAUJA;HUARIPAMPA;100.0;513.0;581.0;0.0;0.0;62.5;37.5;0.0;0.0;12.5;87.5;Q1
120410;JUNÍN;JAUJA;HUERTAS;88.9;473.0;482.0;12.5;25.0;37.5;25.0;0.0;25.0;37.5;37.5;Q1
120411;JUNÍN;JAUJA;JANJAILLO;100.0;504.0;504.0;0.0;0.0;80.0;20.0;0.0;0.0;60.0;40.0;Q1
120412;JUNÍN;JAUJA;JULCAN;100.0;407.0;405.0;20.0;60.0;0.0;20.0;20.0;40.0;40.0;0.0;Q4
120413;JUNÍN;JAUJA;LEONOR ORDOÑEZ;100.0;436.0;402.0;18.2;45.5;18.2;18.2;18.2;54.5;18.2;9.1;Q4
120414;JUNÍN;JAUJA;LLOCLLAPAMPA;100.0;475.0;442.0;0.0;28.6;57.1;14.3;0.0;57.1;28.6;14.3;Q3
120415;JUNÍN;JAUJA;MARCO;86.7;497.0;485.0;0.0;30.8;38.5;30.8;7.7;15.4;53.8;23.1;Q1
120416;JUNÍN;JAUJA;MASMA;100.0;422.0;437.0;10.0;60.0;20.0;10.0;10.0;40.0;50.0;0.0;Q3
120417;JUNÍN;JAUJA;MASMA CHICCHE;100.0;442.0;423.0;20.0;30.0;40.0;10.0;20.0;40.0;30.0;10.0;Q3
120418;JUNÍN;JAUJA;MOLINOS;100.0;435.0;420.0;20.0;36.0;28.0;16.0;16.0;36.0;40.0;8.0;Q3
120419;JUNÍN;JAUJA;MONOBAMBA;100.0;459.0;438.0;12.5;37.5;25.0;25.0;25.0;12.5;37.5;25.0;Q3
120420;JUNÍN;JAUJA;MUQUI;100.0;482.0;487.0;0.0;30.8;46.2;23.1;0.0;0.0;100.0;0.0;Q1
120421;JUNÍN;JAUJA;MUQUIYAUYO;93.9;428.0;437.0;13.4;48.4;22.4;15.8;13.0;26.4;54.3;6.3;Q3
120423;JUNÍN;JAUJA;PACCHA;72.7;;;;;;;;;;;
120424;JUNÍN;JAUJA;PANCAN;100.0;543.0;528.0;0.0;10.8;29.7;59.5;0.0;10.8;44.6;44.6;Q1
120425;JUNÍN;JAUJA;PARCO;100.0;531.0;522.0;0.0;16.7;33.3;50.0;0.0;8.3;58.3;33.3;Q1
120426;JUNÍN;JAUJA;POMACANCHA;100.0;482.0;488.0;7.7;19.2;46.2;26.9;7.7;3.8;53.8;34.6;Q1
120427;JUNÍN;JAUJA;RICRAN;100.0;388.0;385.0;32.3;48.4;12.9;6.5;25.8;45.2;25.8;3.2;Q4
120428;JUNÍN;JAUJA;SAN LORENZO;100.0;482.0;466.0;0.0;25.6;46.5;27.9;2.3;27.9;48.8;20.9;Q2
120430;JUNÍN;JAUJA;SAUSA;95.2;442.0;434.0;5.0;40.0;50.0;5.0;10.0;35.0;50.0;5.0;Q3
120431;JUNÍN;JAUJA;SINCOS;98.5;439.0;443.0;17.4;32.2;39.3;11.0;21.8;24.6;34.2;19.4;Q3
120432;JUNÍN;JAUJA;TUNAN MARCA;86.7;481.0;483.0;0.0;38.5;38.0;23.5;0.0;23.5;45.5;31.0;Q1
120433;JUNÍN;JAUJA;YAULI;100.0;507.0;521.0;0.0;16.7;50.0;33.3;0.0;33.3;33.3;33.3;Q1
120434;JUNÍN;JAUJA;YAUYOS;84.2;462.0;439.0;0.0;46.7;33.3;20.0;6.7;40.0;40.0;13.3;Q3
120501;JUNÍN;JUNÍN;JUNIN;99.5;523.0;520.0;3.7;20.0;24.5;51.7;3.2;15.7;33.0;48.0;Q1
120502;JUNÍN;JUNÍN;CARHUAMAYO;99.0;439.0;445.0;20.6;39.7;15.7;24.0;20.6;16.7;48.9;13.9;Q3
120503;JUNÍN;JUNÍN;ONDORES;100.0;487.0;559.0;0.0;33.3;33.3;33.3;0.0;0.0;33.3;66.7;Q1
120504;JUNÍN;JUNÍN;ULCUMAYO;100.0;403.0;383.0;32.4;35.3;26.5;5.9;47.1;20.6;26.5;5.9;Q4
120601;JUNÍN;SATIPO;SATIPO;98.7;472.0;470.0;6.8;29.6;39.5;24.2;8.3;22.2;45.9;23.6;Q2
120602;JUNÍN;SATIPO;COVIRIALI;94.4;504.0;516.0;3.0;21.4;30.2;45.4;0.0;18.2;33.3;48.6;Q1
120603;JUNÍN;SATIPO;LLAYLLA;100.0;468.0;470.0;7.5;22.5;48.7;21.3;6.3;13.8;63.8;16.3;Q2
120604;JUNÍN;SATIPO;MAZAMARI;96.7;455.0;439.0;11.9;31.1;38.6;18.4;15.4;24.7;47.7;12.3;Q3
120605;JUNÍN;SATIPO;PAMPA HERMOSA;97.1;508.0;496.0;7.1;16.5;26.5;50.0;7.1;10.0;47.6;35.3;Q1
120606;JUNÍN;SATIPO;PANGOA;97.6;452.0;449.0;11.7;35.2;35.9;17.2;10.8;30.7;40.2;18.3;Q2
120607;JUNÍN;SATIPO;RIO NEGRO;98.4;437.0;426.0;14.7;41.2;31.0;13.2;18.6;31.9;38.9;10.5;Q3
120608;JUNÍN;SATIPO;RIO TAMBO;94.6;433.0;418.0;20.8;34.8;30.2;14.3;26.2;23.8;41.3;8.7;Q3
120701;JUNÍN;TARMA;TARMA;96.5;509.0;490.0;4.1;19.2;35.0;41.7;3.9;21.4;42.1;32.6;Q1
120702;JUNÍN;TARMA;ACOBAMBA;97.0;470.0;475.0;12.3;24.6;34.6;28.5;6.5;23.4;45.6;24.5;Q2
120703;JUNÍN;TARMA;HUARICOLCA;96.6;445.0;462.0;11.1;42.9;32.2;13.8;7.3;25.3;46.7;20.7;Q2
120704;JUNÍN;TARMA;HUASAHUASI;97.8;452.0;454.0;12.6;34.3;33.2;19.8;14.4;23.3;42.6;19.7;Q2
120705;JUNÍN;TARMA;LA UNION;100.0;455.0;460.0;11.6;25.6;44.2;18.6;14.0;23.3;39.5;23.3;Q2
120706;JUNÍN;TARMA;PALCA;98.8;414.0;415.0;20.6;48.0;23.3;8.1;23.8;28.1;42.2;5.8;Q3
120707;JUNÍN;TARMA;PALCAMAYO;98.0;478.0;467.0;10.5;26.1;35.7;27.7;14.6;14.2;47.3;24.0;Q2
120708;JUNÍN;TARMA;SAN PEDRO DE CAJAS;100.0;473.0;456.0;2.3;25.0;50.0;22.7;4.5;38.6;36.4;20.5;Q2
120709;JUNÍN;TARMA;TAPO;100.0;387.0;367.0;37.6;40.0;18.8;3.5;50.6;31.8;15.3;2.4;Q4
120801;JUNÍN;YAULI;LA OROYA;98.8;515.0;505.0;2.1;18.2;36.2;43.5;2.4;14.7;43.9;39.1;Q1
120803;JUNÍN;YAULI;HUAY-HUAY;100.0;501.0;514.0;0.0;22.2;44.4;33.3;0.0;11.1;52.8;36.1;Q1
120804;JUNÍN;YAULI;MARCAPOMACOCHA;88.9;443.0;406.0;25.0;25.0;37.5;12.5;25.0;12.5;62.5;0.0;Q4
120805;JUNÍN;YAULI;MOROCOCHA;98.9;480.0;494.0;2.3;28.7;43.6;25.3;5.7;12.6;50.6;31.1;Q1
120806;JUNÍN;YAULI;PACCHA;100.0;548.0;512.0;0.0;0.0;35.7;64.3;0.0;7.1;57.1;35.7;Q1
120807;JUNÍN;YAULI;SANTA BARBARA DE CARHUACAYAN;100.0;392.0;399.0;28.6;57.1;14.3;0.0;14.3;57.1;28.6;0.0;Q4
120808;JUNÍN;YAULI;SANTA ROSA DE SACCO;100.0;530.0;517.0;1.6;9.5;30.2;58.7;1.6;9.5;46.0;42.9;Q1
120809;JUNÍN;YAULI;SUITUCANCHA;100.0;480.0;460.0;0.0;30.8;46.2;23.1;7.7;38.5;23.1;30.8;Q2
120810;JUNÍN;YAULI;YAULI;95.2;489.0;485.0;5.6;28.0;36.7;29.7;3.2;20.8;46.3;29.7;Q1
120901;JUNÍN;CHUPACA;CHUPACA;98.7;489.0;491.0;4.8;21.8;41.6;31.7;4.6;17.1;44.9;33.5;Q1
120902;JUNÍN;CHUPACA;AHUAC;98.8;468.0;483.0;8.7;30.2;36.8;24.3;6.2;18.9;45.7;29.3;Q1
120903;JUNÍN;CHUPACA;CHONGOS BAJO;95.7;454.0;447.0;10.6;33.9;37.9;17.6;4.3;32.8;49.4;13.6;Q3
120904;JUNÍN;CHUPACA;HUACHAC;100.0;484.0;494.0;12.4;14.8;37.6;35.1;2.4;17.5;42.5;37.6;Q1
120905;JUNÍN;CHUPACA;HUAMANCACA CHICO;96.7;470.0;461.0;5.6;29.7;48.7;16.0;2.2;21.9;64.6;11.3;Q2
120906;JUNÍN;CHUPACA;SAN JUAN DE ISCOS;100.0;468.0;484.0;3.6;35.7;35.7;25.0;3.6;25.0;42.9;28.6;Q1
120907;JUNÍN;CHUPACA;SAN JUAN DE JARPA;97.6;439.0;454.0;10.1;45.8;33.9;10.1;4.8;33.9;45.8;15.5;Q2
120908;JUNÍN;CHUPACA;TRES DE DICIEMBRE;96.6;462.0;460.0;3.4;38.9;32.6;25.1;7.1;21.4;53.8;17.7;Q2
120909;JUNÍN;CHUPACA;YANACANCHA;97.9;421.0;405.0;24.6;32.4;38.7;4.3;35.8;21.5;32.0;10.6;Q4
130101;LA LIBERTAD;TRUJILLO;TRUJILLO;96.0;514.0;487.0;3.3;18.5;33.5;44.7;4.7;18.9;45.7;30.7;Q1
130102;LA LIBERTAD;TRUJILLO;EL PORVENIR;96.0;489.0;480.0;4.2;24.2;40.0;31.7;4.0;20.5;48.9;26.6;Q2
130103;LA LIBERTAD;TRUJILLO;FLORENCIA DE MORA;96.6;490.0;475.0;5.2;24.0;38.6;32.2;5.7;22.5;45.4;26.4;Q2
130104;LA LIBERTAD;TRUJILLO;HUANCHACO;95.3;479.0;463.0;4.7;27.3;40.5;27.5;6.9;25.3;49.3;18.4;Q2
130105;LA LIBERTAD;TRUJILLO;LA ESPERANZA;96.3;491.0;477.0;4.5;24.0;38.8;32.7;5.1;21.0;47.5;26.4;Q2
130106;LA LIBERTAD;TRUJILLO;LAREDO;95.9;474.0;459.0;6.4;31.8;37.4;24.4;6.3;28.5;47.1;18.1;Q2
130107;LA LIBERTAD;TRUJILLO;MOCHE;94.6;489.0;471.0;3.6;26.6;39.0;30.8;5.4;24.3;47.5;22.9;Q2
130108;LA LIBERTAD;TRUJILLO;POROTO;96.4;406.0;378.0;31.8;40.5;18.4;9.2;53.4;20.0;19.3;7.3;Q4
130109;LA LIBERTAD;TRUJILLO;SALAVERRY;93.6;495.0;477.0;3.3;23.1;41.1;32.5;4.9;16.1;54.6;24.4;Q2
130110;LA LIBERTAD;TRUJILLO;SIMBAL;95.9;497.0;463.0;4.0;21.3;43.7;30.9;8.3;19.8;52.0;19.8;Q2
130111;LA LIBERTAD;TRUJILLO;VICTOR LARCO HERRERA;95.5;516.0;477.0;2.9;17.3;35.9;43.8;4.0;22.4;49.3;24.4;Q2
130201;LA LIBERTAD;ASCOPE;ASCOPE;98.2;468.0;441.0;10.3;29.7;32.2;27.7;14.1;25.1;47.9;12.8;Q3
130202;LA LIBERTAD;ASCOPE;CHICAMA;98.0;484.0;470.0;6.8;27.1;35.7;30.3;10.2;22.1;41.9;25.8;Q2
130203;LA LIBERTAD;ASCOPE;CHOCOPE;98.0;481.0;465.0;6.2;30.4;34.6;28.8;12.3;23.1;42.6;22.0;Q2
130204;LA LIBERTAD;ASCOPE;MAGDALENA DE CAO;100.0;487.0;487.0;7.1;21.4;28.6;42.9;0.0;21.4;64.3;14.3;Q1
130205;LA LIBERTAD;ASCOPE;PAIJAN;97.3;482.0;479.0;8.4;22.5;37.4;31.6;7.7;20.8;41.5;29.9;Q2
130206;LA LIBERTAD;ASCOPE;RAZURI;97.9;473.0;464.0;4.4;31.5;43.1;21.1;8.7;17.8;51.7;21.8;Q2
130207;LA LIBERTAD;ASCOPE;SANTIAGO DE CAO;96.8;478.0;473.0;6.1;30.3;36.3;27.3;8.5;23.5;40.2;27.7;Q2
130208;LA LIBERTAD;ASCOPE;CASA GRANDE;93.2;465.0;443.0;9.7;33.0;32.6;24.6;13.8;29.1;41.6;15.6;Q3
130301;LA LIBERTAD;BOLÍVAR;BOLIVAR;86.8;408.0;432.0;31.6;32.2;28.1;8.1;22.3;23.4;39.4;14.9;Q3
130302;LA LIBERTAD;BOLÍVAR;BAMBAMARCA;93.7;366.0;355.0;47.3;39.3;11.2;2.1;56.3;29.7;12.4;1.7;Q4
130303;LA LIBERTAD;BOLÍVAR;CONDORMARCA;93.8;384.0;362.0;39.4;40.2;14.0;6.5;45.0;33.1;19.4;2.6;Q4
130304;LA LIBERTAD;BOLÍVAR;LONGOTEA;97.5;492.0;521.0;5.0;26.2;36.3;32.5;2.8;20.1;42.1;35.0;Q1
130305;LA LIBERTAD;BOLÍVAR;UCHUMARCA;87.0;456.0;429.0;0.0;56.0;25.9;18.1;10.3;37.9;44.8;7.0;Q3
130306;LA LIBERTAD;BOLÍVAR;UCUNCHA;96.8;447.0;410.0;3.3;50.0;33.3;13.3;16.7;56.7;20.0;6.7;Q4
130401;LA LIBERTAD;CHEPÉN;CHEPEN;98.1;487.0;471.0;6.4;23.6;36.1;33.9;9.3;20.9;44.6;25.2;Q2
130402;LA LIBERTAD;CHEPÉN;PACANGA;97.5;457.0;443.0;14.2;34.5;25.5;25.9;16.3;28.0;38.7;17.0;Q3
130403;LA LIBERTAD;CHEPÉN;PUEBLO NUEVO;97.3;463.0;445.0;9.4;32.6;33.6;24.3;8.0;31.8;47.3;12.9;Q3
130501;LA LIBERTAD;JULCÁN;JULCAN;97.7;423.0;421.0;19.8;43.4;26.3;10.5;24.9;29.3;34.7;11.0;Q3
130502;LA LIBERTAD;JULCÁN;CALAMARCA;100.0;406.0;405.0;23.5;48.0;23.5;4.9;25.5;37.2;34.3;2.9;Q4
130503;LA LIBERTAD;JULCÁN;CARABAMBA;97.3;428.0;434.0;21.0;39.9;24.0;15.1;20.9;32.8;28.4;17.9;Q3
130504;LA LIBERTAD;JULCÁN;HUASO;95.4;376.0;377.0;45.0;37.8;15.0;2.2;38.1;40.5;17.8;3.7;Q4
130601;LA LIBERTAD;OTUZCO;OTUZCO;98.0;459.0;474.0;12.4;32.4;28.5;26.7;10.4;22.6;39.7;27.3;Q2
130602;LA LIBERTAD;OTUZCO;AGALLPAMPA;97.8;429.0;433.0;18.8;38.8;32.9;9.4;17.4;28.6;40.3;13.7;Q3
130604;LA LIBERTAD;OTUZCO;CHARAT;71.0;;;;;;;;;;;
130605;LA LIBERTAD;OTUZCO;HUARANCHAL;98.5;478.0;484.0;7.6;21.3;42.3;28.8;9.2;15.1;43.9;31.8;Q1
130606;LA LIBERTAD;OTUZCO;LA CUESTA;100.0;461.0;389.0;33.3;16.7;33.3;16.7;66.7;0.0;16.7;16.7;Q4
130608;LA LIBERTAD;OTUZCO;MACHE;96.3;440.0;441.0;13.8;36.3;38.3;11.5;13.8;30.5;40.3;15.4;Q3
130610;LA LIBERTAD;OTUZCO;PARANDAY;71.4;;;;;;;;;;;
130611;LA LIBERTAD;OTUZCO;SALPO;100.0;450.0;437.0;7.5;31.2;50.0;11.2;8.7;41.3;40.0;10.0;Q3
130613;LA LIBERTAD;OTUZCO;SINSICAP;98.5;391.0;395.0;37.7;37.4;20.8;4.2;32.8;35.6;24.5;7.1;Q4
130614;LA LIBERTAD;OTUZCO;USQUIL;97.6;446.0;453.0;16.0;32.8;33.1;18.0;14.7;26.7;35.7;22.8;Q2
130701;LA LIBERTAD;PACASMAYO;SAN PEDRO DE LLOC;98.7;519.0;502.0;1.0;17.4;32.5;49.2;3.0;12.8;48.9;35.3;Q1
130702;LA LIBERTAD;PACASMAYO;GUADALUPE;98.1;492.0;484.0;4.2;23.6;38.5;33.7;5.5;16.3;49.5;28.7;Q1
130703;LA LIBERTAD;PACASMAYO;JEQUETEPEQUE;93.3;502.0;535.0;0.0;19.9;41.6;38.6;0.0;0.0;46.6;53.4;Q1
130704;LA LIBERTAD;PACASMAYO;PACASMAYO;97.7;508.0;494.0;5.0;19.9;31.0;44.1;9.1;17.2;38.1;35.6;Q1
130705;LA LIBERTAD;PACASMAYO;SAN JOSE;96.7;476.0;468.0;1.7;31.5;38.8;28.0;5.0;20.9;52.2;21.9;Q2
130801;LA LIBERTAD;PATAZ;TAYABAMBA;96.9;407.0;404.0;28.8;39.3;21.0;10.9;30.3;33.1;29.5;7.1;Q4
130802;LA LIBERTAD;PATAZ;BULDIBUYO;96.2;409.0;391.0;21.4;44.2;28.2;6.2;33.2;37.4;25.5;4.0;Q4
130803;LA LIBERTAD;PATAZ;CHILLIA;98.4;391.0;396.0;35.4;41.8;16.7;6.1;35.3;33.7;22.9;8.1;Q4
130804;LA LIBERTAD;PATAZ;HUANCASPATA;97.3;397.0;394.0;32.5;42.5;19.4;5.6;31.4;40.2;18.4;10.0;Q4
130805;LA LIBERTAD;PATAZ;HUAYLILLAS;78.1;;;;;;;;;;;
130806;LA LIBERTAD;PATAZ;HUAYO;97.8;416.0;411.0;21.5;50.4;19.3;8.8;24.7;35.5;34.0;5.9;Q4
130807;LA LIBERTAD;PATAZ;ONGON;100.0;486.0;504.0;0.0;36.4;27.3;36.4;0.0;0.0;54.5;45.5;Q1
130808;LA LIBERTAD;PATAZ;PARCOY;96.1;429.0;432.0;15.1;41.5;35.2;8.2;18.8;27.2;43.4;10.6;Q3
130809;LA LIBERTAD;PATAZ;PATAZ;94.5;456.0;452.0;12.0;28.4;43.3;16.2;13.0;23.1;44.7;19.2;Q2
130810;LA LIBERTAD;PATAZ;PIAS;89.8;475.0;480.0;8.2;35.7;25.5;30.6;6.1;24.5;38.8;30.6;Q2
130811;LA LIBERTAD;PATAZ;SANTIAGO DE CHALLAS;100.0;403.0;414.0;28.2;41.0;23.1;7.7;25.7;33.4;38.4;2.6;Q3
130812;LA LIBERTAD;PATAZ;TAURIJA;94.9;386.0;376.0;51.1;25.3;17.2;6.4;51.2;25.4;13.2;10.3;Q4
130813;LA LIBERTAD;PATAZ;URPAY;92.9;380.0;379.0;39.1;41.6;13.4;5.9;42.9;29.1;23.9;4.1;Q4
130901;LA LIBERTAD;SÁNCHEZ CARRIÓN;HUAMACHUCO;91.9;458.0;463.0;13.7;29.1;33.1;24.1;12.8;22.7;39.7;24.8;Q2
130902;LA LIBERTAD;SÁNCHEZ CARRIÓN;CHUGAY;97.6;406.0;406.0;29.9;39.3;23.1;7.7;32.3;29.2;29.2;9.2;Q4
130903;LA LIBERTAD;SÁNCHEZ CARRIÓN;COCHORCO;96.3;383.0;369.0;42.2;35.5;16.8;5.6;47.3;29.3;19.2;4.1;Q4
130904;LA LIBERTAD;SÁNCHEZ CARRIÓN;CURGOS;98.5;416.0;417.0;26.4;35.6;26.4;11.5;25.9;31.3;33.2;9.6;Q3
130905;LA LIBERTAD;SÁNCHEZ CARRIÓN;MARCABAL;98.2;388.0;395.0;32.8;45.5;17.2;4.5;32.5;33.5;29.9;4.0;Q4
130906;LA LIBERTAD;SÁNCHEZ CARRIÓN;SANAGORAN;96.9;392.0;401.0;38.9;35.6;19.1;6.4;35.6;28.5;28.2;7.6;Q4
130907;LA LIBERTAD;SÁNCHEZ CARRIÓN;SARIN;97.4;404.0;401.0;29.8;40.1;21.9;8.2;27.3;38.6;27.4;6.7;Q4
130908;LA LIBERTAD;SÁNCHEZ CARRIÓN;SARTIMBAMBA;95.9;384.0;364.0;39.1;40.9;15.6;4.4;49.1;32.4;17.6;0.9;Q4
131001;LA LIBERTAD;SANTIAGO DE CHUCO;SANTIAGO DE CHUCO;97.9;423.0;422.0;30.4;26.7;25.2;17.7;27.9;30.5;23.1;18.5;Q3
131002;LA LIBERTAD;SANTIAGO DE CHUCO;ANGASMARCA;98.5;430.0;451.0;17.9;40.6;33.2;8.3;18.2;21.6;37.6;22.6;Q2
131003;LA LIBERTAD;SANTIAGO DE CHUCO;CACHICADAN;96.3;423.0;428.0;19.2;41.1;27.0;12.6;20.8;27.8;38.9;12.5;Q3
131004;LA LIBERTAD;SANTIAGO DE CHUCO;MOLLEBAMBA;100.0;448.0;440.0;11.8;34.6;28.0;25.6;14.8;23.5;50.5;11.3;Q3
131005;LA LIBERTAD;SANTIAGO DE CHUCO;MOLLEPATA;96.3;425.0;412.0;21.7;35.0;24.8;18.5;23.9;31.3;37.4;7.4;Q4
131006;LA LIBERTAD;SANTIAGO DE CHUCO;QUIRUVILCA;95.8;432.0;429.0;17.6;39.6;29.0;13.9;19.4;32.6;30.2;17.7;Q3
131007;LA LIBERTAD;SANTIAGO DE CHUCO;SANTA CRUZ DE CHUCA;95.9;434.0;444.0;14.7;42.4;25.1;17.9;14.7;28.2;41.3;15.8;Q3
131008;LA LIBERTAD;SANTIAGO DE CHUCO;SITABAMBA;96.4;429.0;423.0;25.3;26.4;37.5;10.9;24.3;32.7;28.0;15.0;Q3
131101;LA LIBERTAD;GRAN CHIMÚ;CASCAS;98.2;476.0;472.0;11.4;24.7;32.9;30.9;14.1;20.0;36.5;29.5;Q2
131102;LA LIBERTAD;GRAN CHIMÚ;LUCMA;100.0;417.0;441.0;26.5;31.3;35.0;7.2;20.5;22.9;43.4;13.3;Q3
131103;LA LIBERTAD;GRAN CHIMÚ;MARMOT;100.0;450.0;453.0;19.5;22.2;38.9;19.4;16.7;19.5;44.4;19.4;Q2
131104;LA LIBERTAD;GRAN CHIMÚ;SAYAPULLO;96.6;430.0;440.0;18.6;39.4;28.9;13.1;11.7;31.1;45.1;12.1;Q3
131201;LA LIBERTAD;VIRÚ;VIRU;98.2;469.0;453.0;6.7;31.6;38.6;23.0;8.5;28.9;45.1;17.5;Q2
131202;LA LIBERTAD;VIRÚ;CHAO;93.8;449.0;440.0;10.1;39.0;34.7;16.2;13.0;29.7;44.9;12.4;Q3
131203;LA LIBERTAD;VIRÚ;GUADALUPITO;95.7;485.0;480.0;5.0;22.8;47.4;24.7;7.3;17.3;46.9;28.4;Q2
140101;LAMBAYEQUE;CHICLAYO;CHICLAYO;96.9;511.0;490.0;2.9;19.1;35.1;42.9;4.3;18.4;45.4;31.9;Q1
140102;LAMBAYEQUE;CHICLAYO;CHONGOYAPE;94.6;450.0;427.0;10.4;39.1;30.8;19.7;19.6;32.2;33.8;14.4;Q3
140103;LAMBAYEQUE;CHICLAYO;ETEN;97.3;490.0;499.0;4.0;24.7;39.0;32.3;3.6;15.5;45.2;35.7;Q1
140104;LAMBAYEQUE;CHICLAYO;ETEN PUERTO;93.3;594.0;611.0;0.0;0.0;7.1;92.9;0.0;0.0;7.1;92.9;Q1
140105;LAMBAYEQUE;CHICLAYO;JOSE LEONARDO ORTIZ;96.1;497.0;482.0;3.7;22.7;37.9;35.7;4.7;20.5;44.9;29.9;Q1
140106;LAMBAYEQUE;CHICLAYO;LA VICTORIA;92.4;478.0;450.0;4.6;28.4;41.1;25.9;7.6;30.3;48.0;14.1;Q2
140107;LAMBAYEQUE;CHICLAYO;LAGUNAS;99.3;475.0;466.0;6.7;27.6;38.9;26.8;7.4;28.2;44.4;20.0;Q2
140108;LAMBAYEQUE;CHICLAYO;MONSEFU;95.9;463.0;457.0;9.5;33.1;33.2;24.2;9.5;27.8;43.5;19.1;Q2
140109;LAMBAYEQUE;CHICLAYO;NUEVA ARICA;96.6;452.0;420.0;14.1;32.2;32.1;21.6;14.1;39.3;42.9;3.6;Q3
140110;LAMBAYEQUE;CHICLAYO;OYOTUN;98.1;429.0;408.0;10.9;53.6;25.7;9.8;23.8;37.6;29.7;8.9;Q4
140111;LAMBAYEQUE;CHICLAYO;PICSI;97.3;460.0;457.0;7.4;37.6;35.7;19.3;6.4;28.5;46.7;18.4;Q2
140112;LAMBAYEQUE;CHICLAYO;PIMENTEL;98.5;524.0;503.0;1.4;16.0;34.9;47.8;2.3;14.4;46.7;36.6;Q1
140113;LAMBAYEQUE;CHICLAYO;REQUE;98.6;499.0;488.0;2.8;22.1;37.5;37.6;2.8;14.4;56.2;26.7;Q1
140114;LAMBAYEQUE;CHICLAYO;SANTA ROSA;93.0;482.0;477.0;5.5;25.2;43.0;26.3;7.3;19.1;49.1;24.6;Q2
140115;LAMBAYEQUE;CHICLAYO;SAÑA;98.1;462.0;454.0;11.5;30.5;33.7;24.3;10.1;29.4;43.9;16.6;Q2
140116;LAMBAYEQUE;CHICLAYO;CAYALTI;95.2;467.0;448.0;8.4;29.8;34.0;27.8;9.8;30.2;45.2;14.7;Q3
140117;LAMBAYEQUE;CHICLAYO;PATAPO;93.4;464.0;449.0;7.9;33.0;36.7;22.4;8.8;27.7;47.0;16.5;Q2
140118;LAMBAYEQUE;CHICLAYO;POMALCA;95.5;471.0;458.0;6.8;34.1;31.8;27.4;9.2;30.4;40.3;20.2;Q2
140119;LAMBAYEQUE;CHICLAYO;PUCALA;96.5;470.0;455.0;5.4;32.4;37.0;25.2;9.1;30.1;39.6;21.2;Q2
140120;LAMBAYEQUE;CHICLAYO;TUMAN;95.0;469.0;442.0;8.4;27.5;40.5;23.6;10.1;30.4;47.5;12.1;Q3
140201;LAMBAYEQUE;FERREÑAFE;FERREÑAFE;97.0;487.0;464.0;5.5;26.6;35.0;32.9;7.2;25.2;45.9;21.7;Q2
140202;LAMBAYEQUE;FERREÑAFE;CAÑARIS;100.0;403.0;391.0;37.1;30.6;17.7;14.5;37.1;30.6;24.2;8.1;Q4
140203;LAMBAYEQUE;FERREÑAFE;INCAHUASI;100.0;373.0;349.0;52.6;27.9;19.5;0.0;56.5;34.4;9.1;0.0;Q4
140204;LAMBAYEQUE;FERREÑAFE;MANUEL ANTONIO MESONES MURO;97.1;433.0;424.0;21.2;30.3;36.4;12.1;21.2;30.3;36.4;12.1;Q3
140205;LAMBAYEQUE;FERREÑAFE;PITIPO;97.3;468.0;468.0;7.8;25.9;45.8;20.6;8.9;25.4;41.7;24.0;Q2
140206;LAMBAYEQUE;FERREÑAFE;PUEBLO NUEVO;100.0;463.0;451.0;5.9;41.2;35.3;17.7;7.1;30.6;49.4;12.9;Q2
140301;LAMBAYEQUE;LAMBAYEQUE;LAMBAYEQUE;96.7;504.0;485.0;2.6;21.5;37.6;38.3;4.7;19.8;45.6;30.0;Q1
140302;LAMBAYEQUE;LAMBAYEQUE;CHOCHOPE;100.0;413.0;373.0;20.0;55.0;10.0;15.0;45.0;40.0;10.0;5.0;Q4
140303;LAMBAYEQUE;LAMBAYEQUE;ILLIMO;97.8;486.0;484.0;1.2;32.9;36.9;29.0;0.6;22.5;50.3;26.7;Q1
140304;LAMBAYEQUE;LAMBAYEQUE;JAYANCA;96.7;466.0;450.0;9.5;32.0;36.1;22.4;11.4;27.8;42.6;18.2;Q2
140305;LAMBAYEQUE;LAMBAYEQUE;MOCHUMI;96.3;476.0;472.0;7.0;24.0;43.4;25.6;5.4;22.2;46.6;25.7;Q2
140306;LAMBAYEQUE;LAMBAYEQUE;MORROPE;97.6;437.0;440.0;14.8;39.5;33.0;12.8;13.9;30.8;40.6;14.6;Q3
140307;LAMBAYEQUE;LAMBAYEQUE;MOTUPE;91.5;465.0;446.0;8.7;31.7;38.2;21.4;11.6;25.4;50.3;12.7;Q3
140308;LAMBAYEQUE;LAMBAYEQUE;OLMOS;96.7;441.0;434.0;15.6;36.6;32.2;15.6;15.8;30.2;42.4;11.5;Q3
140309;LAMBAYEQUE;LAMBAYEQUE;PACORA;97.4;444.0;436.0;13.0;35.1;39.6;12.3;12.9;36.0;40.6;10.5;Q3
140310;LAMBAYEQUE;LAMBAYEQUE;SALAS;92.6;434.0;425.0;20.3;32.9;30.2;16.5;19.5;30.1;40.5;9.9;Q3
140311;LAMBAYEQUE;LAMBAYEQUE;SAN JOSE;97.8;473.0;467.0;8.5;28.8;35.7;27.0;9.7;23.3;40.9;26.1;Q2
140312;LAMBAYEQUE;LAMBAYEQUE;TUCUME;96.3;442.0;436.0;12.0;39.1;35.5;13.4;13.0;33.3;42.9;10.8;Q3
150101;LIMA METROPOLITANA;LIMA;LIMA;97.4;513.0;487.0;3.2;19.2;34.5;43.1;4.1;18.9;48.0;28.9;Q1
150102;LIMA METROPOLITANA;LIMA;ANCON;95.7;491.0;471.0;5.5;23.5;37.7;33.4;7.4;23.8;43.8;25.0;Q2
150103;LIMA METROPOLITANA;LIMA;ATE;95.2;494.0;481.0;4.4;24.5;36.2;35.0;5.4;20.1;46.5;28.0;Q2
150104;LIMA METROPOLITANA;LIMA;BARRANCO;97.3;524.0;493.0;1.9;15.1;33.3;49.7;2.9;18.2;47.2;31.7;Q1
150105;LIMA METROPOLITANA;LIMA;BREÑA;96.4;530.0;498.0;2.3;13.2;33.5;51.0;3.3;16.1;45.8;34.8;Q1
150106;LIMA METROPOLITANA;LIMA;CARABAYLLO;96.3;492.0;476.0;4.9;24.0;36.8;34.4;6.8;22.2;44.9;26.1;Q2
150107;LIMA METROPOLITANA;LIMA;CHACLACAYO;97.4;512.0;494.0;3.5;19.2;34.8;42.5;4.2;15.1;45.3;35.4;Q1
150108;LIMA METROPOLITANA;LIMA;CHORRILLOS;96.9;513.0;491.0;3.0;19.2;34.1;43.8;3.6;18.8;46.2;31.5;Q1
150109;LIMA METROPOLITANA;LIMA;CIENEGUILLA;94.9;495.0;481.0;5.5;23.8;35.3;35.4;6.7;22.9;41.0;29.4;Q2
150110;LIMA METROPOLITANA;LIMA;COMAS;95.9;500.0;479.0;3.9;22.0;36.4;37.7;5.1;21.7;46.6;26.6;Q2
150111;LIMA METROPOLITANA;LIMA;EL AGUSTINO;95.5;499.0;485.0;3.8;23.3;35.8;37.2;5.4;20.0;45.0;29.6;Q1
150112;LIMA METROPOLITANA;LIMA;INDEPENDENCIA;96.1;490.0;472.0;4.3;26.0;36.7;33.0;5.8;24.0;46.2;24.0;Q2
150113;LIMA METROPOLITANA;LIMA;JESUS MARIA;97.6;538.0;497.0;1.4;13.3;27.8;57.5;2.7;17.1;46.7;33.6;Q1
150114;LIMA METROPOLITANA;LIMA;LA MOLINA;98.0;561.0;519.0;1.1;8.9;24.9;65.2;1.8;10.5;43.5;44.2;Q1
150115;LIMA METROPOLITANA;LIMA;LA VICTORIA;96.8;500.0;480.0;4.0;22.3;35.9;37.8;5.0;21.6;46.3;27.1;Q2
150116;LIMA METROPOLITANA;LIMA;LINCE;96.3;529.0;493.0;2.2;15.0;33.6;49.2;3.8;16.3;48.6;31.3;Q1
150117;LIMA METROPOLITANA;LIMA;LOS OLIVOS;96.7;510.0;485.0;2.8;19.0;36.1;42.1;4.4;19.8;46.8;29.0;Q1
150118;LIMA METROPOLITANA;LIMA;LURIGANCHO;95.2;499.0;483.0;3.3;23.2;37.2;36.4;4.5;19.9;47.6;28.1;Q1
150119;LIMA METROPOLITANA;LIMA;LURIN;97.3;490.0;471.0;4.1;25.4;36.7;33.8;5.7;22.8;48.7;22.8;Q2
150120;LIMA METROPOLITANA;LIMA;MAGDALENA DEL MAR;96.7;529.0;490.0;0.8;16.5;32.9;49.8;2.9;16.3;51.7;29.2;Q1
150121;LIMA METROPOLITANA;LIMA;PUEBLO LIBRE;98.3;554.0;517.0;1.5;11.3;26.0;61.1;2.5;11.8;42.8;42.9;Q1
150122;LIMA METROPOLITANA;LIMA;MIRAFLORES;97.4;577.0;524.0;1.0;7.4;19.8;71.9;1.7;8.9;42.2;47.2;Q1
150123;LIMA METROPOLITANA;LIMA;PACHACAMAC;95.8;494.0;478.0;3.9;24.1;37.7;34.2;6.1;19.0;48.5;26.4;Q2
150124;LIMA METROPOLITANA;LIMA;PUCUSANA;95.1;474.0;465.0;7.5;32.3;33.7;26.5;13.0;20.2;41.7;25.0;Q2
150125;LIMA METROPOLITANA;LIMA;PUENTE PIEDRA;96.4;493.0;478.0;4.2;24.5;36.9;34.4;5.5;22.1;46.1;26.4;Q2
150126;LIMA METROPOLITANA;LIMA;PUNTA HERMOSA;96.4;490.0;501.0;5.7;17.0;37.7;39.6;0.0;24.5;35.8;39.6;Q1
150127;LIMA METROPOLITANA;LIMA;PUNTA NEGRA;86.4;489.0;470.0;5.3;26.1;37.2;31.4;7.8;20.9;48.7;22.6;Q2
150128;LIMA METROPOLITANA;LIMA;RIMAC;96.2;501.0;476.0;3.5;21.9;36.4;38.2;6.1;19.8;49.3;24.8;Q2
150129;LIMA METROPOLITANA;LIMA;SAN BARTOLO;96.2;471.0;461.0;7.4;37.2;34.8;20.6;5.7;28.2;44.5;21.5;Q2
150130;LIMA METROPOLITANA;LIMA;SAN BORJA;97.4;564.0;520.0;0.8;9.2;24.6;65.4;1.9;10.5;42.1;45.5;Q1
150131;LIMA METROPOLITANA;LIMA;SAN ISIDRO;99.1;575.0;530.0;1.1;5.6;21.7;71.6;1.5;7.1;43.4;47.9;Q1
150132;LIMA METROPOLITANA;LIMA;SAN JUAN DE LURIGANCHO;96.1;495.0;479.0;4.1;24.0;36.7;35.2;5.4;21.5;46.3;26.8;Q2
150133;LIMA METROPOLITANA;LIMA;SAN JUAN DE MIRAFLORES;96.1;496.0;473.0;4.0;24.6;35.4;36.0;5.9;23.0;47.2;23.9;Q2
150134;LIMA METROPOLITANA;LIMA;SAN LUIS;95.2;514.0;493.0;3.8;18.6;34.4;43.2;4.2;17.1;46.8;31.9;Q1
150135;LIMA METROPOLITANA;LIMA;SAN MARTIN DE PORRES;94.3;499.0;472.0;4.7;22.0;36.0;37.4;6.4;22.7;47.1;23.8;Q2
150136;LIMA METROPOLITANA;LIMA;SAN MIGUEL;95.2;540.0;498.0;2.5;13.0;28.3;56.2;3.9;14.9;47.6;33.6;Q1
150137;LIMA METROPOLITANA;LIMA;SANTA ANITA;94.9;502.0;488.0;3.5;23.0;34.7;38.7;4.4;20.6;43.3;31.7;Q1
150138;LIMA METROPOLITANA;LIMA;SANTA MARIA DEL MAR;100.0;502.0;475.0;0.0;30.8;23.1;46.2;0.0;23.1;53.8;23.1;Q2
150139;LIMA METROPOLITANA;LIMA;SANTA ROSA;72.9;;;;;;;;;;;
150140;LIMA METROPOLITANA;LIMA;SANTIAGO DE SURCO;97.9;564.0;523.0;1.6;9.6;23.4;65.5;2.1;10.6;41.2;46.1;Q1
150141;LIMA METROPOLITANA;LIMA;SURQUILLO;96.5;536.0;501.0;1.8;12.3;33.2;52.7;2.5;14.9;47.1;35.5;Q1
150142;LIMA METROPOLITANA;LIMA;VILLA EL SALVADOR;94.9;489.0;466.0;5.2;26.2;35.7;32.9;7.5;25.5;45.0;22.0;Q2
150143;LIMA METROPOLITANA;LIMA;VILLA MARIA DEL TRIUNFO;94.9;488.0;468.0;4.8;27.1;35.4;32.7;6.5;24.4;46.5;22.6;Q2
150201;LIMA PROVINCIA;BARRANCA;BARRANCA;98.0;504.0;493.0;3.4;20.0;38.2;38.4;5.4;17.0;43.7;33.9;Q1
150202;LIMA PROVINCIA;BARRANCA;PARAMONGA;98.7;498.0;484.0;4.4;23.4;36.3;35.9;7.3;18.8;43.5;30.4;Q1
150203;LIMA PROVINCIA;BARRANCA;PATIVILCA;97.2;506.0;518.0;4.2;17.2;32.4;46.3;2.5;11.0;39.9;46.6;Q1
150204;LIMA PROVINCIA;BARRANCA;SUPE;97.2;485.0;478.0;5.8;24.2;38.6;31.3;8.5;21.2;42.0;28.3;Q2
150205;LIMA PROVINCIA;BARRANCA;SUPE PUERTO;95.7;491.0;470.0;3.0;24.5;39.5;33.1;3.7;24.7;50.0;21.6;Q2
150301;LIMA PROVINCIA;CAJATAMBO;CAJATAMBO;100.0;501.0;498.0;0.0;15.6;49.8;34.6;2.7;13.0;49.8;34.6;Q1
150302;LIMA PROVINCIA;CAJATAMBO;COPA;100.0;437.0;414.0;14.3;33.3;47.6;4.8;14.3;47.6;33.3;4.8;Q3
150303;LIMA PROVINCIA;CAJATAMBO;GORGOR;100.0;475.0;469.0;11.5;26.9;42.4;19.2;7.7;11.5;65.4;15.4;Q2
150304;LIMA PROVINCIA;CAJATAMBO;HUANCAPON;100.0;401.0;431.0;30.0;50.0;20.0;0.0;10.0;60.0;20.0;10.0;Q3
150305;LIMA PROVINCIA;CAJATAMBO;MANAS;100.0;561.0;535.0;0.0;0.0;42.9;57.1;0.0;14.3;28.6;57.1;Q1
150401;LIMA PROVINCIA;CANTA;CANTA;89.6;515.0;500.0;2.6;21.2;35.3;40.9;5.1;7.2;46.4;41.2;Q1
150402;LIMA PROVINCIA;CANTA;ARAHUAY;100.0;542.0;661.0;0.0;0.0;50.0;50.0;0.0;0.0;0.0;100.0;Q1
150403;LIMA PROVINCIA;CANTA;HUAMANTANGA;60.0;;;;;;;;;;;
150404;LIMA PROVINCIA;CANTA;HUAROS;90.9;475.0;510.0;10.9;41.8;9.1;38.2;0.0;21.8;49.1;29.1;Q1
150405;LIMA PROVINCIA;CANTA;LACHAQUI;100.0;455.0;433.0;25.0;25.0;16.7;33.3;25.0;16.7;41.7;16.7;Q3
150407;LIMA PROVINCIA;CANTA;SANTA ROSA DE QUIVES;93.7;522.0;526.0;0.9;10.7;37.0;51.4;0.9;3.7;49.1;46.3;Q1
150501;LIMA PROVINCIA;CAÑETE;SAN VICENTE DE CAÑETE;96.5;488.0;467.0;5.8;26.5;34.3;33.4;6.9;26.8;43.7;22.6;Q2
150502;LIMA PROVINCIA;CAÑETE;ASIA;93.8;478.0;455.0;3.6;30.9;40.5;24.9;5.6;29.5;53.9;10.9;Q2
150503;LIMA PROVINCIA;CAÑETE;CALANGO;100.0;468.0;452.0;25.0;16.6;25.0;33.4;20.7;20.9;24.9;33.4;Q2
150504;LIMA PROVINCIA;CAÑETE;CERRO AZUL;93.3;455.0;449.0;7.7;37.8;35.9;18.6;12.0;23.8;46.6;17.6;Q2
150505;LIMA PROVINCIA;CAÑETE;CHILCA;96.6;485.0;466.0;6.9;26.7;35.6;30.8;6.7;25.2;44.4;23.7;Q2
150506;LIMA PROVINCIA;CAÑETE;COAYLLO;100.0;510.0;509.0;0.0;20.0;20.0;60.0;0.0;20.0;40.0;40.0;Q1
150507;LIMA PROVINCIA;CAÑETE;IMPERIAL;95.5;481.0;478.0;5.0;28.7;39.0;27.3;6.2;20.0;47.6;26.2;Q2
150508;LIMA PROVINCIA;CAÑETE;LUNAHUANA;100.0;482.0;487.0;7.4;22.3;40.7;29.5;3.7;18.6;48.2;29.5;Q1
150509;LIMA PROVINCIA;CAÑETE;MALA;96.6;501.0;482.0;5.3;21.4;33.0;40.2;5.5;21.0;44.9;28.6;Q1
150510;LIMA PROVINCIA;CAÑETE;NUEVO IMPERIAL;99.2;471.0;462.0;5.3;31.5;38.7;24.4;7.2;23.6;48.3;20.9;Q2
150511;LIMA PROVINCIA;CAÑETE;PACARAN;100.0;492.0;506.0;3.6;17.9;35.9;42.6;14.3;17.9;35.9;31.8;Q1
150512;LIMA PROVINCIA;CAÑETE;QUILMANA;91.5;468.0;441.0;8.1;30.4;38.3;23.3;13.0;32.1;39.8;15.2;Q3
150513;LIMA PROVINCIA;CAÑETE;SAN ANTONIO;95.9;510.0;505.0;5.8;18.4;27.1;48.7;7.2;15.6;37.2;40.0;Q1
150514;LIMA PROVINCIA;CAÑETE;SAN LUIS;96.3;479.0;469.0;4.8;24.6;44.3;26.3;4.8;22.6;51.9;20.8;Q2
150515;LIMA PROVINCIA;CAÑETE;SANTA CRUZ DE FLORES;100.0;556.0;550.0;0.0;9.1;36.4;54.5;0.0;9.1;40.9;50.0;Q1
150516;LIMA PROVINCIA;CAÑETE;ZUÑIGA;90.9;466.0;491.0;20.0;10.0;40.0;30.0;10.0;20.0;20.0;50.0;Q1
150601;LIMA PROVINCIA;HUARAL;HUARAL;93.7;493.0;485.0;4.8;24.2;35.0;36.0;5.6;20.1;44.1;30.2;Q1
150602;LIMA PROVINCIA;HUARAL;ATAVILLOS ALTO;100.0;438.0;412.0;16.7;33.3;33.3;16.7;16.7;33.3;50.0;0.0;Q4
150603;LIMA PROVINCIA;HUARAL;ATAVILLOS BAJO;100.0;509.0;485.0;7.1;21.4;21.4;50.0;0.0;35.7;42.9;21.4;Q1
150604;LIMA PROVINCIA;HUARAL;AUCALLAMA;98.3;470.0;461.0;8.6;29.0;35.3;27.1;10.4;24.0;41.8;23.8;Q2
150605;LIMA PROVINCIA;HUARAL;CHANCAY;92.2;496.0;483.0;4.7;22.8;36.5;36.0;3.8;21.1;48.6;26.6;Q1
150606;LIMA PROVINCIA;HUARAL;IHUARI;91.7;393.0;384.0;31.6;47.9;20.5;0.0;33.3;33.0;30.9;2.8;Q4
150608;LIMA PROVINCIA;HUARAL;PACARAOS;100.0;382.0;378.0;55.6;33.3;0.0;11.1;44.4;33.3;22.2;0.0;Q4
150609;LIMA PROVINCIA;HUARAL;SAN MIGUEL DE ACOS;100.0;496.0;501.0;0.0;25.0;50.0;25.0;0.0;0.0;62.5;37.5;Q1
150612;LIMA PROVINCIA;HUARAL;VEINTISIETE DE NOVIEMBRE;100.0;454.0;425.0;16.7;16.7;50.0;16.7;16.7;16.7;66.7;0.0;Q3
150701;LIMA PROVINCIA;HUAROCHIRÍ;MATUCANA;97.1;492.0;472.0;2.9;20.0;39.3;37.8;3.0;21.5;53.5;22.0;Q2
150702;LIMA PROVINCIA;HUAROCHIRÍ;ANTIOQUIA;100.0;407.0;406.0;25.0;43.8;25.0;6.3;25.0;31.3;43.8;0.0;Q4
150703;LIMA PROVINCIA;HUAROCHIRÍ;CALLAHUANCA;100.0;426.0;463.0;0.0;75.0;25.0;0.0;0.0;25.0;50.0;25.0;Q2
150704;LIMA PROVINCIA;HUAROCHIRÍ;CARAMPOMA;100.0;488.0;447.0;0.0;28.6;42.9;28.6;14.3;14.3;57.1;14.3;Q3
150705;LIMA PROVINCIA;HUAROCHIRÍ;CHICLA;96.6;501.0;484.0;0.0;37.7;23.2;39.1;10.6;19.7;35.6;34.1;Q1
150706;LIMA PROVINCIA;HUAROCHIRÍ;CUENCA;100.0;381.0;401.0;40.0;40.0;20.0;0.0;60.0;0.0;20.0;20.0;Q4
150708;LIMA PROVINCIA;HUAROCHIRÍ;HUANZA;100.0;439.0;434.0;20.0;40.0;20.0;20.0;0.0;40.0;60.0;0.0;Q3
150709;LIMA PROVINCIA;HUAROCHIRÍ;HUAROCHIRI;100.0;413.0;401.0;35.3;23.5;29.4;11.8;23.5;35.3;35.3;5.9;Q4
150710;LIMA PROVINCIA;HUAROCHIRÍ;LAHUAYTAMBO;100.0;400.0;516.0;0.0;100.0;0.0;0.0;0.0;0.0;66.7;33.3;Q1
150711;LIMA PROVINCIA;HUAROCHIRÍ;LANGA;100.0;313.0;317.0;66.7;33.3;0.0;0.0;83.3;16.7;0.0;0.0;Q4
150713;LIMA PROVINCIA;HUAROCHIRÍ;MARIATANA;100.0;417.0;421.0;20.0;60.0;10.0;10.0;10.0;60.0;10.0;20.0;Q3
150714;LIMA PROVINCIA;HUAROCHIRÍ;RICARDO PALMA;100.0;501.0;480.0;2.2;18.1;44.8;35.0;3.2;19.0;50.1;27.7;Q2
150715;LIMA PROVINCIA;HUAROCHIRÍ;SAN ANDRES DE TUPICOCHA;95.0;422.0;409.0;25.2;47.5;10.9;16.3;10.4;53.0;36.6;0.0;Q4
150716;LIMA PROVINCIA;HUAROCHIRÍ;SAN ANTONIO;94.4;479.0;463.0;6.6;28.3;36.6;28.5;7.6;25.2;46.2;21.1;Q2
150717;LIMA PROVINCIA;HUAROCHIRÍ;SAN BARTOLOME;92.3;542.0;498.0;8.3;0.0;41.7;50.0;0.0;16.7;41.7;41.7;Q1
150718;LIMA PROVINCIA;HUAROCHIRÍ;SAN DAMIAN;100.0;471.0;475.0;24.7;4.9;25.1;45.2;19.8;14.9;30.1;35.2;Q2
150719;LIMA PROVINCIA;HUAROCHIRÍ;SAN JUAN DE IRIS;100.0;374.0;318.0;66.7;0.0;33.3;0.0;66.7;33.3;0.0;0.0;Q4
150720;LIMA PROVINCIA;HUAROCHIRÍ;SAN JUAN DE TANTARANCHE;100.0;421.0;393.0;21.4;42.9;21.4;14.3;35.7;28.6;28.6;7.1;Q4
150721;LIMA PROVINCIA;HUAROCHIRÍ;SAN LORENZO DE QUINTI;100.0;451.0;433.0;7.2;42.8;28.5;21.5;14.4;35.6;42.8;7.2;Q3
150722;LIMA PROVINCIA;HUAROCHIRÍ;SAN MATEO;93.8;469.0;476.0;11.9;30.5;30.5;27.1;11.9;18.6;44.1;25.4;Q2
150723;LIMA PROVINCIA;HUAROCHIRÍ;SAN MATEO DE OTAO;100.0;534.0;511.0;20.0;0.0;20.0;60.0;0.0;20.0;40.0;40.0;Q1
150724;LIMA PROVINCIA;HUAROCHIRÍ;SAN PEDRO DE CASTA;87.5;483.0;445.0;28.6;14.3;0.0;57.1;0.0;28.6;57.1;14.3;Q3
150727;LIMA PROVINCIA;HUAROCHIRÍ;SANTA CRUZ DE COCACHACRA;100.0;494.0;486.0;7.1;26.2;33.3;33.3;4.8;16.7;47.6;31.0;Q1
150728;LIMA PROVINCIA;HUAROCHIRÍ;SANTA EULALIA;90.8;510.0;495.0;4.0;20.8;33.8;41.4;3.1;20.8;41.8;34.3;Q1
150731;LIMA PROVINCIA;HUAROCHIRÍ;SANTO DOMINGO DE LOS OLLEROS;96.7;470.0;443.0;8.4;29.7;41.7;20.3;8.6;43.5;32.8;15.2;Q3
150732;LIMA PROVINCIA;HUAROCHIRÍ;SURCO;100.0;453.0;439.0;0.0;58.3;33.3;8.3;8.3;33.3;50.0;8.3;Q3
150801;LIMA PROVINCIA;HUAURA;HUACHO;97.8;514.0;487.0;2.3;19.0;35.6;43.1;4.9;18.5;47.2;29.3;Q1
150802;LIMA PROVINCIA;HUAURA;AMBAR;100.0;431.0;394.0;7.1;50.2;42.7;0.0;43.0;21.6;21.3;14.2;Q4
150803;LIMA PROVINCIA;HUAURA;CALETA DE CARQUIN;98.6;476.0;459.0;11.7;26.4;35.3;26.6;11.7;24.7;42.9;20.6;Q2
150805;LIMA PROVINCIA;HUAURA;HUALMAY;98.6;494.0;473.0;5.3;22.5;36.1;36.1;5.0;24.6;45.3;25.2;Q2
150806;LIMA PROVINCIA;HUAURA;HUAURA;96.3;492.0;466.0;1.8;24.7;43.9;29.6;6.1;26.5;48.0;19.4;Q2
150807;LIMA PROVINCIA;HUAURA;LEONCIO PRADO;87.9;446.0;448.0;12.1;39.4;36.4;12.1;12.1;36.4;27.3;24.2;Q3
150808;LIMA PROVINCIA;HUAURA;PACCHO;95.2;403.0;403.0;26.7;40.6;21.6;11.1;24.8;31.1;44.1;0.0;Q4
150809;LIMA PROVINCIA;HUAURA;SANTA LEONOR;100.0;441.0;465.0;17.6;35.3;29.4;17.6;5.9;5.9;64.7;23.5;Q2
150810;LIMA PROVINCIA;HUAURA;SANTA MARIA;97.2;510.0;482.0;3.4;17.9;36.9;41.9;5.3;19.0;46.4;29.3;Q1
150811;LIMA PROVINCIA;HUAURA;SAYAN;98.6;479.0;473.0;4.7;30.3;36.1;28.9;6.5;22.5;47.4;23.7;Q2
150812;LIMA PROVINCIA;HUAURA;VEGUETA;94.7;468.0;454.0;8.2;28.9;38.2;24.6;9.3;30.8;41.5;18.3;Q2
150901;LIMA PROVINCIA;OYÓN;OYON;99.2;503.0;508.0;3.7;23.7;35.6;37.0;3.2;17.1;36.6;43.0;Q1
150902;LIMA PROVINCIA;OYÓN;ANDAJES;100.0;428.0;420.0;20.0;40.0;40.0;0.0;0.0;60.0;40.0;0.0;Q3
150904;LIMA PROVINCIA;OYÓN;COCHAMARCA;97.4;406.0;386.0;37.6;31.3;23.4;7.7;34.8;31.1;31.6;2.6;Q4
150905;LIMA PROVINCIA;OYÓN;NAVAN;100.0;446.0;444.0;7.1;50.0;28.6;14.3;0.0;42.9;42.9;14.3;Q3
150906;LIMA PROVINCIA;OYÓN;PACHANGARA;100.0;469.0;467.0;1.7;35.0;39.9;23.4;8.4;16.6;54.9;20.1;Q2
151001;LIMA PROVINCIA;YAUYOS;YAUYOS;100.0;525.0;523.0;0.0;10.0;35.0;55.0;0.0;0.0;55.0;45.0;Q1
151003;LIMA PROVINCIA;YAUYOS;ALLAUCA;100.0;484.0;529.0;6.6;13.4;53.3;26.7;0.0;13.3;33.3;53.4;Q1
151004;LIMA PROVINCIA;YAUYOS;AYAVIRI;100.0;493.0;509.0;0.0;60.0;0.0;40.0;0.0;20.0;40.0;40.0;Q1
151005;LIMA PROVINCIA;YAUYOS;AZANGARO;100.0;452.0;405.0;11.1;44.4;33.3;11.1;33.3;22.2;44.4;0.0;Q4
151006;LIMA PROVINCIA;YAUYOS;CACRA;100.0;474.0;583.0;0.0;0.0;100.0;0.0;0.0;0.0;0.0;100.0;Q1
151008;LIMA PROVINCIA;YAUYOS;CATAHUASI;100.0;481.0;451.0;8.1;22.2;38.4;31.3;8.1;30.3;46.5;15.2;Q2
151009;LIMA PROVINCIA;YAUYOS;CHOCOS;90.0;408.0;379.0;20.0;55.0;12.5;12.5;40.0;47.5;12.5;0.0;Q4
151011;LIMA PROVINCIA;YAUYOS;COLONIA;100.0;457.0;443.0;0.0;53.8;15.4;30.8;15.4;30.8;38.5;15.4;Q3
151012;LIMA PROVINCIA;YAUYOS;HONGOS;100.0;504.0;518.0;0.0;16.7;50.0;33.3;0.0;0.0;50.0;50.0;Q1
151016;LIMA PROVINCIA;YAUYOS;HUANTAN;100.0;494.0;467.0;0.0;15.4;61.5;23.1;0.0;22.9;53.8;23.3;Q2
151017;LIMA PROVINCIA;YAUYOS;HUAÑEC;100.0;627.0;570.0;0.0;20.0;0.0;80.0;0.0;0.0;40.0;60.0;Q1
151018;LIMA PROVINCIA;YAUYOS;LARAOS;100.0;554.0;558.0;0.0;0.0;33.3;66.7;0.0;0.0;11.1;88.9;Q1
151019;LIMA PROVINCIA;YAUYOS;LINCHA;100.0;488.0;474.0;0.0;16.7;58.3;25.0;0.0;8.3;83.3;8.3;Q2
151020;LIMA PROVINCIA;YAUYOS;MADEAN;92.3;449.0;499.0;0.0;36.2;54.8;9.0;0.0;9.0;50.0;41.0;Q1
151023;LIMA PROVINCIA;YAUYOS;PUTINZA;100.0;449.0;483.0;9.1;36.4;36.4;18.2;0.0;45.5;36.4;18.2;Q1
151024;LIMA PROVINCIA;YAUYOS;QUINCHES;100.0;453.0;482.0;8.3;49.9;8.4;33.4;8.3;24.9;33.3;33.5;Q1
151025;LIMA PROVINCIA;YAUYOS;QUINOCAY;100.0;471.0;466.0;9.1;36.4;36.4;18.2;9.1;9.1;54.5;27.3;Q2
151028;LIMA PROVINCIA;YAUYOS;TANTA;81.8;426.0;393.0;25.0;37.5;12.5;25.0;25.0;37.5;37.5;0.0;Q4
151029;LIMA PROVINCIA;YAUYOS;TAURIPAMPA;100.0;441.0;485.0;0.0;50.0;50.0;0.0;0.0;25.0;25.0;50.0;Q1
151030;LIMA PROVINCIA;YAUYOS;TOMAS;83.3;485.0;534.0;0.0;20.0;60.0;20.0;0.0;0.0;40.0;60.0;Q1
151032;LIMA PROVINCIA;YAUYOS;VIÑAC;100.0;484.0;506.0;6.4;19.3;45.1;29.1;3.2;12.9;35.4;48.4;Q1
160101;LORETO;MAYNAS;IQUITOS;93.1;455.0;420.0;11.5;34.9;33.2;20.4;18.9;36.4;36.5;8.2;Q3
160102;LORETO;MAYNAS;ALTO NANAY;85.9;;;;;;;;;;;
160103;LORETO;MAYNAS;FERNANDO LORES;91.0;362.0;343.0;51.9;33.6;12.8;1.8;61.0;27.0;11.7;0.3;Q4
160104;LORETO;MAYNAS;INDIANA;90.9;386.0;362.0;43.6;25.2;24.1;7.1;52.1;19.8;21.5;6.6;Q4
160105;LORETO;MAYNAS;LAS AMAZONAS;90.1;358.0;351.0;51.1;30.4;13.3;5.2;54.8;25.9;14.9;4.4;Q4
160106;LORETO;MAYNAS;MAZAN;87.3;358.0;345.0;57.6;29.1;8.4;4.9;63.3;25.8;6.6;4.3;Q4
160107;LORETO;MAYNAS;NAPO;89.8;350.0;315.0;55.3;34.6;8.0;2.1;77.1;19.2;3.8;0.0;Q4
160108;LORETO;MAYNAS;PUNCHANA;92.2;416.0;391.0;26.2;38.1;25.1;10.6;36.2;30.5;27.3;5.9;Q4
160110;LORETO;MAYNAS;TORRES CAUSANA;100.0;369.0;306.0;62.5;12.5;12.5;12.5;75.0;25.0;0.0;0.0;Q4
160112;LORETO;MAYNAS;BELEN;92.8;415.0;384.0;24.3;42.2;23.5;10.0;37.5;39.3;18.0;5.2;Q4
160113;LORETO;MAYNAS;SAN JUAN BAUTISTA;92.4;418.0;393.0;22.4;41.8;26.0;9.7;31.4;38.0;25.8;4.9;Q4
160201;LORETO;ALTO AMAZONAS;YURIMAGUAS;95.8;429.0;398.0;18.8;41.2;28.1;11.8;28.8;37.9;27.6;5.8;Q4
160202;LORETO;ALTO AMAZONAS;BALSAPUERTO;77.8;;;;;;;;;;;
160205;LORETO;ALTO AMAZONAS;JEBEROS;98.1;325.0;297.0;79.5;16.6;2.9;1.0;90.3;7.8;1.9;0.0;Q4
160206;LORETO;ALTO AMAZONAS;LAGUNAS;91.5;379.0;350.0;39.4;40.9;15.4;4.3;55.5;30.3;12.2;2.0;Q4
160210;LORETO;ALTO AMAZONAS;SANTA CRUZ;90.9;342.0;317.0;64.1;27.7;8.2;0.0;70.0;24.8;5.3;0.0;Q4
160211;LORETO;ALTO AMAZONAS;TENIENTE CESAR LOPEZ ROJAS;98.2;388.0;357.0;35.1;43.5;14.8;6.7;48.6;39.2;8.0;4.2;Q4
160301;LORETO;LORETO;NAUTA;94.7;390.0;362.0;36.4;39.0;18.4;6.1;48.4;32.9;16.2;2.5;Q4
160302;LORETO;LORETO;PARINARI;93.8;346.0;327.0;56.8;32.0;10.3;0.9;66.3;24.6;9.2;0.0;Q4
160303;LORETO;LORETO;TIGRE;97.2;358.0;358.0;49.1;44.9;6.0;0.0;48.0;41.7;10.3;0.0;Q4
160304;LORETO;LORETO;TROMPETEROS;78.5;;;;;;;;;;;
160305;LORETO;LORETO;URARINAS;85.3;344.0;328.0;58.3;30.3;6.7;4.7;62.7;23.3;12.4;1.6;Q4
160401;LORETO;MARISCAL RAMÓN CASTILLA;RAMON CASTILLA;88.6;387.0;359.0;39.1;38.2;17.0;5.7;52.3;31.8;14.2;1.8;Q4
160402;LORETO;MARISCAL RAMÓN CASTILLA;PEBAS;92.4;375.0;363.0;39.9;45.2;13.4;1.5;45.9;34.4;17.9;1.8;Q4
160403;LORETO;MARISCAL RAMÓN CASTILLA;YAVARI;85.7;357.0;349.0;51.7;35.8;10.8;1.7;51.3;35.6;13.2;0.0;Q4
160404;LORETO;MARISCAL RAMÓN CASTILLA;SAN PABLO;87.1;362.0;342.0;52.2;34.5;9.8;3.5;63.2;26.0;9.8;1.0;Q4
160501;LORETO;REQUENA;REQUENA;90.2;391.0;374.0;36.3;40.9;15.6;7.3;44.7;29.7;21.0;4.6;Q4
160502;LORETO;REQUENA;ALTO TAPICHE;90.6;334.0;322.0;75.2;17.7;3.5;3.5;75.7;19.6;4.7;0.0;Q4
160503;LORETO;REQUENA;CAPELO;95.5;359.0;340.0;52.9;38.0;9.1;0.0;54.6;40.7;4.8;0.0;Q4
160504;LORETO;REQUENA;EMILIO SAN MARTIN;92.3;343.0;337.0;67.5;23.3;8.7;0.5;64.7;20.0;12.5;2.8;Q4
160505;LORETO;REQUENA;MAQUIA;90.3;356.0;337.0;56.8;30.5;9.9;2.8;64.9;18.4;14.3;2.4;Q4
160506;LORETO;REQUENA;PUINAHUA;87.7;362.0;337.0;45.0;46.9;8.2;0.0;64.9;28.2;6.9;0.0;Q4
160507;LORETO;REQUENA;SAQUENA;87.6;364.0;358.0;49.9;39.6;9.5;1.1;47.9;35.7;16.4;0.0;Q4
160508;LORETO;REQUENA;SOPLIN;50.0;;;;;;;;;;;
160509;LORETO;REQUENA;TAPICHE;95.5;410.0;412.0;36.5;33.7;14.3;15.5;36.5;27.4;20.6;15.5;Q4
160510;LORETO;REQUENA;JENARO HERRERA;94.0;352.0;323.0;58.3;33.8;7.8;0.0;75.0;22.9;2.0;0.0;Q4
160511;LORETO;REQUENA;YAQUERANA;89.2;299.0;274.0;83.8;14.6;1.6;0.0;90.3;8.1;1.6;0.0;Q4
160601;LORETO;UCAYALI;CONTAMANA;91.3;422.0;387.0;21.2;38.2;30.3;10.3;35.7;34.5;23.8;5.9;Q4
160602;LORETO;UCAYALI;INAHUAYA;98.3;390.0;403.0;39.7;40.5;17.7;2.2;36.2;28.9;22.4;12.5;Q4
160603;LORETO;UCAYALI;PADRE MARQUEZ;91.8;374.0;345.0;48.9;32.6;14.0;4.5;56.2;28.3;15.5;0.0;Q4
160604;LORETO;UCAYALI;PAMPA HERMOSA;87.8;362.0;346.0;54.6;28.2;16.0;1.3;60.8;25.4;13.9;0.0;Q4
160605;LORETO;UCAYALI;SARAYACU;89.7;386.0;376.0;37.1;37.9;20.8;4.1;45.6;28.2;18.4;7.8;Q4
160606;LORETO;UCAYALI;VARGAS GUERRA;90.7;445.0;430.0;20.4;30.6;23.1;25.9;30.1;24.3;26.2;19.3;Q3
160701;LORETO;DATEM DEL MARAÑÓN;BARRANCA;94.8;393.0;378.0;40.7;25.8;26.3;7.2;44.1;26.3;24.4;5.1;Q4
160702;LORETO;DATEM DEL MARAÑÓN;CAHUAPANAS;77.8;;;;;;;;;;;
160703;LORETO;DATEM DEL MARAÑÓN;MANSERICHE;93.3;398.0;389.0;42.1;34.2;7.6;16.1;46.1;22.4;20.0;11.4;Q4
160704;LORETO;DATEM DEL MARAÑÓN;MORONA;95.8;410.0;401.0;36.3;24.3;26.2;13.2;38.5;24.2;24.1;13.2;Q4
160705;LORETO;DATEM DEL MARAÑÓN;PASTAZA;93.9;363.0;349.0;48.7;39.2;10.7;1.3;61.3;23.8;11.0;3.9;Q4
160706;LORETO;DATEM DEL MARAÑÓN;ANDOAS;50.0;;;;;;;;;;;
160801;LORETO;PUTUMAYO;PUTUMAYO;96.4;439.0;409.0;12.5;35.0;43.7;8.7;17.5;48.8;28.8;5.0;Q4
160802;LORETO;PUTUMAYO;ROSA PANDURO;77.8;;;;;;;;;;;
160803;LORETO;PUTUMAYO;TENIENTE MANUEL CLAVERO;56.3;;;;;;;;;;;
160804;LORETO;PUTUMAYO;YAGUAS;81.0;403.0;358.0;29.0;46.1;18.4;6.5;52.6;34.3;13.1;0.0;Q4
170101;MADRE DE DIOS;TAMBOPATA;TAMBOPATA;96.5;458.0;434.0;10.1;34.9;33.7;21.3;14.4;34.6;38.9;12.1;Q3
170102;MADRE DE DIOS;TAMBOPATA;INAMBARI;96.3;461.0;452.0;7.7;34.4;39.2;18.6;9.8;28.9;42.9;18.3;Q2
170103;MADRE DE DIOS;TAMBOPATA;LAS PIEDRAS;93.5;442.0;420.0;13.4;35.8;37.5;13.2;13.5;43.5;35.0;7.9;Q3
170104;MADRE DE DIOS;TAMBOPATA;LABERINTO;96.6;425.0;415.0;21.4;40.7;27.0;10.8;20.6;33.2;39.2;7.0;Q3
170201;MADRE DE DIOS;MANU;MANU;100.0;430.0;401.0;11.1;48.1;29.6;11.1;33.3;18.5;44.4;3.7;Q4
170202;MADRE DE DIOS;MANU;FITZCARRALD;100.0;345.0;348.0;57.1;42.9;0.0;0.0;71.4;14.3;14.3;0.0;Q4
170203;MADRE DE DIOS;MANU;MADRE DE DIOS;96.9;455.0;429.0;9.7;39.9;30.2;20.2;17.7;33.3;37.6;11.3;Q3
170204;MADRE DE DIOS;MANU;HUEPETUHE;96.3;472.0;468.0;3.4;30.6;43.1;22.9;4.8;16.8;60.5;17.8;Q2
170301;MADRE DE DIOS;TAHUAMANU;IÑAPARI;76.9;;;;;;;;;;;
170302;MADRE DE DIOS;TAHUAMANU;IBERIA;96.6;459.0;421.0;11.6;28.3;42.4;17.7;23.4;30.6;31.8;14.2;Q3
170303;MADRE DE DIOS;TAHUAMANU;TAHUAMANU;92.5;444.0;406.0;6.3;44.3;39.0;10.4;18.3;42.9;34.8;3.9;Q4
180101;MOQUEGUA;MARISCAL NIETO;MOQUEGUA;99.4;535.0;530.0;1.9;13.6;29.2;55.3;2.2;9.2;36.9;51.7;Q1
180102;MOQUEGUA;MARISCAL NIETO;CARUMAS;100.0;456.0;452.0;11.1;33.3;33.3;22.2;11.1;22.2;50.0;16.7;Q2
180104;MOQUEGUA;MARISCAL NIETO;SAMEGUA;99.3;563.0;556.0;0.0;7.4;27.2;65.5;0.0;2.0;38.7;59.2;Q1
180105;MOQUEGUA;MARISCAL NIETO;SAN CRISTOBAL;100.0;438.0;452.0;18.8;37.5;18.8;25.0;6.3;31.3;50.0;12.5;Q2
180106;MOQUEGUA;MARISCAL NIETO;TORATA;100.0;542.0;530.0;2.2;11.2;28.1;58.4;1.1;7.9;39.3;51.7;Q1
180201;MOQUEGUA;GENERAL SÁNCHEZ CERRO;OMATE;100.0;509.0;495.0;2.6;18.4;44.7;34.2;0.0;23.7;42.1;34.2;Q1
180202;MOQUEGUA;GENERAL SÁNCHEZ CERRO;CHOJATA;100.0;465.0;427.0;0.0;33.3;50.0;16.7;0.0;50.0;50.0;0.0;Q3
180203;MOQUEGUA;GENERAL SÁNCHEZ CERRO;COALAQUE;100.0;522.0;613.0;0.0;0.0;71.4;28.6;0.0;0.0;0.0;100.0;Q1
180204;MOQUEGUA;GENERAL SÁNCHEZ CERRO;ICHUÑA;100.0;499.0;492.0;0.0;30.8;38.5;30.8;7.7;23.1;46.2;23.1;Q1
180208;MOQUEGUA;GENERAL SÁNCHEZ CERRO;PUQUINA;100.0;576.0;584.0;0.0;0.0;33.3;66.7;0.0;0.0;13.5;86.5;Q1
180209;MOQUEGUA;GENERAL SÁNCHEZ CERRO;QUINISTAQUILLAS;100.0;479.0;484.0;0.0;55.6;11.1;33.3;11.1;22.2;33.3;33.3;Q1
180210;MOQUEGUA;GENERAL SÁNCHEZ CERRO;UBINAS;100.0;429.0;461.0;50.0;16.7;16.7;16.7;33.3;16.7;33.3;16.7;Q2
180211;MOQUEGUA;GENERAL SÁNCHEZ CERRO;YUNGA;75.0;;;;;;;;;;;
180301;MOQUEGUA;ILO;ILO;97.9;520.0;513.0;3.0;17.9;30.7;48.5;2.6;14.9;39.9;42.6;Q1
180302;MOQUEGUA;ILO;EL ALGARROBAL;100.0;464.0;442.0;0.0;37.5;50.0;12.5;0.0;50.0;37.5;12.5;Q3
180303;MOQUEGUA;ILO;PACOCHA;97.6;554.0;548.0;1.2;4.8;32.6;61.4;0.0;3.7;38.0;58.2;Q1
190101;PASCO;PASCO;CHAUPIMARCA;98.9;497.0;490.0;4.0;23.7;35.3;36.9;5.3;18.5;43.7;32.5;Q1
190102;PASCO;PASCO;HUACHON;100.0;450.0;473.0;4.8;41.9;40.3;12.9;1.6;27.4;46.8;24.2;Q2
190103;PASCO;PASCO;HUARIACA;98.5;503.0;491.0;9.5;19.0;23.4;48.1;6.4;21.1;36.0;36.5;Q1
190104;PASCO;PASCO;HUAYLLAY;98.1;478.0;459.0;5.4;27.8;41.5;25.3;6.0;27.0;48.4;18.6;Q2
190105;PASCO;PASCO;NINACACA;98.4;466.0;477.0;14.8;24.2;32.3;28.7;12.9;10.1;46.9;30.2;Q2
190106;PASCO;PASCO;PALLANCHACRA;100.0;495.0;449.0;0.0;31.3;37.5;31.2;6.3;31.3;50.0;12.5;Q2
190107;PASCO;PASCO;PAUCARTAMBO;98.3;468.0;483.0;10.9;24.5;42.0;22.6;8.6;17.8;41.4;32.2;Q1
190108;PASCO;PASCO;SAN FRANCISCO DE ASIS DE YARUSYACAN;100.0;452.0;471.0;14.9;29.6;40.7;14.8;3.7;25.9;51.9;18.5;Q2
190109;PASCO;PASCO;SIMON BOLIVAR;99.5;501.0;493.0;3.4;21.4;38.9;36.3;4.9;16.0;47.6;31.5;Q1
190110;PASCO;PASCO;TICLACAYAN;100.0;471.0;463.0;12.8;25.5;36.2;25.5;4.3;23.4;51.1;21.3;Q2
190111;PASCO;PASCO;TINYAHUARCO;96.9;480.0;480.0;5.3;35.3;24.9;34.6;10.6;21.3;36.4;31.7;Q2
190112;PASCO;PASCO;VICCO;94.1;473.0;484.0;6.3;18.8;40.6;34.4;6.3;18.8;40.6;34.4;Q1
190113;PASCO;PASCO;YANACANCHA;98.1;496.0;488.0;5.9;21.1;35.4;37.5;6.3;17.2;43.6;32.9;Q1
190201;PASCO;DANIEL ALCIDES CARRIÓN;YANAHUANCA;100.0;484.0;516.0;5.4;31.8;28.6;34.3;3.6;14.7;35.2;46.6;Q1
190202;PASCO;DANIEL ALCIDES CARRIÓN;CHACAYAN;100.0;488.0;481.0;9.7;22.6;32.3;35.5;12.9;12.9;41.9;32.3;Q2
190203;PASCO;DANIEL ALCIDES CARRIÓN;GOYLLARISQUIZGA;100.0;455.0;479.0;11.1;22.2;66.7;0.0;11.1;11.1;44.4;33.3;Q2
190204;PASCO;DANIEL ALCIDES CARRIÓN;PAUCAR;97.1;466.0;517.0;8.6;31.5;32.2;27.7;11.5;8.6;28.7;51.3;Q1
190205;PASCO;DANIEL ALCIDES CARRIÓN;SAN PEDRO DE PILLAO;100.0;455.0;450.0;0.0;64.3;28.6;7.1;0.0;42.9;50.0;7.1;Q2
190206;PASCO;DANIEL ALCIDES CARRIÓN;SANTA ANA DE TUSI;100.0;531.0;578.0;0.0;17.8;29.4;52.8;0.0;8.9;11.8;79.3;Q1
190207;PASCO;DANIEL ALCIDES CARRIÓN;TAPUC;100.0;461.0;499.0;0.0;35.3;47.1;17.6;5.9;11.8;41.2;41.2;Q1
190208;PASCO;DANIEL ALCIDES CARRIÓN;VILCABAMBA;100.0;446.0;451.0;0.0;63.6;27.3;9.1;0.0;36.4;54.5;9.1;Q2
190301;PASCO;OXAPAMPA;OXAPAMPA;98.7;495.0;487.0;4.3;26.6;33.2;35.9;4.7;20.0;43.5;31.8;Q1
190302;PASCO;OXAPAMPA;CHONTABAMBA;100.0;480.0;465.0;7.7;15.4;46.2;30.7;7.7;30.7;46.2;15.4;Q2
190303;PASCO;OXAPAMPA;HUANCABAMBA;98.1;484.0;476.0;3.8;25.6;39.9;30.8;5.7;20.1;47.0;27.2;Q2
190304;PASCO;OXAPAMPA;PALCAZU;92.9;434.0;434.0;19.1;37.7;28.1;15.1;17.3;26.3;41.3;15.1;Q3
190305;PASCO;OXAPAMPA;POZUZO;94.8;470.0;489.0;8.8;39.6;21.9;29.7;7.3;19.4;44.8;28.6;Q1
190306;PASCO;OXAPAMPA;PUERTO BERMUDEZ;88.3;394.0;368.0;38.4;33.5;18.2;9.8;47.1;29.5;18.2;5.2;Q4
190307;PASCO;OXAPAMPA;VILLA RICA;98.4;481.0;478.0;7.8;23.4;39.9;28.9;8.6;19.1;43.0;29.3;Q2
190308;PASCO;OXAPAMPA;CONSTITUCIËN;94.2;423.0;415.0;20.4;44.0;26.0;9.6;28.0;27.5;34.0;10.4;Q3
200101;PIURA;PIURA;PIURA;96.5;518.0;493.0;2.8;17.5;34.4;45.4;4.4;18.2;45.1;32.3;Q1
200104;PIURA;PIURA;CASTILLA;97.2;509.0;489.0;2.4;21.0;35.8;40.8;4.6;17.5;46.6;31.2;Q1
200105;PIURA;PIURA;CATACAOS;96.8;480.0;467.0;5.7;26.3;40.3;27.8;6.7;22.3;49.4;21.6;Q2
200107;PIURA;PIURA;CURA MORI;98.6;475.0;480.0;6.3;30.2;36.8;26.8;7.0;20.3;47.6;25.1;Q2
200108;PIURA;PIURA;EL TALLÁN;95.5;433.0;436.0;10.8;46.5;35.0;7.8;13.1;26.1;52.0;8.8;Q3
200109;PIURA;PIURA;LA ARENA;98.1;481.0;487.0;7.4;24.0;39.1;29.5;6.2;18.3;45.8;29.7;Q1
200110;PIURA;PIURA;LA UNION;96.5;487.0;486.0;4.6;25.3;39.7;30.4;6.4;17.7;45.0;30.9;Q1
200111;PIURA;PIURA;LAS LOMAS;98.3;465.0;445.0;7.8;28.8;42.0;21.4;13.4;26.2;44.3;16.1;Q3
200114;PIURA;PIURA;TAMBO GRANDE;97.3;452.0;448.0;11.5;33.2;36.2;19.1;13.1;26.2;42.5;18.3;Q3
200115;PIURA;PIURA;VEINTISÉIS DE OCTUBRE;96.8;500.0;475.0;3.9;19.8;39.3;37.0;5.8;20.5;49.1;24.6;Q2
200201;PIURA;AYABACA;AYABACA;97.0;441.0;433.0;19.6;32.4;30.8;17.2;20.6;27.4;36.6;15.4;Q3
200202;PIURA;AYABACA;FRIAS;98.4;431.0;432.0;24.8;28.2;31.3;15.7;23.4;23.3;38.4;14.9;Q3
200203;PIURA;AYABACA;JILILI;100.0;474.0;456.0;11.6;27.9;20.9;39.5;18.6;18.6;34.9;27.9;Q2
200204;PIURA;AYABACA;LAGUNAS;98.8;425.0;434.0;19.3;42.8;22.3;15.6;15.0;31.2;42.0;11.8;Q3
200205;PIURA;AYABACA;MONTERO;98.1;459.0;448.0;9.7;30.3;44.9;15.1;17.2;19.9;44.0;18.9;Q3
200206;PIURA;AYABACA;PACAIPAMPA;98.2;415.0;423.0;30.0;31.9;26.5;11.5;25.1;28.7;31.7;14.6;Q3
200207;PIURA;AYABACA;PAIMAS;97.6;474.0;471.0;8.1;27.3;35.5;29.0;9.7;22.7;37.7;29.8;Q2
200208;PIURA;AYABACA;SAPILLICA;99.1;435.0;424.0;20.2;35.6;28.1;16.1;20.0;28.5;41.5;10.1;Q3
200209;PIURA;AYABACA;SICCHEZ;93.5;504.0;477.0;4.0;7.3;47.6;41.1;4.0;17.4;58.1;20.5;Q2
200210;PIURA;AYABACA;SUYO;97.2;473.0;460.0;6.9;33.2;34.7;25.2;9.2;30.1;40.4;20.4;Q2
200301;PIURA;HUANCABAMBA;HUANCABAMBA;97.3;441.0;441.0;24.2;30.0;22.3;23.5;22.4;24.0;31.2;22.4;Q3
200302;PIURA;HUANCABAMBA;CANCHAQUE;97.1;455.0;440.0;14.6;38.8;22.7;24.0;20.4;30.3;32.7;16.6;Q3
200303;PIURA;HUANCABAMBA;EL CARMEN DE LA FRONTERA;97.5;410.0;389.0;24.4;46.1;20.6;8.9;37.4;29.0;28.8;4.9;Q4
200304;PIURA;HUANCABAMBA;HUARMACA;96.5;394.0;392.0;36.4;37.4;20.0;6.2;36.3;33.3;22.6;7.8;Q4
200305;PIURA;HUANCABAMBA;LALAQUIZ;95.3;421.0;418.0;14.6;59.0;22.8;3.6;12.8;45.6;36.4;5.2;Q3
200306;PIURA;HUANCABAMBA;SAN MIGUEL DE EL FAIQUE;97.2;423.0;427.0;27.0;35.0;16.8;21.2;28.1;25.0;26.3;20.7;Q3
200307;PIURA;HUANCABAMBA;SONDOR;97.6;431.0;433.0;23.0;29.4;32.8;14.8;22.6;21.4;41.2;14.8;Q3
200308;PIURA;HUANCABAMBA;SONDORILLO;98.5;412.0;412.0;31.8;32.2;23.7;12.3;31.0;29.2;22.8;17.0;Q4
200401;PIURA;MORROPÓN;CHULUCANAS;96.3;494.0;498.0;4.9;24.0;33.7;37.4;6.1;18.3;39.6;36.0;Q1
200402;PIURA;MORROPÓN;BUENOS AIRES;96.3;481.0;472.0;2.3;27.6;44.3;25.9;5.3;23.6;46.7;24.3;Q2
200403;PIURA;MORROPÓN;CHALACO;99.5;499.0;510.0;6.0;18.5;34.8;40.8;9.2;15.8;32.6;42.4;Q1
200404;PIURA;MORROPÓN;LA MATANZA;99.6;481.0;468.0;4.2;21.2;45.6;29.0;7.2;18.5;55.1;19.2;Q2
200405;PIURA;MORROPÓN;MORROPON;98.3;475.0;473.0;9.0;23.9;40.8;26.3;4.0;19.8;53.3;22.9;Q2
200406;PIURA;MORROPÓN;SALITRAL;98.2;484.0;494.0;4.9;19.3;48.8;27.0;2.4;12.4;55.0;30.2;Q1
200407;PIURA;MORROPÓN;SAN JUAN DE BIGOTE;100.0;485.0;482.0;4.1;27.9;43.3;24.7;8.2;25.8;44.5;21.4;Q1
200408;PIURA;MORROPÓN;SANTA CATALINA DE MOSSA;98.4;489.0;496.0;6.3;25.6;30.9;37.2;7.1;23.6;39.2;30.2;Q1
200409;PIURA;MORROPÓN;SANTO DOMINGO;100.0;453.0;427.0;11.5;33.5;35.7;19.3;20.5;35.3;33.8;10.4;Q3
200410;PIURA;MORROPÓN;YAMANGO;98.1;450.0;443.0;16.8;24.8;40.0;18.3;20.6;20.6;41.1;17.6;Q3
200501;PIURA;PAITA;PAITA;96.7;497.0;477.0;3.1;21.3;39.3;36.3;3.3;22.2;50.0;24.6;Q2
200502;PIURA;PAITA;AMOTAPE;100.0;487.0;479.0;3.1;34.4;25.0;37.5;18.8;18.8;18.8;43.7;Q2
200503;PIURA;PAITA;ARENAL;100.0;396.0;396.0;20.0;70.0;0.0;10.0;30.0;50.0;10.0;10.0;Q4
200504;PIURA;PAITA;COLAN;97.4;505.0;481.0;5.5;17.2;34.9;42.5;5.8;20.3;44.7;29.1;Q2
200505;PIURA;PAITA;LA HUACA;96.3;471.0;476.0;5.8;28.6;45.4;20.2;3.1;21.4;54.2;21.2;Q2
200506;PIURA;PAITA;TAMARINDO;100.0;466.0;456.0;11.1;33.3;27.2;28.4;11.1;27.2;40.7;21.0;Q2
200507;PIURA;PAITA;VICHAYAL;100.0;433.0;446.0;11.2;42.9;38.8;7.1;7.1;28.6;53.1;11.2;Q3
200601;PIURA;SULLANA;SULLANA;98.4;500.0;480.0;3.5;20.8;39.2;36.5;4.4;20.0;48.5;27.2;Q2
200602;PIURA;SULLANA;BELLAVISTA;96.0;478.0;462.0;4.0;28.7;40.7;26.5;6.3;21.7;54.2;17.8;Q2
200603;PIURA;SULLANA;IGNACIO ESCUDERO;99.3;473.0;466.0;6.4;26.8;41.1;25.7;7.3;21.7;49.2;21.8;Q2
200604;PIURA;SULLANA;LANCONES;98.5;455.0;445.0;12.7;32.1;34.6;20.6;17.9;27.8;35.3;19.0;Q3
200605;PIURA;SULLANA;MARCAVELICA;98.9;495.0;497.0;2.3;22.3;38.7;36.7;3.7;17.8;42.9;35.5;Q1
200606;PIURA;SULLANA;MIGUEL CHECA;100.0;484.0;486.0;2.3;23.3;45.5;28.9;4.5;22.6;41.0;31.9;Q1
200607;PIURA;SULLANA;QUERECOTILLO;98.4;484.0;477.0;6.3;24.7;36.8;32.2;8.0;20.4;40.5;31.1;Q2
200608;PIURA;SULLANA;SALITRAL;99.2;504.0;487.0;2.5;15.0;50.1;32.4;4.1;9.2;63.3;23.3;Q1
200701;PIURA;TALARA;PARIÑAS;96.7;478.0;465.0;6.9;28.7;35.3;29.0;8.1;28.5;39.8;23.6;Q2
200702;PIURA;TALARA;EL ALTO;96.8;482.0;465.0;4.1;25.5;40.7;29.7;5.4;17.5;59.8;17.3;Q2
200703;PIURA;TALARA;LA BREA;97.4;493.0;475.0;2.8;24.0;42.5;30.7;3.8;23.1;49.4;23.7;Q2
200704;PIURA;TALARA;LOBITOS;100.0;485.0;450.0;0.0;36.8;42.1;21.1;5.3;42.1;36.8;15.8;Q2
200705;PIURA;TALARA;LOS ORGANOS;95.1;464.0;446.0;11.3;27.8;34.8;26.1;10.4;30.8;45.7;13.0;Q3
200706;PIURA;TALARA;MANCORA;97.2;446.0;418.0;16.7;35.3;30.6;17.5;17.0;40.4;35.0;7.6;Q3
200801;PIURA;SECHURA;SECHURA;97.6;490.0;489.0;3.5;22.1;43.5;30.9;3.6;17.4;49.3;29.8;Q1
200802;PIURA;SECHURA;BELLAVISTA DE LA UNION;98.7;517.0;523.0;0.0;14.4;40.2;45.4;1.3;10.3;37.7;50.6;Q1
200803;PIURA;SECHURA;BERNAL;97.9;473.0;467.0;6.9;26.9;44.5;21.6;8.3;23.4;46.7;21.6;Q2
200804;PIURA;SECHURA;CRISTO NOS VALGA;99.0;447.0;450.0;10.9;43.2;31.4;14.6;8.6;29.5;46.3;15.7;Q2
200805;PIURA;SECHURA;VICE;98.3;460.0;474.0;11.1;30.5;36.6;21.8;10.2;18.1;42.0;29.7;Q2
200806;PIURA;SECHURA;RINCONADA LLICUAR;98.1;517.0;522.0;5.6;13.2;37.7;43.5;1.9;13.1;35.8;49.3;Q1
210101;PUNO;PUNO;PUNO;98.8;512.0;515.0;3.5;19.3;32.8;44.4;3.1;13.1;41.0;42.8;Q1
210102;PUNO;PUNO;ACORA;100.0;416.0;428.0;24.2;40.8;27.5;7.5;16.7;33.3;37.5;12.5;Q3
210103;PUNO;PUNO;AMANTANI;98.0;390.0;392.0;26.4;50.7;18.9;4.1;22.8;46.1;27.0;4.1;Q4
210104;PUNO;PUNO;ATUNCOLLA;100.0;406.0;432.0;24.7;48.9;22.1;4.2;14.0;36.6;39.8;9.6;Q3
210105;PUNO;PUNO;CAPACHICA;98.8;425.0;434.0;23.2;35.6;31.4;9.8;18.5;24.2;43.9;13.4;Q3
210106;PUNO;PUNO;CHUCUITO;100.0;412.0;438.0;29.3;34.2;31.6;4.9;12.3;34.2;38.9;14.7;Q3
210107;PUNO;PUNO;COATA;98.9;439.0;471.0;8.9;44.8;38.6;7.7;10.3;19.3;49.8;20.6;Q2
210108;PUNO;PUNO;HUATA;98.1;452.0;473.0;4.1;43.0;39.2;13.7;0.0;21.6;64.7;13.7;Q2
210109;PUNO;PUNO;MAÑAZO;96.7;451.0;460.0;15.7;30.2;36.1;18.0;14.8;19.7;41.0;24.6;Q2
210110;PUNO;PUNO;PAUCARCOLLA;100.0;441.0;453.0;14.9;40.2;23.9;20.9;9.0;29.8;38.8;22.4;Q2
210111;PUNO;PUNO;PICHACANI;98.2;415.0;416.0;22.1;51.9;20.5;5.6;20.3;40.7;31.5;7.5;Q3
210112;PUNO;PUNO;PLATERIA;97.1;430.0;416.0;17.5;26.6;49.5;6.3;23.5;20.6;52.9;2.9;Q3
210114;PUNO;PUNO;TIQUILLACA;100.0;424.0;409.0;28.6;28.6;35.7;7.1;14.3;57.1;21.4;7.1;Q4
210115;PUNO;PUNO;VILQUE;100.0;519.0;521.0;0.0;10.5;36.8;52.6;0.0;10.5;42.1;47.4;Q1
210201;PUNO;AZÁNGARO;AZANGARO;98.8;465.0;469.0;12.5;29.8;31.1;26.6;10.6;20.1;42.0;27.2;Q2
210202;PUNO;AZÁNGARO;ACHAYA;100.0;466.0;511.0;10.0;10.0;70.0;10.0;0.0;0.0;70.0;30.0;Q1
210203;PUNO;AZÁNGARO;ARAPA;96.3;430.0;432.0;19.4;42.0;23.7;15.0;17.9;27.2;43.7;11.2;Q3
210204;PUNO;AZÁNGARO;ASILLO;99.1;433.0;441.0;19.4;37.5;30.2;12.9;19.1;23.0;40.9;17.0;Q3
210205;PUNO;AZÁNGARO;CAMINACA;100.0;414.0;431.0;22.2;44.4;27.8;5.6;5.6;38.9;50.0;5.6;Q3
210206;PUNO;AZÁNGARO;CHUPA;100.0;437.0;432.0;14.7;39.1;38.9;7.3;7.4;34.2;53.6;4.9;Q3
210207;PUNO;AZÁNGARO;JOSE DOMINGO CHOQUEHUANCA;97.1;440.0;441.0;7.5;52.8;33.7;6.0;7.2;30.0;56.6;6.2;Q3
210208;PUNO;AZÁNGARO;MUÑANI;82.2;;;;;;;;;;;
210209;PUNO;AZÁNGARO;POTONI;100.0;430.0;434.0;19.7;43.5;22.2;14.6;14.4;37.7;31.3;16.5;Q3
210210;PUNO;AZÁNGARO;SAMAN;98.9;407.0;423.0;24.1;46.1;25.2;4.7;21.0;33.3;33.3;12.3;Q3
210211;PUNO;AZÁNGARO;SAN ANTON;98.2;435.0;421.0;15.2;36.4;36.6;11.7;19.3;31.5;38.4;10.8;Q3
210212;PUNO;AZÁNGARO;SAN JOSE;100.0;434.0;432.0;15.3;32.6;45.1;7.0;18.6;18.9;55.6;6.9;Q3
210213;PUNO;AZÁNGARO;SAN JUAN DE SALINAS;100.0;420.0;435.0;17.5;39.2;39.0;4.3;4.3;48.0;39.1;8.6;Q3
210214;PUNO;AZÁNGARO;SANTIAGO DE PUPUJA;100.0;472.0;430.0;20.0;15.0;30.0;35.0;15.0;40.0;30.0;15.0;Q3
210215;PUNO;AZÁNGARO;TIRAPATA;100.0;395.0;391.0;40.4;36.2;17.0;6.4;42.6;27.7;21.3;8.5;Q4
210301;PUNO;CARABAYA;MACUSANI;99.4;474.0;489.0;7.3;29.5;35.6;27.6;6.8;17.1;45.5;30.6;Q1
210302;PUNO;CARABAYA;AJOYANI;96.4;473.0;488.0;7.1;34.5;35.3;23.0;0.0;22.6;46.8;30.6;Q1
210303;PUNO;CARABAYA;AYAPATA;100.0;438.0;454.0;11.4;47.6;30.4;10.5;2.9;32.4;52.2;12.5;Q2
210304;PUNO;CARABAYA;COASA;100.0;445.0;441.0;9.5;52.6;22.1;15.8;7.4;43.2;35.8;13.7;Q3
210305;PUNO;CARABAYA;CORANI;100.0;463.0;501.0;7.4;38.9;37.0;16.7;0.0;13.0;59.3;27.8;Q1
210306;PUNO;CARABAYA;CRUCERO;97.7;434.0;434.0;12.7;47.8;27.4;12.1;11.5;38.4;38.6;11.5;Q3
210307;PUNO;CARABAYA;ITUATA;98.6;455.0;466.0;12.7;33.4;31.7;22.1;15.6;14.1;49.7;20.6;Q2
210308;PUNO;CARABAYA;OLLACHEA;100.0;423.0;440.0;22.1;37.2;33.8;7.0;12.8;25.5;48.9;12.8;Q3
210309;PUNO;CARABAYA;SAN GABAN;100.0;475.0;496.0;7.4;22.2;44.4;26.0;7.4;11.1;38.2;43.3;Q1
210310;PUNO;CARABAYA;USICAYOS;100.0;443.0;445.0;8.4;48.2;31.3;12.0;3.6;38.6;47.0;10.8;Q3
210401;PUNO;CHUCUITO;JULI;100.0;461.0;469.0;11.7;31.4;34.4;22.5;9.8;19.9;45.2;25.1;Q2
210402;PUNO;CHUCUITO;DESAGUADERO;98.8;444.0;450.0;13.8;38.1;30.0;18.1;15.0;24.9;39.7;20.4;Q2
210404;PUNO;CHUCUITO;KELLUYO;100.0;393.0;375.0;28.6;57.1;14.3;0.0;42.9;28.6;28.6;0.0;Q4
210405;PUNO;CHUCUITO;PISACOMA;100.0;415.0;420.0;50.0;16.7;16.7;16.7;33.3;16.7;50.0;0.0;Q3
210406;PUNO;CHUCUITO;POMATA;99.0;405.0;409.0;28.8;40.6;21.9;8.7;28.1;29.4;35.3;7.2;Q4
210407;PUNO;CHUCUITO;ZEPITA;99.6;440.0;466.0;11.1;42.2;35.6;11.1;10.8;18.7;46.9;23.6;Q2
210501;PUNO;EL COLLAO;ILAVE;99.2;463.0;482.0;8.9;33.8;34.0;23.4;5.6;19.5;44.9;30.1;Q1
210503;PUNO;EL COLLAO;PILCUYO;97.7;446.0;456.0;13.9;36.2;35.9;14.0;2.7;38.5;42.5;16.3;Q2
210504;PUNO;EL COLLAO;SANTA ROSA;100.0;437.0;441.0;10.3;45.8;31.3;12.5;16.5;16.6;54.3;12.5;Q3
210505;PUNO;EL COLLAO;CONDURIRI;100.0;420.0;451.0;6.3;68.8;25.0;0.0;0.0;37.5;56.3;6.3;Q2
210601;PUNO;HUANCANÉ;HUANCANE;99.5;461.0;478.0;13.6;29.8;31.9;24.7;8.0;23.4;35.9;32.8;Q2
210603;PUNO;HUANCANÉ;HUATASANI;100.0;482.0;501.0;5.0;20.0;50.0;25.0;5.0;15.0;40.0;40.0;Q1
210604;PUNO;HUANCANÉ;INCHUPALLA;100.0;452.0;465.0;15.0;35.0;20.0;30.0;10.0;40.0;20.0;30.0;Q2
210605;PUNO;HUANCANÉ;PUSI;100.0;404.0;393.0;26.8;41.1;22.6;9.4;32.6;35.1;26.6;5.7;Q4
210606;PUNO;HUANCANÉ;ROSASPATA;94.7;397.0;410.0;34.2;36.6;26.3;2.9;21.5;29.5;43.5;5.5;Q4
210607;PUNO;HUANCANÉ;TARACO;99.4;447.0;452.0;12.2;37.5;32.5;17.9;9.3;23.6;51.0;16.2;Q2
210608;PUNO;HUANCANÉ;VILQUE CHICO;100.0;419.0;440.0;22.1;47.2;19.5;11.2;11.0;41.5;30.6;16.8;Q3
210701;PUNO;LAMPA;LAMPA;99.0;456.0;454.0;8.0;38.0;39.9;14.0;6.0;30.0;47.8;16.2;Q2
210702;PUNO;LAMPA;CABANILLA;100.0;434.0;431.0;14.2;42.9;28.5;14.3;21.4;24.9;39.3;14.4;Q3
210703;PUNO;LAMPA;CALAPUJA;100.0;413.0;380.0;40.0;30.0;0.0;30.0;30.0;40.0;30.0;0.0;Q4
210704;PUNO;LAMPA;NICASIO;100.0;478.0;466.0;7.7;23.0;46.2;23.1;3.8;23.0;53.8;19.3;Q2
210705;PUNO;LAMPA;OCUVIRI;100.0;414.0;405.0;32.3;35.5;19.4;12.9;32.3;35.5;22.6;9.7;Q4
210706;PUNO;LAMPA;PALCA;100.0;431.0;441.0;9.1;54.5;27.3;9.1;9.1;36.4;36.4;18.2;Q3
210708;PUNO;LAMPA;PUCARA;98.2;480.0;483.0;10.8;23.0;34.1;32.1;10.8;14.1;44.7;30.5;Q1
210709;PUNO;LAMPA;SANTA LUCIA;100.0;446.0;442.0;11.2;41.4;31.9;15.5;15.5;30.2;38.8;15.5;Q3
210710;PUNO;LAMPA;VILAVILA;90.9;382.0;400.0;49.1;30.9;20.0;0.0;29.1;40.0;30.9;0.0;Q4
210801;PUNO;MELGAR;AYAVIRI;97.8;480.0;488.0;9.0;23.8;34.9;32.3;7.9;18.3;38.8;35.0;Q1
210802;PUNO;MELGAR;ANTAUTA;98.7;449.0;454.0;10.8;42.0;25.7;21.4;13.6;24.4;42.0;20.0;Q2
210803;PUNO;MELGAR;CUPI;100.0;405.0;382.0;23.8;42.9;28.6;4.8;42.9;38.1;14.3;4.8;Q4
210804;PUNO;MELGAR;LLALLI;98.2;445.0;479.0;5.6;40.7;46.1;7.5;0.0;20.5;55.6;23.9;Q2
210805;PUNO;MELGAR;MACARI;98.9;429.0;423.0;22.3;37.7;23.4;16.6;19.7;33.6;34.5;12.1;Q3
210806;PUNO;MELGAR;NUÑOA;99.2;433.0;441.0;18.5;39.1;25.6;16.8;18.9;28.5;35.7;17.0;Q3
210807;PUNO;MELGAR;ORURILLO;97.5;396.0;410.0;35.9;36.4;23.7;4.0;22.2;33.6;36.1;8.1;Q4
210808;PUNO;MELGAR;SANTA ROSA;98.2;420.0;423.0;21.6;44.3;23.5;10.6;12.2;46.1;31.3;10.4;Q3
210809;PUNO;MELGAR;UMACHIRI;98.1;428.0;417.0;20.0;38.2;30.4;11.3;17.7;49.8;21.2;11.3;Q3
210901;PUNO;MOHO;MOHO;97.4;439.0;465.0;17.9;29.8;41.6;10.7;15.5;18.8;37.3;28.3;Q2
210902;PUNO;MOHO;CONIMA;100.0;469.0;490.0;5.0;40.0;25.0;30.0;5.0;20.0;45.0;30.0;Q1
210903;PUNO;MOHO;HUAYRAPATA;100.0;377.0;380.0;43.5;39.1;17.4;0.0;31.9;52.9;15.2;0.0;Q4
210904;PUNO;MOHO;TILALI;87.5;396.0;405.0;28.6;42.9;28.6;0.0;42.9;14.3;42.9;0.0;Q4
211001;PUNO;SAN ANTONIO DE PUTINA;PUTINA;99.1;448.0;455.0;12.3;33.7;38.8;15.2;10.0;24.2;49.7;16.1;Q2
211002;PUNO;SAN ANTONIO DE PUTINA;ANANEA;99.5;456.0;464.0;7.9;37.0;36.4;18.7;8.4;25.1;45.8;20.7;Q2
211003;PUNO;SAN ANTONIO DE PUTINA;PEDRO VILCA APAZA;100.0;566.0;529.0;0.0;0.0;21.4;78.6;0.0;0.0;42.9;57.1;Q1
211004;PUNO;SAN ANTONIO DE PUTINA;QUILCAPUNCU;97.6;419.0;441.0;13.9;50.8;28.3;7.0;15.6;20.6;47.4;16.5;Q3
211005;PUNO;SAN ANTONIO DE PUTINA;SINA;100.0;412.0;431.0;9.5;66.7;19.0;4.8;9.5;42.9;42.9;4.8;Q3
211101;PUNO;SAN ROMÁN;JULIACA;98.1;489.0;492.0;6.4;25.7;36.9;30.9;4.9;18.6;44.3;32.2;Q1
211102;PUNO;SAN ROMÁN;CABANA;100.0;545.0;502.0;0.0;5.6;22.2;72.2;0.0;11.1;61.1;27.8;Q1
211103;PUNO;SAN ROMÁN;CABANILLAS;100.0;470.0;468.0;11.0;26.8;34.1;28.0;9.8;29.3;34.1;26.8;Q2
211104;PUNO;SAN ROMÁN;CARACOTO;100.0;465.0;440.0;11.4;31.8;31.8;25.0;11.4;34.1;36.4;18.2;Q3
211201;PUNO;SANDIA;SANDIA;99.1;437.0;446.0;11.8;44.5;31.7;12.1;10.8;25.4;49.8;14.0;Q3
211202;PUNO;SANDIA;CUYOCUYO;100.0;458.0;497.0;8.0;29.3;50.7;12.0;5.3;10.8;48.7;35.2;Q1
211203;PUNO;SANDIA;LIMBANI;100.0;477.0;467.0;17.7;26.5;14.7;41.1;8.9;20.6;44.1;26.4;Q2
211204;PUNO;SANDIA;PATAMBUCO;100.0;483.0;469.0;4.3;16.0;55.1;24.7;10.1;17.4;47.8;24.7;Q2
211205;PUNO;SANDIA;PHARA;100.0;495.0;501.0;1.1;31.1;28.7;39.0;2.3;17.3;43.7;36.7;Q1
211206;PUNO;SANDIA;QUIACA;96.2;393.0;396.0;29.1;59.3;7.7;3.8;23.6;53.3;19.2;3.8;Q4
211209;PUNO;SANDIA;ALTO INAMBARI;97.4;468.0;490.0;9.0;28.2;31.3;31.5;12.8;10.3;31.2;45.8;Q1
211210;PUNO;SANDIA;SAN PEDRO DE PUTINA PUNCO;98.6;405.0;424.0;25.0;47.1;23.7;4.2;11.1;43.1;41.6;4.2;Q3
211301;PUNO;YUNGUYO;YUNGUYO;99.0;461.0;476.0;12.0;33.8;29.9;24.3;10.9;21.3;39.1;28.7;Q2
211303;PUNO;YUNGUYO;COPANI;100.0;438.0;441.0;13.8;41.6;25.1;19.6;19.3;26.3;38.9;15.4;Q3
211304;PUNO;YUNGUYO;CUTURAPI;83.3;448.0;402.0;0.0;60.0;40.0;0.0;0.0;80.0;20.0;0.0;Q4
211305;PUNO;YUNGUYO;OLLARAYA;100.0;408.0;441.0;20.0;52.7;18.2;9.1;9.1;30.9;50.9;9.1;Q3
220101;SAN MARTÍN;MOYOBAMBA;MOYOBAMBA;97.1;479.0;459.0;7.8;26.2;35.9;30.1;11.8;25.0;40.7;22.5;Q2
220102;SAN MARTÍN;MOYOBAMBA;CALZADA;97.0;479.0;456.0;5.3;26.9;44.2;23.7;6.3;28.5;46.6;18.6;Q2
220103;SAN MARTÍN;MOYOBAMBA;HABANA;89.4;453.0;418.0;7.0;42.3;33.8;16.9;16.3;35.7;40.8;7.2;Q3
220104;SAN MARTÍN;MOYOBAMBA;JEPELACIO;97.4;462.0;459.0;8.7;34.0;35.5;21.8;10.0;24.5;46.0;19.4;Q2
220105;SAN MARTÍN;MOYOBAMBA;SORITOR;96.0;471.0;451.0;8.3;30.5;34.9;26.4;8.6;29.0;45.2;17.1;Q2
220106;SAN MARTÍN;MOYOBAMBA;YANTALO;96.2;423.0;406.0;19.8;40.2;29.9;10.1;21.9;41.6;32.5;4.0;Q4
220201;SAN MARTÍN;BELLAVISTA;BELLAVISTA;98.1;468.0;455.0;6.6;32.6;37.9;22.9;8.5;25.0;53.9;12.6;Q2
220202;SAN MARTÍN;BELLAVISTA;ALTO BIAVO;91.4;406.0;392.0;28.8;41.6;20.0;9.6;33.1;37.2;22.7;7.0;Q4
220203;SAN MARTÍN;BELLAVISTA;BAJO BIAVO;96.2;412.0;395.0;27.9;39.1;23.7;9.4;36.1;29.8;25.5;8.6;Q4
220204;SAN MARTÍN;BELLAVISTA;HUALLAGA;97.6;432.0;397.0;8.6;47.0;37.3;7.2;22.9;44.6;30.0;2.4;Q4
220205;SAN MARTÍN;BELLAVISTA;SAN PABLO;96.1;423.0;407.0;16.8;42.0;35.2;5.9;26.8;29.7;38.0;5.5;Q4
220206;SAN MARTÍN;BELLAVISTA;SAN RAFAEL;97.9;467.0;449.0;7.7;29.0;44.1;19.3;14.7;24.6;42.8;17.9;Q2
220301;SAN MARTÍN;EL DORADO;SAN JOSE DE SISA;98.1;395.0;374.0;30.5;45.9;18.0;5.6;43.0;34.8;17.6;4.5;Q4
220302;SAN MARTÍN;EL DORADO;AGUA BLANCA;97.7;421.0;439.0;23.9;43.2;18.2;14.8;20.5;22.7;38.6;18.2;Q3
220303;SAN MARTÍN;EL DORADO;SAN MARTIN;97.8;371.0;357.0;51.8;30.6;13.8;3.8;52.5;31.3;12.8;3.4;Q4
220304;SAN MARTÍN;EL DORADO;SANTA ROSA;97.9;407.0;382.0;31.4;40.8;18.5;9.3;42.2;31.2;16.1;10.5;Q4
220305;SAN MARTÍN;EL DORADO;SHATOJA;97.8;413.0;379.0;25.0;44.6;21.7;8.7;37.5;35.3;27.2;0.0;Q4
220401;SAN MARTÍN;HUALLAGA;SAPOSOA;96.5;472.0;468.0;9.4;28.5;31.1;30.9;10.9;25.1;35.9;28.0;Q2
220402;SAN MARTÍN;HUALLAGA;ALTO SAPOSOA;95.8;413.0;409.0;20.1;46.5;31.2;2.2;16.8;43.2;34.4;5.6;Q4
220403;SAN MARTÍN;HUALLAGA;EL ESLABON;96.4;449.0;397.0;14.5;29.8;37.0;18.6;28.1;32.9;37.0;2.0;Q4
220404;SAN MARTÍN;HUALLAGA;PISCOYACU;97.9;432.0;411.0;20.7;33.5;29.7;16.2;21.4;36.6;36.4;5.6;Q4
220405;SAN MARTÍN;HUALLAGA;SACANCHE;100.0;433.0;406.0;19.0;32.8;37.9;10.3;27.6;41.4;24.1;6.9;Q4
220501;SAN MARTÍN;LAMAS;LAMAS;98.5;447.0;437.0;14.0;36.6;28.4;21.1;19.4;28.7;35.1;16.7;Q3
220502;SAN MARTÍN;LAMAS;ALONSO DE ALVARADO;97.5;452.0;436.0;12.3;37.4;31.8;18.6;15.3;29.9;43.0;11.8;Q3
220503;SAN MARTÍN;LAMAS;BARRANQUITA;97.6;426.0;413.0;11.5;53.4;29.2;6.0;19.0;37.6;37.3;6.0;Q3
220504;SAN MARTÍN;LAMAS;CAYNARACHI;94.3;427.0;417.0;22.4;34.8;28.4;14.3;28.0;27.6;29.2;15.2;Q3
220505;SAN MARTÍN;LAMAS;CUÑUMBUQUI;100.0;386.0;354.0;34.9;39.5;23.3;2.3;55.8;32.6;11.6;0.0;Q4
220506;SAN MARTÍN;LAMAS;PINTO RECODO;97.5;425.0;423.0;24.7;36.9;26.9;11.5;21.5;34.3;32.4;11.9;Q3
220507;SAN MARTÍN;LAMAS;RUMISAPA;96.5;411.0;372.0;23.6;45.7;21.8;8.9;34.7;49.0;12.8;3.5;Q4
220508;SAN MARTÍN;LAMAS;SAN ROQUE DE CUMBAZA;100.0;358.0;335.0;51.7;41.4;6.9;0.0;51.7;37.9;10.3;0.0;Q4
220509;SAN MARTÍN;LAMAS;SHANAO;100.0;404.0;397.0;40.0;26.7;23.3;10.0;33.3;30.0;33.3;3.3;Q4
220510;SAN MARTÍN;LAMAS;TABALOSOS;98.7;448.0;430.0;14.4;34.9;30.2;20.6;23.5;29.1;28.7;18.7;Q3
220511;SAN MARTÍN;LAMAS;ZAPATERO;96.6;408.0;404.0;23.8;46.2;23.2;6.8;26.5;41.0;24.2;8.3;Q4
220601;SAN MARTÍN;MARISCAL CÁCERES;JUANJUI;97.2;476.0;467.0;8.2;27.1;37.4;27.3;11.6;23.9;37.7;26.8;Q2
220602;SAN MARTÍN;MARISCAL CÁCERES;CAMPANILLA;96.7;416.0;399.0;22.2;45.5;23.0;9.4;30.7;37.0;24.8;7.5;Q4
220603;SAN MARTÍN;MARISCAL CÁCERES;HUICUNGO;93.6;432.0;417.0;16.2;42.7;27.7;13.4;26.9;33.1;25.1;14.9;Q3
220604;SAN MARTÍN;MARISCAL CÁCERES;PACHIZA;95.5;402.0;390.0;34.6;34.7;22.8;7.8;40.9;31.6;14.3;13.2;Q4
220605;SAN MARTÍN;MARISCAL CÁCERES;PAJARILLO;98.6;428.0;411.0;16.8;44.5;29.3;9.4;24.9;33.5;33.5;8.0;Q4
220701;SAN MARTÍN;PICOTA;PICOTA;98.3;453.0;425.0;10.1;37.3;34.1;18.5;13.5;36.9;42.3;7.3;Q3
220702;SAN MARTÍN;PICOTA;BUENOS AIRES;96.7;389.0;358.0;35.0;41.2;18.5;5.2;48.8;32.7;18.5;0.0;Q4
220703;SAN MARTÍN;PICOTA;CASPISAPA;100.0;429.0;378.0;11.6;48.8;27.9;11.6;44.2;37.2;14.0;4.7;Q4
220704;SAN MARTÍN;PICOTA;PILLUANA;100.0;454.0;413.0;11.1;22.2;55.6;11.1;11.1;44.4;44.4;0.0;Q3
220705;SAN MARTÍN;PICOTA;PUCACACA;100.0;442.0;390.0;8.9;48.9;33.3;8.9;24.4;46.7;28.9;0.0;Q4
220706;SAN MARTÍN;PICOTA;SAN CRISTOBAL;100.0;424.0;395.0;22.2;40.7;33.3;3.7;29.6;44.4;18.5;7.4;Q4
220707;SAN MARTÍN;PICOTA;SAN HILARION;98.8;440.0;426.0;7.0;44.7;36.5;11.8;16.4;23.5;57.7;2.4;Q3
220708;SAN MARTÍN;PICOTA;SHAMBOYACU;98.3;404.0;398.0;30.8;40.7;22.6;5.8;34.0;30.7;28.2;7.1;Q4
220709;SAN MARTÍN;PICOTA;TINGO DE PONASA;94.1;424.0;400.0;22.0;38.7;29.1;10.2;36.5;29.3;21.7;12.4;Q4
220710;SAN MARTÍN;PICOTA;TRES UNIDOS;97.6;414.0;409.0;19.0;53.2;23.0;4.8;29.8;26.4;38.9;4.9;Q4
220801;SAN MARTÍN;RIOJA;RIOJA;96.8;489.0;469.0;4.5;26.4;35.1;34.1;5.2;27.6;42.8;24.4;Q2
220802;SAN MARTÍN;RIOJA;AWAJUN;94.4;445.0;416.0;13.2;34.4;36.4;16.0;26.3;31.0;31.6;11.1;Q3
220803;SAN MARTÍN;RIOJA;ELIAS SOPLIN VARGAS;98.0;471.0;474.0;6.8;34.7;34.2;24.4;7.6;24.9;45.2;22.3;Q2
220804;SAN MARTÍN;RIOJA;NUEVA CAJAMARCA;97.7;484.0;481.0;5.5;23.4;40.7;30.4;6.4;21.6;42.4;29.6;Q2
220805;SAN MARTÍN;RIOJA;PARDO MIGUEL;95.0;468.0;463.0;8.9;32.1;35.3;23.7;8.0;29.6;39.1;23.4;Q2
220806;SAN MARTÍN;RIOJA;POSIC;97.6;440.0;434.0;7.5;47.5;37.5;7.5;7.5;32.5;55.0;5.0;Q3
220807;SAN MARTÍN;RIOJA;SAN FERNANDO;94.4;446.0;450.0;10.9;36.5;37.3;15.2;11.0;21.8;52.6;14.7;Q2
220808;SAN MARTÍN;RIOJA;YORONGOS;95.7;494.0;487.0;9.1;11.4;43.2;36.4;0.0;20.5;54.5;25.0;Q1
220809;SAN MARTÍN;RIOJA;YURACYACU;95.2;495.0;496.0;7.1;17.9;44.6;30.4;7.1;17.9;41.1;33.9;Q1
220901;SAN MARTÍN;SAN MARTÍN;TARAPOTO;97.7;493.0;454.0;5.3;23.5;37.3;33.9;10.7;26.4;45.7;17.2;Q2
220902;SAN MARTÍN;SAN MARTÍN;ALBERTO LEVEAU;100.0;422.0;381.0;26.7;33.3;26.7;13.3;40.0;40.0;13.3;6.7;Q4
220903;SAN MARTÍN;SAN MARTÍN;CACATACHI;97.5;431.0;403.0;13.9;46.8;26.6;12.6;20.3;49.3;27.9;2.5;Q4
220904;SAN MARTÍN;SAN MARTÍN;CHAZUTA;96.7;381.0;367.0;43.1;34.7;19.3;3.0;52.3;22.4;22.6;2.7;Q4
220905;SAN MARTÍN;SAN MARTÍN;CHIPURANA;97.6;408.0;396.0;23.8;48.5;25.3;2.4;28.6;35.9;35.5;0.0;Q4
220906;SAN MARTÍN;SAN MARTÍN;EL PORVENIR;94.3;403.0;375.0;30.3;39.3;25.6;4.7;53.3;20.0;18.0;8.7;Q4
220907;SAN MARTÍN;SAN MARTÍN;HUIMBAYOC;94.3;362.0;333.0;54.0;32.7;10.0;3.3;68.6;22.0;7.4;1.9;Q4
220908;SAN MARTÍN;SAN MARTÍN;JUAN GUERRA;100.0;449.0;439.0;5.9;43.1;37.3;13.7;7.8;33.3;47.1;11.8;Q3
220909;SAN MARTÍN;SAN MARTÍN;LA BANDA DE SHILCAYO;96.9;477.0;443.0;8.1;31.2;31.9;28.8;15.5;30.9;35.0;18.6;Q3
220910;SAN MARTÍN;SAN MARTÍN;MORALES;95.9;454.0;417.0;8.7;39.4;33.0;18.8;22.1;32.5;38.9;6.5;Q3
220911;SAN MARTÍN;SAN MARTÍN;PAPAPLAYA;97.0;386.0;347.0;40.0;41.7;10.7;7.6;55.7;30.6;13.8;0.0;Q4
220912;SAN MARTÍN;SAN MARTÍN;SAN ANTONIO;96.3;454.0;386.0;11.5;34.6;34.6;19.3;38.7;33.7;19.8;7.8;Q4
220913;SAN MARTÍN;SAN MARTÍN;SAUCE;92.0;447.0;439.0;7.1;43.2;37.9;11.9;10.5;32.4;45.3;11.9;Q3
220914;SAN MARTÍN;SAN MARTÍN;SHAPAJA;100.0;433.0;407.0;21.9;37.5;25.0;15.6;21.9;31.3;43.8;3.1;Q4
221001;SAN MARTÍN;TOCACHE;TOCACHE;95.6;461.0;447.0;10.1;37.8;28.5;23.6;13.0;27.9;40.4;18.7;Q3
221002;SAN MARTÍN;TOCACHE;NUEVO PROGRESO;96.9;429.0;419.0;17.5;43.7;26.6;12.2;22.6;37.8;28.0;11.5;Q3
221003;SAN MARTÍN;TOCACHE;POLVORA;98.1;464.0;461.0;11.0;29.3;35.7;24.0;15.3;24.2;37.2;23.2;Q2
221004;SAN MARTÍN;TOCACHE;SHUNTE;95.6;399.0;402.0;23.3;55.9;16.3;4.4;21.5;53.0;23.3;2.2;Q4
221005;SAN MARTÍN;TOCACHE;UCHIZA;95.9;468.0;472.0;8.9;34.6;31.1;25.4;13.3;25.2;32.9;28.6;Q2
230101;TACNA;TACNA;TACNA;99.3;549.0;544.0;1.3;10.5;27.3;60.9;1.5;8.0;34.3;56.2;Q1
230102;TACNA;TACNA;ALTO DE LA ALIANZA;98.9;515.0;522.0;2.3;17.2;35.3;45.1;1.7;15.0;35.8;47.5;Q1
230103;TACNA;TACNA;CALANA;96.2;496.0;472.0;7.7;15.4;40.0;36.9;15.4;15.8;35.8;33.1;Q2
230104;TACNA;TACNA;CIUDAD NUEVA;99.1;499.0;515.0;1.9;22.0;37.9;38.2;2.9;12.8;42.7;41.7;Q1
230105;TACNA;TACNA;INCLAN;100.0;529.0;557.0;4.0;16.0;30.0;50.0;0.0;14.0;18.0;68.0;Q1
230106;TACNA;TACNA;PACHIA;100.0;532.0;540.0;0.0;15.8;26.3;57.9;0.0;5.3;42.1;52.6;Q1
230108;TACNA;TACNA;POCOLLAY;99.3;530.0;532.0;3.4;12.4;36.0;48.2;2.8;14.5;28.1;54.6;Q1
230109;TACNA;TACNA;SAMA;96.0;520.0;537.0;0.0;16.6;28.9;54.6;0.0;12.6;41.7;45.7;Q1
230110;TACNA;TACNA;CORONEL GREGORIO ALBARRACIN LANCHIPA;99.2;521.0;536.0;1.6;16.6;36.2;45.6;2.0;9.7;36.4;51.8;Q1
230111;TACNA;TACNA;LA YARADA LOS PALOS;100.0;465.0;483.0;5.0;39.0;35.0;21.0;3.0;24.0;46.0;27.0;Q1
230201;TACNA;CANDARAVE;CANDARAVE;100.0;531.0;510.0;0.0;8.3;37.5;54.2;0.0;8.3;50.0;41.7;Q1
230202;TACNA;CANDARAVE;CAIRANI;100.0;522.0;555.0;0.0;0.0;50.0;50.0;0.0;0.0;33.3;66.7;Q1
230205;TACNA;CANDARAVE;HUANUARA;100.0;593.0;633.0;0.0;0.0;37.5;62.5;0.0;0.0;37.5;62.5;Q1
230206;TACNA;CANDARAVE;QUILAHUANI;85.7;567.0;578.0;0.0;0.0;0.0;100.0;0.0;0.0;16.7;83.3;Q1
230301;TACNA;JORGE BASADRE;LOCUMBA;96.6;552.0;592.0;0.0;0.0;39.4;60.6;0.0;3.6;28.6;67.8;Q1
230302;TACNA;JORGE BASADRE;ILABAYA;100.0;528.0;515.0;1.4;17.1;25.7;55.8;2.8;11.4;45.8;40.0;Q1
230303;TACNA;JORGE BASADRE;ITE;100.0;525.0;545.0;1.9;15.1;34.0;49.1;3.8;11.3;34.0;50.9;Q1
230401;TACNA;TARATA;TARATA;94.2;535.0;548.0;4.0;16.5;26.7;52.7;0.0;10.2;34.8;55.0;Q1
230406;TACNA;TARATA;SUSAPAYA;100.0;457.0;519.0;20.0;20.0;20.0;40.0;0.0;20.0;20.0;60.0;Q1
230408;TACNA;TARATA;TICACO;100.0;515.0;440.0;0.0;0.0;33.3;66.7;0.0;50.0;50.0;0.0;Q3
240101;TUMBES;TUMBES;TUMBES;94.4;468.0;442.0;8.7;32.8;32.7;25.8;12.4;30.7;42.6;14.2;Q3
240102;TUMBES;TUMBES;CORRALES;98.1;458.0;433.0;11.6;32.7;33.6;22.1;13.7;32.1;44.8;9.4;Q3
240103;TUMBES;TUMBES;LA CRUZ;96.7;465.0;452.0;7.1;32.8;40.9;19.3;8.1;29.0;43.7;19.1;Q2
240104;TUMBES;TUMBES;PAMPAS DE HOSPITAL;97.6;456.0;446.0;3.6;42.9;38.9;14.7;10.3;37.7;33.7;18.2;Q3
240105;TUMBES;TUMBES;SAN JACINTO;85.6;463.0;458.0;7.1;33.5;40.0;19.4;5.2;23.7;54.1;17.0;Q2
240106;TUMBES;TUMBES;SAN JUAN DE LA VIRGEN;100.0;444.0;441.0;19.4;25.4;34.3;20.9;14.9;31.3;38.8;14.9;Q3
240201;TUMBES;CONTRALMIRANTE VILLAR;ZORRITOS;95.5;447.0;421.0;11.6;36.1;35.2;17.0;17.1;39.1;33.9;10.0;Q3
240202;TUMBES;CONTRALMIRANTE VILLAR;CASITAS;100.0;450.0;429.0;11.8;29.4;47.1;11.8;29.4;11.8;47.1;11.8;Q3
240203;TUMBES;CONTRALMIRANTE VILLAR;CANOAS DE PUNTA SAL;94.9;441.0;423.0;11.8;41.3;32.1;14.7;11.8;38.7;40.2;9.4;Q3
240301;TUMBES;ZARUMILLA;ZARUMILLA;96.1;465.0;453.0;9.6;30.0;37.7;22.7;11.3;23.3;50.0;15.4;Q2
240302;TUMBES;ZARUMILLA;AGUAS VERDES;94.6;459.0;435.0;8.3;32.9;37.1;21.7;11.5;32.1;46.7;9.7;Q3
240303;TUMBES;ZARUMILLA;MATAPALO;92.0;443.0;415.0;12.5;37.5;37.8;12.2;18.3;37.3;41.7;2.6;Q3
240304;TUMBES;ZARUMILLA;PAPAYAL;98.4;430.0;421.0;17.6;40.4;30.6;11.5;14.3;41.4;35.3;9.0;Q3
250101;UCAYALI;CORONEL PORTILLO;CALLERIA;95.2;454.0;420.0;13.0;34.1;32.4;20.6;21.5;33.8;34.5;10.2;Q3
250102;UCAYALI;CORONEL PORTILLO;CAMPOVERDE;90.8;427.0;387.0;25.7;34.4;23.1;16.7;43.4;28.3;19.8;8.6;Q4
250103;UCAYALI;CORONEL PORTILLO;IPARIA;89.3;355.0;329.0;51.7;44.2;4.1;0.0;75.4;18.2;5.1;1.4;Q4
250104;UCAYALI;CORONEL PORTILLO;MASISEA;78.6;;;;;;;;;;;
250105;UCAYALI;CORONEL PORTILLO;YARINACOCHA;93.7;419.0;381.0;21.8;41.7;26.5;10.0;36.8;37.5;23.2;2.5;Q4
250106;UCAYALI;CORONEL PORTILLO;NUEVA REQUENA;92.7;377.0;359.0;47.7;29.6;19.5;3.1;45.9;33.7;18.3;2.1;Q4
250107;UCAYALI;CORONEL PORTILLO;MANANTAY;91.7;429.0;394.0;18.1;41.7;28.1;12.1;31.8;36.6;27.4;4.3;Q4
250201;UCAYALI;ATALAYA;RAYMONDI;92.3;404.0;376.0;31.2;38.5;20.4;9.8;41.9;33.3;21.1;3.7;Q4
250202;UCAYALI;ATALAYA;SEPAHUA;91.3;390.0;365.0;36.3;40.7;17.6;5.4;48.6;28.3;21.6;1.4;Q4
250203;UCAYALI;ATALAYA;TAHUANIA;85.1;377.0;344.0;43.0;40.3;11.9;4.8;66.2;20.1;12.7;1.0;Q4
250204;UCAYALI;ATALAYA;YURUA;69.6;;;;;;;;;;;
250301;UCAYALI;PADRE ABAD;PADRE ABAD;93.9;439.0;415.0;13.8;38.8;34.4;13.0;19.0;37.4;37.8;5.8;Q3
250302;UCAYALI;PADRE ABAD;IRAZOLA;87.6;432.0;408.0;16.2;39.1;34.7;10.0;26.0;36.6;29.9;7.5;Q4
250303;UCAYALI;PADRE ABAD;CURIMANA;85.4;429.0;390.0;21.0;39.0;29.0;11.0;33.1;35.5;29.4;2.0;Q4
250304;UCAYALI;PADRE ABAD;NESHUYA;94.3;434.0;411.0;18.5;35.8;34.2;11.5;21.7;38.6;31.7;8.0;Q4
250305;UCAYALI;PADRE ABAD;ALEXANDER VON HUMBOLDT;92.4;419.0;408.0;17.3;46.4;28.2;8.2;14.5;50.0;30.0;5.5;Q4
250401;UCAYALI;PURÚS;PURUS;96.6;378.0;329.0;46.4;32.1;17.9;3.6;67.9;25.0;3.6;3.6;Q4
