"Resultados a nivel de distrito, de la Evaluación Censal de Estudiantes 2018 - Cuarto de primaria",,,,,,,
,,,,,,,
Código Geografico,REGION,PROVINCIA,DISTRITO,Cobertura IE,Cobertura Estudiantes,Medida Promedio en Comprensión Lectora,Medida Promedio en Matemática
010101,AMAZONAS,CHACHAPOYAS,CHACHAPOYAS,"100,0","97,5",528,526
010103,AMAZONAS,CHACHAPOYAS,BALSAS,"100,0","100,0",537,527
010104,AMAZONAS,CHACHAPOYAS,CHETO,"100,0","100,0",537,528
010106,AMAZONAS,CHACHAPOYAS,CHUQUIBAMBA,"100,0","100,0",437,445
010107,AMAZONAS,CHACHAPOYAS,GRANADA,"100,0","100,0",528,523
010109,AMAZONAS,CHACHAPOYAS,LA JALCA,"100,0","98,5",443,455
010110,AMAZONAS,CHACHAPOYAS,LEIMEBAMBA,"100,0","98,7",478,481
010111,AMAZONAS,CHACHAPOYAS,LEVANTO,"100,0","100,0",564,586
010112,AMAZONAS,CHACHAPOYAS,MAGDALENA,"100,0","100,0",467,463
010113,AMAZONAS,CHACHAPOYAS,MARISCAL CASTILLA,"100,0","100,0",462,458
010114,AMAZONAS,CHACHAPOYAS,MOLINOPAMPA,"100,0","100,0",517,504
010115,AMAZONAS,CHACHAPOYAS,MONTEVIDEO,"100,0","100,0",438,458
010116,AMAZONAS,CHACHAPOYAS,OLLEROS,"100,0","100,0",484,459
010119,AMAZONAS,CHACHAPOYAS,SAN ISIDRO DE MAINO,"100,0","100,0",454,432
010120,AMAZONAS,CHACHAPOYAS,SOLOCO,"100,0","100,0",426,477
010201,AMAZONAS,BAGUA,BAGUA,"100,0","98,3",468,459
010202,AMAZONAS,BAGUA,ARAMANGO,"100,0","95,9",452,450
010203,AMAZONAS,BAGUA,COPALLIN,"100,0","100,0",449,452
010204,AMAZONAS,BAGUA,EL PARCO,"100,0","100,0",454,458
010205,AMAZONAS,BAGUA,IMAZA,"84,6","88,2",-,-
010206,AMAZONAS,BAGUA,LA PECA,"100,0","93,4",454,454
010301,AMAZONAS,BONGARÁ,JUMBILLA,"100,0","100,0",512,504
010303,AMAZONAS,BONGARÁ,CHURUJA,"100,0","100,0",496,453
010304,AMAZONAS,BONGARÁ,COROSHA,"100,0","100,0",351,375
010305,AMAZONAS,BONGARÁ,CUISPES,"100,0","90,9",448,425
010306,AMAZONAS,BONGARÁ,FLORIDA,"100,0","100,0",481,495
010307,AMAZONAS,BONGARÁ,JAZAN,"100,0","97,8",499,499
010310,AMAZONAS,BONGARÁ,SHIPASBAMBA,"100,0","100,0",542,571
010312,AMAZONAS,BONGARÁ,YAMBRASBAMBA,"100,0","97,9",481,496
010401,AMAZONAS,CONDORCANQUI,NIEVA,"87,5","86,6",-,-
010402,AMAZONAS,CONDORCANQUI,EL CENEPA,"100,0","83,3",301,284
010403,AMAZONAS,CONDORCANQUI,RIO SANTIAGO,"100,0","92,6",327,299
010501,AMAZONAS,LUYA,LAMUD,"100,0","100,0",517,530
010502,AMAZONAS,LUYA,CAMPORREDONDO,"100,0","95,8",453,458
010503,AMAZONAS,LUYA,COCABAMBA,"100,0","100,0",444,458
010504,AMAZONAS,LUYA,COLCAMAR,"100,0","100,0",486,497
010505,AMAZONAS,LUYA,CONILA,"100,0","100,0",441,437
010506,AMAZONAS,LUYA,INGUILPATA,"100,0","100,0",398,369
010507,AMAZONAS,LUYA,LONGUITA,"100,0","100,0",486,514
010508,AMAZONAS,LUYA,LONYA CHICO,"100,0","100,0",484,481
010509,AMAZONAS,LUYA,LUYA,"100,0","100,0",484,488
010510,AMAZONAS,LUYA,LUYA VIEJO,"100,0","83,3",457,490
010511,AMAZONAS,LUYA,MARIA,"100,0","100,0",563,555
010512,AMAZONAS,LUYA,OCALLI,"100,0","98,7",481,495
010513,AMAZONAS,LUYA,OCUMAL,"100,0","98,4",452,462
010514,AMAZONAS,LUYA,PISUQUIA,"100,0","99,0",470,477
010515,AMAZONAS,LUYA,PROVIDENCIA,"100,0","100,0",446,432
010516,AMAZONAS,LUYA,SAN CRISTOBAL,"100,0","100,0",476,466
010517,AMAZONAS,LUYA,SAN FRANCISCO DEL YESO,"100,0","100,0",484,465
010519,AMAZONAS,LUYA,SAN JUAN DE LOPECANCHA,"100,0","100,0",473,549
010520,AMAZONAS,LUYA,SANTA CATALINA,"100,0","96,4",442,443
010521,AMAZONAS,LUYA,SANTO TOMAS,"100,0","100,0",473,495
010522,AMAZONAS,LUYA,TINGO,"100,0","100,0",511,506
010523,AMAZONAS,LUYA,TRITA,"100,0","92,7",473,462
010601,AMAZONAS,RODRÍGUEZ DE MENDOZA,SAN NICOLAS,"100,0","97,6",497,488
010602,AMAZONAS,RODRÍGUEZ DE MENDOZA,CHIRIMOTO,"100,0","94,4",480,474
010603,AMAZONAS,RODRÍGUEZ DE MENDOZA,COCHAMAL,"100,0","100,0",561,573
010604,AMAZONAS,RODRÍGUEZ DE MENDOZA,HUAMBO,"100,0","100,0",492,489
010605,AMAZONAS,RODRÍGUEZ DE MENDOZA,LIMABAMBA,"100,0","100,0",549,558
010606,AMAZONAS,RODRÍGUEZ DE MENDOZA,LONGAR,"100,0","100,0",474,480
010607,AMAZONAS,RODRÍGUEZ DE MENDOZA,MARISCAL BENAVIDES,"100,0","100,0",592,599
010608,AMAZONAS,RODRÍGUEZ DE MENDOZA,MILPUC,"100,0","80,0",411,425
010609,AMAZONAS,RODRÍGUEZ DE MENDOZA,OMIA,"100,0","100,0",476,478
010612,AMAZONAS,RODRÍGUEZ DE MENDOZA,VISTA ALEGRE,"100,0","100,0",441,461
010701,AMAZONAS,UTCUBAMBA,BAGUA GRANDE,"100,0","96,8",462,465
010702,AMAZONAS,UTCUBAMBA,CAJARURO,"100,0","97,2",450,450
010703,AMAZONAS,UTCUBAMBA,CUMBA,"100,0","98,5",449,463
010704,AMAZONAS,UTCUBAMBA,EL MILAGRO,"100,0","97,4",420,421
010705,AMAZONAS,UTCUBAMBA,JAMALCA,"100,0","97,9",505,493
010706,AMAZONAS,UTCUBAMBA,LONYA GRANDE,"100,0","97,0",468,476
010707,AMAZONAS,UTCUBAMBA,YAMON,"100,0","96,6",446,448
020101,ÁNCASH,HUARAZ,HUARAZ,"100,0","98,7",493,487
020102,ÁNCASH,HUARAZ,COCHABAMBA,"100,0","100,0",354,339
020104,ÁNCASH,HUARAZ,HUANCHAY,"100,0","100,0",478,453
020105,ÁNCASH,HUARAZ,INDEPENDENCIA,"100,0","99,0",503,494
020106,ÁNCASH,HUARAZ,JANGAS,"100,0","100,0",398,398
020107,ÁNCASH,HUARAZ,LA LIBERTAD,"100,0","100,0",386,395
020108,ÁNCASH,HUARAZ,OLLEROS,"100,0","100,0",436,420
020109,ÁNCASH,HUARAZ,PAMPAS GRANDE,"100,0","100,0",439,422
020110,ÁNCASH,HUARAZ,PARIACOTO,"100,0","98,9",411,418
020111,ÁNCASH,HUARAZ,PIRA,"100,0","100,0",388,378
020112,ÁNCASH,HUARAZ,TARICA,"100,0","98,8",430,427
020201,ÁNCASH,AIJA,AIJA,"100,0","100,0",446,461
020202,ÁNCASH,AIJA,CORIS,"100,0","100,0",389,359
020203,ÁNCASH,AIJA,HUACLLAN,"100,0","100,0",458,426
020204,ÁNCASH,AIJA,LA MERCED,"100,0","100,0",403,412
020205,ÁNCASH,AIJA,SUCCHA,"100,0","100,0",478,492
020301,ÁNCASH,ANTONIO RAIMONDI,LLAMELLIN,"100,0","96,3",417,421
020302,ÁNCASH,ANTONIO RAIMONDI,ACZO,"100,0","100,0",435,412
020303,ÁNCASH,ANTONIO RAIMONDI,CHACCHO,"100,0","89,7",452,442
020304,ÁNCASH,ANTONIO RAIMONDI,CHINGAS,"100,0","96,0",445,429
020305,ÁNCASH,ANTONIO RAIMONDI,MIRGAS,"100,0","100,0",360,354
020306,ÁNCASH,ANTONIO RAIMONDI,SAN JUAN DE RONTOY,"100,0","92,9",401,396
020401,ÁNCASH,ASUNCIÓN,CHACAS,"100,0","98,6",503,493
020402,ÁNCASH,ASUNCIÓN,ACOCHACA,"100,0","100,0",443,483
020501,ÁNCASH,BOLOGNESI,CHIQUIAN,"100,0","98,8",499,496
020503,ÁNCASH,BOLOGNESI,ANTONIO RAYMONDI,"100,0","94,1",423,453
020504,ÁNCASH,BOLOGNESI,AQUIA,"100,0","95,8",440,423
020505,ÁNCASH,BOLOGNESI,CAJACAY,"100,0","100,0",493,508
020507,ÁNCASH,BOLOGNESI,COLQUIOC,"100,0","100,0",565,544
020508,ÁNCASH,BOLOGNESI,HUALLANCA,"100,0","95,3",448,459
020509,ÁNCASH,BOLOGNESI,HUASTA,"100,0","100,0",470,438
020510,ÁNCASH,BOLOGNESI,HUAYLLACAYAN,"100,0","100,0",493,493
020511,ÁNCASH,BOLOGNESI,LA PRIMAVERA,"100,0","100,0",402,357
020512,ÁNCASH,BOLOGNESI,MANGAS,"100,0","100,0",529,509
020513,ÁNCASH,BOLOGNESI,PACLLON,"100,0","100,0",478,510
020514,ÁNCASH,BOLOGNESI,SAN MIGUEL DE CORPANQUI,"100,0","100,0",502,543
020515,ÁNCASH,BOLOGNESI,TICLLOS,"100,0","100,0",473,474
020601,ÁNCASH,CARHUAZ,CARHUAZ,"100,0","99,0",446,458
020602,ÁNCASH,CARHUAZ,ACOPAMPA,"100,0","88,6",495,503
020603,ÁNCASH,CARHUAZ,AMASHCA,"100,0","100,0",404,454
020604,ÁNCASH,CARHUAZ,ANTA,"100,0","96,0",501,498
020605,ÁNCASH,CARHUAZ,ATAQUERO,"100,0","96,3",345,346
020606,ÁNCASH,CARHUAZ,MARCARA,"100,0","98,0",401,406
020607,ÁNCASH,CARHUAZ,PARIAHUANCA,"100,0","100,0",470,483
020608,ÁNCASH,CARHUAZ,SAN MIGUEL DE ACO,"100,0","100,0",454,470
020609,ÁNCASH,CARHUAZ,SHILLA,"100,0","100,0",418,429
020610,ÁNCASH,CARHUAZ,TINCO,"100,0","98,0",383,386
020611,ÁNCASH,CARHUAZ,YUNGAR,"100,0","95,5",473,480
020701,ÁNCASH,CARLOS FERMÍN FITZCARRAL,SAN LUIS,"100,0","100,0",434,450
020702,ÁNCASH,CARLOS FERMÍN FITZCARRAL,SAN NICOLAS,"100,0","100,0",416,410
020703,ÁNCASH,CARLOS FERMÍN FITZCARRAL,YAUYA,"100,0","98,8",386,391
020801,ÁNCASH,CASMA,CASMA,"100,0","97,7",472,474
020802,ÁNCASH,CASMA,BUENA VISTA ALTA,"100,0","91,5",448,451
020803,ÁNCASH,CASMA,COMANDANTE NOEL,"100,0","87,0",428,444
020804,ÁNCASH,CASMA,YAUTAN,"100,0","96,8",438,451
020901,ÁNCASH,CORONGO,CORONGO,"100,0","100,0",499,472
020902,ÁNCASH,CORONGO,ACO,"100,0","100,0",498,446
020903,ÁNCASH,CORONGO,BAMBAS,"100,0","100,0",410,396
020904,ÁNCASH,CORONGO,CUSCA,"100,0","100,0",466,473
020905,ÁNCASH,CORONGO,LA PAMPA,"100,0","100,0",410,406
020906,ÁNCASH,CORONGO,YANAC,"100,0","100,0",439,386
020907,ÁNCASH,CORONGO,YUPAN,"100,0","100,0",482,410
021001,ÁNCASH,HUARI,HUARI,"87,5","90,9",-,-
021002,ÁNCASH,HUARI,ANRA,"100,0","97,3",374,369
021003,ÁNCASH,HUARI,CAJAY,"100,0","100,0",400,389
021004,ÁNCASH,HUARI,CHAVIN DE HUANTAR,"100,0","99,0",498,534
021005,ÁNCASH,HUARI,HUACACHI,"100,0","96,7",467,475
021006,ÁNCASH,HUARI,HUACCHIS,"100,0","100,0",388,422
021007,ÁNCASH,HUARI,HUACHIS,"83,3","54,3",-,-
021008,ÁNCASH,HUARI,HUANTAR,"100,0","100,0",425,418
021009,ÁNCASH,HUARI,MASIN,"100,0","91,3",464,425
021010,ÁNCASH,HUARI,PAUCAS,"100,0","100,0",362,356
021011,ÁNCASH,HUARI,PONTO,"100,0","100,0",444,423
021012,ÁNCASH,HUARI,RAHUAPAMPA,"100,0","100,0",526,525
021013,ÁNCASH,HUARI,RAPAYAN,"100,0","100,0",463,465
021014,ÁNCASH,HUARI,SAN MARCOS,"100,0","97,9",439,432
021015,ÁNCASH,HUARI,SAN PEDRO DE CHANA,"100,0","96,8",406,395
021016,ÁNCASH,HUARI,UCO,"100,0","100,0",458,520
021101,ÁNCASH,HUARMEY,HUARMEY,"100,0","98,7",476,473
021103,ÁNCASH,HUARMEY,CULEBRAS,"100,0","100,0",464,439
021104,ÁNCASH,HUARMEY,HUAYAN,"100,0","100,0",432,450
021105,ÁNCASH,HUARMEY,MALVAS,"100,0","100,0",498,557
021201,ÁNCASH,HUAYLAS,CARAZ,"100,0","98,5",433,424
021202,ÁNCASH,HUAYLAS,HUALLANCA,"100,0","100,0",375,374
021203,ÁNCASH,HUAYLAS,HUATA,"100,0","93,8",404,430
021204,ÁNCASH,HUAYLAS,HUAYLAS,"100,0","100,0",457,454
021205,ÁNCASH,HUAYLAS,MATO,"100,0","100,0",392,368
021206,ÁNCASH,HUAYLAS,PAMPAROMAS,"100,0","98,7",375,383
021207,ÁNCASH,HUAYLAS,PUEBLO LIBRE,"100,0","100,0",399,417
021208,ÁNCASH,HUAYLAS,SANTA CRUZ,"100,0","96,6",371,374
021209,ÁNCASH,HUAYLAS,SANTO TORIBIO,"100,0","100,0",461,436
021210,ÁNCASH,HUAYLAS,YURACMARCA,"100,0","98,4",400,392
021302,ÁNCASH,MARISCAL LUZURIAGA,CASCA,"100,0","100,0",334,335
021303,ÁNCASH,MARISCAL LUZURIAGA,ELEAZAR GUZMAN BARRON,"100,0","100,0",362,345
021304,ÁNCASH,MARISCAL LUZURIAGA,FIDEL OLIVAS ESCUDERO,"100,0","100,0",368,380
021305,ÁNCASH,MARISCAL LUZURIAGA,LLAMA,"100,0","100,0",378,392
021307,ÁNCASH,MARISCAL LUZURIAGA,LUCMA,"100,0","98,6",409,411
021308,ÁNCASH,MARISCAL LUZURIAGA,MUSGA,"100,0","100,0",379,376
021401,ÁNCASH,OCROS,OCROS,"100,0","100,0",457,482
021405,ÁNCASH,OCROS,COCHAS,"100,0","100,0",466,453
021406,ÁNCASH,OCROS,CONGAS,"100,0","100,0",406,380
021407,ÁNCASH,OCROS,LLIPA,"100,0","100,0",428,431
021408,ÁNCASH,OCROS,SAN CRISTOBAL DE RAJAN,"100,0","100,0",449,440
021409,ÁNCASH,OCROS,SAN PEDRO,"100,0","100,0",446,444
021501,ÁNCASH,PALLASCA,CABANA,"100,0","98,0",486,455
021502,ÁNCASH,PALLASCA,BOLOGNESI,"100,0","100,0",423,433
021503,ÁNCASH,PALLASCA,CONCHUCOS,"100,0","99,0",435,439
021504,ÁNCASH,PALLASCA,HUACASCHUQUE,"100,0","100,0",401,428
021505,ÁNCASH,PALLASCA,HUANDOVAL,"100,0","92,3",490,510
021506,ÁNCASH,PALLASCA,LACABAMBA,"100,0","100,0",335,355
021507,ÁNCASH,PALLASCA,LLAPO,"100,0","100,0",495,520
021508,ÁNCASH,PALLASCA,PALLASCA,"100,0","100,0",437,428
021509,ÁNCASH,PALLASCA,PAMPAS,"100,0","98,0",439,454
021510,ÁNCASH,PALLASCA,SANTA ROSA,"100,0","90,9",448,494
021511,ÁNCASH,PALLASCA,TAUCA,"100,0","100,0",475,480
021601,ÁNCASH,POMABAMBA,POMABAMBA,"100,0","98,2",446,440
021602,ÁNCASH,POMABAMBA,HUAYLLAN,"100,0","90,9",401,398
021603,ÁNCASH,POMABAMBA,PAROBAMBA,"100,0","100,0",385,397
021604,ÁNCASH,POMABAMBA,QUINUABAMBA,"100,0","100,0",257,295
021701,ÁNCASH,RECUAY,RECUAY,"100,0","100,0",478,473
021702,ÁNCASH,RECUAY,CATAC,"100,0","100,0",497,499
021703,ÁNCASH,RECUAY,COTAPARACO,"100,0","92,3",469,429
021705,ÁNCASH,RECUAY,LLACLLIN,"100,0","100,0",436,408
021706,ÁNCASH,RECUAY,MARCA,"100,0","91,7",421,404
021707,ÁNCASH,RECUAY,PAMPAS CHICO,"100,0","100,0",470,477
021708,ÁNCASH,RECUAY,PARARIN,"100,0","100,0",480,495
021709,ÁNCASH,RECUAY,TAPACOCHA,"100,0","100,0",358,368
021710,ÁNCASH,RECUAY,TICAPAMPA,"100,0","100,0",511,528
021801,ÁNCASH,SANTA,CHIMBOTE,"100,0","95,7",485,480
021802,ÁNCASH,SANTA,CACERES DEL PERU,"100,0","100,0",441,411
021803,ÁNCASH,SANTA,COISHCO,"100,0","97,1",456,458
021804,ÁNCASH,SANTA,MACATE,"100,0","100,0",404,387
021805,ÁNCASH,SANTA,MORO,"100,0","99,0",446,435
021806,ÁNCASH,SANTA,NEPEÑA,"100,0","98,6",469,483
021807,ÁNCASH,SANTA,SAMANCO,"100,0","100,0",475,476
021808,ÁNCASH,SANTA,SANTA,"100,0","98,7",463,465
021809,ÁNCASH,SANTA,NUEVO CHIMBOTE,"100,0","97,6",497,488
021901,ÁNCASH,SIHUAS,SIHUAS,"100,0","99,2",481,490
021902,ÁNCASH,SIHUAS,ACOBAMBA,"100,0","98,0",401,399
021903,ÁNCASH,SIHUAS,ALFONSO UGARTE,"100,0","100,0",515,463
021904,ÁNCASH,SIHUAS,CASHAPAMPA,"100,0","100,0",432,446
021905,ÁNCASH,SIHUAS,CHINGALPO,"100,0","100,0",375,368
021906,ÁNCASH,SIHUAS,HUAYLLABAMBA,"100,0","100,0",405,402
021907,ÁNCASH,SIHUAS,QUICHES,"100,0","98,2",411,401
021908,ÁNCASH,SIHUAS,RAGASH,"100,0","100,0",404,402
021909,ÁNCASH,SIHUAS,SAN JUAN,"100,0","96,1",387,373
022001,ÁNCASH,YUNGAY,YUNGAY,"100,0","98,0",456,459
022002,ÁNCASH,YUNGAY,CASCAPARA,"100,0","100,0",336,373
022003,ÁNCASH,YUNGAY,MANCOS,"100,0","94,9",414,438
022004,ÁNCASH,YUNGAY,MATACOTO,"100,0","100,0",501,498
022005,ÁNCASH,YUNGAY,QUILLO,"100,0","98,8",366,373
022006,ÁNCASH,YUNGAY,RANRAHIRCA,"100,0","100,0",426,436
022007,ÁNCASH,YUNGAY,SHUPLUY,"100,0","100,0",318,337
022008,ÁNCASH,YUNGAY,YANAMA,"100,0","95,9",421,424
030101,APURÍMAC,ABANCAY,ABANCAY,"100,0","99,0",518,523
030102,APURÍMAC,ABANCAY,CHACOCHE,"100,0","100,0",435,454
030103,APURÍMAC,ABANCAY,CIRCA,"100,0","100,0",447,463
030104,APURÍMAC,ABANCAY,CURAHUASI,"100,0","98,9",425,427
030105,APURÍMAC,ABANCAY,HUANIPACA,"100,0","100,0",496,542
030106,APURÍMAC,ABANCAY,LAMBRAMA,"100,0","100,0",403,415
030107,APURÍMAC,ABANCAY,PICHIRHUA,"100,0","100,0",407,394
030108,APURÍMAC,ABANCAY,SAN PEDRO DE CACHORA,"100,0","96,4",414,419
030109,APURÍMAC,ABANCAY,TAMBURCO,"100,0","100,0",482,501
030201,APURÍMAC,ANDAHUAYLAS,ANDAHUAYLAS,"100,0","99,1",490,500
030202,APURÍMAC,ANDAHUAYLAS,ANDARAPA,"100,0","100,0",419,431
030203,APURÍMAC,ANDAHUAYLAS,CHIARA,"100,0","100,0",333,385
030204,APURÍMAC,ANDAHUAYLAS,HUANCARAMA,"100,0","98,2",441,476
030205,APURÍMAC,ANDAHUAYLAS,HUANCARAY,"100,0","100,0",423,431
030206,APURÍMAC,ANDAHUAYLAS,HUAYANA,"100,0","100,0",327,350
030207,APURÍMAC,ANDAHUAYLAS,KISHUARA,"100,0","100,0",393,383
030208,APURÍMAC,ANDAHUAYLAS,PACOBAMBA,"100,0","100,0",434,375
030209,APURÍMAC,ANDAHUAYLAS,PACUCHA,"100,0","98,8",465,473
030210,APURÍMAC,ANDAHUAYLAS,PAMPACHIRI,"100,0","100,0",377,384
030211,APURÍMAC,ANDAHUAYLAS,POMACOCHA,"100,0","100,0",419,424
030212,APURÍMAC,ANDAHUAYLAS,SAN ANTONIO DE CACHI,"100,0","100,0",386,353
030213,APURÍMAC,ANDAHUAYLAS,SAN JERONIMO,"100,0","97,8",475,494
030214,APURÍMAC,ANDAHUAYLAS,SAN MIGUEL DE CHACCRAMPA,"100,0","100,0",405,388
030215,APURÍMAC,ANDAHUAYLAS,SANTA MARIA DE CHICMO,"100,0","98,1",412,422
030216,APURÍMAC,ANDAHUAYLAS,TALAVERA,"100,0","98,8",471,483
030218,APURÍMAC,ANDAHUAYLAS,TURPO,"100,0","96,7",398,412
030219,APURÍMAC,ANDAHUAYLAS,KAQUIABAMBA,"100,0","100,0",429,461
030220,APURÍMAC,ANDAHUAYLAS,JOSE MARIA ARGUEDAS,"100,0","100,0",415,452
030301,APURÍMAC,ANTABAMBA,ANTABAMBA,"100,0","97,4",474,466
030302,APURÍMAC,ANTABAMBA,EL ORO,"100,0","100,0",464,537
030303,APURÍMAC,ANTABAMBA,HUAQUIRCA,"100,0","86,1",431,440
030304,APURÍMAC,ANTABAMBA,JUAN ESPINOZA MEDRANO,"100,0","100,0",483,471
030305,APURÍMAC,ANTABAMBA,OROPESA,"100,0","100,0",382,384
030306,APURÍMAC,ANTABAMBA,PACHACONAS,"100,0","100,0",443,499
030307,APURÍMAC,ANTABAMBA,SABAINO,"100,0","100,0",455,491
030401,APURÍMAC,AYMARAES,CHALHUANCA,"100,0","100,0",530,531
030403,APURÍMAC,AYMARAES,CARAYBAMBA,"100,0","100,0",473,462
030404,APURÍMAC,AYMARAES,CHAPIMARCA,"100,0","100,0",403,422
030405,APURÍMAC,AYMARAES,COLCABAMBA,"100,0","100,0",412,399
030406,APURÍMAC,AYMARAES,COTARUSE,"100,0","100,0",441,452
030408,APURÍMAC,AYMARAES,JUSTO APU SAHUARAURA,"100,0","100,0",396,413
030409,APURÍMAC,AYMARAES,LUCRE,"100,0","100,0",358,405
030410,APURÍMAC,AYMARAES,POCOHUANCA,"100,0","100,0",422,414
030411,APURÍMAC,AYMARAES,SAN JUAN DE CHACÑA,"100,0","100,0",477,547
030412,APURÍMAC,AYMARAES,SAÑAYCA,"100,0","100,0",383,395
030413,APURÍMAC,AYMARAES,SORAYA,"100,0","100,0",469,437
030414,APURÍMAC,AYMARAES,TAPAIRIHUA,"100,0","100,0",474,480
030415,APURÍMAC,AYMARAES,TINTAY,"100,0","100,0",435,463
030416,APURÍMAC,AYMARAES,TORAYA,"100,0","100,0",460,466
030417,APURÍMAC,AYMARAES,YANACA,"100,0","100,0",486,440
030501,APURÍMAC,COTABAMBAS,TAMBOBAMBA,"100,0","97,8",421,438
030502,APURÍMAC,COTABAMBAS,COTABAMBAS,"100,0","94,5",476,486
030503,APURÍMAC,COTABAMBAS,COYLLURQUI,"100,0","100,0",421,433
030504,APURÍMAC,COTABAMBAS,HAQUIRA,"100,0","98,9",432,446
030505,APURÍMAC,COTABAMBAS,MARA,"100,0","96,1",386,395
030506,APURÍMAC,COTABAMBAS,CHALLHUAHUACHO,"100,0","99,4",459,448
030601,APURÍMAC,CHINCHEROS,CHINCHEROS,"100,0","98,9",464,467
030602,APURÍMAC,CHINCHEROS,ANCO_HUALLO,"100,0","97,5",445,454
030603,APURÍMAC,CHINCHEROS,COCHARCAS,"100,0","100,0",485,463
030604,APURÍMAC,CHINCHEROS,HUACCANA,"100,0","100,0",442,474
030605,APURÍMAC,CHINCHEROS,OCOBAMBA,"100,0","98,3",433,436
030606,APURÍMAC,CHINCHEROS,ONGOY,"100,0","100,0",441,452
030607,APURÍMAC,CHINCHEROS,URANMARCA,"100,0","100,0",418,427
030608,APURÍMAC,CHINCHEROS,RANRACANCHA,"100,0","100,0",388,382
030609,APURÍMAC,CHINCHEROS,ROCCHACC,"100,0","100,0",438,433
030701,APURÍMAC,GRAU,CHUQUIBAMBILLA,"100,0","100,0",518,518
030702,APURÍMAC,GRAU,CURPAHUASI,"100,0","100,0",424,406
030703,APURÍMAC,GRAU,GAMARRA,"100,0","97,0",375,368
030705,APURÍMAC,GRAU,MAMARA,"100,0","100,0",440,470
030706,APURÍMAC,GRAU,MICAELA BASTIDAS,"100,0","100,0",455,449
030707,APURÍMAC,GRAU,PATAYPAMPA,"100,0","95,2",419,475
030708,APURÍMAC,GRAU,PROGRESO,"100,0","100,0",435,452
030709,APURÍMAC,GRAU,SAN ANTONIO,"100,0","100,0",368,395
030710,APURÍMAC,GRAU,SANTA ROSA,"100,0","100,0",361,389
030711,APURÍMAC,GRAU,TURPAY,"100,0","100,0",457,421
030712,APURÍMAC,GRAU,VILCABAMBA,"100,0","100,0",489,533
030713,APURÍMAC,GRAU,VIRUNDO,"100,0","100,0",433,443
040101,AREQUIPA,AREQUIPA,AREQUIPA,"100,0","98,4",545,532
040102,AREQUIPA,AREQUIPA,ALTO SELVA ALEGRE,"100,0","98,5",514,510
040103,AREQUIPA,AREQUIPA,CAYMA,"100,0","98,2",521,518
040104,AREQUIPA,AREQUIPA,CERRO COLORADO,"100,0","98,3",517,511
040105,AREQUIPA,AREQUIPA,CHARACATO,"100,0","97,5",477,500
040106,AREQUIPA,AREQUIPA,CHIGUATA,"100,0","93,1",465,485
040107,AREQUIPA,AREQUIPA,JACOBO HUNTER,"100,0","97,9",508,503
040108,AREQUIPA,AREQUIPA,LA JOYA,"100,0","97,8",490,489
040109,AREQUIPA,AREQUIPA,MARIANO MELGAR,"100,0","96,9",513,506
040110,AREQUIPA,AREQUIPA,MIRAFLORES,"100,0","97,9",526,520
040111,AREQUIPA,AREQUIPA,MOLLEBAYA,"100,0","78,9",-,-
040112,AREQUIPA,AREQUIPA,PAUCARPATA,"100,0","98,2",521,526
040114,AREQUIPA,AREQUIPA,POLOBAYA,"100,0","100,0",598,561
040116,AREQUIPA,AREQUIPA,SABANDIA,"100,0","96,6",512,520
040117,AREQUIPA,AREQUIPA,SACHACA,"100,0","99,1",520,506
040118,AREQUIPA,AREQUIPA,SAN JUAN DE SIGUAS,"100,0","90,0",517,523
040119,AREQUIPA,AREQUIPA,SAN JUAN DE TARUCANI,"100,0","100,0",468,417
040120,AREQUIPA,AREQUIPA,SANTA ISABEL DE SIGUAS,"100,0","100,0",453,436
040121,AREQUIPA,AREQUIPA,SANTA RITA DE SIGUAS,"100,0","98,4",519,532
040122,AREQUIPA,AREQUIPA,SOCABAYA,"100,0","98,8",518,516
040123,AREQUIPA,AREQUIPA,TIABAYA,"100,0","99,0",513,517
040124,AREQUIPA,AREQUIPA,UCHUMAYO,"100,0","98,9",502,486
040125,AREQUIPA,AREQUIPA,VITOR,"100,0","100,0",490,505
040126,AREQUIPA,AREQUIPA,YANAHUARA,"100,0","100,0",535,515
040127,AREQUIPA,AREQUIPA,YARABAMBA,"100,0","90,5",528,522
040128,AREQUIPA,AREQUIPA,YURA,"100,0","98,4",495,489
040129,AREQUIPA,AREQUIPA,JOSE LUIS BUSTAMANTE Y RIVERO,"100,0","98,8",528,524
040201,AREQUIPA,CAMANÁ,CAMANA,"100,0","97,6",493,506
040202,AREQUIPA,CAMANÁ,JOSE MARIA QUIMPER,"100,0","91,9",478,482
040203,AREQUIPA,CAMANÁ,MARIANO NICOLAS VALCARCEL,"100,0","96,3",489,486
040204,AREQUIPA,CAMANÁ,MARISCAL CACERES,"100,0","96,3",495,513
040205,AREQUIPA,CAMANÁ,NICOLAS DE PIEROLA,"100,0","95,1",494,490
040206,AREQUIPA,CAMANÁ,OCOÑA,"100,0","94,5",457,445
040207,AREQUIPA,CAMANÁ,QUILCA,"100,0","100,0",453,441
040208,AREQUIPA,CAMANÁ,SAMUEL PASTOR,"100,0","95,4",507,508
040301,AREQUIPA,CARAVELÍ,CARAVELI,"100,0","97,4",570,586
040302,AREQUIPA,CARAVELÍ,ACARI,"100,0","99,0",495,501
040303,AREQUIPA,CARAVELÍ,ATICO,"100,0","99,1",510,538
040304,AREQUIPA,CARAVELÍ,ATIQUIPA,"100,0","92,9",471,495
040305,AREQUIPA,CARAVELÍ,BELLA UNION,"100,0","100,0",478,484
040306,AREQUIPA,CARAVELÍ,CAHUACHO,"100,0","100,0",492,462
040307,AREQUIPA,CARAVELÍ,CHALA,"100,0","96,9",492,494
040308,AREQUIPA,CARAVELÍ,CHAPARRA,"100,0","98,6",507,516
040309,AREQUIPA,CARAVELÍ,HUANUHUANU,"100,0","100,0",508,502
040310,AREQUIPA,CARAVELÍ,JAQUI,"100,0","100,0",486,442
040311,AREQUIPA,CARAVELÍ,LOMAS,"100,0","86,4",466,447
040312,AREQUIPA,CARAVELÍ,QUICACHA,"100,0","100,0",507,503
040313,AREQUIPA,CARAVELÍ,YAUCA,"100,0","100,0",494,538
040401,AREQUIPA,CASTILLA,APLAO,"100,0","98,9",520,516
040402,AREQUIPA,CASTILLA,ANDAGUA,"100,0","100,0",434,414
040404,AREQUIPA,CASTILLA,CHACHAS,"100,0","100,0",452,456
040405,AREQUIPA,CASTILLA,CHILCAYMARCA,"100,0","100,0",498,531
040407,AREQUIPA,CASTILLA,HUANCARQUI,"100,0","80,0",512,509
040408,AREQUIPA,CASTILLA,MACHAGUAY,"100,0","100,0",486,441
040409,AREQUIPA,CASTILLA,ORCOPAMPA,"100,0","98,5",529,537
040410,AREQUIPA,CASTILLA,PAMPACOLCA,"100,0","87,5",519,528
040413,AREQUIPA,CASTILLA,URACA,"100,0","100,0",517,520
040414,AREQUIPA,CASTILLA,VIRACO,"100,0","100,0",426,403
040501,AREQUIPA,CAYLLOMA,CHIVAY,"100,0","99,3",518,518
040502,AREQUIPA,CAYLLOMA,ACHOMA,"100,0","100,0",511,505
040503,AREQUIPA,CAYLLOMA,CABANACONDE,"100,0","96,2",510,525
040504,AREQUIPA,CAYLLOMA,CALLALLI,"100,0","100,0",483,473
040505,AREQUIPA,CAYLLOMA,CAYLLOMA,"100,0","98,3",483,495
040506,AREQUIPA,CAYLLOMA,COPORAQUE,"100,0","100,0",459,459
040507,AREQUIPA,CAYLLOMA,HUAMBO,"100,0","100,0",559,500
040508,AREQUIPA,CAYLLOMA,HUANCA,"100,0","100,0",534,545
040509,AREQUIPA,CAYLLOMA,ICHUPAMPA,"100,0","100,0",462,465
040510,AREQUIPA,CAYLLOMA,LARI,"100,0","100,0",498,498
040511,AREQUIPA,CAYLLOMA,LLUTA,"100,0","100,0",499,504
040512,AREQUIPA,CAYLLOMA,MACA,"100,0","100,0",579,545
040513,AREQUIPA,CAYLLOMA,MADRIGAL,"100,0","100,0",432,442
040514,AREQUIPA,CAYLLOMA,SAN ANTONIO DE CHUCA,"100,0","90,9",431,467
040515,AREQUIPA,CAYLLOMA,SIBAYO,"100,0","100,0",503,500
040517,AREQUIPA,CAYLLOMA,TISCO,"100,0","100,0",487,497
040518,AREQUIPA,CAYLLOMA,TUTI,"100,0","100,0",446,586
040519,AREQUIPA,CAYLLOMA,YANQUE,"100,0","100,0",492,542
040520,AREQUIPA,CAYLLOMA,MAJES,"100,0","98,2",494,500
040601,AREQUIPA,CONDESUYOS,CHUQUIBAMBA,"100,0","100,0",515,548
040602,AREQUIPA,CONDESUYOS,ANDARAY,"100,0","100,0",472,483
040603,AREQUIPA,CONDESUYOS,CAYARANI,"100,0","100,0",434,454
040604,AREQUIPA,CONDESUYOS,CHICHAS,"100,0","100,0",498,523
040606,AREQUIPA,CONDESUYOS,RIO GRANDE,"100,0","98,9",524,574
040608,AREQUIPA,CONDESUYOS,YANAQUIHUA,"100,0","95,9",527,545
040701,AREQUIPA,ISLAY,MOLLENDO,"100,0","98,0",512,518
040702,AREQUIPA,ISLAY,COCACHACRA,"100,0","100,0",514,530
040703,AREQUIPA,ISLAY,DEAN VALDIVIA,"100,0","100,0",511,548
040704,AREQUIPA,ISLAY,ISLAY,"100,0","98,7",513,509
040705,AREQUIPA,ISLAY,MEJIA,"100,0","100,0",528,559
040706,AREQUIPA,ISLAY,PUNTA DE BOMBON,"100,0","97,8",491,495
040801,AREQUIPA,LA UNIÓN,COTAHUASI,"100,0","100,0",474,473
040802,AREQUIPA,LA UNIÓN,ALCA,"100,0","97,4",428,455
040803,AREQUIPA,LA UNIÓN,CHARCANA,"100,0","100,0",492,472
040804,AREQUIPA,LA UNIÓN,HUAYNACOTAS,"100,0","96,7",460,473
040805,AREQUIPA,LA UNIÓN,PAMPAMARCA,"100,0","100,0",303,342
040806,AREQUIPA,LA UNIÓN,PUYCA,"100,0","96,9",437,449
040808,AREQUIPA,LA UNIÓN,SAYLA,"100,0","83,3",474,406
040810,AREQUIPA,LA UNIÓN,TOMEPAMPA,"100,0","90,9",516,529
050101,AYACUCHO,HUAMANGA,AYACUCHO,"100,0","99,2",539,526
050102,AYACUCHO,HUAMANGA,ACOCRO,"100,0","100,0",411,401
050103,AYACUCHO,HUAMANGA,ACOS VINCHOS,"100,0","100,0",431,446
050104,AYACUCHO,HUAMANGA,CARMEN ALTO,"100,0","97,8",511,498
050105,AYACUCHO,HUAMANGA,CHIARA,"100,0","98,6",434,447
050106,AYACUCHO,HUAMANGA,OCROS,"100,0","100,0",445,450
050107,AYACUCHO,HUAMANGA,PACAYCASA,"100,0","97,7",467,484
050108,AYACUCHO,HUAMANGA,QUINUA,"100,0","100,0",468,456
050109,AYACUCHO,HUAMANGA,SAN JOSE DE TICLLAS,"100,0","100,0",443,444
050110,AYACUCHO,HUAMANGA,SAN JUAN BAUTISTA,"100,0","98,2",511,511
050111,AYACUCHO,HUAMANGA,SANTIAGO DE PISCHA,"100,0","100,0",401,422
050112,AYACUCHO,HUAMANGA,SOCOS,"100,0","97,6",401,414
050113,AYACUCHO,HUAMANGA,TAMBILLO,"100,0","100,0",414,423
050114,AYACUCHO,HUAMANGA,VINCHOS,"100,0","100,0",453,449
050115,AYACUCHO,HUAMANGA,JESUS NAZARENO,"100,0","99,1",516,521
050116,AYACUCHO,HUAMANGA,ANDRES AVELINO CACERES DORREGARAY,"100,0","99,7",516,504
050201,AYACUCHO,CANGALLO,CANGALLO,"100,0","100,0",476,477
050202,AYACUCHO,CANGALLO,CHUSCHI,"100,0","100,0",366,423
050203,AYACUCHO,CANGALLO,LOS MOROCHUCOS,"100,0","100,0",434,463
050204,AYACUCHO,CANGALLO,MARIA PARADO DE BELLIDO,"100,0","100,0",387,450
050205,AYACUCHO,CANGALLO,PARAS,"100,0","97,5",382,408
050206,AYACUCHO,CANGALLO,TOTOS,"100,0","97,8",417,411
050301,AYACUCHO,HUANCA SANCOS,SANCOS,"100,0","96,8",522,538
050302,AYACUCHO,HUANCA SANCOS,CARAPO,"100,0","97,1",459,460
050303,AYACUCHO,HUANCA SANCOS,SACSAMARCA,"100,0","95,7",412,404
050304,AYACUCHO,HUANCA SANCOS,SANTIAGO DE LUCANAMARCA,"100,0","96,3",488,495
050401,AYACUCHO,HUANTA,HUANTA,"100,0","99,2",490,508
050402,AYACUCHO,HUANTA,AYAHUANCO,"100,0","100,0",390,414
050403,AYACUCHO,HUANTA,HUAMANGUILLA,"100,0","100,0",461,468
050404,AYACUCHO,HUANTA,IGUAIN,"100,0","100,0",404,422
050405,AYACUCHO,HUANTA,LURICOCHA,"100,0","100,0",440,444
050406,AYACUCHO,HUANTA,SANTILLANA,"100,0","95,8",429,445
050407,AYACUCHO,HUANTA,SIVIA,"100,0","99,3",434,450
050408,AYACUCHO,HUANTA,LLOCHEGUA,"100,0","98,3",428,450
050409,AYACUCHO,HUANTA,CANAYRE,"100,0","96,4",423,427
050410,AYACUCHO,HUANTA,UCHURACCAY,"100,0","100,0",358,387
050411,AYACUCHO,HUANTA,PUCACOLPA,"100,0","97,4",343,357
050412,AYACUCHO,HUANTA,CHACA,"100,0","94,7",372,429
050501,AYACUCHO,LA MAR,SAN MIGUEL,"100,0","100,0",507,535
050502,AYACUCHO,LA MAR,ANCO,"100,0","98,0",424,442
050503,AYACUCHO,LA MAR,AYNA,"100,0","97,5",464,457
050505,AYACUCHO,LA MAR,CHUNGUI,"100,0","98,0",448,443
050506,AYACUCHO,LA MAR,LUIS CARRANZA,"100,0","91,7",442,483
050507,AYACUCHO,LA MAR,SANTA ROSA,"100,0","99,1",436,441
050508,AYACUCHO,LA MAR,TAMBO,"100,0","99,2",467,469
050509,AYACUCHO,LA MAR,SAMUGARI,"100,0","99,4",507,523
050510,AYACUCHO,LA MAR,ANCHIHUAY,"100,0","100,0",420,439
050511,AYACUCHO,LA MAR,ORONCCOY,"100,0","100,0",395,325
050601,AYACUCHO,LUCANAS,PUQUIO,"100,0","99,3",499,506
050602,AYACUCHO,LUCANAS,AUCARA,"100,0","100,0",501,512
050603,AYACUCHO,LUCANAS,CABANA,"100,0","100,0",514,520
050604,AYACUCHO,LUCANAS,CARMEN SALCEDO,"100,0","100,0",501,485
050605,AYACUCHO,LUCANAS,CHAVIÑA,"100,0","93,9",454,487
050606,AYACUCHO,LUCANAS,CHIPAO,"100,0","100,0",454,487
050607,AYACUCHO,LUCANAS,HUAC-HUAS,"100,0","100,0",504,523
050608,AYACUCHO,LUCANAS,LARAMATE,"100,0","100,0",483,505
050609,AYACUCHO,LUCANAS,LEONCIO PRADO,"100,0","100,0",451,455
050610,AYACUCHO,LUCANAS,LLAUTA,"100,0","100,0",425,394
050611,AYACUCHO,LUCANAS,LUCANAS,"100,0","100,0",500,498
050612,AYACUCHO,LUCANAS,OCAÑA,"100,0","100,0",451,465
050613,AYACUCHO,LUCANAS,OTOCA,"100,0","100,0",536,570
050615,AYACUCHO,LUCANAS,SAN CRISTOBAL,"100,0","100,0",455,457
050616,AYACUCHO,LUCANAS,SAN JUAN,"100,0","100,0",454,420
050617,AYACUCHO,LUCANAS,SAN PEDRO,"100,0","100,0",411,428
050618,AYACUCHO,LUCANAS,SAN PEDRO DE PALCO,"100,0","100,0",460,481
050619,AYACUCHO,LUCANAS,SANCOS,"100,0","100,0",489,516
050620,AYACUCHO,LUCANAS,SANTA ANA DE HUAYCAHUACHO,"100,0","100,0",524,495
050621,AYACUCHO,LUCANAS,SANTA LUCIA,"100,0","100,0",504,516
050701,AYACUCHO,PARINACOCHAS,CORACORA,"100,0","97,4",488,478
050702,AYACUCHO,PARINACOCHAS,CHUMPI,"100,0","100,0",440,435
050703,AYACUCHO,PARINACOCHAS,CORONEL CASTAÑEDA,"100,0","100,0",475,520
050704,AYACUCHO,PARINACOCHAS,PACAPAUSA,"100,0","100,0",482,503
050705,AYACUCHO,PARINACOCHAS,PULLO,"100,0","96,8",485,488
050706,AYACUCHO,PARINACOCHAS,PUYUSCA,"100,0","96,7",524,522
050707,AYACUCHO,PARINACOCHAS,SAN FRANCISCO DE RAVACAYCO,"100,0","100,0",450,461
050708,AYACUCHO,PARINACOCHAS,UPAHUACHO,"100,0","100,0",465,410
050801,AYACUCHO,PÁUCAR DEL SARA SARA,PAUSA,"100,0","100,0",504,481
050803,AYACUCHO,PÁUCAR DEL SARA SARA,CORCULLA,"100,0","100,0",516,472
050804,AYACUCHO,PÁUCAR DEL SARA SARA,LAMPA,"100,0","100,0",550,519
050805,AYACUCHO,PÁUCAR DEL SARA SARA,MARCABAMBA,"100,0","100,0",487,528
050806,AYACUCHO,PÁUCAR DEL SARA SARA,OYOLO,"100,0","97,3",426,433
050809,AYACUCHO,PÁUCAR DEL SARA SARA,SAN JOSE DE USHUA,"100,0","100,0",478,468
050810,AYACUCHO,PÁUCAR DEL SARA SARA,SARA SARA,"100,0","100,0",502,453
050901,AYACUCHO,SUCRE,QUEROBAMBA,"100,0","100,0",483,479
050903,AYACUCHO,SUCRE,CHALCOS,"100,0","100,0",449,434
050904,AYACUCHO,SUCRE,CHILCAYOC,"100,0","100,0",531,528
050906,AYACUCHO,SUCRE,MORCOLLA,"100,0","100,0",443,421
050907,AYACUCHO,SUCRE,PAICO,"100,0","100,0",445,454
050908,AYACUCHO,SUCRE,SAN PEDRO DE LARCAY,"100,0","95,7",443,448
050909,AYACUCHO,SUCRE,SAN SALVADOR DE QUIJE,"100,0","100,0",405,430
050911,AYACUCHO,SUCRE,SORAS,"100,0","100,0",501,490
051001,AYACUCHO,VÍCTOR FAJARDO,HUANCAPI,"100,0","100,0",502,545
051002,AYACUCHO,VÍCTOR FAJARDO,ALCAMENCA,"100,0","85,7",388,413
051003,AYACUCHO,VÍCTOR FAJARDO,APONGO,"100,0","100,0",427,425
051005,AYACUCHO,VÍCTOR FAJARDO,CANARIA,"100,0","97,6",463,450
051006,AYACUCHO,VÍCTOR FAJARDO,CAYARA,"100,0","92,9",432,428
051007,AYACUCHO,VÍCTOR FAJARDO,COLCA,"100,0","100,0",517,544
051008,AYACUCHO,VÍCTOR FAJARDO,HUAMANQUIQUIA,"100,0","100,0",480,475
051009,AYACUCHO,VÍCTOR FAJARDO,HUANCARAYLLA,"100,0","100,0",454,501
051010,AYACUCHO,VÍCTOR FAJARDO,HUAYA,"100,0","100,0",470,475
051011,AYACUCHO,VÍCTOR FAJARDO,SARHUA,"100,0","96,0",374,415
051012,AYACUCHO,VÍCTOR FAJARDO,VILCANCHOS,"100,0","100,0",366,337
051101,AYACUCHO,VILCASHUAMÁN,VILCAS HUAMAN,"100,0","97,8",447,457
051102,AYACUCHO,VILCASHUAMÁN,ACCOMARCA,"100,0","100,0",403,408
051103,AYACUCHO,VILCASHUAMÁN,CARHUANCA,"100,0","100,0",470,452
051104,AYACUCHO,VILCASHUAMÁN,CONCEPCION,"100,0","96,8",462,500
051105,AYACUCHO,VILCASHUAMÁN,HUAMBALPA,"100,0","94,4",406,429
051106,AYACUCHO,VILCASHUAMÁN,INDEPENDENCIA,"100,0","100,0",467,466
051107,AYACUCHO,VILCASHUAMÁN,SAURAMA,"100,0","90,0",383,362
051108,AYACUCHO,VILCASHUAMÁN,VISCHONGO,"100,0","96,2",469,466
060101,CAJAMARCA,CAJAMARCA,CAJAMARCA,"100,0","98,1",497,496
060102,CAJAMARCA,CAJAMARCA,ASUNCION,"100,0","97,9",432,444
060103,CAJAMARCA,CAJAMARCA,CHETILLA,"100,0","96,1",385,410
060104,CAJAMARCA,CAJAMARCA,COSPAN,"94,1","89,3",390,405
060105,CAJAMARCA,CAJAMARCA,ENCAÑADA,"100,0","95,2",413,429
060106,CAJAMARCA,CAJAMARCA,JESUS,"100,0","98,0",419,429
060107,CAJAMARCA,CAJAMARCA,LLACANORA,"100,0","100,0",452,465
060108,CAJAMARCA,CAJAMARCA,LOS BAÑOS DEL INCA,"100,0","98,2",448,457
060109,CAJAMARCA,CAJAMARCA,MAGDALENA,"100,0","97,8",425,425
060110,CAJAMARCA,CAJAMARCA,MATARA,"100,0","100,0",462,475
060111,CAJAMARCA,CAJAMARCA,NAMORA,"100,0","97,9",399,420
060112,CAJAMARCA,CAJAMARCA,SAN JUAN,"100,0","98,7",391,400
060201,CAJAMARCA,CAJABAMBA,CAJABAMBA,"100,0","99,5",490,495
060202,CAJAMARCA,CAJABAMBA,CACHACHI,"100,0","96,7",403,414
060203,CAJAMARCA,CAJABAMBA,CONDEBAMBA,"100,0","99,1",429,432
060204,CAJAMARCA,CAJABAMBA,SITACOCHA,"100,0","96,6",383,403
060301,CAJAMARCA,CELENDÍN,CELENDIN,"100,0","99,3",498,506
060302,CAJAMARCA,CELENDÍN,CHUMUCH,"100,0","96,9",423,449
060303,CAJAMARCA,CELENDÍN,CORTEGANA,"100,0","97,4",390,400
060304,CAJAMARCA,CELENDÍN,HUASMIN,"100,0","98,1",389,405
060306,CAJAMARCA,CELENDÍN,JOSE GALVEZ,"100,0","90,7",489,516
060307,CAJAMARCA,CELENDÍN,MIGUEL IGLESIAS,"100,0","100,0",396,411
060308,CAJAMARCA,CELENDÍN,OXAMARCA,"100,0","98,5",415,441
060309,CAJAMARCA,CELENDÍN,SOROCHUCO,"100,0","97,6",435,457
060310,CAJAMARCA,CELENDÍN,SUCRE,"100,0","96,8",452,453
060311,CAJAMARCA,CELENDÍN,UTCO,"100,0","100,0",399,376
060312,CAJAMARCA,CELENDÍN,LA LIBERTAD DE PALLAN,"100,0","99,3",411,428
060401,CAJAMARCA,CHOTA,CHOTA,"97,7","91,8",466,483
060402,CAJAMARCA,CHOTA,ANGUIA,"100,0","95,9",419,443
060403,CAJAMARCA,CHOTA,CHADIN,"100,0","96,6",429,438
060404,CAJAMARCA,CHOTA,CHIGUIRIP,"100,0","98,2",456,499
060405,CAJAMARCA,CHOTA,CHIMBAN,"100,0","98,1",443,446
060406,CAJAMARCA,CHOTA,CHOROPAMPA,"100,0","100,0",464,475
060407,CAJAMARCA,CHOTA,COCHABAMBA,"100,0","96,2",459,474
060408,CAJAMARCA,CHOTA,CONCHAN,"100,0","100,0",449,465
060409,CAJAMARCA,CHOTA,HUAMBOS,"100,0","95,7",438,447
060410,CAJAMARCA,CHOTA,LAJAS,"100,0","97,0",454,484
060411,CAJAMARCA,CHOTA,LLAMA,"100,0","97,5",488,486
060412,CAJAMARCA,CHOTA,MIRACOSTA,"100,0","100,0",379,414
060413,CAJAMARCA,CHOTA,PACCHA,"100,0","94,8",453,485
060414,CAJAMARCA,CHOTA,PION,"100,0","92,3",407,420
060415,CAJAMARCA,CHOTA,QUEROCOTO,"100,0","99,5",428,445
060417,CAJAMARCA,CHOTA,TACABAMBA,"95,2","74,3",-,-
060418,CAJAMARCA,CHOTA,TOCMOCHE,"100,0","100,0",417,382
060419,CAJAMARCA,CHOTA,CHALAMARCA,"100,0","97,6",460,482
060501,CAJAMARCA,CONTUMAZÁ,CONTUMAZA,"100,0","100,0",472,490
060502,CAJAMARCA,CONTUMAZÁ,CHILETE,"100,0","100,0",479,495
060503,CAJAMARCA,CONTUMAZÁ,CUPISNIQUE,"100,0","100,0",373,421
060504,CAJAMARCA,CONTUMAZÁ,GUZMANGO,"100,0","100,0",395,433
060505,CAJAMARCA,CONTUMAZÁ,SAN BENITO,"100,0","98,4",441,440
060506,CAJAMARCA,CONTUMAZÁ,SANTA CRUZ DE TOLEDO,"100,0","78,9",-,-
060507,CAJAMARCA,CONTUMAZÁ,TANTARICA,"100,0","97,6",476,457
060508,CAJAMARCA,CONTUMAZÁ,YONAN,"100,0","98,2",472,483
060601,CAJAMARCA,CUTERVO,CUTERVO,"100,0","98,9",461,474
060602,CAJAMARCA,CUTERVO,CALLAYUC,"100,0","97,9",425,439
060603,CAJAMARCA,CUTERVO,CHOROS,"100,0","100,0",476,496
060604,CAJAMARCA,CUTERVO,CUJILLO,"100,0","100,0",479,491
060605,CAJAMARCA,CUTERVO,LA RAMADA,"100,0","98,8",450,455
060606,CAJAMARCA,CUTERVO,PIMPINGOS,"100,0","96,7",516,511
060607,CAJAMARCA,CUTERVO,QUEROCOTILLO,"100,0","96,9",414,427
060608,CAJAMARCA,CUTERVO,SAN ANDRES DE CUTERVO,"100,0","95,7",468,479
060609,CAJAMARCA,CUTERVO,SAN JUAN DE CUTERVO,"100,0","100,0",448,477
060610,CAJAMARCA,CUTERVO,SAN LUIS DE LUCMA,"100,0","100,0",470,488
060611,CAJAMARCA,CUTERVO,SANTA CRUZ,"100,0","94,4",440,421
060612,CAJAMARCA,CUTERVO,SANTO DOMINGO DE LA CAPILLA,"100,0","95,2",437,468
060613,CAJAMARCA,CUTERVO,SANTO TOMAS,"100,0","98,0",459,493
060614,CAJAMARCA,CUTERVO,SOCOTA,"100,0","97,4",465,478
060701,CAJAMARCA,HUALGAYOC,BAMBAMARCA,"100,0","98,1",473,493
060702,CAJAMARCA,HUALGAYOC,CHUGUR,"100,0","96,5",472,484
060703,CAJAMARCA,HUALGAYOC,HUALGAYOC,"100,0","99,6",449,481
060801,CAJAMARCA,JAÉN,JAEN,"100,0","98,2",500,492
060802,CAJAMARCA,JAÉN,BELLAVISTA,"100,0","99,0",466,455
060803,CAJAMARCA,JAÉN,CHONTALI,"100,0","96,5",447,446
060804,CAJAMARCA,JAÉN,COLASAY,"100,0","95,7",439,435
060805,CAJAMARCA,JAÉN,HUABAL,"100,0","100,0",449,446
060806,CAJAMARCA,JAÉN,LAS PIRIAS,"100,0","98,6",439,441
060807,CAJAMARCA,JAÉN,POMAHUACA,"100,0","97,9",418,416
060808,CAJAMARCA,JAÉN,PUCARA,"100,0","96,4",422,418
060809,CAJAMARCA,JAÉN,SALLIQUE,"100,0","98,0",420,425
060810,CAJAMARCA,JAÉN,SAN FELIPE,"100,0","95,5",436,451
060811,CAJAMARCA,JAÉN,SAN JOSE DEL ALTO,"100,0","99,3",434,426
060812,CAJAMARCA,JAÉN,SANTA ROSA,"100,0","96,7",445,443
060901,CAJAMARCA,SAN IGNACIO,SAN IGNACIO,"100,0","97,9",479,468
060902,CAJAMARCA,SAN IGNACIO,CHIRINOS,"100,0","98,3",497,516
060903,CAJAMARCA,SAN IGNACIO,HUARANGO,"100,0","98,3",456,458
060904,CAJAMARCA,SAN IGNACIO,LA COIPA,"100,0","96,4",469,458
060905,CAJAMARCA,SAN IGNACIO,NAMBALLE,"100,0","95,9",441,434
060906,CAJAMARCA,SAN IGNACIO,SAN JOSE DE LOURDES,"100,0","97,2",457,474
060907,CAJAMARCA,SAN IGNACIO,TABACONAS,"100,0","98,5",448,451
061001,CAJAMARCA,SAN MARCOS,PEDRO GALVEZ,"100,0","96,7",462,468
061002,CAJAMARCA,SAN MARCOS,CHANCAY,"100,0","95,9",463,456
061003,CAJAMARCA,SAN MARCOS,EDUARDO VILLANUEVA,"100,0","98,6",412,408
061004,CAJAMARCA,SAN MARCOS,GREGORIO PITA,"100,0","94,4",418,441
061005,CAJAMARCA,SAN MARCOS,ICHOCAN,"100,0","100,0",469,469
061006,CAJAMARCA,SAN MARCOS,JOSE MANUEL QUIROZ,"100,0","100,0",460,482
061007,CAJAMARCA,SAN MARCOS,JOSE SABOGAL,"100,0","96,3",380,393
061101,CAJAMARCA,SAN MIGUEL,SAN MIGUEL,"100,0","97,1",464,477
061102,CAJAMARCA,SAN MIGUEL,BOLIVAR,"100,0","94,4",463,433
061103,CAJAMARCA,SAN MIGUEL,CALQUIS,"100,0","97,7",402,434
061104,CAJAMARCA,SAN MIGUEL,CATILLUC,"100,0","100,0",534,565
061105,CAJAMARCA,SAN MIGUEL,EL PRADO,"100,0","95,0",473,483
061106,CAJAMARCA,SAN MIGUEL,LA FLORIDA,"100,0","96,2",411,411
061107,CAJAMARCA,SAN MIGUEL,LLAPA,"100,0","98,4",494,533
061108,CAJAMARCA,SAN MIGUEL,NANCHOC,"100,0","85,0",448,477
061109,CAJAMARCA,SAN MIGUEL,NIEPOS,"100,0","97,9",464,496
061110,CAJAMARCA,SAN MIGUEL,SAN GREGORIO,"100,0","100,0",549,568
061111,CAJAMARCA,SAN MIGUEL,SAN SILVESTRE DE COCHAN,"100,0","100,0",438,465
061112,CAJAMARCA,SAN MIGUEL,TONGOD,"100,0","86,8",465,486
061113,CAJAMARCA,SAN MIGUEL,UNION AGUA BLANCA,"100,0","100,0",456,489
061201,CAJAMARCA,SAN PABLO,SAN PABLO,"100,0","98,7",435,468
061202,CAJAMARCA,SAN PABLO,SAN BERNARDINO,"100,0","98,2",377,400
061203,CAJAMARCA,SAN PABLO,SAN LUIS,"100,0","96,7",415,422
061204,CAJAMARCA,SAN PABLO,TUMBADEN,"100,0","97,0",400,440
061301,CAJAMARCA,SANTA CRUZ,SANTA CRUZ,"100,0","96,2",448,437
061302,CAJAMARCA,SANTA CRUZ,ANDABAMBA,"100,0","100,0",424,433
061303,CAJAMARCA,SANTA CRUZ,CATACHE,"100,0","96,7",450,457
061304,CAJAMARCA,SANTA CRUZ,CHANCAYBAÑOS,"100,0","100,0",471,510
061305,CAJAMARCA,SANTA CRUZ,LA ESPERANZA,"100,0","88,9",412,452
061306,CAJAMARCA,SANTA CRUZ,NINABAMBA,"100,0","100,0",514,546
061307,CAJAMARCA,SANTA CRUZ,PULAN,"100,0","98,4",443,453
061308,CAJAMARCA,SANTA CRUZ,SAUCEPAMPA,"100,0","100,0",503,547
061309,CAJAMARCA,SANTA CRUZ,SEXI,"100,0","100,0",525,543
061310,CAJAMARCA,SANTA CRUZ,UTICYACU,"100,0","100,0",460,466
061311,CAJAMARCA,SANTA CRUZ,YAUYUCAN,"100,0","97,6",461,497
070101,CALLAO,CALLAO,CALLAO,"100,0","96,4",499,496
070102,CALLAO,CALLAO,BELLAVISTA,"100,0","96,0",515,505
070103,CALLAO,CALLAO,CARMEN DE LA LEGUA REYNOSO,"100,0","98,9",504,495
070104,CALLAO,CALLAO,LA PERLA,"100,0","95,6",507,496
070105,CALLAO,CALLAO,LA PUNTA,"100,0","97,5",519,503
070106,CALLAO,CALLAO,VENTANILLA,"100,0","96,2",514,507
070107,CALLAO,CALLAO,MI PERU,"100,0","96,5",509,499
080101,CUSCO,CUSCO,CUSCO,"100,0","99,5",526,524
080103,CUSCO,CUSCO,POROY,"100,0","100,0",452,453
080104,CUSCO,CUSCO,SAN JERONIMO,"100,0","98,2",508,501
080105,CUSCO,CUSCO,SAN SEBASTIAN,"100,0","98,8",515,515
080106,CUSCO,CUSCO,SANTIAGO,"100,0","97,5",516,513
080107,CUSCO,CUSCO,SAYLLA,"100,0","96,3",449,455
080108,CUSCO,CUSCO,WANCHAQ,"100,0","98,0",529,522
080201,CUSCO,ACOMAYO,ACOMAYO,"100,0","100,0",533,523
080202,CUSCO,ACOMAYO,ACOPIA,"100,0","100,0",435,453
080203,CUSCO,ACOMAYO,ACOS,"100,0","100,0",403,430
080204,CUSCO,ACOMAYO,MOSOC LLACTA,"100,0","100,0",476,505
080205,CUSCO,ACOMAYO,POMACANCHI,"100,0","99,1",456,486
080206,CUSCO,ACOMAYO,RONDOCAN,"100,0","100,0",454,440
080207,CUSCO,ACOMAYO,SANGARARA,"100,0","97,1",414,440
080301,CUSCO,ANTA,ANTA,"100,0","99,5",490,505
080302,CUSCO,ANTA,ANCAHUASI,"100,0","99,0",461,448
080303,CUSCO,ANTA,CACHIMAYO,"100,0","100,0",519,505
080304,CUSCO,ANTA,CHINCHAYPUJIO,"100,0","100,0",398,416
080305,CUSCO,ANTA,HUAROCONDO,"100,0","100,0",422,459
080306,CUSCO,ANTA,LIMATAMBO,"100,0","99,2",473,476
080307,CUSCO,ANTA,MOLLEPATA,"100,0","100,0",483,477
080308,CUSCO,ANTA,PUCYURA,"100,0","96,6",488,493
080309,CUSCO,ANTA,ZURITE,"100,0","100,0",430,440
080401,CUSCO,CALCA,CALCA,"100,0","97,8",502,515
080402,CUSCO,CALCA,COYA,"100,0","100,0",477,494
080403,CUSCO,CALCA,LAMAY,"100,0","98,8",451,500
080404,CUSCO,CALCA,LARES,"100,0","100,0",397,415
080405,CUSCO,CALCA,PISAC,"100,0","96,4",454,463
080406,CUSCO,CALCA,SAN SALVADOR,"100,0","100,0",468,452
080407,CUSCO,CALCA,TARAY,"100,0","97,1",448,454
080408,CUSCO,CALCA,YANATILE,"100,0","98,6",457,462
080501,CUSCO,CANAS,YANAOCA,"100,0","97,3",482,512
080502,CUSCO,CANAS,CHECCA,"100,0","100,0",339,352
080503,CUSCO,CANAS,KUNTURKANKI,"100,0","98,6",441,443
080504,CUSCO,CANAS,LANGUI,"100,0","100,0",410,433
080505,CUSCO,CANAS,LAYO,"100,0","100,0",409,415
080506,CUSCO,CANAS,PAMPAMARCA,"100,0","100,0",451,489
080507,CUSCO,CANAS,QUEHUE,"100,0","100,0",425,454
080508,CUSCO,CANAS,TUPAC AMARU,"100,0","100,0",422,419
080601,CUSCO,CANCHIS,SICUANI,"100,0","99,3",511,528
080602,CUSCO,CANCHIS,CHECACUPE,"100,0","100,0",498,511
080603,CUSCO,CANCHIS,COMBAPATA,"100,0","100,0",463,489
080604,CUSCO,CANCHIS,MARANGANI,"100,0","100,0",455,465
080605,CUSCO,CANCHIS,PITUMARCA,"100,0","100,0",417,437
080606,CUSCO,CANCHIS,SAN PABLO,"100,0","100,0",417,419
080607,CUSCO,CANCHIS,SAN PEDRO,"100,0","100,0",493,526
080608,CUSCO,CANCHIS,TINTA,"100,0","100,0",492,510
080701,CUSCO,CHUMBIVILCAS,SANTO TOMAS,"100,0","99,1",472,472
080702,CUSCO,CHUMBIVILCAS,CAPACMARCA,"100,0","100,0",423,444
080703,CUSCO,CHUMBIVILCAS,CHAMACA,"100,0","100,0",453,464
080704,CUSCO,CHUMBIVILCAS,COLQUEMARCA,"100,0","100,0",422,428
080705,CUSCO,CHUMBIVILCAS,LIVITACA,"100,0","100,0",392,400
080706,CUSCO,CHUMBIVILCAS,LLUSCO,"100,0","100,0",432,460
080707,CUSCO,CHUMBIVILCAS,QUIÑOTA,"100,0","100,0",448,439
080708,CUSCO,CHUMBIVILCAS,VELILLE,"100,0","97,9",451,462
080801,CUSCO,ESPINAR,ESPINAR,"100,0","99,4",502,515
080802,CUSCO,ESPINAR,CONDOROMA,"100,0","100,0",512,497
080803,CUSCO,ESPINAR,COPORAQUE,"100,0","100,0",445,449
080804,CUSCO,ESPINAR,OCORURO,"100,0","100,0",424,408
080805,CUSCO,ESPINAR,PALLPATA,"100,0","100,0",465,480
080806,CUSCO,ESPINAR,PICHIGUA,"100,0","100,0",443,500
080807,CUSCO,ESPINAR,SUYCKUTAMBO,"100,0","100,0",484,479
080808,CUSCO,ESPINAR,ALTO PICHIGUA,"100,0","100,0",449,471
080901,CUSCO,LA CONVENCIÓN,SANTA ANA,"100,0","99,4",497,498
080902,CUSCO,LA CONVENCIÓN,ECHARATE,"96,0","94,7",458,459
080903,CUSCO,LA CONVENCIÓN,HUAYOPATA,"100,0","100,0",476,480
080904,CUSCO,LA CONVENCIÓN,MARANURA,"100,0","98,6",544,528
080905,CUSCO,LA CONVENCIÓN,OCOBAMBA,"100,0","100,0",441,461
080906,CUSCO,LA CONVENCIÓN,QUELLOUNO,"100,0","95,2",448,456
080907,CUSCO,LA CONVENCIÓN,KIMBIRI,"100,0","97,9",444,444
080908,CUSCO,LA CONVENCIÓN,SANTA TERESA,"100,0","98,8",497,490
080909,CUSCO,LA CONVENCIÓN,VILCABAMBA,"100,0","96,7",431,432
080910,CUSCO,LA CONVENCIÓN,PICHARI,"100,0","96,2",441,452
080911,CUSCO,LA CONVENCIÓN,INKAWASI,"100,0","100,0",419,429
080912,CUSCO,LA CONVENCIÓN,VILLA VIRGEN,"100,0","100,0",408,424
080913,CUSCO,LA CONVENCIÓN,VILLA KINTIARINA,"83,3","77,6",-,-
080914,CUSCO,LA CONVENCIÓN,MEGANTONI,"100,0","75,0",-,-
081001,CUSCO,PARURO,PARURO,"100,0","97,6",493,504
081002,CUSCO,PARURO,ACCHA,"100,0","100,0",513,492
081003,CUSCO,PARURO,CCAPI,"100,0","97,7",457,439
081005,CUSCO,PARURO,HUANOQUITE,"100,0","100,0",484,484
081006,CUSCO,PARURO,OMACHA,"100,0","100,0",391,390
081007,CUSCO,PARURO,PACCARITAMBO,"100,0","100,0",541,507
081008,CUSCO,PARURO,PILLPINTO,"100,0","100,0",437,400
081009,CUSCO,PARURO,YAURISQUE,"100,0","100,0",474,478
081101,CUSCO,PAUCARTAMBO,PAUCARTAMBO,"85,7","95,6",-,-
081102,CUSCO,PAUCARTAMBO,CAICAY,"100,0","100,0",419,443
081103,CUSCO,PAUCARTAMBO,CHALLABAMBA,"100,0","98,5",445,485
081104,CUSCO,PAUCARTAMBO,COLQUEPATA,"100,0","100,0",397,417
081105,CUSCO,PAUCARTAMBO,HUANCARANI,"100,0","99,2",418,443
081106,CUSCO,PAUCARTAMBO,KOSÑIPATA,"100,0","97,9",443,442
081201,CUSCO,QUISPICANCHI,URCOS,"100,0","100,0",494,495
081202,CUSCO,QUISPICANCHI,ANDAHUAYLILLAS,"100,0","100,0",498,495
081203,CUSCO,QUISPICANCHI,CAMANTI,"100,0","100,0",445,429
081204,CUSCO,QUISPICANCHI,CCARHUAYO,"100,0","100,0",398,387
081205,CUSCO,QUISPICANCHI,CCATCA,"100,0","100,0",417,424
081206,CUSCO,QUISPICANCHI,CUSIPATA,"100,0","98,0",475,490
081207,CUSCO,QUISPICANCHI,HUARO,"100,0","100,0",428,417
081208,CUSCO,QUISPICANCHI,LUCRE,"100,0","100,0",475,476
081209,CUSCO,QUISPICANCHI,MARCAPATA,"100,0","100,0",405,419
081210,CUSCO,QUISPICANCHI,OCONGATE,"100,0","99,0",461,480
081211,CUSCO,QUISPICANCHI,OROPESA,"100,0","98,0",449,452
081212,CUSCO,QUISPICANCHI,QUIQUIJANA,"100,0","100,0",437,444
081301,CUSCO,URUBAMBA,URUBAMBA,"100,0","98,7",489,483
081302,CUSCO,URUBAMBA,CHINCHERO,"100,0","99,4",482,498
081303,CUSCO,URUBAMBA,HUAYLLABAMBA,"100,0","97,3",482,513
081304,CUSCO,URUBAMBA,MACHUPICCHU,"100,0","100,0",484,474
081305,CUSCO,URUBAMBA,MARAS,"100,0","100,0",475,489
081306,CUSCO,URUBAMBA,OLLANTAYTAMBO,"100,0","99,1",446,458
081307,CUSCO,URUBAMBA,YUCAY,"100,0","98,1",494,482
090101,HUANCAVELICA,HUANCAVELICA,HUANCAVELICA,"100,0","99,2",511,516
090102,HUANCAVELICA,HUANCAVELICA,ACOBAMBILLA,"100,0","95,8",420,456
090103,HUANCAVELICA,HUANCAVELICA,ACORIA,"100,0","98,1",431,448
090104,HUANCAVELICA,HUANCAVELICA,CONAYCA,"100,0","100,0",514,490
090105,HUANCAVELICA,HUANCAVELICA,CUENCA,"100,0","92,9",409,439
090106,HUANCAVELICA,HUANCAVELICA,HUACHOCOLPA,"100,0","100,0",389,422
090107,HUANCAVELICA,HUANCAVELICA,HUAYLLAHUARA,"100,0","100,0",407,484
090108,HUANCAVELICA,HUANCAVELICA,IZCUCHACA,"100,0","100,0",506,531
090109,HUANCAVELICA,HUANCAVELICA,LARIA,"100,0","100,0",540,525
090110,HUANCAVELICA,HUANCAVELICA,MANTA,"100,0","100,0",383,427
090111,HUANCAVELICA,HUANCAVELICA,MARISCAL CACERES,"100,0","100,0",429,450
090112,HUANCAVELICA,HUANCAVELICA,MOYA,"100,0","100,0",539,594
090113,HUANCAVELICA,HUANCAVELICA,NUEVO OCCORO,"100,0","100,0",466,495
090114,HUANCAVELICA,HUANCAVELICA,PALCA,"100,0","100,0",420,433
090115,HUANCAVELICA,HUANCAVELICA,PILCHACA,"100,0","100,0",476,429
090116,HUANCAVELICA,HUANCAVELICA,VILCA,"100,0","100,0",388,427
090117,HUANCAVELICA,HUANCAVELICA,YAULI,"100,0","98,6",400,435
090118,HUANCAVELICA,HUANCAVELICA,ASCENSION,"100,0","96,5",478,500
090119,HUANCAVELICA,HUANCAVELICA,HUANDO,"100,0","98,6",422,431
090201,HUANCAVELICA,ACOBAMBA,ACOBAMBA,"100,0","100,0",516,525
090202,HUANCAVELICA,ACOBAMBA,ANDABAMBA,"100,0","100,0",467,492
090203,HUANCAVELICA,ACOBAMBA,ANTA,"100,0","96,4",404,434
090204,HUANCAVELICA,ACOBAMBA,CAJA,"100,0","100,0",476,513
090205,HUANCAVELICA,ACOBAMBA,MARCAS,"100,0","100,0",499,526
090206,HUANCAVELICA,ACOBAMBA,PAUCARA,"100,0","100,0",466,478
090207,HUANCAVELICA,ACOBAMBA,POMACOCHA,"100,0","100,0",464,448
090208,HUANCAVELICA,ACOBAMBA,ROSARIO,"100,0","96,3",421,438
090301,HUANCAVELICA,ANGARAES,LIRCAY,"100,0","98,8",484,523
090302,HUANCAVELICA,ANGARAES,ANCHONGA,"100,0","100,0",389,413
090303,HUANCAVELICA,ANGARAES,CALLANMARCA,"100,0","100,0",498,483
090304,HUANCAVELICA,ANGARAES,CCOCHACCASA,"100,0","100,0",458,491
090306,HUANCAVELICA,ANGARAES,CONGALLA,"100,0","100,0",450,462
090307,HUANCAVELICA,ANGARAES,HUANCA-HUANCA,"100,0","100,0",403,429
090308,HUANCAVELICA,ANGARAES,HUAYLLAY GRANDE,"100,0","100,0",428,496
090309,HUANCAVELICA,ANGARAES,JULCAMARCA,"100,0","85,7",459,434
090311,HUANCAVELICA,ANGARAES,SANTO TOMAS DE PATA,"100,0","100,0",391,446
090312,HUANCAVELICA,ANGARAES,SECCLLA,"80,0","86,8",-,-
090401,HUANCAVELICA,CASTROVIRREYNA,CASTROVIRREYNA,"100,0","100,0",496,486
090402,HUANCAVELICA,CASTROVIRREYNA,ARMA,"100,0","100,0",559,600
090403,HUANCAVELICA,CASTROVIRREYNA,AURAHUA,"100,0","100,0",423,431
090404,HUANCAVELICA,CASTROVIRREYNA,CAPILLAS,"100,0","100,0",461,487
090406,HUANCAVELICA,CASTROVIRREYNA,COCAS,"100,0","100,0",462,425
090407,HUANCAVELICA,CASTROVIRREYNA,HUACHOS,"100,0","100,0",356,424
090408,HUANCAVELICA,CASTROVIRREYNA,HUAMATAMBO,"100,0","100,0",459,481
090409,HUANCAVELICA,CASTROVIRREYNA,MOLLEPAMPA,"100,0","100,0",455,477
090412,HUANCAVELICA,CASTROVIRREYNA,TANTARA,"100,0","83,3",465,474
090413,HUANCAVELICA,CASTROVIRREYNA,TICRAPO,"100,0","95,8",441,437
090501,HUANCAVELICA,CHURCAMPA,CHURCAMPA,"100,0","99,0",468,496
090502,HUANCAVELICA,CHURCAMPA,ANCO,"100,0","100,0",400,420
090503,HUANCAVELICA,CHURCAMPA,CHINCHIHUASI,"100,0","100,0",456,486
090504,HUANCAVELICA,CHURCAMPA,EL CARMEN,"100,0","100,0",415,427
090506,HUANCAVELICA,CHURCAMPA,LOCROJA,"100,0","100,0",390,386
090507,HUANCAVELICA,CHURCAMPA,PAUCARBAMBA,"100,0","98,7",494,528
090508,HUANCAVELICA,CHURCAMPA,SAN MIGUEL DE MAYOCC,"100,0","100,0",491,454
090509,HUANCAVELICA,CHURCAMPA,SAN PEDRO DE CORIS,"100,0","97,4",480,489
090510,HUANCAVELICA,CHURCAMPA,PACHAMARCA,"100,0","100,0",474,499
090511,HUANCAVELICA,CHURCAMPA,COSME,"100,0","100,0",489,491
090601,HUANCAVELICA,HUAYTARÁ,HUAYTARA,"100,0","100,0",541,526
090603,HUANCAVELICA,HUAYTARÁ,CORDOVA,"100,0","100,0",434,450
090605,HUANCAVELICA,HUAYTARÁ,LARAMARCA,"100,0","100,0",379,397
090606,HUANCAVELICA,HUAYTARÁ,OCOYO,"100,0","100,0",452,455
090607,HUANCAVELICA,HUAYTARÁ,PILPICHACA,"100,0","96,4",416,420
090608,HUANCAVELICA,HUAYTARÁ,QUERCO,"100,0","100,0",519,535
090610,HUANCAVELICA,HUAYTARÁ,SAN ANTONIO DE CUSICANCHA,"100,0","100,0",443,464
090611,HUANCAVELICA,HUAYTARÁ,SAN FRANCISCO DE SANGAYAICO,"100,0","100,0",388,387
090612,HUANCAVELICA,HUAYTARÁ,SAN ISIDRO,"100,0","100,0",457,466
090613,HUANCAVELICA,HUAYTARÁ,SANTIAGO DE CHOCORVOS,"100,0","100,0",390,390
090615,HUANCAVELICA,HUAYTARÁ,SANTO DOMINGO DE CAPILLAS,"100,0","100,0",449,455
090701,HUANCAVELICA,TAYACAJA,PAMPAS,"100,0","98,8",520,538
090702,HUANCAVELICA,TAYACAJA,ACOSTAMBO,"100,0","100,0",537,572
090703,HUANCAVELICA,TAYACAJA,ACRAQUIA,"100,0","100,0",494,561
090704,HUANCAVELICA,TAYACAJA,AHUAYCHA,"100,0","100,0",424,458
090705,HUANCAVELICA,TAYACAJA,COLCABAMBA,"100,0","97,3",432,452
090706,HUANCAVELICA,TAYACAJA,DANIEL HERNANDEZ,"100,0","96,7",482,510
090707,HUANCAVELICA,TAYACAJA,HUACHOCOLPA,"100,0","96,2",420,439
090709,HUANCAVELICA,TAYACAJA,HUARIBAMBA,"100,0","100,0",418,456
090710,HUANCAVELICA,TAYACAJA,ÑAHUIMPUQUIO,"100,0","96,7",508,545
090711,HUANCAVELICA,TAYACAJA,PAZOS,"100,0","98,6",465,491
090713,HUANCAVELICA,TAYACAJA,QUISHUAR,"100,0","100,0",456,471
090714,HUANCAVELICA,TAYACAJA,SALCABAMBA,"100,0","98,0",465,486
090715,HUANCAVELICA,TAYACAJA,SALCAHUASI,"100,0","100,0",492,516
090716,HUANCAVELICA,TAYACAJA,SAN MARCOS DE ROCCHAC,"100,0","100,0",463,480
090717,HUANCAVELICA,TAYACAJA,SURCUBAMBA,"100,0","100,0",392,442
090718,HUANCAVELICA,TAYACAJA,TINTAY PUNCU,"100,0","98,1",426,436
090719,HUANCAVELICA,TAYACAJA,QUICHUAS,"100,0","98,2",427,436
090720,HUANCAVELICA,TAYACAJA,ANDAYMARCA,"100,0","95,5",398,404
090722,HUANCAVELICA,TAYACAJA,PICHOS,"100,0","100,0",397,408
090723,HUANCAVELICA,TAYACAJA,SANTIAGO DE TUCUMA,"100,0","100,0",437,441
100101,HUÁNUCO,HUÁNUCO,HUANUCO,"100,0","98,3",490,480
100102,HUÁNUCO,HUÁNUCO,AMARILIS,"100,0","95,7",479,472
100103,HUÁNUCO,HUÁNUCO,CHINCHAO,"100,0","97,2",434,437
100104,HUÁNUCO,HUÁNUCO,CHURUBAMBA,"96,9","95,7",359,377
100105,HUÁNUCO,HUÁNUCO,MARGOS,"100,0","97,6",366,375
100106,HUÁNUCO,HUÁNUCO,QUISQUI (KICHKI),"100,0","100,0",366,373
100107,HUÁNUCO,HUÁNUCO,SAN FRANCISCO DE CAYRAN,"100,0","98,7",487,493
100108,HUÁNUCO,HUÁNUCO,SAN PEDRO DE CHAULAN,"100,0","97,9",384,396
100109,HUÁNUCO,HUÁNUCO,SANTA MARIA DEL VALLE,"100,0","97,6",402,417
100110,HUÁNUCO,HUÁNUCO,YARUMAYO,"100,0","96,7",400,405
100111,HUÁNUCO,HUÁNUCO,PILLCO MARCA,"100,0","99,3",478,472
100112,HUÁNUCO,HUÁNUCO,YACUS,"100,0","100,0",380,400
100113,HUÁNUCO,HUÁNUCO,SAN PABLO DE PILLAO,"100,0","95,4",402,409
100201,HUÁNUCO,AMBO,AMBO,"100,0","98,0",464,474
100202,HUÁNUCO,AMBO,CAYNA,"100,0","100,0",408,375
100203,HUÁNUCO,AMBO,COLPAS,"100,0","94,1",389,466
100204,HUÁNUCO,AMBO,CONCHAMARCA,"100,0","100,0",432,444
100205,HUÁNUCO,AMBO,HUACAR,"100,0","98,8",467,475
100206,HUÁNUCO,AMBO,SAN FRANCISCO,"100,0","100,0",417,390
100207,HUÁNUCO,AMBO,SAN RAFAEL,"100,0","98,6",420,432
100208,HUÁNUCO,AMBO,TOMAY KICHWA,"100,0","98,8",483,477
100301,HUÁNUCO,DOS DE MAYO,LA UNION,"100,0","92,6",441,439
100307,HUÁNUCO,DOS DE MAYO,CHUQUIS,"100,0","93,9",345,371
100311,HUÁNUCO,DOS DE MAYO,MARIAS,"100,0","96,8",382,392
100313,HUÁNUCO,DOS DE MAYO,PACHAS,"100,0","92,3",425,416
100316,HUÁNUCO,DOS DE MAYO,QUIVILLA,"100,0","100,0",383,408
100317,HUÁNUCO,DOS DE MAYO,RIPAN,"100,0","93,8",393,403
100321,HUÁNUCO,DOS DE MAYO,SHUNQUI,"100,0","97,4",376,389
100322,HUÁNUCO,DOS DE MAYO,SILLAPATA,"100,0","100,0",452,466
100323,HUÁNUCO,DOS DE MAYO,YANAS,"100,0","97,2",387,389
100401,HUÁNUCO,HUACAYBAMBA,HUACAYBAMBA,"100,0","100,0",443,436
100402,HUÁNUCO,HUACAYBAMBA,CANCHABAMBA,"100,0","98,2",377,377
100403,HUÁNUCO,HUACAYBAMBA,COCHABAMBA,"100,0","100,0",374,371
100404,HUÁNUCO,HUACAYBAMBA,PINRA,"100,0","98,3",406,402
100501,HUÁNUCO,HUAMALÍES,LLATA,"100,0","98,4",424,429
100502,HUÁNUCO,HUAMALÍES,ARANCAY,"100,0","100,0",403,424
100503,HUÁNUCO,HUAMALÍES,CHAVIN DE PARIARCA,"100,0","98,7",430,409
100504,HUÁNUCO,HUAMALÍES,JACAS GRANDE,"100,0","99,2",408,432
100505,HUÁNUCO,HUAMALÍES,JIRCAN,"100,0","100,0",439,420
100506,HUÁNUCO,HUAMALÍES,MIRAFLORES,"100,0","100,0",384,402
100507,HUÁNUCO,HUAMALÍES,MONZON,"100,0","99,7",464,482
100508,HUÁNUCO,HUAMALÍES,PUNCHAO,"100,0","97,6",409,429
100509,HUÁNUCO,HUAMALÍES,PUÑOS,"100,0","100,0",371,377
100510,HUÁNUCO,HUAMALÍES,SINGA,"100,0","97,7",407,399
100511,HUÁNUCO,HUAMALÍES,TANTAMAYO,"100,0","100,0",421,429
100601,HUÁNUCO,LEONCIO PRADO,RUPA-RUPA,"100,0","98,6",477,480
100602,HUÁNUCO,LEONCIO PRADO,DANIEL ALOMIA ROBLES,"100,0","97,6",415,429
100603,HUÁNUCO,LEONCIO PRADO,HERMILIO VALDIZAN,"100,0","100,0",453,484
100604,HUÁNUCO,LEONCIO PRADO,JOSE CRESPO Y CASTILLO,"100,0","98,9",454,445
100605,HUÁNUCO,LEONCIO PRADO,LUYANDO,"100,0","98,3",448,445
100606,HUÁNUCO,LEONCIO PRADO,MARIANO DAMASO BERAUN,"100,0","94,2",427,428
100607,HUÁNUCO,LEONCIO PRADO,PUCAYACU,"100,0","97,9",446,449
100608,HUÁNUCO,LEONCIO PRADO,CASTILLO GRANDE,"100,0","95,7",466,469
100609,HUÁNUCO,LEONCIO PRADO,PUEBLO NUEVO,"100,0","98,2",452,470
100610,HUÁNUCO,LEONCIO PRADO,SANTO DOMINGO DE ANDA,"100,0","100,0",433,428
100701,HUÁNUCO,MARAÑÓN,HUACRACHUCO,"100,0","97,7",397,397
100702,HUÁNUCO,MARAÑÓN,CHOLON,"100,0","99,3",410,403
100703,HUÁNUCO,MARAÑÓN,SAN BUENAVENTURA,"100,0","100,0",343,353
100704,HUÁNUCO,MARAÑÓN,LA MORADA,"100,0","98,4",440,441
100705,HUÁNUCO,MARAÑÓN,SANTA ROSA DE ALTO YANAJANCA,"100,0","91,3",410,412
100801,HUÁNUCO,PACHITEA,PANAO,"100,0","98,2",422,438
100802,HUÁNUCO,PACHITEA,CHAGLLA,"100,0","96,8",443,475
100803,HUÁNUCO,PACHITEA,MOLINO,"100,0","95,8",410,438
100804,HUÁNUCO,PACHITEA,UMARI,"100,0","97,4",398,414
100901,HUÁNUCO,PUERTO INCA,PUERTO INCA,"100,0","93,1",418,414
100902,HUÁNUCO,PUERTO INCA,CODO DEL POZUZO,"88,9","95,0",-,-
100903,HUÁNUCO,PUERTO INCA,HONORIA,"100,0","92,6",388,381
100904,HUÁNUCO,PUERTO INCA,TOURNAVISTA,"100,0","95,5",422,415
100905,HUÁNUCO,PUERTO INCA,YUYAPICHIS,"100,0","96,7",424,415
101001,HUÁNUCO,LAURICOCHA,JESUS,"100,0","98,6",423,426
101002,HUÁNUCO,LAURICOCHA,BAÑOS,"100,0","96,2",433,422
101003,HUÁNUCO,LAURICOCHA,JIVIA,"100,0","100,0",517,494
101004,HUÁNUCO,LAURICOCHA,QUEROPALCA,"100,0","100,0",476,508
101005,HUÁNUCO,LAURICOCHA,RONDOS,"100,0","98,5",428,448
101006,HUÁNUCO,LAURICOCHA,SAN FRANCISCO DE ASIS,"100,0","100,0",476,552
101007,HUÁNUCO,LAURICOCHA,SAN MIGUEL DE CAURI,"100,0","99,0",425,454
101101,HUÁNUCO,YAROWILCA,CHAVINILLO,"100,0","96,3",404,420
101102,HUÁNUCO,YAROWILCA,CAHUAC,"100,0","85,7",434,419
101103,HUÁNUCO,YAROWILCA,CHACABAMBA,"100,0","100,0",467,456
101104,HUÁNUCO,YAROWILCA,APARICIO POMARES,"100,0","96,4",416,432
101105,HUÁNUCO,YAROWILCA,JACAS CHICO,"100,0","100,0",388,374
101106,HUÁNUCO,YAROWILCA,OBAS,"100,0","100,0",422,430
101107,HUÁNUCO,YAROWILCA,PAMPAMARCA,"100,0","100,0",416,476
101108,HUÁNUCO,YAROWILCA,CHORAS,"100,0","97,1",360,386
110101,ICA,ICA,ICA,"100,0","98,4",513,506
110102,ICA,ICA,LA TINGUIÑA,"100,0","97,2",495,492
110103,ICA,ICA,LOS AQUIJES,"100,0","99,4",480,492
110104,ICA,ICA,OCUCAJE,"100,0","98,1",490,485
110105,ICA,ICA,PACHACUTEC,"100,0","98,8",451,459
110106,ICA,ICA,PARCONA,"100,0","98,3",495,491
110107,ICA,ICA,PUEBLO NUEVO,"100,0","100,0",505,504
110108,ICA,ICA,SALAS,"100,0","97,0",476,474
110109,ICA,ICA,SAN JOSE DE LOS MOLINOS,"100,0","96,4",481,467
110110,ICA,ICA,SAN JUAN BAUTISTA,"100,0","96,0",484,479
110111,ICA,ICA,SANTIAGO,"100,0","96,0",477,486
110112,ICA,ICA,SUBTANJALLA,"100,0","96,6",484,486
110113,ICA,ICA,TATE,"100,0","95,1",479,492
110114,ICA,ICA,YAUCA DEL ROSARIO,"100,0","100,0",396,411
110201,ICA,CHINCHA,CHINCHA ALTA,"100,0","97,9",484,484
110202,ICA,CHINCHA,ALTO LARAN,"100,0","96,3",470,467
110204,ICA,CHINCHA,CHINCHA BAJA,"100,0","99,0",453,460
110205,ICA,CHINCHA,EL CARMEN,"100,0","95,8",434,429
110206,ICA,CHINCHA,GROCIO PRADO,"100,0","95,8",486,494
110207,ICA,CHINCHA,PUEBLO NUEVO,"100,0","98,0",471,474
110209,ICA,CHINCHA,SAN PEDRO DE HUACARPANA,"100,0","100,0",308,328
110210,ICA,CHINCHA,SUNAMPE,"100,0","94,0",468,474
110211,ICA,CHINCHA,TAMBO DE MORA,"100,0","97,9",439,450
110301,ICA,NAZCA,NASCA,"100,0","99,0",518,531
110302,ICA,NAZCA,CHANGUILLO,"100,0","100,0",435,446
110303,ICA,NAZCA,EL INGENIO,"100,0","98,0",496,483
110304,ICA,NAZCA,MARCONA,"100,0","99,2",524,527
110305,ICA,NAZCA,VISTA ALEGRE,"100,0","99,0",495,500
110401,ICA,PALPA,PALPA,"100,0","98,3",465,475
110402,ICA,PALPA,LLIPATA,"100,0","100,0",471,481
110403,ICA,PALPA,RIO GRANDE,"100,0","100,0",501,498
110404,ICA,PALPA,SANTA CRUZ,"100,0","100,0",497,543
110501,ICA,PISCO,PISCO,"100,0","97,8",506,505
110502,ICA,PISCO,HUANCANO,"100,0","100,0",463,440
110503,ICA,PISCO,HUMAY,"100,0","99,1",491,526
110504,ICA,PISCO,INDEPENDENCIA,"100,0","99,4",486,482
110505,ICA,PISCO,PARACAS,"100,0","98,7",463,462
110506,ICA,PISCO,SAN ANDRES,"100,0","98,0",497,492
110507,ICA,PISCO,SAN CLEMENTE,"100,0","98,3",474,479
110508,ICA,PISCO,TUPAC AMARU INCA,"100,0","98,4",474,476
120101,JUNÍN,HUANCAYO,HUANCAYO,"100,0","97,4",536,539
120105,JUNÍN,HUANCAYO,CHACAPAMPA,"100,0","100,0",430,420
120106,JUNÍN,HUANCAYO,CHICCHE,"100,0","100,0",495,546
120107,JUNÍN,HUANCAYO,CHILCA,"100,0","97,7",500,509
120108,JUNÍN,HUANCAYO,CHONGOS ALTO,"100,0","100,0",582,615
120111,JUNÍN,HUANCAYO,CHUPURO,"100,0","100,0",498,494
120112,JUNÍN,HUANCAYO,COLCA,"100,0","100,0",531,502
120113,JUNÍN,HUANCAYO,CULLHUAS,"100,0","83,3",421,443
120114,JUNÍN,HUANCAYO,EL TAMBO,"100,0","98,1",521,528
120116,JUNÍN,HUANCAYO,HUACRAPUQUIO,"100,0","100,0",456,458
120117,JUNÍN,HUANCAYO,HUALHUAS,"100,0","95,2",519,540
120119,JUNÍN,HUANCAYO,HUANCAN,"100,0","98,7",473,484
120120,JUNÍN,HUANCAYO,HUASICANCHA,"100,0","100,0",468,512
120121,JUNÍN,HUANCAYO,HUAYUCACHI,"100,0","97,4",497,500
120122,JUNÍN,HUANCAYO,INGENIO,"100,0","96,0",476,451
120124,JUNÍN,HUANCAYO,PARIAHUANCA,"100,0","97,4",427,446
120125,JUNÍN,HUANCAYO,PILCOMAYO,"100,0","98,4",498,511
120126,JUNÍN,HUANCAYO,PUCARA,"100,0","97,1",471,476
120127,JUNÍN,HUANCAYO,QUICHUAY,"100,0","100,0",466,473
120128,JUNÍN,HUANCAYO,QUILCAS,"100,0","100,0",487,503
120129,JUNÍN,HUANCAYO,SAN AGUSTIN,"100,0","95,9",469,490
120130,JUNÍN,HUANCAYO,SAN JERONIMO DE TUNAN,"100,0","99,3",489,502
120132,JUNÍN,HUANCAYO,SAÑO,"100,0","96,7",517,527
120133,JUNÍN,HUANCAYO,SAPALLANGA,"100,0","99,0",466,482
120134,JUNÍN,HUANCAYO,SICAYA,"100,0","98,3",493,504
120135,JUNÍN,HUANCAYO,SANTO DOMINGO DE ACOBAMBA,"100,0","95,8",411,405
120136,JUNÍN,HUANCAYO,VIQUES,"100,0","91,3",506,502
120201,JUNÍN,CONCEPCIÓN,CONCEPCION,"100,0","98,0",498,501
120202,JUNÍN,CONCEPCIÓN,ACO,"100,0","92,0",443,466
120203,JUNÍN,CONCEPCIÓN,ANDAMARCA,"100,0","99,1",380,381
120204,JUNÍN,CONCEPCIÓN,CHAMBARA,"100,0","97,0",424,438
120205,JUNÍN,CONCEPCIÓN,COCHAS,"100,0","97,0",384,385
120206,JUNÍN,CONCEPCIÓN,COMAS,"100,0","98,8",418,432
120207,JUNÍN,CONCEPCIÓN,HEROINAS TOLEDO,"100,0","100,0",358,380
120208,JUNÍN,CONCEPCIÓN,MANZANARES,"100,0","100,0",423,453
120209,JUNÍN,CONCEPCIÓN,MARISCAL CASTILLA,"100,0","96,3",411,392
120210,JUNÍN,CONCEPCIÓN,MATAHUASI,"100,0","100,0",495,498
120211,JUNÍN,CONCEPCIÓN,MITO,"100,0","100,0",469,476
120212,JUNÍN,CONCEPCIÓN,NUEVE DE JULIO,"100,0","93,3",493,482
120213,JUNÍN,CONCEPCIÓN,ORCOTUNA,"100,0","94,2",458,453
120214,JUNÍN,CONCEPCIÓN,SAN JOSE DE QUERO,"100,0","98,9",443,456
120215,JUNÍN,CONCEPCIÓN,SANTA ROSA DE OCOPA,"100,0","97,3",463,459
120301,JUNÍN,CHANCHAMAYO,CHANCHAMAYO,"100,0","98,5",496,505
120302,JUNÍN,CHANCHAMAYO,PERENE,"100,0","96,8",461,466
120303,JUNÍN,CHANCHAMAYO,PICHANAQUI,"100,0","96,1",462,482
120304,JUNÍN,CHANCHAMAYO,SAN LUIS DE SHUARO,"100,0","95,8",443,453
120305,JUNÍN,CHANCHAMAYO,SAN RAMON,"100,0","97,1",481,484
120306,JUNÍN,CHANCHAMAYO,VITOC,"100,0","100,0",439,450
120401,JUNÍN,JAUJA,JAUJA,"100,0","98,8",515,526
120402,JUNÍN,JAUJA,ACOLLA,"100,0","100,0",445,461
120403,JUNÍN,JAUJA,APATA,"100,0","100,0",473,483
120404,JUNÍN,JAUJA,ATAURA,"100,0","95,0",483,478
120405,JUNÍN,JAUJA,CANCHAYLLO,"100,0","100,0",480,513
120406,JUNÍN,JAUJA,CURICACA,"100,0","100,0",404,411
120407,JUNÍN,JAUJA,EL MANTARO,"100,0","100,0",536,539
120408,JUNÍN,JAUJA,HUAMALI,"100,0","100,0",479,484
120409,JUNÍN,JAUJA,HUARIPAMPA,"100,0","100,0",464,455
120410,JUNÍN,JAUJA,HUERTAS,"100,0","90,9",500,536
120411,JUNÍN,JAUJA,JANJAILLO,"100,0","100,0",413,460
120412,JUNÍN,JAUJA,JULCAN,"100,0","100,0",453,427
120413,JUNÍN,JAUJA,LEONOR ORDOÑEZ,"100,0","100,0",483,449
120414,JUNÍN,JAUJA,LLOCLLAPAMPA,"100,0","100,0",527,517
120415,JUNÍN,JAUJA,MARCO,"100,0","95,2",467,482
120416,JUNÍN,JAUJA,MASMA,"100,0","100,0",463,466
120417,JUNÍN,JAUJA,MASMA CHICCHE,"100,0","100,0",436,436
120418,JUNÍN,JAUJA,MOLINOS,"100,0","100,0",409,442
120419,JUNÍN,JAUJA,MONOBAMBA,"100,0","100,0",451,474
120420,JUNÍN,JAUJA,MUQUI,"100,0","100,0",572,580
120421,JUNÍN,JAUJA,MUQUIYAUYO,"100,0","100,0",490,507
120422,JUNÍN,JAUJA,PACA,"100,0","100,0",449,479
120423,JUNÍN,JAUJA,PACCHA,"100,0","100,0",559,587
120424,JUNÍN,JAUJA,PANCAN,"100,0","98,9",551,540
120425,JUNÍN,JAUJA,PARCO,"100,0","100,0",507,510
120426,JUNÍN,JAUJA,POMACANCHA,"100,0","100,0",461,511
120427,JUNÍN,JAUJA,RICRAN,"100,0","100,0",404,420
120428,JUNÍN,JAUJA,SAN LORENZO,"100,0","100,0",497,506
120429,JUNÍN,JAUJA,SAN PEDRO DE CHUNAN,"100,0","100,0",399,415
120430,JUNÍN,JAUJA,SAUSA,"100,0","100,0",513,548
120431,JUNÍN,JAUJA,SINCOS,"100,0","100,0",442,461
120432,JUNÍN,JAUJA,TUNAN MARCA,"100,0","88,9",366,377
120433,JUNÍN,JAUJA,YAULI,"100,0","100,0",443,456
120434,JUNÍN,JAUJA,YAUYOS,"100,0","100,0",479,525
120501,JUNÍN,JUNÍN,JUNIN,"100,0","98,4",521,531
120502,JUNÍN,JUNÍN,CARHUAMAYO,"100,0","99,3",455,474
120503,JUNÍN,JUNÍN,ONDORES,"100,0","100,0",471,533
120504,JUNÍN,JUNÍN,ULCUMAYO,"100,0","100,0",434,458
120601,JUNÍN,SATIPO,SATIPO,"100,0","97,7",475,486
120602,JUNÍN,SATIPO,COVIRIALI,"66,7","51,3",-,-
120603,JUNÍN,SATIPO,LLAYLLA,"100,0","97,4",447,461
120604,JUNÍN,SATIPO,MAZAMARI,"100,0","90,2",450,461
120605,JUNÍN,SATIPO,PAMPA HERMOSA,"100,0","100,0",477,513
120606,JUNÍN,SATIPO,PANGOA,"100,0","96,4",457,459
120607,JUNÍN,SATIPO,RIO NEGRO,"100,0","98,0",445,445
120608,JUNÍN,SATIPO,RIO TAMBO,"100,0","94,2",447,450
120609,JUNÍN,SATIPO,VIZCATAN DEL ENE,"100,0","90,1",411,419
120701,JUNÍN,TARMA,TARMA,"100,0","96,5",506,516
120702,JUNÍN,TARMA,ACOBAMBA,"100,0","99,2",463,475
120703,JUNÍN,TARMA,HUARICOLCA,"100,0","97,3",427,442
120704,JUNÍN,TARMA,HUASAHUASI,"100,0","98,9",446,466
120705,JUNÍN,TARMA,LA UNION,"100,0","97,9",474,468
120706,JUNÍN,TARMA,PALCA,"100,0","98,7",440,446
120707,JUNÍN,TARMA,PALCAMAYO,"100,0","100,0",461,449
120708,JUNÍN,TARMA,SAN PEDRO DE CAJAS,"100,0","96,1",467,489
120709,JUNÍN,TARMA,TAPO,"100,0","100,0",393,403
120801,JUNÍN,YAULI,LA OROYA,"100,0","98,9",510,516
120803,JUNÍN,YAULI,HUAY-HUAY,"100,0","100,0",493,542
120804,JUNÍN,YAULI,MARCAPOMACOCHA,"100,0","90,9",412,427
120805,JUNÍN,YAULI,MOROCOCHA,"100,0","98,8",502,495
120806,JUNÍN,YAULI,PACCHA,"100,0","100,0",602,592
120807,JUNÍN,YAULI,SANTA BARBARA DE CARHUACAYAN,"100,0","100,0",449,426
120808,JUNÍN,YAULI,SANTA ROSA DE SACCO,"100,0","97,0",505,512
120809,JUNÍN,YAULI,SUITUCANCHA,"100,0","96,3",447,487
120810,JUNÍN,YAULI,YAULI,"100,0","100,0",483,500
120901,JUNÍN,CHUPACA,CHUPACA,"100,0","99,2",500,509
120902,JUNÍN,CHUPACA,AHUAC,"100,0","96,3",442,470
120903,JUNÍN,CHUPACA,CHONGOS BAJO,"100,0","96,3",528,527
120904,JUNÍN,CHUPACA,HUACHAC,"100,0","92,0",489,460
120905,JUNÍN,CHUPACA,HUAMANCACA CHICO,"100,0","96,3",498,495
120906,JUNÍN,CHUPACA,SAN JUAN DE ISCOS,"100,0","100,0",450,449
120907,JUNÍN,CHUPACA,SAN JUAN DE JARPA,"100,0","97,3",468,490
120908,JUNÍN,CHUPACA,TRES DE DICIEMBRE,"100,0","94,1",462,460
120909,JUNÍN,CHUPACA,YANACANCHA,"100,0","100,0",441,438
130101,LA LIBERTAD,TRUJILLO,TRUJILLO,"100,0","97,3",515,498
130102,LA LIBERTAD,TRUJILLO,EL PORVENIR,"100,0","97,0",490,491
130103,LA LIBERTAD,TRUJILLO,FLORENCIA DE MORA,"100,0","97,6",478,470
130104,LA LIBERTAD,TRUJILLO,HUANCHACO,"100,0","96,9",481,475
130105,LA LIBERTAD,TRUJILLO,LA ESPERANZA,"100,0","97,4",493,485
130106,LA LIBERTAD,TRUJILLO,LAREDO,"100,0","96,4",472,468
130107,LA LIBERTAD,TRUJILLO,MOCHE,"100,0","95,5",494,488
130108,LA LIBERTAD,TRUJILLO,POROTO,"100,0","100,0",469,466
130109,LA LIBERTAD,TRUJILLO,SALAVERRY,"100,0","98,5",492,488
130110,LA LIBERTAD,TRUJILLO,SIMBAL,"100,0","96,9",436,412
130111,LA LIBERTAD,TRUJILLO,VICTOR LARCO HERRERA,"100,0","96,8",515,498
130201,LA LIBERTAD,ASCOPE,ASCOPE,"100,0","98,0",449,432
130202,LA LIBERTAD,ASCOPE,CHICAMA,"100,0","98,7",485,481
130203,LA LIBERTAD,ASCOPE,CHOCOPE,"100,0","99,2",473,491
130204,LA LIBERTAD,ASCOPE,MAGDALENA DE CAO,"100,0","83,3",487,491
130205,LA LIBERTAD,ASCOPE,PAIJAN,"92,9","68,7",-,-
130206,LA LIBERTAD,ASCOPE,RAZURI,"100,0","99,4",477,467
130207,LA LIBERTAD,ASCOPE,SANTIAGO DE CAO,"100,0","96,1",480,486
130208,LA LIBERTAD,ASCOPE,CASA GRANDE,"100,0","97,7",479,471
130301,LA LIBERTAD,BOLÍVAR,BOLIVAR,"100,0","98,0",442,463
130302,LA LIBERTAD,BOLÍVAR,BAMBAMARCA,"100,0","92,0",378,404
130303,LA LIBERTAD,BOLÍVAR,CONDORMARCA,"100,0","88,6",383,383
130304,LA LIBERTAD,BOLÍVAR,LONGOTEA,"100,0","100,0",544,516
130305,LA LIBERTAD,BOLÍVAR,UCHUMARCA,"100,0","98,0",462,464
130306,LA LIBERTAD,BOLÍVAR,UCUNCHA,"100,0","100,0",409,404
130401,LA LIBERTAD,CHEPÉN,CHEPEN,"100,0","97,8",490,478
130402,LA LIBERTAD,CHEPÉN,PACANGA,"100,0","98,7",472,475
130403,LA LIBERTAD,CHEPÉN,PUEBLO NUEVO,"100,0","100,0",479,481
130501,LA LIBERTAD,JULCÁN,JULCAN,"100,0","96,8",418,427
130502,LA LIBERTAD,JULCÁN,CALAMARCA,"100,0","98,3",405,416
130503,LA LIBERTAD,JULCÁN,CARABAMBA,"100,0","95,4",456,476
130504,LA LIBERTAD,JULCÁN,HUASO,"100,0","99,3",371,374
130601,LA LIBERTAD,OTUZCO,OTUZCO,"100,0","98,9",473,495
130602,LA LIBERTAD,OTUZCO,AGALLPAMPA,"100,0","99,1",414,421
130604,LA LIBERTAD,OTUZCO,CHARAT,"100,0","100,0",432,428
130605,LA LIBERTAD,OTUZCO,HUARANCHAL,"100,0","100,0",424,443
130606,LA LIBERTAD,OTUZCO,LA CUESTA,"100,0","100,0",382,368
130608,LA LIBERTAD,OTUZCO,MACHE,"100,0","98,2",439,454
130610,LA LIBERTAD,OTUZCO,PARANDAY,"100,0","83,3",422,438
130611,LA LIBERTAD,OTUZCO,SALPO,"100,0","98,6",440,446
130613,LA LIBERTAD,OTUZCO,SINSICAP,"100,0","98,4",414,424
130614,LA LIBERTAD,OTUZCO,USQUIL,"100,0","96,5",434,458
130701,LA LIBERTAD,PACASMAYO,SAN PEDRO DE LLOC,"90,9","81,8",500,491
130702,LA LIBERTAD,PACASMAYO,GUADALUPE,"100,0","98,1",482,481
130703,LA LIBERTAD,PACASMAYO,JEQUETEPEQUE,"100,0","96,6",507,512
130704,LA LIBERTAD,PACASMAYO,PACASMAYO,"100,0","97,2",484,479
130705,LA LIBERTAD,PACASMAYO,SAN JOSE,"100,0","97,6",463,467
130801,LA LIBERTAD,PATAZ,TAYABAMBA,"100,0","98,1",420,421
130802,LA LIBERTAD,PATAZ,BULDIBUYO,"100,0","95,8",403,397
130803,LA LIBERTAD,PATAZ,CHILLIA,"100,0","97,4",394,398
130804,LA LIBERTAD,PATAZ,HUANCASPATA,"100,0","94,6",411,419
130805,LA LIBERTAD,PATAZ,HUAYLILLAS,"100,0","100,0",534,586
130806,LA LIBERTAD,PATAZ,HUAYO,"100,0","98,1",392,404
130807,LA LIBERTAD,PATAZ,ONGON,"100,0","91,3",484,464
130808,LA LIBERTAD,PATAZ,PARCOY,"100,0","94,2",424,419
130809,LA LIBERTAD,PATAZ,PATAZ,"100,0","94,5",428,424
130810,LA LIBERTAD,PATAZ,PIAS,"100,0","100,0",519,491
130811,LA LIBERTAD,PATAZ,SANTIAGO DE CHALLAS,"100,0","100,0",428,427
130812,LA LIBERTAD,PATAZ,TAURIJA,"100,0","98,6",392,378
130813,LA LIBERTAD,PATAZ,URPAY,"100,0","94,2",398,376
130901,LA LIBERTAD,SÁNCHEZ CARRIÓN,HUAMACHUCO,"100,0","98,2",465,474
130902,LA LIBERTAD,SÁNCHEZ CARRIÓN,CHUGAY,"100,0","97,5",414,425
130903,LA LIBERTAD,SÁNCHEZ CARRIÓN,COCHORCO,"100,0","95,6",384,386
130904,LA LIBERTAD,SÁNCHEZ CARRIÓN,CURGOS,"100,0","97,7",397,400
130905,LA LIBERTAD,SÁNCHEZ CARRIÓN,MARCABAL,"100,0","97,6",395,402
130906,LA LIBERTAD,SÁNCHEZ CARRIÓN,SANAGORAN,"100,0","95,4",382,398
130907,LA LIBERTAD,SÁNCHEZ CARRIÓN,SARIN,"100,0","98,3",402,406
130908,LA LIBERTAD,SÁNCHEZ CARRIÓN,SARTIMBAMBA,"100,0","95,5",379,394
131001,LA LIBERTAD,SANTIAGO DE CHUCO,SANTIAGO DE CHUCO,"100,0","96,7",416,420
131002,LA LIBERTAD,SANTIAGO DE CHUCO,ANGASMARCA,"100,0","97,2",421,451
131003,LA LIBERTAD,SANTIAGO DE CHUCO,CACHICADAN,"100,0","99,0",433,438
131004,LA LIBERTAD,SANTIAGO DE CHUCO,MOLLEBAMBA,"100,0","93,3",417,409
131005,LA LIBERTAD,SANTIAGO DE CHUCO,MOLLEPATA,"100,0","100,0",435,451
131006,LA LIBERTAD,SANTIAGO DE CHUCO,QUIRUVILCA,"100,0","95,4",432,430
131007,LA LIBERTAD,SANTIAGO DE CHUCO,SANTA CRUZ DE CHUCA,"100,0","98,4",440,442
131008,LA LIBERTAD,SANTIAGO DE CHUCO,SITABAMBA,"100,0","97,8",382,378
131101,LA LIBERTAD,GRAN CHIMÚ,CASCAS,"100,0","98,3",482,481
131102,LA LIBERTAD,GRAN CHIMÚ,LUCMA,"100,0","97,2",441,454
131103,LA LIBERTAD,GRAN CHIMÚ,MARMOT,"100,0","93,1",460,488
131104,LA LIBERTAD,GRAN CHIMÚ,SAYAPULLO,"100,0","97,9",431,445
131201,LA LIBERTAD,VIRÚ,VIRU,"100,0","97,6",471,473
131202,LA LIBERTAD,VIRÚ,CHAO,"100,0","96,9",453,447
131203,LA LIBERTAD,VIRÚ,GUADALUPITO,"100,0","95,7",470,458
140101,LAMBAYEQUE,CHICLAYO,CHICLAYO,"100,0","97,4",505,497
140102,LAMBAYEQUE,CHICLAYO,CHONGOYAPE,"100,0","96,0",457,453
140103,LAMBAYEQUE,CHICLAYO,ETEN,"100,0","98,1",486,512
140104,LAMBAYEQUE,CHICLAYO,ETEN PUERTO,"100,0","100,0",413,410
140105,LAMBAYEQUE,CHICLAYO,JOSE LEONARDO ORTIZ,"100,0","97,5",486,479
140106,LAMBAYEQUE,CHICLAYO,LA VICTORIA,"100,0","96,8",474,458
140107,LAMBAYEQUE,CHICLAYO,LAGUNAS,"100,0","99,4",447,442
140108,LAMBAYEQUE,CHICLAYO,MONSEFU,"100,0","97,4",461,467
140109,LAMBAYEQUE,CHICLAYO,NUEVA ARICA,"100,0","97,8",419,400
140110,LAMBAYEQUE,CHICLAYO,OYOTUN,"100,0","97,9",429,430
140111,LAMBAYEQUE,CHICLAYO,PICSI,"100,0","98,5",457,442
140112,LAMBAYEQUE,CHICLAYO,PIMENTEL,"100,0","97,4",506,499
140113,LAMBAYEQUE,CHICLAYO,REQUE,"100,0","97,5",515,502
140114,LAMBAYEQUE,CHICLAYO,SANTA ROSA,"100,0","94,6",456,473
140115,LAMBAYEQUE,CHICLAYO,SAÑA,"100,0","98,1",444,436
140116,LAMBAYEQUE,CHICLAYO,CAYALTI,"100,0","93,6",448,440
140117,LAMBAYEQUE,CHICLAYO,PATAPO,"100,0","93,6",461,451
140118,LAMBAYEQUE,CHICLAYO,POMALCA,"100,0","98,3",464,456
140119,LAMBAYEQUE,CHICLAYO,PUCALA,"100,0","96,8",492,488
140120,LAMBAYEQUE,CHICLAYO,TUMAN,"100,0","95,1",453,448
140201,LAMBAYEQUE,FERREÑAFE,FERREÑAFE,"100,0","97,8",484,471
140202,LAMBAYEQUE,FERREÑAFE,CAÑARIS,"92,3","85,2",390,395
140203,LAMBAYEQUE,FERREÑAFE,INCAHUASI,"100,0","100,0",372,400
140204,LAMBAYEQUE,FERREÑAFE,MANUEL ANTONIO MESONES MURO,"100,0","97,9",466,456
140205,LAMBAYEQUE,FERREÑAFE,PITIPO,"100,0","97,0",464,457
140206,LAMBAYEQUE,FERREÑAFE,PUEBLO NUEVO,"100,0","97,8",482,477
140301,LAMBAYEQUE,LAMBAYEQUE,LAMBAYEQUE,"100,0","96,3",481,478
140302,LAMBAYEQUE,LAMBAYEQUE,CHOCHOPE,"100,0","100,0",420,445
140303,LAMBAYEQUE,LAMBAYEQUE,ILLIMO,"100,0","98,6",475,480
140304,LAMBAYEQUE,LAMBAYEQUE,JAYANCA,"100,0","97,1",450,435
140305,LAMBAYEQUE,LAMBAYEQUE,MOCHUMI,"100,0","98,5",472,473
140306,LAMBAYEQUE,LAMBAYEQUE,MORROPE,"100,0","98,2",422,432
140307,LAMBAYEQUE,LAMBAYEQUE,MOTUPE,"100,0","97,1",448,441
140308,LAMBAYEQUE,LAMBAYEQUE,OLMOS,"100,0","95,9",441,437
140309,LAMBAYEQUE,LAMBAYEQUE,PACORA,"100,0","97,7",449,442
140310,LAMBAYEQUE,LAMBAYEQUE,SALAS,"100,0","97,6",415,434
140311,LAMBAYEQUE,LAMBAYEQUE,SAN JOSE,"100,0","98,2",467,472
140312,LAMBAYEQUE,LAMBAYEQUE,TUCUME,"100,0","98,2",456,451
150101,LIMA,LIMA,LIMA,"100,0","97,0",508,498
150102,LIMA,LIMA,ANCON,"100,0","97,1",487,482
150103,LIMA,LIMA,ATE,"100,0","95,8",500,501
150104,LIMA,LIMA,BARRANCO,"100,0","97,5",547,533
150105,LIMA,LIMA,BREÑA,"100,0","98,0",524,513
150106,LIMA,LIMA,CARABAYLLO,"100,0","97,4",493,488
150107,LIMA,LIMA,CHACLACAYO,"100,0","96,6",507,507
150108,LIMA,LIMA,CHORRILLOS,"100,0","96,8",523,518
150109,LIMA,LIMA,CIENEGUILLA,"100,0","97,7",509,498
150110,LIMA,LIMA,COMAS,"100,0","96,7",503,494
150111,LIMA,LIMA,EL AGUSTINO,"100,0","95,8",492,489
150112,LIMA,LIMA,INDEPENDENCIA,"100,0","96,1",488,487
150113,LIMA,LIMA,JESUS MARIA,"100,0","97,8",542,519
150114,LIMA,LIMA,LA MOLINA,"100,0","97,2",550,529
150115,LIMA,LIMA,LA VICTORIA,"100,0","97,1",499,489
150116,LIMA,LIMA,LINCE,"100,0","98,0",523,509
150117,LIMA,LIMA,LOS OLIVOS,"100,0","96,9",512,501
150118,LIMA,LIMA,LURIGANCHO,"100,0","96,8",502,499
150119,LIMA,LIMA,LURIN,"100,0","96,4",490,485
150120,LIMA,LIMA,MAGDALENA DEL MAR,"100,0","97,5",527,507
150121,LIMA,LIMA,PUEBLO LIBRE,"100,0","97,0",537,515
150122,LIMA,LIMA,MIRAFLORES,"100,0","97,8",573,546
150123,LIMA,LIMA,PACHACAMAC,"100,0","97,8",501,499
150124,LIMA,LIMA,PUCUSANA,"100,0","97,0",480,469
150125,LIMA,LIMA,PUENTE PIEDRA,"100,0","96,9",498,496
150126,LIMA,LIMA,PUNTA HERMOSA,"100,0","100,0",479,458
150127,LIMA,LIMA,PUNTA NEGRA,"100,0","97,7",489,485
150128,LIMA,LIMA,RIMAC,"100,0","96,8",500,487
150129,LIMA,LIMA,SAN BARTOLO,"100,0","97,3",483,490
150130,LIMA,LIMA,SAN BORJA,"100,0","97,2",554,534
150131,LIMA,LIMA,SAN ISIDRO,"100,0","97,1",559,533
150132,LIMA,LIMA,SAN JUAN DE LURIGANCHO,"100,0","96,8",499,493
150133,LIMA,LIMA,SAN JUAN DE MIRAFLORES,"100,0","96,2",496,485
150134,LIMA,LIMA,SAN LUIS,"100,0","96,9",526,522
150135,LIMA,LIMA,SAN MARTIN DE PORRES,"100,0","96,0",500,489
150136,LIMA,LIMA,SAN MIGUEL,"100,0","96,6",532,512
150137,LIMA,LIMA,SANTA ANITA,"100,0","96,8",507,501
150138,LIMA,LIMA,SANTA MARIA DEL MAR,"100,0","100,0",533,518
150139,LIMA,LIMA,SANTA ROSA,"100,0","98,9",490,484
150140,LIMA,LIMA,SANTIAGO DE SURCO,"100,0","97,5",555,536
150141,LIMA,LIMA,SURQUILLO,"100,0","96,9",542,525
150142,LIMA,LIMA,VILLA EL SALVADOR,"100,0","95,9",492,485
150143,LIMA,LIMA,VILLA MARIA DEL TRIUNFO,"100,0","95,5",492,488
150201,LIMA,BARRANCA,BARRANCA,"100,0","97,9",512,512
150202,LIMA,BARRANCA,PARAMONGA,"100,0","99,7",499,501
150203,LIMA,BARRANCA,PATIVILCA,"100,0","97,4",507,499
150204,LIMA,BARRANCA,SUPE,"100,0","98,0",475,477
150205,LIMA,BARRANCA,SUPE PUERTO,"100,0","95,3",482,476
150301,LIMA,CAJATAMBO,CAJATAMBO,"100,0","100,0",495,480
150302,LIMA,CAJATAMBO,COPA,"100,0","100,0",452,445
150303,LIMA,CAJATAMBO,GORGOR,"100,0","93,8",518,525
150304,LIMA,CAJATAMBO,HUANCAPON,"100,0","100,0",438,478
150305,LIMA,CAJATAMBO,MANAS,"100,0","100,0",496,542
150401,LIMA,CANTA,CANTA,"100,0","93,5",492,533
150402,LIMA,CANTA,ARAHUAY,"100,0","100,0",476,497
150403,LIMA,CANTA,HUAMANTANGA,"100,0","100,0",443,439
150404,LIMA,CANTA,HUAROS,"100,0","100,0",515,509
150405,LIMA,CANTA,LACHAQUI,"100,0","100,0",396,416
150407,LIMA,CANTA,SANTA ROSA DE QUIVES,"100,0","97,8",515,505
150501,LIMA,CAÑETE,SAN VICENTE DE CAÑETE,"100,0","98,2",497,497
150502,LIMA,CAÑETE,ASIA,"100,0","97,3",478,471
150503,LIMA,CAÑETE,CALANGO,"100,0","100,0",457,465
150504,LIMA,CAÑETE,CERRO AZUL,"100,0","97,5",472,474
150505,LIMA,CAÑETE,CHILCA,"100,0","95,6",484,477
150506,LIMA,CAÑETE,COAYLLO,"100,0","100,0",410,403
150507,LIMA,CAÑETE,IMPERIAL,"100,0","96,6",489,496
150508,LIMA,CAÑETE,LUNAHUANA,"100,0","100,0",478,480
150509,LIMA,CAÑETE,MALA,"100,0","97,4",485,484
150510,LIMA,CAÑETE,NUEVO IMPERIAL,"100,0","98,7",500,497
150511,LIMA,CAÑETE,PACARAN,"100,0","100,0",385,387
150512,LIMA,CAÑETE,QUILMANA,"100,0","97,5",485,497
150513,LIMA,CAÑETE,SAN ANTONIO,"100,0","100,0",497,485
150514,LIMA,CAÑETE,SAN LUIS,"100,0","99,0",477,500
150515,LIMA,CAÑETE,SANTA CRUZ DE FLORES,"100,0","97,0",421,404
150516,LIMA,CAÑETE,ZUÑIGA,"100,0","100,0",478,472
150601,LIMA,HUARAL,HUARAL,"100,0","97,6",494,495
150602,LIMA,HUARAL,ATAVILLOS ALTO,"100,0","100,0",421,406
150603,LIMA,HUARAL,ATAVILLOS BAJO,"100,0","100,0",454,447
150604,LIMA,HUARAL,AUCALLAMA,"100,0","97,1",472,477
150605,LIMA,HUARAL,CHANCAY,"100,0","97,0",489,492
150606,LIMA,HUARAL,IHUARI,"100,0","100,0",427,425
150608,LIMA,HUARAL,PACARAOS,"100,0","83,3",454,444
150610,LIMA,HUARAL,SANTA CRUZ DE ANDAMARCA,"100,0","100,0",444,426
150701,LIMA,HUAROCHIRÍ,MATUCANA,"100,0","98,7",483,502
150702,LIMA,HUAROCHIRÍ,ANTIOQUIA,"100,0","96,2",494,472
150703,LIMA,HUAROCHIRÍ,CALLAHUANCA,"100,0","100,0",522,608
150705,LIMA,HUAROCHIRÍ,CHICLA,"100,0","100,0",500,514
150706,LIMA,HUAROCHIRÍ,CUENCA,"100,0","100,0",479,419
150708,LIMA,HUAROCHIRÍ,HUANZA,"100,0","100,0",466,453
150709,LIMA,HUAROCHIRÍ,HUAROCHIRI,"100,0","88,2",451,508
150710,LIMA,HUAROCHIRÍ,LAHUAYTAMBO,"100,0","100,0",485,414
150711,LIMA,HUAROCHIRÍ,LANGA,"100,0","100,0",489,519
150712,LIMA,HUAROCHIRÍ,SAN PEDRO DE LARAOS,"100,0","100,0",422,387
150713,LIMA,HUAROCHIRÍ,MARIATANA,"100,0","96,2",472,480
150714,LIMA,HUAROCHIRÍ,RICARDO PALMA,"100,0","100,0",467,455
150715,LIMA,HUAROCHIRÍ,SAN ANDRES DE TUPICOCHA,"100,0","95,5",376,375
150716,LIMA,HUAROCHIRÍ,SAN ANTONIO,"100,0","96,3",478,480
150718,LIMA,HUAROCHIRÍ,SAN DAMIAN,"100,0","94,1",360,368
150721,LIMA,HUAROCHIRÍ,SAN LORENZO DE QUINTI,"100,0","94,1",482,498
150722,LIMA,HUAROCHIRÍ,SAN MATEO,"100,0","97,6",534,556
150723,LIMA,HUAROCHIRÍ,SAN MATEO DE OTAO,"100,0","93,3",474,502
150724,LIMA,HUAROCHIRÍ,SAN PEDRO DE CASTA,"100,0","100,0",529,541
150726,LIMA,HUAROCHIRÍ,SANGALLAYA,"100,0","100,0",415,487
150727,LIMA,HUAROCHIRÍ,SANTA CRUZ DE COCACHACRA,"100,0","97,8",443,449
150728,LIMA,HUAROCHIRÍ,SANTA EULALIA,"100,0","97,8",504,499
150729,LIMA,HUAROCHIRÍ,SANTIAGO DE ANCHUCAYA,"100,0","100,0",476,471
150730,LIMA,HUAROCHIRÍ,SANTIAGO DE TUNA,"100,0","100,0",416,521
150731,LIMA,HUAROCHIRÍ,SANTO DOMINGO DE LOS OLLEROS,"100,0","97,6",459,455
150732,LIMA,HUAROCHIRÍ,SURCO,"100,0","91,7",445,424
150801,LIMA,HUAURA,HUACHO,"100,0","97,5",510,504
150802,LIMA,HUAURA,AMBAR,"100,0","100,0",464,484
150803,LIMA,HUAURA,CALETA DE CARQUIN,"100,0","100,0",449,467
150805,LIMA,HUAURA,HUALMAY,"100,0","97,6",486,478
150806,LIMA,HUAURA,HUAURA,"100,0","96,8",489,490
150807,LIMA,HUAURA,LEONCIO PRADO,"100,0","100,0",416,445
150808,LIMA,HUAURA,PACCHO,"100,0","100,0",405,430
150809,LIMA,HUAURA,SANTA LEONOR,"100,0","93,8",454,465
150810,LIMA,HUAURA,SANTA MARIA,"100,0","96,8",489,483
150811,LIMA,HUAURA,SAYAN,"100,0","98,5",476,475
150812,LIMA,HUAURA,VEGUETA,"100,0","98,4",471,470
150901,LIMA,OYÓN,OYON,"100,0","99,6",512,541
150904,LIMA,OYÓN,COCHAMARCA,"100,0","100,0",383,382
150905,LIMA,OYÓN,NAVAN,"100,0","100,0",498,529
150906,LIMA,OYÓN,PACHANGARA,"100,0","98,9",473,471
151001,LIMA,YAUYOS,YAUYOS,"100,0","100,0",506,505
151002,LIMA,YAUYOS,ALIS,"100,0","100,0",437,487
151003,LIMA,YAUYOS,ALLAUCA,"100,0","83,3",443,449
151004,LIMA,YAUYOS,AYAVIRI,"100,0","100,0",462,474
151006,LIMA,YAUYOS,CACRA,"100,0","100,0",433,458
151007,LIMA,YAUYOS,CARANIA,"100,0","100,0",505,430
151008,LIMA,YAUYOS,CATAHUASI,"100,0","100,0",495,541
151009,LIMA,YAUYOS,CHOCOS,"100,0","93,3",378,409
151011,LIMA,YAUYOS,COLONIA,"100,0","100,0",519,474
151014,LIMA,YAUYOS,HUANCAYA,"100,0","100,0",515,528
151015,LIMA,YAUYOS,HUANGASCAR,"100,0","100,0",527,594
151016,LIMA,YAUYOS,HUANTAN,"100,0","100,0",486,476
151018,LIMA,YAUYOS,LARAOS,"100,0","100,0",448,465
151019,LIMA,YAUYOS,LINCHA,"100,0","100,0",347,345
151020,LIMA,YAUYOS,MADEAN,"100,0","95,0",371,399
151022,LIMA,YAUYOS,OMAS,"100,0","87,5",435,470
151023,LIMA,YAUYOS,PUTINZA,"100,0","100,0",444,435
151024,LIMA,YAUYOS,QUINCHES,"100,0","83,3",486,466
151025,LIMA,YAUYOS,QUINOCAY,"100,0","100,0",527,504
151028,LIMA,YAUYOS,TANTA,"100,0","71,4",-,-
151030,LIMA,YAUYOS,TOMAS,"100,0","100,0",518,539
151031,LIMA,YAUYOS,TUPE,"100,0","100,0",455,454
151032,LIMA,YAUYOS,VIÑAC,"100,0","100,0",443,477
160101,LORETO,MAYNAS,IQUITOS,"100,0","96,2",454,426
160102,LORETO,MAYNAS,ALTO NANAY,"100,0","95,8",344,339
160103,LORETO,MAYNAS,FERNANDO LORES,"100,0","94,5",399,390
160104,LORETO,MAYNAS,INDIANA,"100,0","94,4",358,346
160105,LORETO,MAYNAS,LAS AMAZONAS,"88,2","89,6",-,-
160106,LORETO,MAYNAS,MAZAN,"100,0","87,1",358,353
160107,LORETO,MAYNAS,NAPO,"95,9","90,5",310,313
160108,LORETO,MAYNAS,PUNCHANA,"100,0","93,6",425,404
160110,LORETO,MAYNAS,TORRES CAUSANA,"100,0","89,5",290,300
160112,LORETO,MAYNAS,BELEN,"100,0","94,7",413,391
160113,LORETO,MAYNAS,SAN JUAN BAUTISTA,"100,0","94,8",413,394
160201,LORETO,ALTO AMAZONAS,YURIMAGUAS,"98,7","91,9",422,408
160202,LORETO,ALTO AMAZONAS,BALSAPUERTO,"85,7","81,2",-,-
160205,LORETO,ALTO AMAZONAS,JEBEROS,"75,0","89,7",-,-
160206,LORETO,ALTO AMAZONAS,LAGUNAS,"95,8","92,5",370,366
160210,LORETO,ALTO AMAZONAS,SANTA CRUZ,"100,0","94,7",368,365
160211,LORETO,ALTO AMAZONAS,TENIENTE CESAR LOPEZ ROJAS,"100,0","92,7",376,348
160301,LORETO,LORETO,NAUTA,"95,7","95,5",401,386
160302,LORETO,LORETO,PARINARI,"94,4","90,6",342,338
160303,LORETO,LORETO,TIGRE,"100,0","90,2",334,339
160304,LORETO,LORETO,TROMPETEROS,"100,0","91,8",322,312
160305,LORETO,LORETO,URARINAS,"83,0","73,0",-,-
160401,LORETO,MARISCAL RAMÓN CASTILLA,RAMON CASTILLA,"100,0","90,3",372,353
160402,LORETO,MARISCAL RAMÓN CASTILLA,PEBAS,"100,0","94,1",355,346
160403,LORETO,MARISCAL RAMÓN CASTILLA,YAVARI,"95,2","83,1",363,354
160404,LORETO,MARISCAL RAMÓN CASTILLA,SAN PABLO,"100,0","84,0",341,335
160501,LORETO,REQUENA,REQUENA,"100,0","91,2",403,385
160502,LORETO,REQUENA,ALTO TAPICHE,"100,0","96,2",274,298
160503,LORETO,REQUENA,CAPELO,"100,0","93,3",331,316
160504,LORETO,REQUENA,EMILIO SAN MARTIN,"100,0","93,4",307,313
160505,LORETO,REQUENA,MAQUIA,"100,0","92,5",343,342
160506,LORETO,REQUENA,PUINAHUA,"100,0","92,4",354,345
160507,LORETO,REQUENA,SAQUENA,"100,0","88,9",313,300
160508,LORETO,REQUENA,SOPLIN,"100,0","45,5",-,-
160509,LORETO,REQUENA,TAPICHE,"100,0","100,0",372,415
160510,LORETO,REQUENA,JENARO HERRERA,"100,0","94,7",346,331
160511,LORETO,REQUENA,YAQUERANA,"100,0","97,4",310,325
160601,LORETO,UCAYALI,CONTAMANA,"95,7","91,4",374,359
160602,LORETO,UCAYALI,INAHUAYA,"100,0","100,0",345,322
160603,LORETO,UCAYALI,PADRE MARQUEZ,"100,0","95,8",471,473
160604,LORETO,UCAYALI,PAMPA HERMOSA,"100,0","93,2",351,349
160605,LORETO,UCAYALI,SARAYACU,"100,0","92,3",359,355
160606,LORETO,UCAYALI,VARGAS GUERRA,"100,0","88,1",401,390
160701,LORETO,DATEM DEL MARAÑÓN,BARRANCA,"100,0","92,3",371,364
160702,LORETO,DATEM DEL MARAÑÓN,CAHUAPANAS,"87,5","85,5",-,-
160703,LORETO,DATEM DEL MARAÑÓN,MANSERICHE,"100,0","93,9",400,384
160704,LORETO,DATEM DEL MARAÑÓN,MORONA,"100,0","98,2",334,335
160705,LORETO,DATEM DEL MARAÑÓN,PASTAZA,"78,6","83,6",-,-
160706,LORETO,DATEM DEL MARAÑÓN,ANDOAS,"100,0","86,5",337,304
160801,LORETO,PUTUMAYO,PUTUMAYO,"100,0","91,9",435,421
160802,LORETO,PUTUMAYO,ROSA PANDURO,"100,0","94,1",401,387
160803,LORETO,PUTUMAYO,TENIENTE MANUEL CLAVERO,"100,0","86,2",345,325
160804,LORETO,PUTUMAYO,YAGUAS,"100,0","83,3",362,418
170101,MADRE DE DIOS,TAMBOPATA,TAMBOPATA,"100,0","96,3",467,457
170102,MADRE DE DIOS,TAMBOPATA,INAMBARI,"100,0","95,4",477,478
170103,MADRE DE DIOS,TAMBOPATA,LAS PIEDRAS,"100,0","98,6",440,427
170104,MADRE DE DIOS,TAMBOPATA,LABERINTO,"100,0","96,5",430,427
170201,MADRE DE DIOS,MANU,MANU,"100,0","100,0",436,433
170202,MADRE DE DIOS,MANU,FITZCARRALD,"100,0","100,0",386,387
170203,MADRE DE DIOS,MANU,MADRE DE DIOS,"100,0","98,6",451,459
170204,MADRE DE DIOS,MANU,HUEPETUHE,"100,0","97,9",469,473
170301,MADRE DE DIOS,TAHUAMANU,IÑAPARI,"100,0","95,2",445,429
170302,MADRE DE DIOS,TAHUAMANU,IBERIA,"100,0","97,3",458,449
170303,MADRE DE DIOS,TAHUAMANU,TAHUAMANU,"100,0","92,9",436,421
180101,MOQUEGUA,MARISCAL NIETO,MOQUEGUA,"100,0","99,4",527,540
180102,MOQUEGUA,MARISCAL NIETO,CARUMAS,"100,0","100,0",485,459
180104,MOQUEGUA,MARISCAL NIETO,SAMEGUA,"100,0","98,5",557,576
180105,MOQUEGUA,MARISCAL NIETO,SAN CRISTOBAL,"100,0","100,0",464,490
180106,MOQUEGUA,MARISCAL NIETO,TORATA,"100,0","100,0",540,552
180201,MOQUEGUA,GENERAL SÁNCHEZ CERRO,OMATE,"100,0","100,0",501,541
180204,MOQUEGUA,GENERAL SÁNCHEZ CERRO,ICHUÑA,"100,0","100,0",500,482
180207,MOQUEGUA,GENERAL SÁNCHEZ CERRO,MATALAQUE,"100,0","100,0",566,536
180208,MOQUEGUA,GENERAL SÁNCHEZ CERRO,PUQUINA,"100,0","100,0",529,505
180209,MOQUEGUA,GENERAL SÁNCHEZ CERRO,QUINISTAQUILLAS,"100,0","80,0",479,449
180210,MOQUEGUA,GENERAL SÁNCHEZ CERRO,UBINAS,"100,0","90,9",505,485
180301,MOQUEGUA,ILO,ILO,"100,0","99,3",512,525
180302,MOQUEGUA,ILO,EL ALGARROBAL,"100,0","91,7",451,463
180303,MOQUEGUA,ILO,PACOCHA,"100,0","99,2",543,547
190101,PASCO,PASCO,CHAUPIMARCA,"100,0","99,1",497,505
190102,PASCO,PASCO,HUACHON,"100,0","97,1",488,512
190103,PASCO,PASCO,HUARIACA,"100,0","98,3",495,498
190104,PASCO,PASCO,HUAYLLAY,"100,0","98,9",509,503
190105,PASCO,PASCO,NINACACA,"100,0","100,0",476,487
190106,PASCO,PASCO,PALLANCHACRA,"100,0","100,0",484,470
190107,PASCO,PASCO,PAUCARTAMBO,"100,0","99,4",484,501
190108,PASCO,PASCO,SAN FRANCISCO DE ASIS DE YARUSYACAN,"100,0","100,0",443,459
190109,PASCO,PASCO,SIMON BOLIVAR,"100,0","100,0",503,509
190110,PASCO,PASCO,TICLACAYAN,"100,0","96,9",456,467
190111,PASCO,PASCO,TINYAHUARCO,"100,0","99,1",494,508
190112,PASCO,PASCO,VICCO,"100,0","100,0",487,488
190113,PASCO,PASCO,YANACANCHA,"100,0","97,7",520,523
190201,PASCO,DANIEL ALCIDES CARRIÓN,YANAHUANCA,"100,0","98,8",509,534
190202,PASCO,DANIEL ALCIDES CARRIÓN,CHACAYAN,"100,0","87,5",517,565
190203,PASCO,DANIEL ALCIDES CARRIÓN,GOYLLARISQUIZGA,"100,0","100,0",539,567
190204,PASCO,DANIEL ALCIDES CARRIÓN,PAUCAR,"100,0","100,0",447,459
190205,PASCO,DANIEL ALCIDES CARRIÓN,SAN PEDRO DE PILLAO,"100,0","100,0",433,447
190206,PASCO,DANIEL ALCIDES CARRIÓN,SANTA ANA DE TUSI,"100,0","100,0",491,520
190207,PASCO,DANIEL ALCIDES CARRIÓN,TAPUC,"100,0","100,0",400,442
190208,PASCO,DANIEL ALCIDES CARRIÓN,VILCABAMBA,"100,0","100,0",467,526
190301,PASCO,OXAPAMPA,OXAPAMPA,"100,0","98,9",506,505
190302,PASCO,OXAPAMPA,CHONTABAMBA,"100,0","92,9",513,503
190303,PASCO,OXAPAMPA,HUANCABAMBA,"100,0","99,0",463,457
190304,PASCO,OXAPAMPA,PALCAZU,"100,0","93,1",410,412
190305,PASCO,OXAPAMPA,POZUZO,"100,0","98,6",436,449
190306,PASCO,OXAPAMPA,PUERTO BERMUDEZ,"100,0","86,3",365,362
190307,PASCO,OXAPAMPA,VILLA RICA,"100,0","99,0",491,490
190308,PASCO,OXAPAMPA,CONSTITUCIÓN,"100,0","95,1",436,440
200101,PIURA,PIURA,PIURA,"100,0","97,7",503,493
200104,PIURA,PIURA,CASTILLA,"100,0","98,0",501,493
200105,PIURA,PIURA,CATACAOS,"100,0","99,3",486,484
200107,PIURA,PIURA,CURA MORI,"100,0","94,6",478,485
200108,PIURA,PIURA,EL TALLÁN,"100,0","96,1",447,464
200109,PIURA,PIURA,LA ARENA,"100,0","98,4",490,494
200110,PIURA,PIURA,LA UNION,"100,0","97,9",500,510
200111,PIURA,PIURA,LAS LOMAS,"100,0","98,6",472,463
200114,PIURA,PIURA,TAMBO GRANDE,"100,0","97,9",461,461
200115,PIURA,PIURA,VEINTISEIS DE OCTUBRE,"100,0","97,8",491,477
200201,PIURA,AYABACA,AYABACA,"100,0","95,9",438,444
200202,PIURA,AYABACA,FRIAS,"100,0","98,0",444,456
200203,PIURA,AYABACA,JILILI,"100,0","100,0",465,480
200204,PIURA,AYABACA,LAGUNAS,"100,0","98,5",429,433
200205,PIURA,AYABACA,MONTERO,"100,0","98,9",484,483
200206,PIURA,AYABACA,PACAIPAMPA,"100,0","98,7",418,449
200207,PIURA,AYABACA,PAIMAS,"100,0","99,1",464,467
200208,PIURA,AYABACA,SAPILLICA,"100,0","99,5",440,445
200209,PIURA,AYABACA,SICCHEZ,"100,0","95,0",457,432
200210,PIURA,AYABACA,SUYO,"100,0","98,7",454,447
200301,PIURA,HUANCABAMBA,HUANCABAMBA,"100,0","98,6",445,435
200302,PIURA,HUANCABAMBA,CANCHAQUE,"100,0","98,0",476,473
200303,PIURA,HUANCABAMBA,EL CARMEN DE LA FRONTERA,"100,0","96,4",425,415
200304,PIURA,HUANCABAMBA,HUARMACA,"100,0","97,5",402,407
200305,PIURA,HUANCABAMBA,LALAQUIZ,"100,0","94,8",427,450
200306,PIURA,HUANCABAMBA,SAN MIGUEL DE EL FAIQUE,"100,0","95,1",422,420
200307,PIURA,HUANCABAMBA,SONDOR,"100,0","95,6",421,424
200308,PIURA,HUANCABAMBA,SONDORILLO,"100,0","98,9",404,416
200401,PIURA,MORROPÓN,CHULUCANAS,"100,0","98,0",475,484
200402,PIURA,MORROPÓN,BUENOS AIRES,"100,0","99,4",492,493
200403,PIURA,MORROPÓN,CHALACO,"100,0","97,3",439,470
200404,PIURA,MORROPÓN,LA MATANZA,"100,0","99,1",495,503
200405,PIURA,MORROPÓN,MORROPON,"100,0","99,3",462,446
200406,PIURA,MORROPÓN,SALITRAL,"100,0","99,1",436,424
200407,PIURA,MORROPÓN,SAN JUAN DE BIGOTE,"100,0","98,5",461,452
200408,PIURA,MORROPÓN,SANTA CATALINA DE MOSSA,"100,0","91,8",540,511
200409,PIURA,MORROPÓN,SANTO DOMINGO,"100,0","100,0",487,472
200410,PIURA,MORROPÓN,YAMANGO,"100,0","100,0",465,466
200501,PIURA,PAITA,PAITA,"100,0","97,0",491,489
200502,PIURA,PAITA,AMOTAPE,"100,0","95,2",465,448
200503,PIURA,PAITA,ARENAL,"100,0","95,5",488,440
200504,PIURA,PAITA,COLAN,"100,0","99,1",490,504
200505,PIURA,PAITA,LA HUACA,"100,0","98,1",477,464
200506,PIURA,PAITA,TAMARINDO,"100,0","98,8",467,465
200507,PIURA,PAITA,VICHAYAL,"100,0","95,0",455,461
200601,PIURA,SULLANA,SULLANA,"100,0","98,3",492,489
200602,PIURA,SULLANA,BELLAVISTA,"100,0","97,9",480,479
200603,PIURA,SULLANA,IGNACIO ESCUDERO,"100,0","98,7",466,454
200604,PIURA,SULLANA,LANCONES,"100,0","98,2",454,461
200605,PIURA,SULLANA,MARCAVELICA,"100,0","98,8",481,488
200606,PIURA,SULLANA,MIGUEL CHECA,"100,0","100,0",459,469
200607,PIURA,SULLANA,QUERECOTILLO,"100,0","99,1",493,499
200608,PIURA,SULLANA,SALITRAL,"100,0","96,7",522,508
200701,PIURA,TALARA,PARIÑAS,"100,0","97,5",472,462
200702,PIURA,TALARA,EL ALTO,"100,0","97,0",470,469
200703,PIURA,TALARA,LA BREA,"100,0","96,5",482,479
200704,PIURA,TALARA,LOBITOS,"100,0","100,0",495,522
200705,PIURA,TALARA,LOS ORGANOS,"100,0","97,3",477,471
200706,PIURA,TALARA,MANCORA,"100,0","94,4",452,443
200801,PIURA,SECHURA,SECHURA,"100,0","99,0",481,493
200802,PIURA,SECHURA,BELLAVISTA DE LA UNION,"100,0","100,0",495,484
200803,PIURA,SECHURA,BERNAL,"100,0","100,0",486,496
200804,PIURA,SECHURA,CRISTO NOS VALGA,"100,0","97,5",462,465
200805,PIURA,SECHURA,VICE,"100,0","100,0",488,499
200806,PIURA,SECHURA,RINCONADA LLICUAR,"100,0","100,0",494,500
210101,PUNO,PUNO,PUNO,"100,0","99,3",522,525
210102,PUNO,PUNO,ACORA,"100,0","98,2",446,458
210103,PUNO,PUNO,AMANTANI,"100,0","100,0",406,419
210104,PUNO,PUNO,ATUNCOLLA,"100,0","100,0",437,456
210105,PUNO,PUNO,CAPACHICA,"100,0","98,8",434,446
210106,PUNO,PUNO,CHUCUITO,"100,0","100,0",434,457
210107,PUNO,PUNO,COATA,"100,0","100,0",432,461
210108,PUNO,PUNO,HUATA,"100,0","100,0",445,476
210109,PUNO,PUNO,MAÑAZO,"100,0","100,0",468,493
210110,PUNO,PUNO,PAUCARCOLLA,"100,0","100,0",449,445
210111,PUNO,PUNO,PICHACANI,"100,0","100,0",443,450
210112,PUNO,PUNO,PLATERIA,"100,0","97,9",432,436
210113,PUNO,PUNO,SAN ANTONIO,"100,0","100,0",574,578
210114,PUNO,PUNO,TIQUILLACA,"100,0","88,9",370,365
210115,PUNO,PUNO,VILQUE,"100,0","100,0",436,424
210201,PUNO,AZÁNGARO,AZANGARO,"100,0","99,1",494,502
210202,PUNO,AZÁNGARO,ACHAYA,"100,0","100,0",444,509
210203,PUNO,AZÁNGARO,ARAPA,"66,7","31,4",-,-
210204,PUNO,AZÁNGARO,ASILLO,"100,0","99,5",442,464
210205,PUNO,AZÁNGARO,CAMINACA,"100,0","100,0",392,383
210206,PUNO,AZÁNGARO,CHUPA,"100,0","100,0",450,477
210207,PUNO,AZÁNGARO,JOSE DOMINGO CHOQUEHUANCA,"100,0","98,6",466,474
210208,PUNO,AZÁNGARO,MUÑANI,"100,0","100,0",444,459
210209,PUNO,AZÁNGARO,POTONI,"100,0","96,6",466,486
210210,PUNO,AZÁNGARO,SAMAN,"100,0","100,0",433,455
210211,PUNO,AZÁNGARO,SAN ANTON,"100,0","97,6",459,456
210212,PUNO,AZÁNGARO,SAN JOSE,"100,0","100,0",423,408
210213,PUNO,AZÁNGARO,SAN JUAN DE SALINAS,"100,0","100,0",431,480
210214,PUNO,AZÁNGARO,SANTIAGO DE PUPUJA,"100,0","100,0",442,437
210215,PUNO,AZÁNGARO,TIRAPATA,"100,0","100,0",427,426
210301,PUNO,CARABAYA,MACUSANI,"100,0","99,7",468,487
210302,PUNO,CARABAYA,AJOYANI,"100,0","97,1",508,529
210303,PUNO,CARABAYA,AYAPATA,"100,0","100,0",496,529
210304,PUNO,CARABAYA,COASA,"100,0","100,0",477,494
210305,PUNO,CARABAYA,CORANI,"100,0","100,0",438,453
210306,PUNO,CARABAYA,CRUCERO,"100,0","100,0",451,461
210307,PUNO,CARABAYA,ITUATA,"100,0","100,0",466,478
210308,PUNO,CARABAYA,OLLACHEA,"100,0","97,6",429,467
210309,PUNO,CARABAYA,SAN GABAN,"100,0","96,9",463,476
210310,PUNO,CARABAYA,USICAYOS,"100,0","100,0",475,478
210401,PUNO,CHUCUITO,JULI,"100,0","99,0",482,509
210402,PUNO,CHUCUITO,DESAGUADERO,"100,0","99,4",475,498
210403,PUNO,CHUCUITO,HUACULLANI,"100,0","100,0",436,466
210404,PUNO,CHUCUITO,KELLUYO,"100,0","100,0",401,416
210405,PUNO,CHUCUITO,PISACOMA,"100,0","100,0",427,444
210406,PUNO,CHUCUITO,POMATA,"100,0","97,8",424,444
210407,PUNO,CHUCUITO,ZEPITA,"100,0","98,9",422,448
210501,PUNO,EL COLLAO,ILAVE,"100,0","99,2",457,480
210503,PUNO,EL COLLAO,PILCUYO,"100,0","98,0",445,466
210504,PUNO,EL COLLAO,SANTA ROSA,"100,0","100,0",479,523
210505,PUNO,EL COLLAO,CONDURIRI,"100,0","100,0",625,640
210601,PUNO,HUANCANÉ,HUANCANE,"100,0","100,0",493,515
210602,PUNO,HUANCANÉ,COJATA,"100,0","100,0",502,572
210603,PUNO,HUANCANÉ,HUATASANI,"100,0","100,0",527,556
210604,PUNO,HUANCANÉ,INCHUPALLA,"100,0","100,0",443,457
210605,PUNO,HUANCANÉ,PUSI,"100,0","98,1",416,429
210606,PUNO,HUANCANÉ,ROSASPATA,"100,0","100,0",420,454
210607,PUNO,HUANCANÉ,TARACO,"100,0","100,0",456,477
210608,PUNO,HUANCANÉ,VILQUE CHICO,"100,0","100,0",399,424
210701,PUNO,LAMPA,LAMPA,"100,0","100,0",461,479
210702,PUNO,LAMPA,CABANILLA,"100,0","100,0",519,522
210703,PUNO,LAMPA,CALAPUJA,"100,0","100,0",379,397
210704,PUNO,LAMPA,NICASIO,"100,0","100,0",460,468
210705,PUNO,LAMPA,OCUVIRI,"100,0","100,0",549,567
210706,PUNO,LAMPA,PALCA,"100,0","100,0",424,444
210708,PUNO,LAMPA,PUCARA,"100,0","100,0",481,469
210709,PUNO,LAMPA,SANTA LUCIA,"100,0","99,3",509,537
210801,PUNO,MELGAR,AYAVIRI,"100,0","99,5",499,512
210802,PUNO,MELGAR,ANTAUTA,"100,0","100,0",445,459
210803,PUNO,MELGAR,CUPI,"100,0","92,9",414,439
210804,PUNO,MELGAR,LLALLI,"100,0","100,0",441,434
210805,PUNO,MELGAR,MACARI,"100,0","97,9",454,458
210806,PUNO,MELGAR,NUÑOA,"100,0","100,0",464,484
210807,PUNO,MELGAR,ORURILLO,"100,0","98,9",438,466
210808,PUNO,MELGAR,SANTA ROSA,"100,0","100,0",474,514
210809,PUNO,MELGAR,UMACHIRI,"100,0","100,0",436,419
210901,PUNO,MOHO,MOHO,"100,0","98,4",489,503
210902,PUNO,MOHO,CONIMA,"100,0","100,0",493,515
210903,PUNO,MOHO,HUAYRAPATA,"100,0","100,0",450,483
210904,PUNO,MOHO,TILALI,"100,0","100,0",355,374
211001,PUNO,SAN ANTONIO DE PUTINA,PUTINA,"100,0","98,5",463,490
211002,PUNO,SAN ANTONIO DE PUTINA,ANANEA,"100,0","97,2",453,460
211003,PUNO,SAN ANTONIO DE PUTINA,PEDRO VILCA APAZA,"100,0","100,0",338,367
211004,PUNO,SAN ANTONIO DE PUTINA,QUILCAPUNCU,"100,0","100,0",430,468
211005,PUNO,SAN ANTONIO DE PUTINA,SINA,"100,0","100,0",501,526
211101,PUNO,SAN ROMÁN,JULIACA,"100,0","99,3",506,510
211102,PUNO,SAN ROMÁN,CABANA,"100,0","100,0",508,500
211103,PUNO,SAN ROMÁN,CABANILLAS,"100,0","99,0",481,491
211104,PUNO,SAN ROMÁN,CARACOTO,"100,0","100,0",434,447
211105,PUNO,SAN ROMÁN,SAN MIGUEL,"100,0","98,9",480,491
211201,PUNO,SANDIA,SANDIA,"100,0","97,1",448,469
211202,PUNO,SANDIA,CUYOCUYO,"100,0","96,7",446,466
211203,PUNO,SANDIA,LIMBANI,"100,0","100,0",506,497
211204,PUNO,SANDIA,PATAMBUCO,"100,0","100,0",455,472
211205,PUNO,SANDIA,PHARA,"100,0","100,0",484,472
211206,PUNO,SANDIA,QUIACA,"100,0","100,0",422,453
211207,PUNO,SANDIA,SAN JUAN DEL ORO,"100,0","100,0",447,445
211208,PUNO,SANDIA,YANAHUAYA,"100,0","100,0",433,451
211209,PUNO,SANDIA,ALTO INAMBARI,"100,0","97,1",457,476
211210,PUNO,SANDIA,SAN PEDRO DE PUTINA PUNCO,"100,0","97,3",435,463
211301,PUNO,YUNGUYO,YUNGUYO,"100,0","99,0",483,501
211302,PUNO,YUNGUYO,ANAPIA,"100,0","100,0",464,493
211303,PUNO,YUNGUYO,COPANI,"100,0","97,4",467,498
211304,PUNO,YUNGUYO,CUTURAPI,"100,0","92,3",480,442
211307,PUNO,YUNGUYO,UNICACHI,"100,0","100,0",449,479
220101,SAN MARTÍN,MOYOBAMBA,MOYOBAMBA,"100,0","98,2",504,498
220102,SAN MARTÍN,MOYOBAMBA,CALZADA,"100,0","94,6",516,498
220103,SAN MARTÍN,MOYOBAMBA,HABANA,"100,0","100,0",477,468
220104,SAN MARTÍN,MOYOBAMBA,JEPELACIO,"100,0","100,0",468,463
220105,SAN MARTÍN,MOYOBAMBA,SORITOR,"100,0","96,3",497,488
220106,SAN MARTÍN,MOYOBAMBA,YANTALO,"100,0","100,0",483,475
220201,SAN MARTÍN,BELLAVISTA,BELLAVISTA,"100,0","99,2",456,436
220202,SAN MARTÍN,BELLAVISTA,ALTO BIAVO,"100,0","92,3",392,395
220203,SAN MARTÍN,BELLAVISTA,BAJO BIAVO,"100,0","97,3",399,394
220204,SAN MARTÍN,BELLAVISTA,HUALLAGA,"100,0","97,8",431,446
220205,SAN MARTÍN,BELLAVISTA,SAN PABLO,"100,0","98,6",489,472
220206,SAN MARTÍN,BELLAVISTA,SAN RAFAEL,"100,0","98,4",446,432
220301,SAN MARTÍN,EL DORADO,SAN JOSE DE SISA,"100,0","98,9",415,394
220302,SAN MARTÍN,EL DORADO,AGUA BLANCA,"100,0","100,0",456,451
220303,SAN MARTÍN,EL DORADO,SAN MARTIN,"100,0","96,9",388,375
220304,SAN MARTÍN,EL DORADO,SANTA ROSA,"100,0","98,3",396,389
220305,SAN MARTÍN,EL DORADO,SHATOJA,"100,0","100,0",393,384
220401,SAN MARTÍN,HUALLAGA,SAPOSOA,"100,0","98,1",453,447
220402,SAN MARTÍN,HUALLAGA,ALTO SAPOSOA,"100,0","100,0",404,396
220403,SAN MARTÍN,HUALLAGA,EL ESLABON,"100,0","97,9",426,431
220404,SAN MARTÍN,HUALLAGA,PISCOYACU,"100,0","96,7",449,444
220405,SAN MARTÍN,HUALLAGA,SACANCHE,"100,0","98,2",431,408
220406,SAN MARTÍN,HUALLAGA,TINGO DE SAPOSOA,"100,0","100,0",447,413
220501,SAN MARTÍN,LAMAS,LAMAS,"100,0","99,3",465,447
220502,SAN MARTÍN,LAMAS,ALONSO DE ALVARADO,"100,0","98,0",450,462
220503,SAN MARTÍN,LAMAS,BARRANQUITA,"100,0","98,7",446,440
220504,SAN MARTÍN,LAMAS,CAYNARACHI,"92,9","92,5",434,423
220505,SAN MARTÍN,LAMAS,CUÑUMBUQUI,"100,0","97,9",415,392
220506,SAN MARTÍN,LAMAS,PINTO RECODO,"100,0","98,3",440,450
220507,SAN MARTÍN,LAMAS,RUMISAPA,"100,0","98,4",421,407
220508,SAN MARTÍN,LAMAS,SAN ROQUE DE CUMBAZA,"100,0","96,4",415,406
220509,SAN MARTÍN,LAMAS,SHANAO,"100,0","100,0",409,380
220510,SAN MARTÍN,LAMAS,TABALOSOS,"100,0","98,1",414,408
220511,SAN MARTÍN,LAMAS,ZAPATERO,"100,0","97,5",436,415
220601,SAN MARTÍN,MARISCAL CÁCERES,JUANJUI,"100,0","97,2",477,457
220602,SAN MARTÍN,MARISCAL CÁCERES,CAMPANILLA,"100,0","94,3",444,432
220603,SAN MARTÍN,MARISCAL CÁCERES,HUICUNGO,"100,0","95,9",433,420
220604,SAN MARTÍN,MARISCAL CÁCERES,PACHIZA,"100,0","90,6",405,395
220605,SAN MARTÍN,MARISCAL CÁCERES,PAJARILLO,"100,0","97,7",447,444
220701,SAN MARTÍN,PICOTA,PICOTA,"100,0","100,0",442,419
220702,SAN MARTÍN,PICOTA,BUENOS AIRES,"100,0","90,7",411,391
220703,SAN MARTÍN,PICOTA,CASPISAPA,"100,0","100,0",430,388
220704,SAN MARTÍN,PICOTA,PILLUANA,"100,0","100,0",480,411
220705,SAN MARTÍN,PICOTA,PUCACACA,"100,0","96,6",430,413
220706,SAN MARTÍN,PICOTA,SAN CRISTOBAL,"100,0","100,0",403,395
220707,SAN MARTÍN,PICOTA,SAN HILARION,"100,0","98,9",459,454
220708,SAN MARTÍN,PICOTA,SHAMBOYACU,"100,0","94,4",396,401
220709,SAN MARTÍN,PICOTA,TINGO DE PONASA,"100,0","95,6",425,416
220710,SAN MARTÍN,PICOTA,TRES UNIDOS,"100,0","95,4",414,404
220801,SAN MARTÍN,RIOJA,RIOJA,"100,0","98,7",503,487
220802,SAN MARTÍN,RIOJA,AWAJUN,"100,0","99,0",422,407
220803,SAN MARTÍN,RIOJA,ELIAS SOPLIN VARGAS,"100,0","97,4",503,486
220804,SAN MARTÍN,RIOJA,NUEVA CAJAMARCA,"100,0","97,6",486,478
220805,SAN MARTÍN,RIOJA,PARDO MIGUEL,"100,0","96,9",475,462
220806,SAN MARTÍN,RIOJA,POSIC,"100,0","97,7",466,439
220807,SAN MARTÍN,RIOJA,SAN FERNANDO,"100,0","100,0",495,492
220808,SAN MARTÍN,RIOJA,YORONGOS,"100,0","95,7",495,482
220809,SAN MARTÍN,RIOJA,YURACYACU,"100,0","100,0",491,472
220901,SAN MARTÍN,SAN MARTÍN,TARAPOTO,"96,6","96,5",502,483
220902,SAN MARTÍN,SAN MARTÍN,ALBERTO LEVEAU,"100,0","100,0",505,470
220903,SAN MARTÍN,SAN MARTÍN,CACATACHI,"100,0","97,0",450,444
220904,SAN MARTÍN,SAN MARTÍN,CHAZUTA,"100,0","97,0",410,394
220905,SAN MARTÍN,SAN MARTÍN,CHIPURANA,"100,0","100,0",438,413
220906,SAN MARTÍN,SAN MARTÍN,EL PORVENIR,"100,0","97,1",414,397
220907,SAN MARTÍN,SAN MARTÍN,HUIMBAYOC,"100,0","90,4",400,399
220908,SAN MARTÍN,SAN MARTÍN,JUAN GUERRA,"100,0","97,0",428,424
220909,SAN MARTÍN,SAN MARTÍN,LA BANDA DE SHILCAYO,"100,0","98,6",484,475
220910,SAN MARTÍN,SAN MARTÍN,MORALES,"100,0","98,6",487,472
220911,SAN MARTÍN,SAN MARTÍN,PAPAPLAYA,"100,0","100,0",424,410
220912,SAN MARTÍN,SAN MARTÍN,SAN ANTONIO,"100,0","92,9",410,408
220913,SAN MARTÍN,SAN MARTÍN,SAUCE,"100,0","94,3",501,476
220914,SAN MARTÍN,SAN MARTÍN,SHAPAJA,"100,0","97,0",401,419
221001,SAN MARTÍN,TOCACHE,TOCACHE,"100,0","98,3",470,453
221002,SAN MARTÍN,TOCACHE,NUEVO PROGRESO,"100,0","95,0",430,412
221003,SAN MARTÍN,TOCACHE,POLVORA,"100,0","97,9",452,448
221004,SAN MARTÍN,TOCACHE,SHUNTE,"100,0","98,0",394,397
221005,SAN MARTÍN,TOCACHE,UCHIZA,"100,0","96,1",461,460
230101,TACNA,TACNA,TACNA,"100,0","99,5",548,557
230102,TACNA,TACNA,ALTO DE LA ALIANZA,"100,0","98,8",514,534
230103,TACNA,TACNA,CALANA,"100,0","95,2",435,443
230104,TACNA,TACNA,CIUDAD NUEVA,"100,0","99,2",511,539
230105,TACNA,TACNA,INCLAN,"100,0","100,0",494,522
230106,TACNA,TACNA,PACHIA,"100,0","100,0",577,605
230107,TACNA,TACNA,PALCA,"100,0","100,0",477,428
230108,TACNA,TACNA,POCOLLAY,"100,0","99,5",524,520
230109,TACNA,TACNA,SAMA,"100,0","100,0",531,535
230110,TACNA,TACNA,CORONEL GREGORIO ALBARRACIN LANCHIPA,"100,0","99,2",540,558
230111,TACNA,TACNA,LA YARADA LOS PALOS,"100,0","99,2",488,506
230201,TACNA,CANDARAVE,CANDARAVE,"100,0","100,0",542,560
230202,TACNA,CANDARAVE,CAIRANI,"100,0","100,0",588,640
230203,TACNA,CANDARAVE,CAMILACA,"100,0","100,0",564,586
230205,TACNA,CANDARAVE,HUANUARA,"100,0","100,0",610,676
230206,TACNA,CANDARAVE,QUILAHUANI,"100,0","100,0",532,564
230301,TACNA,JORGE BASADRE,LOCUMBA,"100,0","100,0",525,539
230302,TACNA,JORGE BASADRE,ILABAYA,"100,0","98,7",563,545
230303,TACNA,JORGE BASADRE,ITE,"100,0","100,0",557,572
230401,TACNA,TARATA,TARATA,"100,0","97,9",489,521
230408,TACNA,TARATA,TICACO,"100,0","90,0",481,501
240101,TUMBES,TUMBES,TUMBES,"100,0","97,0",459,449
240102,TUMBES,TUMBES,CORRALES,"100,0","97,8",447,434
240103,TUMBES,TUMBES,LA CRUZ,"100,0","99,0",449,449
240104,TUMBES,TUMBES,PAMPAS DE HOSPITAL,"100,0","100,0",435,431
240105,TUMBES,TUMBES,SAN JACINTO,"100,0","99,3",483,480
240106,TUMBES,TUMBES,SAN JUAN DE LA VIRGEN,"100,0","100,0",451,453
240201,TUMBES,CONTRALMIRANTE VILLAR,ZORRITOS,"100,0","98,4",460,453
240202,TUMBES,CONTRALMIRANTE VILLAR,CASITAS,"100,0","95,8",430,435
240203,TUMBES,CONTRALMIRANTE VILLAR,CANOAS DE PUNTA SAL,"100,0","97,7",454,454
240301,TUMBES,ZARUMILLA,ZARUMILLA,"100,0","96,1",448,447
240302,TUMBES,ZARUMILLA,AGUAS VERDES,"100,0","94,7",432,437
240303,TUMBES,ZARUMILLA,MATAPALO,"100,0","98,9",446,464
240304,TUMBES,ZARUMILLA,PAPAYAL,"100,0","98,5",438,449
250101,UCAYALI,CORONEL PORTILLO,CALLERIA,"100,0","96,7",461,443
250102,UCAYALI,CORONEL PORTILLO,CAMPOVERDE,"100,0","94,0",422,401
250103,UCAYALI,CORONEL PORTILLO,IPARIA,"91,7","84,7",357,350
250104,UCAYALI,CORONEL PORTILLO,MASISEA,"100,0","83,1",346,343
250105,UCAYALI,CORONEL PORTILLO,YARINACOCHA,"100,0","94,1",424,397
250106,UCAYALI,CORONEL PORTILLO,NUEVA REQUENA,"100,0","92,6",398,369
250107,UCAYALI,CORONEL PORTILLO,MANANTAY,"100,0","95,0",435,418
250201,UCAYALI,ATALAYA,RAYMONDI,"96,2","86,4",372,357
250202,UCAYALI,ATALAYA,SEPAHUA,"100,0","88,0",366,347
250203,UCAYALI,ATALAYA,TAHUANIA,"100,0","82,8",318,311
250204,UCAYALI,ATALAYA,YURUA,"100,0","79,2",-,-
250301,UCAYALI,PADRE ABAD,PADRE ABAD,"100,0","95,4",421,414
250302,UCAYALI,PADRE ABAD,IRAZOLA,"100,0","93,0",422,416
250303,UCAYALI,PADRE ABAD,CURIMANA,"100,0","90,7",420,409
250304,UCAYALI,PADRE ABAD,NESHUYA,"100,0","96,2",430,417
250305,UCAYALI,PADRE ABAD,ALEXANDER VON HUMBOLDT,"100,0","97,4",406,403
250401,UCAYALI,PURÚS,PURUS,"100,0","86,0",424,385
,,,,,,,
Fuente: Minedu - UMC. Evaluación Censal de Estudiantes (ECE) 2018. Cuarto Grado de primaria.,,,,,,,